num,id,concept_en,category,concept,property
1,s1,broom,implement,Besen,damit kehren
2,s1,broom,implement,Besen,hat Bürste
3,s1,broom,implement,Besen,hat Stiel
4,s1,broom,implement,Besen,um Schmutz vom Boden zu entfernen
5,s1,armchair,furniture,Sessel,sitzen
6,s1,armchair,furniture,Sessel,im Wohnzimmer
7,s1,armchair,furniture,Sessel,ist gepolstert
8,s1,armchair,furniture,Sessel,hat Armlehnen
9,s1,rabbit,mammal,Hase,kommt zu Ostern
10,s1,rabbit,mammal,Hase,isst Karotten
11,s1,rabbit,mammal,Hase,isst Salat
12,s1,rabbit,mammal,Hase,hat ein Fell
13,s1,rabbit,mammal,Hase,hat grosse Ohren
14,s1,chair,furniture,Stuhl,sitzen
15,s1,chair,furniture,Stuhl,am Tisch
16,s1,chair,furniture,Stuhl,4 Beine
17,s1,chair,furniture,Stuhl,aus Holz
18,s1,chemise,clothing,Hemd,aus Leinen
19,s1,chemise,clothing,Hemd,elegant
20,s1,chemise,clothing,Hemd,tragen vor allem Männern
21,s1,chemise,clothing,Hemd,für Arbeit geeignet
22,s1,bus,vehicle,Bus,Verkehrsmittel
23,s1,bus,vehicle,Bus,weniger Umweltverschmutzung
24,s1,bus,vehicle,Bus,Fahrgemeinschaft
25,s1,bus,vehicle,Bus,viele Leute benützen es
26,s1,sword,implement,Schwert,gefährlich
27,s1,sword,implement,Schwert,Rittertum
28,s1,sword,implement,Schwert,kämpfen
29,s1,sword,implement,Schwert,scharf
30,s1,horse,mammal,Pferd,reiten
31,s1,horse,mammal,Pferd,springen
32,s1,horse,mammal,Pferd,Sattel
33,s1,horse,mammal,Pferd,Turniere
34,s1,finger,bodypart,Finger,an der Hand
35,s1,finger,bodypart,Finger,klein
36,s1,finger,bodypart,Finger,groß
37,s1,finger,bodypart,Finger,nützlich
38,s1,bear,mammal,Bär,gefährlich
39,s1,bear,mammal,Bär,Fell
40,s1,bear,mammal,Bär,groß
41,s1,bear,mammal,Bär,lebt in der Wildnis
42,s1,monkey,mammal,Affe,sehr menschenähnlich
43,s1,monkey,mammal,Affe,lebt im Dschungel
44,s1,monkey,mammal,Affe,kann sehr groß sein
45,s1,monkey,mammal,Affe,in der Gruppe
46,s1,owl,bird,Eule,nachtaktiv
47,s1,owl,bird,Eule,hat Federn
48,s1,owl,bird,Eule,ist ein Vogel
49,s1,owl,bird,Eule,hat Krallen
50,s1,church,building,Kirche,Gott
51,s1,church,building,Kirche,beten
52,s1,church,building,Kirche,Taufe
53,s1,church,building,Kirche,Hochzeit
54,s1,paintbrush,implement,Pinsel,malen
55,s1,paintbrush,implement,Pinsel,dünn
56,s1,paintbrush,implement,Pinsel,dick
57,s1,paintbrush,implement,Pinsel,haarig
58,s1,cherry,fruit,Kirsche,wächst auf Bäumen
59,s1,cherry,fruit,Kirsche,ist rot
60,s1,cherry,fruit,Kirsche,Saft
61,s1,cherry,fruit,Kirsche,essen
62,s1,cherry,fruit,Kirsche,Frucht
63,s1,sweater,clothing,Pullover,hält warm
64,s1,sweater,clothing,Pullover,sehr bequem
65,s1,sweater,clothing,Pullover,aus Wolle
66,s1,sweater,clothing,Pullover,trägt man
67,s1,sweater,clothing,Pullover,im Winter
68,s1,sweater,clothing,Pullover,wenn es kalt ist
69,s1,pear,fruit,Birne,Frucht
70,s1,pear,fruit,Birne,gelbgrün
71,s1,pear,fruit,Birne,weich
72,s1,pear,fruit,Birne,Kerne im Inneren
73,s1,tower,building,Turm,hoch
74,s1,tower,building,Turm,aus Stein
75,s1,tower,building,Turm,im Rittertum
76,s1,tower,building,Turm,sehr schmal
77,s1,dog,mammal,Hund,Haustier
78,s1,dog,mammal,Hund,Haustier
79,s1,dog,mammal,Hund,groß
80,s1,dog,mammal,Hund,klein
81,s1,dog,mammal,Hund,Fell
82,s1,dog,mammal,Hund,Schwanz
83,s1,woodpecker,bird,Specht,pecken in Baumstamm
84,s1,woodpecker,bird,Specht,Vogel
85,s1,woodpecker,bird,Specht,Baum
86,s1,woodpecker,bird,Specht,klein
87,s1,truck,vehicle,Lastwagen,groß
88,s1,truck,vehicle,Lastwagen,Transportmittel
89,s1,truck,vehicle,Lastwagen,Transportmittel
90,s1,truck,vehicle,Lastwagen,schwer
91,s1,truck,vehicle,Lastwagen,fahren
92,s1,truck,vehicle,Lastwagen,Männer fahren ihn
93,s1,truck,vehicle,Lastwagen,fahren ihn vor allem bei der Arbeit
94,s1,truck,vehicle,Lastwagen,fahren ihn vor allem bei der Arbeit
95,s1,hand,bodypart,Hand,5 Finger
96,s1,hand,bodypart,Hand,gelenkig
97,s1,hand,bodypart,Hand,schütteln
98,s1,hand,bodypart,Hand,winken
99,s1,eye,bodypart,Auge,grün
100,s1,eye,bodypart,Auge,blau
101,s1,eye,bodypart,Auge,braun
102,s1,eye,bodypart,Auge,eierförmig
103,s1,eye,bodypart,Auge,schauen
104,s1,bed,furniture,Bett,schlafen
105,s1,bed,furniture,Bett,Polster
106,s1,bed,furniture,Bett,gemütlich
107,s1,bed,furniture,Bett,groß
108,s1,bed,furniture,Bett,klein
109,s1,seagull,bird,Möwe,am Meer
110,s1,seagull,bird,Möwe,weiß
111,s1,seagull,bird,Möwe,lange Flügel
112,s1,seagull,bird,Möwe,Federn
113,s2,head,bodypart,Kopf,benutzt man zum Denken
114,s2,head,bodypart,Kopf,Haare
115,s2,head,bodypart,Kopf,oval
116,s2,head,bodypart,Kopf,rund
117,s2,head,bodypart,Kopf,kann man drehen
118,s2,head,bodypart,Kopf,kann man hin und her bewegen
119,s2,airplane,vehicle,Flugzeug,fliegt
120,s2,airplane,vehicle,Flugzeug,in der Luft
121,s2,airplane,vehicle,Flugzeug,sehr schnell
122,s2,airplane,vehicle,Flugzeug,Transportmittel
123,s2,airplane,vehicle,Flugzeug,Pilot
124,s2,airplane,vehicle,Flugzeug,Passagiere
125,s2,spinach,vegetable,Spinat,grün
126,s2,spinach,vegetable,Spinat,lange Fäden
127,s2,spinach,vegetable,Spinat,kann man essen
128,s2,spinach,vegetable,Spinat,wächst im Freien
129,s2,comb,implement,Kamm,benutzt man um die Haare zu kämmen
130,s2,comb,implement,Kamm,benutzt man um die Haare zu stylen
131,s2,comb,implement,Kamm,klein
132,s2,comb,implement,Kamm,handlich
133,s2,comb,implement,Kamm,vorne rund
134,s2,comb,implement,Kamm,hinten lang
135,s2,comb,implement,Kamm,hat viele kleine Nadeln
136,s2,skyscraper,building,Wolkenkratzer,hoch
137,s2,skyscraper,building,Wolkenkratzer,Menschen wohnen drin
138,s2,skyscraper,building,Wolkenkratzer,Menschen wohnen drin
139,s2,skyscraper,building,Wolkenkratzer,Arbeitsplatz
140,s2,skyscraper,building,Wolkenkratzer,weil er ragt fast bis zu den Wolken
141,s2,potato,vegetable,Kartoffel,rund
142,s2,potato,vegetable,Kartoffel,braun
143,s2,potato,vegetable,Kartoffel,Essen
144,s2,potato,vegetable,Kartoffel,wachsen unter der Erde
145,s2,socks,clothing,Socken,wärmen die Füße
146,s2,socks,clothing,Socken,verschiedene Größen
147,s2,socks,clothing,Socken,verschiedene Farben
148,s2,socks,clothing,Socken,lange
149,s2,socks,clothing,Socken,kurze
150,s2,socks,clothing,Socken,aus Wolle
151,s2,socks,clothing,Socken,aus Baumwolle
152,s2,orange,fruit,Orange,rund
153,s2,orange,fruit,Orange,orange
154,s2,orange,fruit,Orange,Essen
155,s2,orange,fruit,Orange,wächst auf Bäumen
156,s2,jacket,clothing,Jacke,hält warm
157,s2,jacket,clothing,Jacke,braucht man im Winter
158,s2,jacket,clothing,Jacke,Kapuze
159,s2,jacket,clothing,Jacke,dick
160,s2,shoes,clothing,Schuhe,Unterlage
161,s2,shoes,clothing,Schuhe,damit man nicht dreckig wird
162,s2,shoes,clothing,Schuhe,damit man sich nicht verletzt
163,s2,shoes,clothing,Schuhe,haben Form der Füße
164,s2,onion,vegetable,Zwiebel,wächst im Freien
165,s2,onion,vegetable,Zwiebel,weiß
166,s2,onion,vegetable,Zwiebel,braune Schale
167,s2,onion,vegetable,Zwiebel,zum Essen
168,s2,goose,bird,Gans,Tier
169,s2,goose,bird,Gans,weiß-braun
170,s2,goose,bird,Gans,2 Füße
171,s2,goose,bird,Gans,Schnabel
172,s2,goose,bird,Gans,Federn
173,s2,peas,vegetable,Erbsen,rund
174,s2,peas,vegetable,Erbsen,grün
175,s2,peas,vegetable,Erbsen,essen
176,s2,peas,vegetable,Erbsen,wachsen im Freien
177,s2,ship,vehicle,Schiff,groß
178,s2,ship,vehicle,Schiff,lang
179,s2,ship,vehicle,Schiff,aus Holz
180,s2,ship,vehicle,Schiff,mit dem kann man über die Gewässer fahren
181,s2,garage,building,Garage,zum parken
182,s2,garage,building,Garage,für Autos
183,s2,garage,building,Garage,geschlossener Raum
184,s2,garage,building,Garage,Tor
185,s2,garage,building,Garage,Garagentor
186,s2,garage,building,Garage,sicherer Platz zum abstellen des Autos
187,s2,garage,building,Garage,sicherer Platz zum abstellen des Autos
188,s2,bridge,building,Brücke,führt über Schlucht
189,s2,bridge,building,Brücke,aus Holz
190,s2,bridge,building,Brücke,im Freien
191,s2,bridge,building,Brücke,über Flüsse
192,s2,bridge,building,Brücke,gebaut
193,s2,apple,fruit,Apfel,rund
194,s2,apple,fruit,Apfel,verschiedene Farben
195,s2,apple,fruit,Apfel,rot
196,s2,apple,fruit,Apfel,gelb
197,s2,apple,fruit,Apfel,grün
198,s2,apple,fruit,Apfel,verschiedene Geschmäcker
199,s2,apple,fruit,Apfel,kann man essen
200,s2,closet,furniture,Schrank,Kleider einräumen
201,s2,closet,furniture,Schrank,im Zimmer
202,s2,closet,furniture,Schrank,braun
203,s2,closet,furniture,Schrank,aus Holz
204,s2,closet,furniture,Schrank,aufmachen
205,s2,closet,furniture,Schrank,zumachen
206,s2,leg,bodypart,Bein,damit gehen
207,s2,leg,bodypart,Bein,Fuß
208,s2,leg,bodypart,Bein,Fleischfarbe
209,s2,leg,bodypart,Bein,laufen
210,s2,leg,bodypart,Bein,springen
211,s2,table,furniture,Tisch,eckig
212,s2,table,furniture,Tisch,dreieckig
213,s2,table,furniture,Tisch,rund
214,s2,table,furniture,Tisch,oval
215,s2,table,furniture,Tisch,Fläche
216,s2,table,furniture,Tisch,darauf essen
217,s2,table,furniture,Tisch,darauf Hausaufgaben machen
218,s2,table,furniture,Tisch,4 Beine
219,s2,table,furniture,Tisch,4 Tischbeine
220,s2,table,furniture,Tisch,aus Holz
221,s2,tongs,implement,Zange,Handwerk
222,s2,tongs,implement,Zange,Drähte abzwicken
223,s2,tongs,implement,Zange,hat vorne viele kleine Zacken
224,s2,tongs,implement,Zange,aufdrücken
225,s2,tongs,implement,Zange,zudrücken
226,s2,train,vehicle,Zug,lang
227,s2,train,vehicle,Zug,viele Wagen
228,s2,train,vehicle,Zug,Transportmittel
229,s2,train,vehicle,Zug,Transportmittel
230,s2,train,vehicle,Zug,laut
231,s2,sparrow,bird,Spatz,Vogel
232,s2,sparrow,bird,Spatz,Federn
233,s2,sparrow,bird,Spatz,2 Füße
234,s2,sparrow,bird,Spatz,baut Nest
235,s2,pineapple,fruit,Ananas,Frucht
236,s2,pineapple,fruit,Ananas,außen bräunlich
237,s2,pineapple,fruit,Ananas,innen gelb
238,s2,pineapple,fruit,Ananas,zum Essen
239,s2,pineapple,fruit,Ananas,wächst in warmen Gebieten
240,s3,armchair,furniture,Sessel,darauf sitzen
241,s3,armchair,furniture,Sessel,ist Möbelstück
242,s3,armchair,furniture,Sessel,ist gemütlich
243,s3,armchair,furniture,Sessel,im Wohnzimmer
244,s3,armchair,furniture,Sessel,in der Stube
245,s3,armchair,furniture,Sessel,kuschelig weich
246,s3,armchair,furniture,Sessel,gut ausruhen
247,s3,broom,implement,Besen,Stiel
248,s3,broom,implement,Besen,Borsten
249,s3,broom,implement,Besen,mit ihm Wohnung sauber machen
250,s3,broom,implement,Besen,Hexen können damit fliegen
251,s3,rabbit,mammal,Hase,ist ein Tier
252,s3,rabbit,mammal,Hase,lebt im Wald
253,s3,rabbit,mammal,Hase,kann auch Haustier sein
254,s3,rabbit,mammal,Hase,kann auch Haustier sein
255,s3,rabbit,mammal,Hase,isst gerne Karotten
256,s3,chair,furniture,Stuhl,darauf kann man sitzen
257,s3,chair,furniture,Stuhl,hat 4 hölzerne Beine
258,s3,chair,furniture,Stuhl,hat eine Lehne
259,s3,chair,furniture,Stuhl,in der Küche
260,s3,chair,furniture,Stuhl,verschiedene Modelle
261,s3,chemise,clothing,Hemd,ist Kleidungsstück
262,s3,chemise,clothing,Hemd,für Herren
263,s3,chemise,clothing,Hemd,für Damen
264,s3,chemise,clothing,Hemd,um Oberkörper zu bedecken
265,s3,chemise,clothing,Hemd,ziehen Leute an
266,s3,bus,vehicle,Bus,ist Fahrzeug
267,s3,bus,vehicle,Bus,transportiert mehrere Menschen
268,s3,bus,vehicle,Bus,transportiert mehrere Menschen
269,s3,bus,vehicle,Bus,hat 8 Räder
270,s3,bus,vehicle,Bus,braucht Benzin
271,s3,sword,implement,Schwert,längeres Messer
272,s3,sword,implement,Schwert,ist sehr scharf
273,s3,sword,implement,Schwert,früher kämpften Ritter damit
274,s3,sword,implement,Schwert,früher kämpften Ritter damit
275,s3,sword,implement,Schwert,Zeichen für Macht
276,s3,horse,mammal,Pferd,hat 4 Beine
277,s3,horse,mammal,Pferd,ist ein Tier
278,s3,horse,mammal,Pferd,mit ihm Sport machen
279,s3,finger,bodypart,Finger,Teil der Hand
280,s3,finger,bodypart,Finger,nützlich zum Sachen aufheben
281,s3,finger,bodypart,Finger,nützlich zum Sachen bewegen
282,s3,finger,bodypart,Finger,nützlich zum Sachen bewegen
283,s3,finger,bodypart,Finger,ist ein Glied
284,s3,finger,bodypart,Finger,auf ihn Schmuck anziehen
285,s3,bear,mammal,Bär,ist ein Tier
286,s3,bear,mammal,Bär,lebt im Wald
287,s3,bear,mammal,Bär,kann auch Kuscheltier sein
288,s3,bear,mammal,Bär,mit dickem Fell bezogen
289,s3,monkey,mammal,Affe,ist Tier
290,s3,monkey,mammal,Affe,lebt im Dschungel
291,s3,monkey,mammal,Affe,klettert viel
292,s3,monkey,mammal,Affe,klettert gerne
293,s3,monkey,mammal,Affe,Mensch stammt von ihm ab
294,s3,owl,bird,Eule,Tier
295,s3,owl,bird,Eule,Vogel
296,s3,owl,bird,Eule,nachts wach
297,s3,owl,bird,Eule,gibt Laute von sich
298,s3,owl,bird,Eule,trägt Federkleid
299,s3,owl,bird,Eule,kann fliegen
300,s3,church,building,Kirche,Ort des Zusammentreffens
301,s3,church,building,Kirche,Ort des Zusammentreffens
302,s3,church,building,Kirche,Gläubige
303,s3,church,building,Kirche,Glauben wird gelebt
304,s3,church,building,Kirche,dort wird gesungen
305,s3,church,building,Kirche,dort wird gebetet
306,s3,paintbrush,implement,Pinsel,hat einen Stiel
307,s3,paintbrush,implement,Pinsel,hat Borsten
308,s3,paintbrush,implement,Pinsel,man kann mit ihm malen
309,s3,paintbrush,implement,Pinsel,auch zum Schreiben geeignet
310,s3,cherry,fruit,Kirsche,ist eine Frucht
311,s3,cherry,fruit,Kirsche,ist rot
312,s3,cherry,fruit,Kirsche,beeinhaltet Kern
313,s3,cherry,fruit,Kirsche,schmeckt süß
314,s3,sweater,clothing,Pullover,"dazu da, den Körper zu bedecken"
315,s3,sweater,clothing,Pullover,gibt Wärme
316,s3,sweater,clothing,Pullover,kann modisch sein
317,s3,pear,fruit,Birne,ist Frucht
318,s3,pear,fruit,Birne,ist Obst
319,s3,pear,fruit,Birne,braun
320,s3,pear,fruit,Birne,gelb
321,s3,pear,fruit,Birne,grün
322,s3,pear,fruit,Birne,kleine Kerne im Inneren
323,s3,pear,fruit,Birne,wächst auf einem Baum
324,s3,tower,building,Turm,ist groß
325,s3,tower,building,Turm,aus Steinen
326,s3,tower,building,Turm,grau
327,s3,tower,building,Turm,Glocken in ihm
328,s3,dog,mammal,Hund,Vierbeiner
329,s3,dog,mammal,Hund,Haustier
330,s3,dog,mammal,Hund,Haustier
331,s3,dog,mammal,Hund,"bellt, wenn es ihm gefällt oder nicht"
332,s3,dog,mammal,Hund,liebt Knochen
333,s3,woodpecker,bird,Specht,Vogel
334,s3,woodpecker,bird,Specht,kann fliegen
335,s3,woodpecker,bird,Specht,Schnabel
336,s3,woodpecker,bird,Specht,"liebt es, Löcher in Bäume zu bohren"
337,s3,woodpecker,bird,Specht,macht Laute
338,s3,truck,vehicle,Lastwagen,großes Auto
339,s3,truck,vehicle,Lastwagen,mit Ladefläche
340,s3,truck,vehicle,Lastwagen,6 Räder
341,s3,truck,vehicle,Lastwagen,Fahrer
342,s3,truck,vehicle,Lastwagen,Schlafraum
343,s3,hand,bodypart,Hand,Körperteil
344,s3,hand,bodypart,Hand,Finger hängen an ihr
345,s3,hand,bodypart,Hand,zum heben
346,s3,hand,bodypart,Hand,zum schreiben
347,s3,eye,bodypart,Auge,ist im Gesicht
348,s3,eye,bodypart,Auge,mit ihm sehen
349,s3,eye,bodypart,Auge,braun
350,s3,eye,bodypart,Auge,grün
351,s3,eye,bodypart,Auge,blau
352,s3,bed,furniture,Bett,zum schlafen
353,s3,bed,furniture,Bett,Gestell
354,s3,bed,furniture,Bett,mit 4 Beinen
355,s3,bed,furniture,Bett,mit Matratze
356,s3,bed,furniture,Bett,gemütlich
357,s3,bed,furniture,Bett,Bett kann man sich zudecken
358,s3,seagull,bird,Möwe,Vogel
359,s3,seagull,bird,Möwe,kann fliegen
360,s3,seagull,bird,Möwe,singt
361,s3,seagull,bird,Möwe,im Frühling
362,s3,seagull,bird,Möwe,Zugvogel
363,s3,seagull,bird,Möwe,Zugvogel
364,s4,head,bodypart,Kopf,dient zum denken
365,s4,head,bodypart,Kopf,wichtigste Teil des Menschen
366,s4,head,bodypart,Kopf,neben Herz
367,s4,head,bodypart,Kopf,wichtigste Teil des Menschen
368,s4,head,bodypart,Kopf,Hausverstand
369,s4,head,bodypart,Kopf,unsere Speicherkarte ist darin
370,s4,head,bodypart,Kopf,unsere Logik ist darin
371,s4,head,bodypart,Kopf,hat 2 Augen
372,s4,head,bodypart,Kopf,hat 1 Mund
373,s4,head,bodypart,Kopf,hat Nase
374,s4,head,bodypart,Kopf,hat 2 Ohren
375,s4,head,bodypart,Kopf,Haare auf Kopf
376,s4,airplane,vehicle,Flugzeug,zum Verkehr in der Luft
377,s4,airplane,vehicle,Flugzeug,gut
378,s4,airplane,vehicle,Flugzeug,zum Verkehr in der Luft
379,s4,airplane,vehicle,Flugzeug,schlecht
380,s4,airplane,vehicle,Flugzeug,gut für Touristen
381,s4,airplane,vehicle,Flugzeug,gut für Geschäftsreisen
382,s4,airplane,vehicle,Flugzeug,ermöglicht schnelleren Ortswechsel
383,s4,airplane,vehicle,Flugzeug,ermöglicht schnelleren Ortswechsel
384,s4,airplane,vehicle,Flugzeug,bei Kriegen negativ
385,s4,airplane,vehicle,Flugzeug,bei Kriegen negativ
386,s4,airplane,vehicle,Flugzeug,bei Terrorismus negativ
387,s4,airplane,vehicle,Flugzeug,bei Terrorismus negativ
388,s4,spinach,vegetable,Spinat,etwas zu essen
389,s4,spinach,vegetable,Spinat,grün
390,s4,spinach,vegetable,Spinat,schleimig
391,s4,spinach,vegetable,Spinat,Lieblingsessen von Popeye
392,s4,spinach,vegetable,Spinat,Geschmackssache
393,s4,spinach,vegetable,Spinat,in möglichen Varianten
394,s4,spinach,vegetable,Spinat,verspeisen
395,s4,spinach,vegetable,Spinat,grün und weiße
396,s4,comb,implement,Kamm,Haare zu kämmen
397,s4,comb,implement,Kamm,in jedem Bad zu finden
398,s4,comb,implement,Kamm,... damit sie nicht wie wild herumstehen
399,s4,comb,implement,Kamm,besteht aus kleinen Plastikteilchen die Haare glätten
400,s4,skyscraper,building,Wolkenkratzer,ist sehr hohes Haus
401,s4,skyscraper,building,Wolkenkratzer,ist sehr hohes Haus
402,s4,skyscraper,building,Wolkenkratzer,zu finden in Großstädten
403,s4,skyscraper,building,Wolkenkratzer,Wohnungen darin
404,s4,skyscraper,building,Wolkenkratzer,Büros darin
405,s4,skyscraper,building,Wolkenkratzer,gehen sehr hoch in die Luft
406,s4,potato,vegetable,Kartoffel,Nahrungsmittel
407,s4,potato,vegetable,Kartoffel,werden auf der Erde angebaut
408,s4,potato,vegetable,Kartoffel,gibt es schon seit Ewigkeiten
409,s4,potato,vegetable,Kartoffel,gelblich
410,s4,potato,vegetable,Kartoffel,braun
411,s4,potato,vegetable,Kartoffel,zum essen schälen
412,s4,potato,vegetable,Kartoffel,zum essen kochen
413,s4,potato,vegetable,Kartoffel,"zum essen va...en[variieren,waschen?]"
414,s4,socks,clothing,Socken,dient zur Körperwärme
415,s4,socks,clothing,Socken,man trägt sie über die Füße
416,s4,socks,clothing,Socken,aus Wolle gestrickt
417,s4,socks,clothing,Socken,verschiedene Farben
418,s4,socks,clothing,Socken,verschiedene Marken die sie herstellen je nach Qualität
419,s4,corn,vegetable,Mais,Nahrungsmittel
420,s4,corn,vegetable,Mais,kleine Körner
421,s4,corn,vegetable,Mais,kleine Körner
422,s4,corn,vegetable,Mais,gelb
423,s4,corn,vegetable,Mais,auf dem Land angebaut
424,s4,corn,vegetable,Mais,kann man vermischen mit anderen Köstlichkeiten
425,s4,corn,vegetable,Mais,kann man vermischen mit anderen Köstlichkeiten
426,s4,corn,vegetable,Mais,kann man vermischen mit Salat
427,s4,orange,fruit,Orange,orangefarben
428,s4,orange,fruit,Orange,ist eine Frucht
429,s4,orange,fruit,Orange,rund
430,s4,orange,fruit,Orange,mit einer Schale
431,s4,orange,fruit,Orange,innen sehr fruchtig
432,s4,orange,fruit,Orange,innen sehr wässrig
433,s4,orange,fruit,Orange,Geschmackssache
434,s4,orange,fruit,Orange,wächst auf Bäumen
435,s4,orange,fruit,Orange,hat kleine grüne Blätter
436,s4,jacket,clothing,Jacke,dient zur Körperwärme
437,s4,jacket,clothing,Jacke,man trägt sie über den Oberkörper
438,s4,jacket,clothing,Jacke,in verschiedenen Farben
439,s4,jacket,clothing,Jacke,in verschiedenen Materialien
440,s4,jacket,clothing,Jacke,hat viele Taschen/Säcke zum verstauen von Sachen
441,s4,shoes,clothing,Schuhe,dienen zur Wärme des Körpers
442,s4,shoes,clothing,Schuhe,dienen zum Schutz des Körpers
443,s4,shoes,clothing,Schuhe,es gibt leichte
444,s4,shoes,clothing,Schuhe,es gibt feste
445,s4,shoes,clothing,Schuhe,es gibt hohe
446,s4,shoes,clothing,Schuhe,in allen Farben
447,s4,shoes,clothing,Schuhe,in allen Modellen
448,s4,shoes,clothing,Schuhe,wichtig für den Mensch
449,s4,shoes,clothing,Schuhe,Marken stellen sie her
450,s4,onion,vegetable,Zwiebel,Nahrungsmittel
451,s4,onion,vegetable,Zwiebel,weiß
452,s4,onion,vegetable,Zwiebel,grau
453,s4,onion,vegetable,Zwiebel,man weint wenn man sie teilt
454,s4,onion,vegetable,Zwiebel,ins Essen mischen
455,s4,onion,vegetable,Zwiebel,als Geschmacksverstärker
456,s4,goose,bird,Gans,ist ein Tier
457,s4,goose,bird,Gans,mit einem Schnabel
458,s4,goose,bird,Gans,gibt komische Laute
459,s4,goose,bird,Gans,eine Art schnattern
460,s4,goose,bird,Gans,lebt im Wasser
461,s4,peas,vegetable,Erbsen,klein
462,s4,peas,vegetable,Erbsen,grün
463,s4,peas,vegetable,Erbsen,Kügelchen
464,s4,peas,vegetable,Erbsen,kann man essen
465,s4,peas,vegetable,Erbsen,besonders empfehlenswert zu Reis
466,s4,peas,vegetable,Erbsen,schmeckt
467,s4,peas,vegetable,Erbsen,innen matschig
468,s4,peas,vegetable,Erbsen,außen leichte grüne Schale
469,s4,ship,vehicle,Schiff,zum Verkehr
470,s4,ship,vehicle,Schiff,auf dem Wasser
471,s4,ship,vehicle,Schiff,groß
472,s4,ship,vehicle,Schiff,klein
473,s4,ship,vehicle,Schiff,Segelschiffe
474,s4,ship,vehicle,Schiff,Yachten
475,s4,ship,vehicle,Schiff,Kriege durch Piraten
476,s4,ship,vehicle,Schiff,gibt es schon sehr lange
477,s4,ship,vehicle,Schiff,Kriege durch Piraten
478,s4,ship,vehicle,Schiff,für Transport von Nahrungsmitteln
479,s4,ship,vehicle,Schiff,für Transport von Nahrungsmitteln
480,s4,ship,vehicle,Schiff,sehr wichtig
481,s4,garage,building,Garage,Raum
482,s4,garage,building,Garage,im Untergeschoss eines Hauses
483,s4,garage,building,Garage,im Untergeschoss eines Hauses
484,s4,garage,building,Garage,Fahrzeug verstauen
485,s4,garage,building,Garage,Sachen verstauen
486,s4,garage,building,Garage,praktisch wenn es regnet
487,s4,garage,building,Garage,geschützt wenn es regnet
488,s4,garage,building,Garage,sicherer
489,s4,bridge,building,Brücke,zur Überquerung zweier getrennter Landflächen
490,s4,bridge,building,Brücke,zur Überquerung zweier getrennter Landflächen
491,s4,bridge,building,Brücke,verschiedene Formen
492,s4,bridge,building,Brücke,sehr nützlich
493,s4,bridge,building,Brücke,sehr wichtig
494,s4,apple,fruit,Apfel,wächst auf Bäumen
495,s4,apple,fruit,Apfel,kann man essen
496,s4,apple,fruit,Apfel,verschiedene Sorten
497,s4,apple,fruit,Apfel,kann man pflücken
498,s4,apple,fruit,Apfel,kann man verkaufen
499,s4,closet,furniture,Schrank,zur Aufbewahrung von Kleidersachen
500,s4,closet,furniture,Schrank,zur Aufbewahrung von anderen Sachen
501,s4,closet,furniture,Schrank,mit Tür
502,s4,closet,furniture,Schrank,hoch
503,s4,leg,bodypart,Bein,jeder Mensch hat 2 davon
504,s4,leg,bodypart,Bein,zur Fortbewegung
505,s4,leg,bodypart,Bein,zum stoßen
506,s4,table,furniture,Tisch,aus Holz
507,s4,table,furniture,Tisch,zur Ablage von Sachen
508,s4,table,furniture,Tisch,man isst darauf
509,s4,table,furniture,Tisch,man schreibt etwas darauf
510,s4,tongs,implement,Zange,Gerät
511,s4,tongs,implement,Zange,aus Metall
512,s4,tongs,implement,Zange,um Sachen auseinander schneiden
513,s4,tongs,implement,Zange,wenn die Hand nicht ausreicht
514,s4,train,vehicle,Zug,Transportmittel
515,s4,train,vehicle,Zug,Transportmittel
516,s4,train,vehicle,Zug,auf Schienen
517,s4,train,vehicle,Zug,entstanden in industrieller Revolution
518,s4,train,vehicle,Zug,praktisch für Verkehr
519,s4,train,vehicle,Zug,schnell
520,s4,train,vehicle,Zug,sicher
521,s4,sparrow,bird,Spatz,Vogel
522,s4,sparrow,bird,Spatz,singt
523,s4,sparrow,bird,Spatz,kann fliegen
524,s4,sparrow,bird,Spatz,baut sich ein Nest
525,s4,sparrow,bird,Spatz,legt Eier
526,s4,pineapple,fruit,Ananas,Frucht
527,s4,pineapple,fruit,Ananas,nur das Innere kann man essen
528,s4,pineapple,fruit,Ananas,"außen harte, braune Schale"
529,s4,pineapple,fruit,Ananas,mit Blättern
530,s4,pineapple,fruit,Ananas,innen gelb
531,s4,pineapple,fruit,Ananas,innen saftig
532,s5,armchair,furniture,Sessel,man kann darauf sitzen
533,s5,armchair,furniture,Sessel,weich
534,s5,armchair,furniture,Sessel,ist gemütlich
535,s5,armchair,furniture,Sessel,aus Leder
536,s5,broom,implement,Besen,Hexe hat das
537,s5,broom,implement,Besen,zum Putzen
538,s5,broom,implement,Besen,um damit zu fliegen
539,s5,broom,implement,Besen,grob
540,s5,broom,implement,Besen,kann verletzen
541,s5,rabbit,mammal,Hase,"lange, spitze Zähne"
542,s5,rabbit,mammal,Hase,weiches Fell
543,s5,rabbit,mammal,Hase,liebt Karotten
544,s5,rabbit,mammal,Hase,lieb
545,s5,rabbit,mammal,Hase,Haustier
546,s5,rabbit,mammal,Hase,Haustier
547,s5,chair,furniture,Stuhl,darauf sitzen
548,s5,chair,furniture,Stuhl,aus Holz
549,s5,chair,furniture,Stuhl,findet man überall
550,s5,chair,furniture,Stuhl,kann man anmalen
551,s5,chemise,clothing,Hemd,trägt man
552,s5,chemise,clothing,Hemd,mit Krawatte
553,s5,chemise,clothing,Hemd,tragen Männer
554,s5,chemise,clothing,Hemd,ist kariert
555,s5,chemise,clothing,Hemd,hat einen starren Kragen
556,s5,bus,vehicle,Bus,verbindet Menschen
557,s5,bus,vehicle,Bus,Schülerbus
558,s5,bus,vehicle,Bus,gelb
559,s5,bus,vehicle,Bus,viele Menschen haben Platz
560,s5,bus,vehicle,Bus,viele Menschen haben Platz
561,s5,sword,implement,Schwert,Ritter hatten es
562,s5,sword,implement,Schwert,Piraten hatten es
563,s5,sword,implement,Schwert,tötet Menschen
564,s5,sword,implement,Schwert,spitz
565,s5,sword,implement,Schwert,scharf
566,s5,horse,mammal,Pferd,groß
567,s5,horse,mammal,Pferd,trägt die Menschen
568,s5,horse,mammal,Pferd,zieht Kutschen
569,s5,horse,mammal,Pferd,hat langen Schwanz
570,s5,finger,bodypart,Finger,5 auf jeder Hand
571,s5,finger,bodypart,Finger,haben lange Nägel
572,s5,finger,bodypart,Finger,lang
573,s5,finger,bodypart,Finger,kurz
574,s5,finger,bodypart,Finger,dick
575,s5,finger,bodypart,Finger,dünn
576,s5,bear,mammal,Bär,groß
577,s5,bear,mammal,Bär,böse
578,s5,bear,mammal,Bär,beißt
579,s5,bear,mammal,Bär,isst gerne Honig
580,s5,monkey,mammal,Affe,isst Bananen
581,s5,monkey,mammal,Affe,sucht Läuse
582,s5,monkey,mammal,Affe,klettert auf Bäume
583,s5,monkey,mammal,Affe,sehr menschenähnlich
584,s5,owl,bird,Eule,sieht man nur nachts
585,s5,owl,bird,Eule,hat große leuchtende Augen
586,s5,owl,bird,Eule,ist ein Vogel
587,s5,owl,bird,Eule,es gibt verschiedene
588,s5,church,building,Kirche,hat großen Turm
589,s5,church,building,Kirche,Menschen beten dort
590,s5,church,building,Kirche,Dach ist rot
591,s5,church,building,Kirche,sehr wichtig für die Menschen
592,s5,paintbrush,implement,Pinsel,Borsten
593,s5,paintbrush,implement,Pinsel,aus Holz
594,s5,paintbrush,implement,Pinsel,malen mit ihm
595,s5,paintbrush,implement,Pinsel,sehr lang
596,s5,cherry,fruit,Kirsche,harter Kern
597,s5,cherry,fruit,Kirsche,süß
598,s5,cherry,fruit,Kirsche,Vögel mögen sie gern
599,s5,cherry,fruit,Kirsche,Zwillinge
600,s5,cherry,fruit,Kirsche,Drillinge
601,s5,sweater,clothing,Pullover,sehr warm
602,s5,sweater,clothing,Pullover,Wolle
603,s5,sweater,clothing,Pullover,Baumwolle
604,s5,sweater,clothing,Pullover,jeder hat es
605,s5,pear,fruit,Birne,weich
606,s5,pear,fruit,Birne,süß
607,s5,pear,fruit,Birne,komische Form
608,s5,pear,fruit,Birne,Stengel
609,s5,tower,building,Turm,hoch
610,s5,tower,building,Turm,aus hartem Stein
611,s5,tower,building,Turm,dient als Gefängnis
612,s5,tower,building,Turm,gefährlich
613,s5,dog,mammal,Hund,Haustier
614,s5,dog,mammal,Hund,Haustier
615,s5,dog,mammal,Hund,weiches Fell
616,s5,dog,mammal,Hund,holt den Stock
617,s5,dog,mammal,Hund,kann beißen
618,s5,woodpecker,bird,Specht,sein Geräusch ist störend
619,s5,woodpecker,bird,Specht,hackt ins Holz
620,s5,woodpecker,bird,Specht,Vogel
621,s5,woodpecker,bird,Specht,langer Schnabel
622,s5,truck,vehicle,Lastwagen,groß
623,s5,truck,vehicle,Lastwagen,lang
624,s5,truck,vehicle,Lastwagen,stinkt
625,s5,truck,vehicle,Lastwagen,bringt Ware
626,s5,hand,bodypart,Hand,trägt schwere Sachen
627,s5,hand,bodypart,Hand,kann verletzen
628,s5,hand,bodypart,Hand,sehr rau
629,s5,hand,bodypart,Hand,sehr wichtig
630,s5,eye,bodypart,Auge,man sieht mit ihm
631,s5,eye,bodypart,Auge,verschiedene Farben
632,s5,eye,bodypart,Auge,empfindlich
633,s5,eye,bodypart,Auge,kann man schminken
634,s5,bed,furniture,Bett,weich
635,s5,bed,furniture,Bett,zum schlafen
636,s5,bed,furniture,Bett,teilt man gern
637,s5,bed,furniture,Bett,verschiedene Größen
638,s5,seagull,bird,Möwe,laut
639,s5,seagull,bird,Möwe,sieht man am Meer
640,s5,seagull,bird,Möwe,weiß-schwarz
641,s5,seagull,bird,Möwe,Vogel
642,s6,head,bodypart,Kopf,hat Haare
643,s6,head,bodypart,Kopf,hilft uns zum denken
644,s6,head,bodypart,Kopf,hat Augen
645,s6,head,bodypart,Kopf,hat Mund
646,s6,head,bodypart,Kopf,hat Nase
647,s6,head,bodypart,Kopf,hat Ohren
648,s6,head,bodypart,Kopf,besitzt Gehirnzellen
649,s6,airplane,vehicle,Flugzeug,fliegt
650,s6,airplane,vehicle,Flugzeug,in der Luft
651,s6,airplane,vehicle,Flugzeug,transportiert Leute
652,s6,airplane,vehicle,Flugzeug,transportiert Leute
653,s6,airplane,vehicle,Flugzeug,kann abstürzen
654,s6,airplane,vehicle,Flugzeug,hat Fluchtwege
655,s6,airplane,vehicle,Flugzeug,hat Flügel
656,s6,spinach,vegetable,Spinat,kann man essen
657,s6,spinach,vegetable,Spinat,ist Gemüse
658,s6,spinach,vegetable,Spinat,gesund
659,s6,spinach,vegetable,Spinat,grün
660,s6,comb,implement,Kamm,mit ihm Haare frisieren
661,s6,comb,implement,Kamm,kann viele Formen haben
662,s6,comb,implement,Kamm,hat jeder zuhause
663,s6,comb,implement,Kamm,hat jeder zuhause
664,s6,skyscraper,building,Wolkenkratzer,sehr hoch
665,s6,skyscraper,building,Wolkenkratzer,hat viele Wohnungen
666,s6,skyscraper,building,Wolkenkratzer,hat viele Büros
667,s6,skyscraper,building,Wolkenkratzer,hat einen Aufzug
668,s6,skyscraper,building,Wolkenkratzer,viele Menschen können hier arbeiten
669,s6,skyscraper,building,Wolkenkratzer,viele Menschen können hier arbeiten
670,s6,skyscraper,building,Wolkenkratzer,viele Menschen können hier wohnen
671,s6,skyscraper,building,Wolkenkratzer,viele Menschen können hier wohnen
672,s6,potato,vegetable,Kartoffel,essen
673,s6,potato,vegetable,Kartoffel,liegt unter der Erde
674,s6,potato,vegetable,Kartoffel,braun
675,s6,potato,vegetable,Kartoffel,grau
676,s6,potato,vegetable,Kartoffel,gesund
677,s6,potato,vegetable,Kartoffel,man kann daraus andere Sachen machen (Chips)
678,s6,socks,clothing,Socken,anziehen
679,s6,socks,clothing,Socken,aus Wolle gestrickt
680,s6,socks,clothing,Socken,aus Baumwolle
681,s6,socks,clothing,Socken,aus Polyester
682,s6,socks,clothing,Socken,halten Füße warm
683,s6,corn,vegetable,Mais,essen
684,s6,corn,vegetable,Mais,wächst in angebauten Feldern
685,s6,corn,vegetable,Mais,gelb
686,s6,corn,vegetable,Mais,gesund
687,s6,orange,fruit,Orange,rund
688,s6,orange,fruit,Orange,Obst
689,s6,orange,fruit,Orange,gesund
690,s6,orange,fruit,Orange,Farbe orange
691,s6,orange,fruit,Orange,daraus Saft machen
692,s6,jacket,clothing,Jacke,zum anziehen
693,s6,jacket,clothing,Jacke,hält Oberkörper warm
694,s6,jacket,clothing,Jacke,verschiedene Materialien
695,s6,jacket,clothing,Jacke,besitzt mehrere Säcke um etwas einzustecken
696,s6,shoes,clothing,Schuhe,anziehen
697,s6,shoes,clothing,Schuhe,halten Füße warm
698,s6,shoes,clothing,Schuhe,aus Leder
699,s6,shoes,clothing,Schuhe,aus Plastik
700,s6,shoes,clothing,Schuhe,haben Schuhnesteln
701,s6,onion,vegetable,Zwiebel,weiß
702,s6,onion,vegetable,Zwiebel,essen
703,s6,onion,vegetable,Zwiebel,Gemüse
704,s6,onion,vegetable,Zwiebel,gesund
705,s6,onion,vegetable,Zwiebel,brennt in Augen beim aufschneiden
706,s6,goose,bird,Gans,Vogel
707,s6,goose,bird,Gans,weiß
708,s6,goose,bird,Gans,legt Eier
709,s6,goose,bird,Gans,hat Federn
710,s6,peas,vegetable,Erbsen,grün
711,s6,peas,vegetable,Erbsen,gesund
712,s6,peas,vegetable,Erbsen,Gemüse
713,s6,peas,vegetable,Erbsen,klein
714,s6,peas,vegetable,Erbsen,rund
715,s6,ship,vehicle,Schiff,über Wasser fahren
716,s6,ship,vehicle,Schiff,kann untergehen
717,s6,ship,vehicle,Schiff,transportiert Menschen
718,s6,ship,vehicle,Schiff,transportiert Menschen
719,s6,ship,vehicle,Schiff,transportiert Maschinen
720,s6,ship,vehicle,Schiff,transportiert Maschinen
721,s6,ship,vehicle,Schiff,hat Rettungsboote
722,s6,garage,building,Garage,ein Raum
723,s6,garage,building,Garage,Auto parken
724,s6,garage,building,Garage,Motorrad parken
725,s6,garage,building,Garage,Fahrräder parken
726,s6,bridge,building,Brücke,Fluss überqueren mit Auto
727,s6,bridge,building,Brücke,Fluss überqueren mit Auto
728,s6,bridge,building,Brücke,Fluss überqueren zu Fuß
729,s6,bridge,building,Brücke,Fluss überqueren zu Fuß
730,s6,bridge,building,Brücke,von Menschen gebaut
731,s6,bridge,building,Brücke,groß
732,s6,bridge,building,Brücke,klein
733,s6,apple,fruit,Apfel,gesund
734,s6,apple,fruit,Apfel,Obst
735,s6,apple,fruit,Apfel,grün
736,s6,apple,fruit,Apfel,gelb
737,s6,apple,fruit,Apfel,rot
738,s6,apple,fruit,Apfel,wächst auf Bäumen
739,s6,closet,furniture,Schrank,aus Holz gemacht
740,s6,closet,furniture,Schrank,Kleidung aufbewahren
741,s6,closet,furniture,Schrank,von Tischler gemacht
742,s6,closet,furniture,Schrank,von Maschinen gemacht
743,s6,closet,furniture,Schrank,vieles darin aufbewahren
744,s6,leg,bodypart,Bein,gehen
745,s6,leg,bodypart,Bein,laufen
746,s6,leg,bodypart,Bein,springen
747,s6,leg,bodypart,Bein,Knochen
748,s6,leg,bodypart,Bein,Haut
749,s6,leg,bodypart,Bein,durchblutet
750,s6,table,furniture,Tisch,aus Holz
751,s6,table,furniture,Tisch,aus Stahl
752,s6,table,furniture,Tisch,darauf essen
753,s6,table,furniture,Tisch,Sachen darauf legen
754,s6,table,furniture,Tisch,groß
755,s6,table,furniture,Tisch,klein
756,s6,table,furniture,Tisch,rund
757,s6,table,furniture,Tisch,eckig
758,s6,tongs,implement,Zange,aus Plastik
759,s6,tongs,implement,Zange,aus Eisen
760,s6,tongs,implement,Zange,hilft bei Nägel aus der Wand ziehen
761,s6,tongs,implement,Zange,klein
762,s6,tongs,implement,Zange,groß
763,s6,tongs,implement,Zange,in jeder Farbe
764,s6,tongs,implement,Zange,nützlich
765,s6,tongs,implement,Zange,von Menschen gemacht
766,s6,tongs,implement,Zange,von Maschinen gemacht
767,s6,train,vehicle,Zug,fährt auf Gleisen
768,s6,train,vehicle,Zug,transportiert Menschen
769,s6,train,vehicle,Zug,transportiert Menschen
770,s6,train,vehicle,Zug,umweltbewusst
771,s6,train,vehicle,Zug,Schaffner kontrolliert ob bezahlt wurde
772,s6,sparrow,bird,Spatz,Vogel
773,s6,sparrow,bird,Spatz,Federn
774,s6,sparrow,bird,Spatz,kann gut fliegen
775,s6,sparrow,bird,Spatz,klein
776,s6,sparrow,bird,Spatz,"zu Menschen, die man gern hat, sagen"
777,s6,pineapple,fruit,Ananas,Frucht
778,s6,pineapple,fruit,Ananas,gelb
779,s6,pineapple,fruit,Ananas,wächst auf Bäumen
780,s6,pineapple,fruit,Ananas,gesund
781,s7,armchair,furniture,Sessel,darauf sitzen
782,s7,armchair,furniture,Sessel,gemütlich
783,s7,armchair,furniture,Sessel,weich
784,s7,armchair,furniture,Sessel,ist Möbelstück
785,s7,armchair,furniture,Sessel,steht in jedem Wohnzimmer
786,s7,armchair,furniture,Sessel,darauf schlafen
787,s7,broom,implement,Besen,Böden putzen
788,s7,broom,implement,Besen,ist struppig
789,s7,broom,implement,Besen,hat einen Stiel
790,s7,broom,implement,Besen,hat unten Borsten
791,s7,broom,implement,Besen,Spinnennetze entfernen
792,s7,broom,implement,Besen,dünn
793,s7,rabbit,mammal,Hase,hoppelt
794,s7,rabbit,mammal,Hase,Löffelohren
795,s7,rabbit,mammal,Hase,feines Fell
796,s7,rabbit,mammal,Hase,rundligen Kot
797,s7,rabbit,mammal,Hase,Schneehase
798,s7,rabbit,mammal,Hase,süß
799,s7,rabbit,mammal,Hase,klein
800,s7,chair,furniture,Stuhl,darauf sitzen
801,s7,chair,furniture,Stuhl,steht beim Tisch
802,s7,chair,furniture,Stuhl,hat 4 Beine
803,s7,chair,furniture,Stuhl,hat eine Lehne
804,s7,chair,furniture,Stuhl,gibt Rollstuhl
805,s7,chemise,clothing,Hemd,anziehen
806,s7,chemise,clothing,Hemd,gleich runzlig
807,s7,chemise,clothing,Hemd,viel Arbeit beim bügeln
808,s7,chemise,clothing,Hemd,luftig
809,s7,chemise,clothing,Hemd,leicht
810,s7,bus,vehicle,Bus,viele Menschen
811,s7,bus,vehicle,Bus,fahren
812,s7,bus,vehicle,Bus,stehen
813,s7,bus,vehicle,Bus,sitzen
814,s7,bus,vehicle,Bus,öffentliches Verkehrsmittel
815,s7,bus,vehicle,Bus,öffentliches Verkehrsmittel
816,s7,bus,vehicle,Bus,Scheiben
817,s7,sword,implement,Schwert,scharf
818,s7,sword,implement,Schwert,dünn
819,s7,sword,implement,Schwert,lang
820,s7,sword,implement,Schwert,Ritter hatten es
821,s7,sword,implement,Schwert,spitz
822,s7,horse,mammal,Pferd,4 Beine
823,s7,horse,mammal,Pferd,langer Schwanz
824,s7,horse,mammal,Pferd,sehr groß
825,s7,horse,mammal,Pferd,PS=Pferdestärke (->Auto)
826,s7,horse,mammal,Pferd,braun
827,s7,horse,mammal,Pferd,weiß
828,s7,horse,mammal,Pferd,schwarz
829,s7,horse,mammal,Pferd,hat Fell
830,s7,finger,bodypart,Finger,5 Finger auf einer Hand
831,s7,finger,bodypart,Finger,Nagel am Ende
832,s7,finger,bodypart,Finger,beweglich
833,s7,finger,bodypart,Finger,kann bluten
834,s7,finger,bodypart,Finger,etwas anfassen
835,s7,finger,bodypart,Finger,gleiche Hautfarbe wie Rest K.
836,s7,finger,bodypart,Finger,sich verletzen
837,s7,bear,mammal,Bär,groß
838,s7,bear,mammal,Bär,haarig
839,s7,bear,mammal,Bär,langes Fell
840,s7,bear,mammal,Bär,liebt Honig
841,s7,bear,mammal,Bär,gefährlich
842,s7,bear,mammal,Bär,lebt in Wäldern
843,s7,bear,mammal,Bär,2 Beine
844,s7,bear,mammal,Bär,2 Arme
845,s7,bear,mammal,Bär,spitze Zähne
846,s7,monkey,mammal,Affe,2 Beine
847,s7,monkey,mammal,Affe,2 Arme
848,s7,monkey,mammal,Affe,isst Bananen
849,s7,monkey,mammal,Affe,hat Finger
850,s7,monkey,mammal,Affe,heißt das Menschen von den Affen abst.
851,s7,owl,bird,Eule,schreit bei Nacht
852,s7,owl,bird,Eule,hat Schnabel
853,s7,owl,bird,Eule,ist ein Vogel
854,s7,owl,bird,Eule,hat Flügel
855,s7,owl,bird,Eule,sitzt auf Bäumen
856,s7,church,building,Kirche,beten
857,s7,church,building,Kirche,Pfarrer
858,s7,church,building,Kirche,mehr ältere Leute
859,s7,church,building,Kirche,viele Wandmalereien
860,s7,church,building,Kirche,Kirchturm
861,s7,church,building,Kirche,Ministranten
862,s7,church,building,Kirche,Glocke
863,s7,church,building,Kirche,Messner
864,s7,church,building,Kirche,Bänke
865,s7,church,building,Kirche,Bibel
866,s7,church,building,Kirche,Kerzen
867,s7,church,building,Kirche,Blumen
868,s7,paintbrush,implement,Pinsel,malen
869,s7,paintbrush,implement,Pinsel,ein Stiel
870,s7,paintbrush,implement,Pinsel,unten Bürste
871,s7,paintbrush,implement,Pinsel,Kunstunterricht
872,s7,cherry,fruit,Kirsche,schmeckt gut
873,s7,cherry,fruit,Kirsche,Kern in der Mitte
874,s7,cherry,fruit,Kirsche,grüner Stingel
875,s7,sweater,clothing,Pullover,anziehen
876,s7,sweater,clothing,Pullover,wenn draussen kalt
877,s7,sweater,clothing,Pullover,zu kaufen
878,s7,sweater,clothing,Pullover,hat 2 Ärmel
879,s7,sweater,clothing,Pullover,Loch für Kopf
880,s7,sweater,clothing,Pullover,ist fein warm
881,s7,pear,fruit,Birne,zum essen
882,s7,pear,fruit,Birne,gelb/grün
883,s7,pear,fruit,Birne,Kern in der Mitte
884,s7,pear,fruit,Birne,Stingel
885,s7,pear,fruit,Birne,ist saftig
886,s7,tower,building,Turm,groß
887,s7,tower,building,Turm,lang
888,s7,tower,building,Turm,aus Steinen
889,s7,tower,building,Turm,Kirchturm
890,s7,dog,mammal,Hund,bellt
891,s7,dog,mammal,Hund,Fell
892,s7,dog,mammal,Hund,4 Beine
893,s7,dog,mammal,Hund,2 Ohren
894,s7,dog,mammal,Hund,einen Schwanz
895,s7,dog,mammal,Hund,wacht
896,s7,woodpecker,bird,Specht,Vogel
897,s7,woodpecker,bird,Specht,klopft in den Baum
898,s7,woodpecker,bird,Specht,2 Flügel
899,s7,truck,vehicle,Lastwagen,etwas transportieren
900,s7,truck,vehicle,Lastwagen,4 Räder
901,s7,truck,vehicle,Lastwagen,groß
902,s7,truck,vehicle,Lastwagen,zum fahren
903,s7,truck,vehicle,Lastwagen,Fahrer
904,s7,hand,bodypart,Hand,hat 4 Finger
905,s7,hand,bodypart,Hand,etwas anfassen
906,s7,hand,bodypart,Hand,etwas halten
907,s7,hand,bodypart,Hand,2 Hände
908,s7,eye,bodypart,Auge,sehen
909,s7,eye,bodypart,Auge,hat Wimpern
910,s7,eye,bodypart,Auge,blau
911,s7,eye,bodypart,Auge,braun
912,s7,eye,bodypart,Auge,grün
913,s7,eye,bodypart,Auge,2 Augen
914,s7,eye,bodypart,Auge,Augenaufschlag
915,s7,bed,furniture,Bett,darin schlafen
916,s7,bed,furniture,Bett,fein kuschelig
917,s7,bed,furniture,Bett,Federbett
918,s7,bed,furniture,Bett,Polster
919,s7,seagull,bird,Möwe,hat 2 Flügel
920,s7,seagull,bird,Möwe,über Meer
921,s7,seagull,bird,Möwe,isst Fische
922,s7,seagull,bird,Möwe,weiß/grau
923,s8,head,bodypart,Kopf,ermöglicht Leben
924,s8,head,bodypart,Kopf,gute schulische Leistungen
925,s8,head,bodypart,Kopf,Einfall vieler Ideen
926,s8,head,bodypart,Kopf,Teil des Körpers
927,s8,head,bodypart,Kopf,Teil des Aussehens eines Menschen
928,s8,airplane,vehicle,Flugzeug,man kann fliegen
929,s8,airplane,vehicle,Flugzeug,schnellerer Weg
930,s8,airplane,vehicle,Flugzeug,Welt aus anderer Perspektive betrachten
931,s8,airplane,vehicle,Flugzeug,in den Urlaub
932,s8,airplane,vehicle,Flugzeug,Lebensgefahr
933,s8,spinach,vegetable,Spinat,gesund
934,s8,spinach,vegetable,Spinat,Gemüse
935,s8,spinach,vegetable,Spinat,Beilage vieler Speisen
936,s8,spinach,vegetable,Spinat,gut zum Essen
937,s8,spinach,vegetable,Spinat,viele Vitamine
938,s8,comb,implement,Kamm,schöne Frisur
939,s8,comb,implement,Kamm,gepflegtes Aussehen verschaffen
940,s8,comb,implement,Kamm,trägt der Hahn auf dem Kopf
941,s8,skyscraper,building,Wolkenkratzer,schön zu besichtigen
942,s8,skyscraper,building,Wolkenkratzer,viel Platz zum Leben
943,s8,skyscraper,building,Wolkenkratzer,viel Platz zum Leben
944,s8,skyscraper,building,Wolkenkratzer,schöne Aussicht
945,s8,potato,vegetable,Kartoffel,gesund
946,s8,potato,vegetable,Kartoffel,Essen
947,s8,potato,vegetable,Kartoffel,verschiedene Speisen kreieren
948,s8,potato,vegetable,Kartoffel,wächst im Acker
949,s8,socks,clothing,Socken,warme Füße
950,s8,socks,clothing,Socken,Schutz vor Schmerzen
951,s8,socks,clothing,Socken,angenehm in Schuhen
952,s8,corn,vegetable,Mais,gesund
953,s8,corn,vegetable,Mais,Gemüse
954,s8,corn,vegetable,Mais,gut
955,s8,corn,vegetable,Mais,Essen
956,s8,orange,fruit,Orange,gesund
957,s8,orange,fruit,Orange,Obst
958,s8,orange,fruit,Orange,enthält viel Säure
959,s8,orange,fruit,Orange,wächst auf dem Orangenbaum
960,s8,orange,fruit,Orange,rund
961,s8,orange,fruit,Orange,giftige Schale
962,s8,jacket,clothing,Jacke,warme Winter
963,s8,jacket,clothing,Jacke,schützt vor Wind
964,s8,jacket,clothing,Jacke,schützt vor Erkältungen
965,s8,jacket,clothing,Jacke,verschiedene Größen
966,s8,jacket,clothing,Jacke,Mode
967,s8,shoes,clothing,Schuhe,Schutz vor Schmerzen
968,s8,shoes,clothing,Schuhe,Schutz vor Rutschgefahr
969,s8,shoes,clothing,Schuhe,Leidenschaft der Frauen
970,s8,shoes,clothing,Schuhe,verschiedene Größen
971,s8,onion,vegetable,Zwiebel,Tränen in den Augen
972,s8,onion,vegetable,Zwiebel,Gemüse
973,s8,onion,vegetable,Zwiebel,zum Kochen verwendet
974,s8,onion,vegetable,Zwiebel,sorgt für Geschmack im Essen
975,s8,goose,bird,Gans,kann geschlachtet werden
976,s8,goose,bird,Gans,kann gegessen werden
977,s8,goose,bird,Gans,Tier
978,s8,goose,bird,Gans,mit Federkleid
979,s8,goose,bird,Gans,wohnt auf Bauernhöfen
980,s8,peas,vegetable,Erbsen,gesund
981,s8,peas,vegetable,Erbsen,Gemüse
982,s8,peas,vegetable,Erbsen,zum Kochen verwendet
983,s8,ship,vehicle,Schiff,Mittel zum Reisen
984,s8,ship,vehicle,Schiff,Meer
985,s8,ship,vehicle,Schiff,kann untergehen
986,s8,ship,vehicle,Schiff,Gefahr
987,s8,garage,building,Garage,Autoparkplatz
988,s8,garage,building,Garage,alte Sachen abstellen
989,s8,garage,building,Garage,gehört zum Haus
990,s8,bridge,building,Brücke,Einsturzgefahr
991,s8,bridge,building,Brücke,verkürzt Weg
992,s8,bridge,building,Brücke,schöne Aussicht
993,s8,apple,fruit,Apfel,gesund
994,s8,apple,fruit,Apfel,Obst
995,s8,apple,fruit,Apfel,süßer Geschmack
996,s8,apple,fruit,Apfel,wächst auf Bäumen
997,s8,closet,furniture,Schrank,um Sachen abzulegen
998,s8,closet,furniture,Schrank,Kleidung ablegen
999,s8,closet,furniture,Schrank,fertigt ein Tischler
1000,s8,leg,bodypart,Bein,unterschiedlich zwischen Mann und Frau
1001,s8,leg,bodypart,Bein,Teil des Körpers
1002,s8,leg,bodypart,Bein,für Fortbewegung
1003,s8,table,furniture,Tisch,praktisch zum Arbeiten
1004,s8,table,furniture,Tisch,auf ihm wird gegessen
1005,s8,tongs,implement,Zange,Werkzeug
1006,s8,tongs,implement,Zange,für Handwerker
1007,s8,train,vehicle,Zug,Transportmittel
1008,s8,train,vehicle,Zug,Transportmittel
1009,s8,train,vehicle,Zug,hat viele Waggons
1010,s8,train,vehicle,Zug,fährt auf Schienen
1011,s8,sparrow,bird,Spatz,Vogel
1012,s8,sparrow,bird,Spatz,hat Federkleid
1013,s8,sparrow,bird,Spatz,lebt in der Natur
1014,s8,pineapple,fruit,Ananas,gesund
1015,s8,pineapple,fruit,Ananas,Obst
1016,s8,pineapple,fruit,Ananas,säuerlicher Geschmack
1017,s9,armchair,furniture,Sessel,darauf sitzen
1018,s9,armchair,furniture,Sessel,bequem
1019,s9,armchair,furniture,Sessel,vor dem Fernseher
1020,s9,armchair,furniture,Sessel,auf ihm schläft man ein
1021,s9,broom,implement,Besen,hat die Hexe immer
1022,s9,broom,implement,Besen,Schmutz zusammenkehren
1023,s9,broom,implement,Besen,in jedem Haushalt
1024,s9,rabbit,mammal,Hase,klein
1025,s9,rabbit,mammal,Hase,Tier
1026,s9,rabbit,mammal,Hase,mit Fell
1027,s9,rabbit,mammal,Hase,frisst Karotten
1028,s9,rabbit,mammal,Hase,schwarz-weiß gepunktet
1029,s9,rabbit,mammal,Hase,lange Ohren
1030,s9,chair,furniture,Stuhl,darauf sitzen
1031,s9,chair,furniture,Stuhl,aus Holz
1032,s9,chair,furniture,Stuhl,unbequem
1033,s9,chemise,clothing,Hemd,anziehen
1034,s9,chemise,clothing,Hemd,tragen vorwiegend Männer
1035,s9,chemise,clothing,Hemd,trägt man unter dem Anzug
1036,s9,chemise,clothing,Hemd,meist langärmlig
1037,s9,bus,vehicle,Bus,Transportmittel
1038,s9,bus,vehicle,Bus,Transportmittel
1039,s9,bus,vehicle,Bus,in die Schule fahren
1040,s9,bus,vehicle,Bus,viele Menschen haben Platz
1041,s9,bus,vehicle,Bus,viele Menschen haben Platz
1042,s9,bus,vehicle,Bus,fährt zu best. Uhrzeiten
1043,s9,sword,implement,Schwert,vor langer Zeit hatten Ritter es
1044,s9,sword,implement,Schwert,andere damit verletzen
1045,s9,sword,implement,Schwert,lang
1046,s9,sword,implement,Schwert,dünn
1047,s9,sword,implement,Schwert,aus Eisen
1048,s9,sword,implement,Schwert,spitz
1049,s9,horse,mammal,Pferd,groß
1050,s9,horse,mammal,Pferd,Tier
1051,s9,horse,mammal,Pferd,auf ihm reiten
1052,s9,horse,mammal,Pferd,Rennen damit veranstaltet
1053,s9,horse,mammal,Pferd,viele Farben
1054,s9,horse,mammal,Pferd,braun
1055,s9,horse,mammal,Pferd,weiß
1056,s9,horse,mammal,Pferd,schwarz
1057,s9,horse,mammal,Pferd,grau
1058,s9,finger,bodypart,Finger,gehört zum Körper
1059,s9,finger,bodypart,Finger,Körperteil
1060,s9,finger,bodypart,Finger,damit Sachen abtasten
1061,s9,finger,bodypart,Finger,verschieden bei Menschen
1062,s9,finger,bodypart,Finger,lang
1063,s9,finger,bodypart,Finger,dünn
1064,s9,finger,bodypart,Finger,dick
1065,s9,finger,bodypart,Finger,kurz
1066,s9,finger,bodypart,Finger,gehören zur Hand
1067,s9,bear,mammal,Bär,groß
1068,s9,bear,mammal,Bär,braun
1069,s9,bear,mammal,Bär,Tier
1070,s9,bear,mammal,Bär,dickes Fell
1071,s9,bear,mammal,Bär,jagt Angst ein
1072,s9,bear,mammal,Bär,frisst Schafe
1073,s9,monkey,mammal,Affe,Tier
1074,s9,monkey,mammal,Affe,macht komische Geräusche
1075,s9,monkey,mammal,Affe,macht komische Schreie
1076,s9,monkey,mammal,Affe,es gibt Filme mit einem Affen
1077,s9,monkey,mammal,Affe,King Kong
1078,s9,monkey,mammal,Affe,Charlie
1079,s9,monkey,mammal,Affe,frisst Bananen
1080,s9,owl,bird,Eule,Lebewesen
1081,s9,owl,bird,Eule,große runde Augen
1082,s9,owl,bird,Eule,findet man im Wald
1083,s9,owl,bird,Eule,macht Geräusche
1084,s9,church,building,Kirche,Gebäude
1085,s9,church,building,Kirche,der Christen
1086,s9,church,building,Kirche,geht dorthin wenn man betet
1087,s9,church,building,Kirche,Erstkommunionen finden dort statt
1088,s9,church,building,Kirche,sehr hoch
1089,s9,church,building,Kirche,mit vielen Bankreihen
1090,s9,paintbrush,implement,Pinsel,damit malen
1091,s9,paintbrush,implement,Pinsel,damit zeichnen
1092,s9,paintbrush,implement,Pinsel,hat ganz vorne Haare
1093,s9,paintbrush,implement,Pinsel,versch. Größen
1094,s9,cherry,fruit,Kirsche,essen
1095,s9,cherry,fruit,Kirsche,hat guten Geschmack
1096,s9,cherry,fruit,Kirsche,total rot
1097,s9,cherry,fruit,Kirsche,klein
1098,s9,cherry,fruit,Kirsche,rund
1099,s9,cherry,fruit,Kirsche,hat harten Kern
1100,s9,sweater,clothing,Pullover,damit hat man warm
1101,s9,sweater,clothing,Pullover,oft gestrickt
1102,s9,sweater,clothing,Pullover,tragen Menschen
1103,s9,sweater,clothing,Pullover,langärmlig
1104,s9,pear,fruit,Birne,essen
1105,s9,pear,fruit,Birne,guter Geschmack
1106,s9,pear,fruit,Birne,gelb
1107,s9,pear,fruit,Birne,braun
1108,s9,pear,fruit,Birne,an Bäumen
1109,s9,tower,building,Turm,hohes
1110,s9,tower,building,Turm,Gebäude
1111,s9,tower,building,Turm,rund
1112,s9,tower,building,Turm,kleiner Durchmesser
1113,s9,tower,building,Turm,aus Steinen gebaut
1114,s9,tower,building,Turm,kommt im Märchen vor
1115,s9,tower,building,Turm,Rapunzel
1116,s9,dog,mammal,Hund,ein Tier
1117,s9,dog,mammal,Hund,kann beißen
1118,s9,dog,mammal,Hund,frisst gerne Fleisch
1119,s9,dog,mammal,Hund,oft ein Haustier
1120,s9,dog,mammal,Hund,oft ein Haustier
1121,s9,dog,mammal,Hund,oft klein
1122,s9,dog,mammal,Hund,oft niedlich
1123,s9,woodpecker,bird,Specht,Vogelart
1124,s9,woodpecker,bird,Specht,kommt im Film vor
1125,s9,woodpecker,bird,Specht,hat einen Schnabel
1126,s9,woodpecker,bird,Specht,klopft an Bäume
1127,s9,truck,vehicle,Lastwagen,Verkehrsmittel
1128,s9,truck,vehicle,Lastwagen,groß
1129,s9,truck,vehicle,Lastwagen,verschmutzt die Umwelt
1130,s9,truck,vehicle,Lastwagen,fährt auf Autobahnen
1131,s9,hand,bodypart,Hand,gehört zum Körper
1132,s9,hand,bodypart,Hand,damit Sachen aufheben
1133,s9,hand,bodypart,Hand,Finger sind ein Teil von ihr
1134,s9,eye,bodypart,Auge,damit sehen
1135,s9,eye,bodypart,Auge,in vielen Farben
1136,s9,eye,bodypart,Auge,blau
1137,s9,eye,bodypart,Auge,braun
1138,s9,eye,bodypart,Auge,haben Wimpern
1139,s9,bed,furniture,Bett,darin schlafen
1140,s9,bed,furniture,Bett,weich
1141,s9,bed,furniture,Bett,benutzt in der Nacht
1142,s9,bed,furniture,Bett,hat 4 Ecken
1143,s9,seagull,bird,Möwe,ist ein Lebewesen
1144,s9,seagull,bird,Möwe,fliegt in der Luft
1145,s10,head,bodypart,Kopf,rund
1146,s10,head,bodypart,Kopf,kann ihn um 180 grad drehen
1147,s10,head,bodypart,Kopf,Augen
1148,s10,head,bodypart,Kopf,Ohren
1149,s10,head,bodypart,Kopf,Mund
1150,s10,head,bodypart,Kopf,Nase
1151,s10,head,bodypart,Kopf,Haare
1152,s10,head,bodypart,Kopf,Nase
1153,s10,head,bodypart,Kopf,...oben
1154,s10,airplane,vehicle,Flugzeug,fliegt über den Wolken
1155,s10,airplane,vehicle,Flugzeug,fliegt über den Wolken
1156,s10,airplane,vehicle,Flugzeug,transportiert Menschen
1157,s10,airplane,vehicle,Flugzeug,transportiert Menschen
1158,s10,airplane,vehicle,Flugzeug,schnell
1159,s10,airplane,vehicle,Flugzeug,"Gefahr, dass es abstürzt"
1160,s10,spinach,vegetable,Spinat,grüne Blätter
1161,s10,spinach,vegetable,Spinat,gesund
1162,s10,spinach,vegetable,Spinat,anpflanzen
1163,s10,spinach,vegetable,Spinat,essen
1164,s10,spinach,vegetable,Spinat,stark werden wie Popeye
1165,s10,comb,implement,Kamm,jeden Tag benutzt man ihn
1166,s10,comb,implement,Kamm,zum Haare kämmen
1167,s10,comb,implement,Kamm,hat viele Zacken
1168,s10,comb,implement,Kamm,um die Haare zu entwirren
1169,s10,skyscraper,building,Wolkenkratzer,groß
1170,s10,skyscraper,building,Wolkenkratzer,Gebäude
1171,s10,skyscraper,building,Wolkenkratzer,"nennt man so, weil es bei den Wolken angeht"
1172,s10,skyscraper,building,Wolkenkratzer,viele Fenster
1173,s10,skyscraper,building,Wolkenkratzer,"in großen Städten, Metropolen"
1174,s10,potato,vegetable,Kartoffel,bräunlich-gelb
1175,s10,potato,vegetable,Kartoffel,rund
1176,s10,potato,vegetable,Kartoffel,manchmal oval
1177,s10,potato,vegetable,Kartoffel,essen
1178,s10,potato,vegetable,Kartoffel,verschiedene Möglichkeiten sie zuzubereiten
1179,s10,socks,clothing,Socken,zieht man über die Füße
1180,s10,socks,clothing,Socken,um nicht kalt zu haben
1181,s10,socks,clothing,Socken,viele stricken sie
1182,s10,socks,clothing,Socken,bunt
1183,s10,socks,clothing,Socken,einfarbig
1184,s10,socks,clothing,Socken,mit Mustern
1185,s10,corn,vegetable,Mais,gelb
1186,s10,corn,vegetable,Mais,wächst auf großen Plantagen
1187,s10,corn,vegetable,Mais,essen
1188,s10,corn,vegetable,Mais,im Salat
1189,s10,corn,vegetable,Mais,bei Grillabenden
1190,s10,corn,vegetable,Mais,grüner Stingel
1191,s10,corn,vegetable,Mais,Blätter
1192,s10,orange,fruit,Orange,rund
1193,s10,orange,fruit,Orange,orange
1194,s10,orange,fruit,Orange,muss sie schälen
1195,s10,orange,fruit,Orange,saftig
1196,s10,orange,fruit,Orange,eine Frucht
1197,s10,orange,fruit,Orange,wächst im Süden
1198,s10,jacket,clothing,Jacke,zieht man im Winter an
1199,s10,jacket,clothing,Jacke,zieht man auch im Herbst an
1200,s10,jacket,clothing,Jacke,zieht man auch im Frühling an
1201,s10,jacket,clothing,Jacke,um warm zu haben
1202,s10,jacket,clothing,Jacke,schützt vor Kälte
1203,s10,jacket,clothing,Jacke,Reißverschluss
1204,s10,shoes,clothing,Schuhe,zieht man über die Füße
1205,s10,shoes,clothing,Schuhe,haben Schnürsenkel
1206,s10,shoes,clothing,Schuhe,haben Sohlen
1207,s10,shoes,clothing,Schuhe,viele Arten
1208,s10,shoes,clothing,Schuhe,Turnschuhe
1209,s10,shoes,clothing,Schuhe,Ballerinas
1210,s10,shoes,clothing,Schuhe,Stöckelschuhe
1211,s10,shoes,clothing,Schuhe,können aus Leder bestehen
1212,s10,onion,vegetable,Zwiebel,rund
1213,s10,onion,vegetable,Zwiebel,weiß
1214,s10,onion,vegetable,Zwiebel,beim Aufschneiden weint man oft
1215,s10,onion,vegetable,Zwiebel,hat einen eigenen Geschmack
1216,s10,goose,bird,Gans,weiß
1217,s10,goose,bird,Gans,Tier
1218,s10,goose,bird,Gans,isst man oft an Feiertagen
1219,s10,goose,bird,Gans,haben Flügel
1220,s10,goose,bird,Gans,können aber nicht fliegen
1221,s10,goose,bird,Gans,haben orangenen Schnabel
1222,s10,goose,bird,Gans,haben orange Füße
1223,s10,peas,vegetable,Erbsen,klein
1224,s10,peas,vegetable,Erbsen,rund
1225,s10,peas,vegetable,Erbsen,grün
1226,s10,peas,vegetable,Erbsen,wachsen im Garten
1227,s10,peas,vegetable,Erbsen,es gibt eine Erbsensuppe
1228,s10,ship,vehicle,Schiff,fährt auf Flüssen
1229,s10,ship,vehicle,Schiff,fährt auf Meeren
1230,s10,ship,vehicle,Schiff,transportiert Menschen
1231,s10,ship,vehicle,Schiff,transportiert Menschen
1232,s10,ship,vehicle,Schiff,transportiert Güter
1233,s10,ship,vehicle,Schiff,transportiert Güter
1234,s10,ship,vehicle,Schiff,transportiert Waren
1235,s10,ship,vehicle,Schiff,transportiert Waren
1236,s10,ship,vehicle,Schiff,transportiert Rohstoffe
1237,s10,ship,vehicle,Schiff,transportiert Rohstoffe
1238,s10,ship,vehicle,Schiff,kann untergehen
1239,s10,ship,vehicle,Schiff,Titanic
1240,s10,garage,building,Garage,parkt das Auto
1241,s10,garage,building,Garage,parkt das Fahrrad
1242,s10,garage,building,Garage,unter der Erde
1243,s10,garage,building,Garage,sehr dunkel
1244,s10,garage,building,Garage,unter dem Haus
1245,s10,garage,building,Garage,neben dem Haus
1246,s10,bridge,building,Brücke,aus Holz
1247,s10,bridge,building,Brücke,aus Metall
1248,s10,bridge,building,Brücke,groß
1249,s10,bridge,building,Brücke,klein
1250,s10,bridge,building,Brücke,können einbrechen
1251,s10,bridge,building,Brücke,dient zum Übergang über Flüsse
1252,s10,bridge,building,Brücke,dient zum Übergang über Flüsse
1253,s10,apple,fruit,Apfel,rund
1254,s10,apple,fruit,Apfel,Frucht
1255,s10,apple,fruit,Apfel,wächst aus Bäumen
1256,s10,apple,fruit,Apfel,man kann einen Apfelstrudel machen
1257,s10,apple,fruit,Apfel,hat 4 Kerne innendrin
1258,s10,apple,fruit,Apfel,hat Stiel
1259,s10,closet,furniture,Schrank,bewahrt Kleider darin auf
1260,s10,closet,furniture,Schrank,bewahrt sonstiges darin auf
1261,s10,closet,furniture,Schrank,oft aus Holz
1262,s10,closet,furniture,Schrank,hat 2 Türen
1263,s10,closet,furniture,Schrank,hat einen Schlüssel
1264,s10,leg,bodypart,Bein,wir haben 2
1265,s10,leg,bodypart,Bein,dient zur Fortbewegung
1266,s10,table,furniture,Tisch,aus Holz
1267,s10,table,furniture,Tisch,darauf essen
1268,s10,table,furniture,Tisch,darauf trinken
1269,s10,table,furniture,Tisch,darauf schreiben
1270,s10,table,furniture,Tisch,man sitzt an ihm
1271,s10,tongs,implement,Zange,besteht aus Metall
1272,s10,tongs,implement,Zange,ist ein Werkzeug
1273,s10,tongs,implement,Zange,brauchen Handwerker
1274,s10,train,vehicle,Zug,dient zur Fortbewegung
1275,s10,train,vehicle,Zug,sehr schnell
1276,s10,train,vehicle,Zug,muss man bezahlen
1277,s10,train,vehicle,Zug,gibt Zugbahnhöfe
1278,s10,sparrow,bird,Spatz,Vogel
1279,s10,sparrow,bird,Spatz,singt
1280,s10,sparrow,bird,Spatz,eher klein
1281,s10,sparrow,bird,Spatz,kann fliegen
1282,s10,pineapple,fruit,Ananas,gelb
1283,s10,pineapple,fruit,Ananas,rund
1284,s10,pineapple,fruit,Ananas,Frucht
1285,s10,pineapple,fruit,Ananas,hat grüne Blätter
1286,s10,pineapple,fruit,Ananas,außen braun
1287,s11,armchair,furniture,Sessel,darauf sitzen
1288,s11,armchair,furniture,Sessel,aus Stoff
1289,s11,armchair,furniture,Sessel,weich
1290,s11,armchair,furniture,Sessel,steht im Wohnzimmer
1291,s11,armchair,furniture,Sessel,im Möbelgeschäft kaufen
1292,s11,armchair,furniture,Sessel,im Möbelgeschäft kaufen
1293,s11,armchair,furniture,Sessel,darauf entspannen
1294,s11,broom,implement,Besen,putzt damit Boden
1295,s11,broom,implement,Besen,putzt damit Boden
1296,s11,broom,implement,Besen,aus Holz
1297,s11,broom,implement,Besen,jeder Haushalt besitzt einen
1298,s11,broom,implement,Besen,Gerät
1299,s11,broom,implement,Besen,vor allem Frauen haben so etwas
1300,s11,rabbit,mammal,Hase,Tier
1301,s11,rabbit,mammal,Hase,lebt im Wald
1302,s11,rabbit,mammal,Hase,frisst Karotten
1303,s11,rabbit,mammal,Hase,auch Haustier
1304,s11,rabbit,mammal,Hase,auch Haustier
1305,s11,rabbit,mammal,Hase,weiches Fell
1306,s11,rabbit,mammal,Hase,lange Ohren
1307,s11,chair,furniture,Stuhl,sitzt darauf
1308,s11,chair,furniture,Stuhl,aus Holz
1309,s11,chair,furniture,Stuhl,aus Kunststoff
1310,s11,chair,furniture,Stuhl,stehen rund um den Tisch
1311,s11,chair,furniture,Stuhl,bequem
1312,s11,chair,furniture,Stuhl,darauf rasten
1313,s11,chair,furniture,Stuhl,gibt es in allen Farben
1314,s11,chair,furniture,Stuhl,in allen Formen
1315,s11,chemise,clothing,Hemd,anziehen
1316,s11,chemise,clothing,Hemd,vor allem Männer besitzen
1317,s11,chemise,clothing,Hemd,aus Stoff
1318,s11,chemise,clothing,Hemd,in vielen Farben
1319,s11,chemise,clothing,Hemd,in vielen Mustern
1320,s11,bus,vehicle,Bus,damit fährt man von A nach B
1321,s11,bus,vehicle,Bus,nimmt viele Leute mit
1322,s11,bus,vehicle,Bus,orange
1323,s11,bus,vehicle,Bus,praktisch
1324,s11,sword,implement,Schwert,eine Art Messer
1325,s11,sword,implement,Schwert,nur viel größer als ein Messer
1326,s11,sword,implement,Schwert,damit kämpfen
1327,s11,sword,implement,Schwert,gefährlich
1328,s11,horse,mammal,Pferd,Tier
1329,s11,horse,mammal,Pferd,darauf reiten
1330,s11,horse,mammal,Pferd,groß
1331,s11,horse,mammal,Pferd,schwer
1332,s11,horse,mammal,Pferd,frisst Heu
1333,s11,finger,bodypart,Finger,Teil der Hand
1334,s11,finger,bodypart,Finger,damit auf etwas zeigen
1335,s11,bear,mammal,Bär,Tier
1336,s11,bear,mammal,Bär,lebt im Wald
1337,s11,bear,mammal,Bär,es gibt nur mehr wenige davon
1338,s11,bear,mammal,Bär,braun
1339,s11,monkey,mammal,Affe,Tier
1340,s11,monkey,mammal,Affe,lebt im Dschungel
1341,s11,monkey,mammal,Affe,intelligent
1342,s11,monkey,mammal,Affe,Vorfahre des Menschen
1343,s11,monkey,mammal,Affe,sieht man in Zoos
1344,s11,owl,bird,Eule,Tier
1345,s11,owl,bird,Eule,nachtaktiv
1346,s11,owl,bird,Eule,große Augen
1347,s11,owl,bird,Eule,frisst kleine Mäuse
1348,s11,owl,bird,Eule,macht Laute
1349,s11,church,building,Kirche,steht im Zentrum eines Dorfes
1350,s11,church,building,Kirche,steht im Zentrum einer Stadt
1351,s11,church,building,Kirche,besitzt Glocken
1352,s11,paintbrush,implement,Pinsel,ist Stiel
1353,s11,paintbrush,implement,Pinsel,aus Holz
1354,s11,paintbrush,implement,Pinsel,mit Haaren
1355,s11,paintbrush,implement,Pinsel,man malt damit
1356,s11,cherry,fruit,Kirsche,Obst
1357,s11,cherry,fruit,Kirsche,rot
1358,s11,cherry,fruit,Kirsche,wächst an Bäumen
1359,s11,sweater,clothing,Pullover,Kleidungsstück
1360,s11,sweater,clothing,Pullover,hält warm
1361,s11,sweater,clothing,Pullover,aus Wolle
1362,s11,sweater,clothing,Pullover,aus anderen Materialien
1363,s11,sweater,clothing,Pullover,in vielen Farben
1364,s11,pear,fruit,Birne,Obst
1365,s11,pear,fruit,Birne,schmeckt süß
1366,s11,pear,fruit,Birne,wächst an Bäumen
1367,s11,pear,fruit,Birne,gelb
1368,s11,pear,fruit,Birne,braun
1369,s11,pear,fruit,Birne,grün
1370,s11,tower,building,Turm,hohes
1371,s11,tower,building,Turm,Gebäude
1372,s11,tower,building,Turm,aus Steinen
1373,s11,tower,building,Turm,alt
1374,s11,dog,mammal,Hund,Tier
1375,s11,dog,mammal,Hund,bellt
1376,s11,dog,mammal,Hund,bester Freund des Menschen
1377,s11,dog,mammal,Hund,anhänglich
1378,s11,woodpecker,bird,Specht,Tier
1379,s11,woodpecker,bird,Specht,Vogel
1380,s11,woodpecker,bird,Specht,macht Löcher in Bäume
1381,s11,woodpecker,bird,Specht,baut darin Nester
1382,s11,truck,vehicle,Lastwagen,Transportmittel
1383,s11,truck,vehicle,Lastwagen,Transportmittel
1384,s11,truck,vehicle,Lastwagen,macht viel Lärm
1385,s11,truck,vehicle,Lastwagen,fährt auf Straßen
1386,s11,truck,vehicle,Lastwagen,verschmutzt die Umwelt
1387,s11,hand,bodypart,Hand,ein Körperteil
1388,s11,hand,bodypart,Hand,damit Dinge aufheben
1389,s11,eye,bodypart,Auge,Sinnesorgan
1390,s11,eye,bodypart,Auge,jeder Mensch besitzt 2
1391,s11,eye,bodypart,Auge,grün
1392,s11,eye,bodypart,Auge,blau
1393,s11,eye,bodypart,Auge,braun
1394,s11,bed,furniture,Bett,darin schläft man
1395,s11,bed,furniture,Bett,hat Kissen
1396,s11,bed,furniture,Bett,hat Decke
1397,s11,bed,furniture,Bett,hat Matratze
1398,s11,bed,furniture,Bett,steht im Schlafzimmer
1399,s11,seagull,bird,Möwe,Vogel
1400,s11,seagull,bird,Möwe,fliegt übern Meer
1401,s11,seagull,bird,Möwe,frisst Fisch
1402,s12,head,bodypart,Kopf,rundes Ding
1403,s12,head,bodypart,Kopf,hat Augen
1404,s12,head,bodypart,Kopf,hat Mund
1405,s12,head,bodypart,Kopf,hat Nase
1406,s12,head,bodypart,Kopf,hat Ohren
1407,s12,head,bodypart,Kopf,jeder Mensch besitzt einen
1408,s12,head,bodypart,Kopf,ohne Kopf kein Leben
1409,s12,head,bodypart,Kopf,verschiedene Formen
1410,s12,head,bodypart,Kopf,empfindlich
1411,s12,airplane,vehicle,Flugzeug,transportiert Menschen
1412,s12,airplane,vehicle,Flugzeug,transportiert Menschen
1413,s12,airplane,vehicle,Flugzeug,ist in der Luft
1414,s12,airplane,vehicle,Flugzeug,kleine Kinder spielen damit
1415,s12,airplane,vehicle,Flugzeug,es gibt sehr viele
1416,s12,spinach,vegetable,Spinat,grün
1417,s12,spinach,vegetable,Spinat,Kinder mögen es nicht
1418,s12,spinach,vegetable,Spinat,wächst im Garten
1419,s12,spinach,vegetable,Spinat,kann ihn tiefkühlen
1420,s12,spinach,vegetable,Spinat,gesund
1421,s12,spinach,vegetable,Spinat,Popeye isst es immer
1422,s12,spinach,vegetable,Spinat,man sagt damit wird man groß und stark
1423,s12,comb,implement,Kamm,man fährt durch die Haare
1424,s12,comb,implement,Kamm,befreit Haare von Knoten
1425,s12,comb,implement,Kamm,hat viele Zacken herausstehen
1426,s12,comb,implement,Kamm,verschiedene Arten
1427,s12,comb,implement,Kamm,Frauen brauchen ihn mehr als Männer
1428,s12,skyscraper,building,Wolkenkratzer,hohes
1429,s12,skyscraper,building,Wolkenkratzer,Gebäude
1430,s12,skyscraper,building,Wolkenkratzer,viele in New York
1431,s12,skyscraper,building,Wolkenkratzer,viele in San Francicso
1432,s12,skyscraper,building,Wolkenkratzer,World Trade Center 2001
1433,s12,skyscraper,building,Wolkenkratzer,groß
1434,s12,potato,vegetable,Kartoffel,wächst in der Erde
1435,s12,potato,vegetable,Kartoffel,essen
1436,s12,potato,vegetable,Kartoffel,verschiedene Arten
1437,s12,potato,vegetable,Kartoffel,Pommes Frites
1438,s12,potato,vegetable,Kartoffel,haben viele Kohlenhydrate
1439,s12,socks,clothing,Socken,halten Füße warm
1440,s12,socks,clothing,Socken,sind stoffartige Pantoffeln
1441,s12,socks,clothing,Socken,dicke
1442,s12,socks,clothing,Socken,dünne
1443,s12,socks,clothing,Socken,verschiedene Farben
1444,s12,socks,clothing,Socken,rutschfeste Socken
1445,s12,corn,vegetable,Mais,gelb
1446,s12,corn,vegetable,Mais,viereckig
1447,s12,corn,vegetable,Mais,Gemüse
1448,s12,corn,vegetable,Mais,wächst in Kolben
1449,s12,corn,vegetable,Mais,gesund
1450,s12,corn,vegetable,Mais,kann ihn braten
1451,s12,orange,fruit,Orange,Frucht
1452,s12,orange,fruit,Orange,isst man
1453,s12,orange,fruit,Orange,kommt in Sizilien viel vor
1454,s12,orange,fruit,Orange,verschiedene Arten
1455,s12,orange,fruit,Orange,Zitrusfrucht
1456,s12,orange,fruit,Orange,schälen um essen zu können
1457,s12,jacket,clothing,Jacke,hält einen warm
1458,s12,jacket,clothing,Jacke,für Männer und Frauen
1459,s12,jacket,clothing,Jacke,für Männer und Frauen
1460,s12,jacket,clothing,Jacke,lang
1461,s12,jacket,clothing,Jacke,kurz
1462,s12,jacket,clothing,Jacke,der Jahreszeit angepasst
1463,s12,shoes,clothing,Schuhe,lieben Frauen
1464,s12,shoes,clothing,Schuhe,mit Stöckel
1465,s12,shoes,clothing,Schuhe,ohne Stöckel
1466,s12,shoes,clothing,Schuhe,Sportschuhe
1467,s12,shoes,clothing,Schuhe,bunt
1468,s12,shoes,clothing,Schuhe,halten Füße warm
1469,s12,onion,vegetable,Zwiebel,kann ihn essen
1470,s12,onion,vegetable,Zwiebel,verschiedene Sorten
1471,s12,onion,vegetable,Zwiebel,schlechten Mundgeruch
1472,s12,onion,vegetable,Zwiebel,essen
1473,s12,onion,vegetable,Zwiebel,brennt in den Augen beim aufschneiden
1474,s12,goose,bird,Gans,Tier
1475,s12,goose,bird,Gans,lebt im Wasser
1476,s12,goose,bird,Gans,lebt im Wald
1477,s12,goose,bird,Gans,essbar
1478,s12,goose,bird,Gans,weiße Federn
1479,s12,goose,bird,Gans,bunte Federn
1480,s12,goose,bird,Gans,macht komische Geräusch
1481,s12,peas,vegetable,Erbsen,grün
1482,s12,peas,vegetable,Erbsen,klein
1483,s12,peas,vegetable,Erbsen,rund
1484,s12,peas,vegetable,Erbsen,gesund
1485,s12,ship,vehicle,Schiff,schwimmt auf Wasser
1486,s12,ship,vehicle,Schiff,transportiert Leute
1487,s12,ship,vehicle,Schiff,transportiert Leute
1488,s12,ship,vehicle,Schiff,Titanic
1489,s12,ship,vehicle,Schiff,kann untergehen
1490,s12,garage,building,Garage,Mensch stellt Auto dort ab
1491,s12,garage,building,Garage,Mensch stellt Auto dort ab
1492,s12,garage,building,Garage,teuer
1493,s12,garage,building,Garage,klein
1494,s12,garage,building,Garage,nützlich
1495,s12,bridge,building,Brücke,Verbindung von 2 Flußufern
1496,s12,bridge,building,Brücke,für Autos
1497,s12,bridge,building,Brücke,für Menschen
1498,s12,bridge,building,Brücke,für Radfahrer
1499,s12,bridge,building,Brücke,öffnen sich wenn Schiffe vorbeimüssen
1500,s12,bridge,building,Brücke,Golden Gate Bridge San Francisco
1501,s12,apple,fruit,Apfel,grün
1502,s12,apple,fruit,Apfel,rot
1503,s12,apple,fruit,Apfel,rund
1504,s12,apple,fruit,Apfel,wächst auf Baum
1505,s12,apple,fruit,Apfel,vergifteter Apfel von Schneewittchen
1506,s12,apple,fruit,Apfel,gesund
1507,s12,apple,fruit,Apfel,muss man ernten
1508,s12,closet,furniture,Schrank,Ort
1509,s12,closet,furniture,Schrank,wo Kleider aufbewahrt
1510,s12,closet,furniture,Schrank,klein
1511,s12,closet,furniture,Schrank,groß
1512,s12,closet,furniture,Schrank,Holz
1513,s12,closet,furniture,Schrank,Metall
1514,s12,closet,furniture,Schrank,braucht viel Platz
1515,s12,leg,bodypart,Bein,Tiere gehen damit
1516,s12,leg,bodypart,Bein,Tiere gehen damit
1517,s12,leg,bodypart,Bein,Menschen gehen damit
1518,s12,leg,bodypart,Bein,Menschen gehen damit
1519,s12,leg,bodypart,Bein,Tischbein
1520,s12,leg,bodypart,Bein,kann amputiert werden
1521,s12,leg,bodypart,Bein,Beinprothese
1522,s12,table,furniture,Tisch,harte
1523,s12,table,furniture,Tisch,Unterlage
1524,s12,table,furniture,Tisch,auf der man schreiben kann
1525,s12,table,furniture,Tisch,Holz
1526,s12,table,furniture,Tisch,Metall
1527,s12,table,furniture,Tisch,Esstisch
1528,s12,tongs,implement,Zange,Werkzeug
1529,s12,tongs,implement,Zange,Männer benutzen es
1530,s12,tongs,implement,Zange,aus Metall
1531,s12,tongs,implement,Zange,klein
1532,s12,train,vehicle,Zug,transportiert Menschen
1533,s12,train,vehicle,Zug,transportiert Menschen
1534,s12,train,vehicle,Zug,schnell
1535,s12,train,vehicle,Zug,als Spielzeug erhältlich
1536,s12,train,vehicle,Zug,aus Eisen
1537,s12,train,vehicle,Zug,aus Metall
1538,s12,sparrow,bird,Spatz,klein
1539,s12,sparrow,bird,Spatz,Vogel
1540,s12,sparrow,bird,Spatz,hat Flügel
1541,s12,sparrow,bird,Spatz,besitzt Federn
1542,s12,sparrow,bird,Spatz,frisst was auf dem Boden liegt
1543,s12,pineapple,fruit,Ananas,Frucht
1544,s12,pineapple,fruit,Ananas,gelb
1545,s12,pineapple,fruit,Ananas,schmeckt lecker
1546,s12,pineapple,fruit,Ananas,in Dosen erhältlich
1547,s13,armchair,furniture,Sessel,darauf setzen
1548,s13,armchair,furniture,Sessel,weich
1549,s13,armchair,furniture,Sessel,bequem
1550,s13,armchair,furniture,Sessel,ein Möbelstück
1551,s13,broom,implement,Besen,Sachen vom Boden aufkehren
1552,s13,broom,implement,Besen,Sachen vom Boden aufkehren
1553,s13,broom,implement,Besen,Dreck vom Boden aufkehren
1554,s13,broom,implement,Besen,Dreck vom Boden aufkehren
1555,s13,broom,implement,Besen,Dreck vom Boden aufkehren
1556,s13,broom,implement,Besen,braucht es in der Küche
1557,s13,broom,implement,Besen,hat langen Holzstiel
1558,s13,broom,implement,Besen,hat Borsten am Ende
1559,s13,rabbit,mammal,Hase,ein Tier
1560,s13,rabbit,mammal,Hase,mit weichem Fell
1561,s13,rabbit,mammal,Hase,hüpft um sich fortzubewegen
1562,s13,rabbit,mammal,Hase,hat 4 Pfoten
1563,s13,rabbit,mammal,Hase,hat 2 spitzzusammenlaufende Ohren
1564,s13,rabbit,mammal,Hase,lebt im Wald
1565,s13,rabbit,mammal,Hase,oder ein Haustier
1566,s13,chair,furniture,Stuhl,darauf sitzen
1567,s13,chair,furniture,Stuhl,aus Holz
1568,s13,chair,furniture,Stuhl,aus Plastik
1569,s13,chair,furniture,Stuhl,hat eine Rückenlehne
1570,s13,chemise,clothing,Hemd,ein Kleidungsstück
1571,s13,chemise,clothing,Hemd,hat Knöpfe
1572,s13,chemise,clothing,Hemd,kann verschiedene Farben haben
1573,s13,chemise,clothing,Hemd,gibt es für Männer und Frauen
1574,s13,bus,vehicle,Bus,ist ein großes Auto
1575,s13,bus,vehicle,Bus,ist ein großes Auto
1576,s13,bus,vehicle,Bus,darin sitzen
1577,s13,bus,vehicle,Bus,darin stehen
1578,s13,bus,vehicle,Bus,fährt eine Person von A nach B
1579,s13,bus,vehicle,Bus,fährt eine Person von A nach B
1580,s13,bus,vehicle,Bus,haben mehrere Menschen Platz
1581,s13,bus,vehicle,Bus,haben mehrere Menschen Platz
1582,s13,sword,implement,Schwert,ein langes Messer
1583,s13,sword,implement,Schwert,mit scharfer Klinge
1584,s13,sword,implement,Schwert,damit kann man Menschen verletzen
1585,s13,sword,implement,Schwert,ein Kampfwerkzeug
1586,s13,sword,implement,Schwert,ein Kampfwerkzeug
1587,s13,sword,implement,Schwert,hat einen Griff der gut in die Hand passt
1588,s13,horse,mammal,Pferd,ein Tier
1589,s13,horse,mammal,Pferd,4 lange Beine
1590,s13,horse,mammal,Pferd,darauf sitzen
1591,s13,horse,mammal,Pferd,bringt einen von A nach B
1592,s13,finger,bodypart,Finger,Teil einer Hand
1593,s13,finger,bodypart,Finger,hat einen Nagel
1594,s13,finger,bodypart,Finger,kann ihn bewegen
1595,s13,finger,bodypart,Finger,kann Sachen damit aufheben
1596,s13,finger,bodypart,Finger,mit ihm auf Sachen zeigen
1597,s13,finger,bodypart,Finger,sehr elastisch
1598,s13,bear,mammal,Bär,lebt im Wald
1599,s13,bear,mammal,Bär,hat weiches Fell
1600,s13,bear,mammal,Bär,ist in der Lage Menschen zu verletzen
1601,s13,bear,mammal,Bär,hat vier große Tatzen
1602,s13,monkey,mammal,Affe,ein Tier
1603,s13,monkey,mammal,Affe,intelligent
1604,s13,monkey,mammal,Affe,hat kleine Ohren
1605,s13,monkey,mammal,Affe,bewegt sich auf allen 4 fort
1606,s13,monkey,mammal,Affe,schwingt sich von Baum zu Baum
1607,s13,owl,bird,Eule,ein Vogel
1608,s13,owl,bird,Eule,"hat große, gelbe Augen"
1609,s13,owl,bird,Eule,lebt im Wald
1610,s13,owl,bird,Eule,kann fliegen
1611,s13,owl,bird,Eule,ist nachtaktiv
1612,s13,church,building,Kirche,groß
1613,s13,church,building,Kirche,ein Gebäude
1614,s13,church,building,Kirche,es kommen Menschen hin
1615,s13,church,building,Kirche,um Gott anzubeten
1616,s13,church,building,Kirche,hat einen Turm
1617,s13,church,building,Kirche,jedes Dorf hat eine
1618,s13,paintbrush,implement,Pinsel,zum malen
1619,s13,paintbrush,implement,Pinsel,aus Holz
1620,s13,paintbrush,implement,Pinsel,"hat langen, dünnen Griff"
1621,s13,paintbrush,implement,Pinsel,hat unten Haare
1622,s13,cherry,fruit,Kirsche,man kann sie essen
1623,s13,cherry,fruit,Kirsche,wächst auf Bäumen
1624,s13,cherry,fruit,Kirsche,rot
1625,s13,cherry,fruit,Kirsche,hat innen einen Kern
1626,s13,cherry,fruit,Kirsche,schmeckt süßlich
1627,s13,sweater,clothing,Pullover,man kann ihn anziehen
1628,s13,sweater,clothing,Pullover,ist warm
1629,s13,sweater,clothing,Pullover,beliebtes Kleidungsstück im Winter
1630,s13,sweater,clothing,Pullover,beliebtes Kleidungsstück im Winter
1631,s13,sweater,clothing,Pullover,hat lange Ärmel
1632,s13,sweater,clothing,Pullover,hat ein Loch für den Kopf
1633,s13,pear,fruit,Birne,eine Frucht
1634,s13,pear,fruit,Birne,man kann sie essen
1635,s13,pear,fruit,Birne,gelb
1636,s13,pear,fruit,Birne,hat kleine Kerne
1637,s13,pear,fruit,Birne,unten breit und geht dann schmaler zusammen
1638,s13,tower,building,Turm,ein Gebilde
1639,s13,tower,building,Turm,das in den Himmel ragt
1640,s13,tower,building,Turm,hoch
1641,s13,tower,building,Turm,man kann in ihn hineingehen
1642,s13,dog,mammal,Hund,ein Tier
1643,s13,dog,mammal,Hund,mit 4 Pfoten
1644,s13,dog,mammal,Hund,mit einem Schwanz
1645,s13,dog,mammal,Hund,"mit 2 Ohren, die er aufstehen lassen kann"
1646,s13,dog,mammal,Hund,beliebtes Haustier
1647,s13,dog,mammal,Hund,beliebtes Haustier
1648,s13,dog,mammal,Hund,beliebtes Haustier
1649,s13,dog,mammal,Hund,hat gefährliche Zähne
1650,s13,woodpecker,bird,Specht,ein Vogel
1651,s13,woodpecker,bird,Specht,klopft Löcher in Bäume
1652,s13,woodpecker,bird,Specht,verschiedene Farben
1653,s13,woodpecker,bird,Specht,grün
1654,s13,woodpecker,bird,Specht,braun
1655,s13,truck,vehicle,Lastwagen,ein Fahrzeug
1656,s13,truck,vehicle,Lastwagen,wo man viel Platz hat
1657,s13,truck,vehicle,Lastwagen,"man kann damit große, schwere Sachen transportieren"
1658,s13,truck,vehicle,Lastwagen,"man kann damit große, schwere Sachen transportieren"
1659,s13,truck,vehicle,Lastwagen,hat 4 große Reifen
1660,s13,hand,bodypart,Hand,hängt am Arm
1661,s13,hand,bodypart,Hand,der äußerste Teil des Armes
1662,s13,hand,bodypart,Hand,damit Dinge greifen
1663,s13,hand,bodypart,Hand,damit fühlen
1664,s13,hand,bodypart,Hand,damit Dinge bewegen
1665,s13,eye,bodypart,Auge,verschiedene Farben
1666,s13,eye,bodypart,Auge,blau
1667,s13,eye,bodypart,Auge,braun
1668,s13,eye,bodypart,Auge,grün
1669,s13,eye,bodypart,Auge,man erfasst Dinge damit
1670,s13,eye,bodypart,Auge,zur Erkennung der Umwelt
1671,s13,eye,bodypart,Auge,man kann es hin und her bewegen
1672,s13,bed,furniture,Bett,man schläft darin
1673,s13,bed,furniture,Bett,ein Gerüst
1674,s13,bed,furniture,Bett,aus Holz
1675,s13,bed,furniture,Bett,aus Metall
1676,s13,bed,furniture,Bett,mit Matratze
1677,s13,bed,furniture,Bett,auf der man sich hinlegen kann
1678,s13,bed,furniture,Bett,bequem
1679,s13,seagull,bird,Möwe,ein Vogel
1680,s13,seagull,bird,Möwe,weiß
1681,s13,seagull,bird,Möwe,lebt in der Nähe von Küsten
1682,s13,seagull,bird,Möwe,"hat einen gelb/orangenen, kleinen Schnabel"
1683,s14,head,bodypart,Kopf,rund
1684,s14,head,bodypart,Kopf,hat zwei Augen
1685,s14,head,bodypart,Kopf,hat eine Nase
1686,s14,head,bodypart,Kopf,hat einen Mund
1687,s14,head,bodypart,Kopf,ist auf dem Hals
1688,s14,head,bodypart,Kopf,hat hinten Haare
1689,s14,head,bodypart,Kopf,zum Denken
1690,s14,airplane,vehicle,Flugzeug,damit kommt man zu einem anderen Ort
1691,s14,airplane,vehicle,Flugzeug,ist in der Luft
1692,s14,airplane,vehicle,Flugzeug,macht ein lautes Geräusch
1693,s14,spinach,vegetable,Spinat,ist etwas zu essen
1694,s14,spinach,vegetable,Spinat,grün
1695,s14,spinach,vegetable,Spinat,Popeye isst es
1696,s14,comb,implement,Kamm,damit macht man die Haare schön
1697,s14,comb,implement,Kamm,hat Zacken
1698,s14,comb,implement,Kamm,Frauen verwenden es
1699,s14,skyscraper,building,Wolkenkratzer,sehr hohes
1700,s14,skyscraper,building,Wolkenkratzer,ein Haus
1701,s14,skyscraper,building,Wolkenkratzer,reicht bis zum Himmel
1702,s14,skyscraper,building,Wolkenkratzer,dort leben viel Menschen
1703,s14,skyscraper,building,Wolkenkratzer,dort leben viel Menschen
1704,s14,potato,vegetable,Kartoffel,kommt aus der Erde
1705,s14,potato,vegetable,Kartoffel,man kann es schälen
1706,s14,potato,vegetable,Kartoffel,gelb
1707,s14,potato,vegetable,Kartoffel,man kann es essen
1708,s14,potato,vegetable,Kartoffel,man muss es pflanzen damit es wächst
1709,s14,socks,clothing,Socken,zieht es an den Füßen an
1710,s14,socks,clothing,Socken,aus Stoff
1711,s14,socks,clothing,Socken,aus Baumwolle
1712,s14,socks,clothing,Socken,hält Füße warm
1713,s14,corn,vegetable,Mais,gelb
1714,s14,corn,vegetable,Mais,etwas zu essen
1715,s14,corn,vegetable,Mais,es sind Körner
1716,s14,orange,fruit,Orange,etwas zu essen
1717,s14,orange,fruit,Orange,hat eine Schale
1718,s14,orange,fruit,Orange,Schale kann man nicht mitessen
1719,s14,jacket,clothing,Jacke,aus einem Stoff
1720,s14,jacket,clothing,Jacke,hält warm
1721,s14,jacket,clothing,Jacke,man zieht es im Winter an
1722,s14,jacket,clothing,Jacke,"wie ein Pullover, nur dicker und wärmer"
1723,s14,shoes,clothing,Schuhe,haben eine Sohle
1724,s14,shoes,clothing,Schuhe,man zieht sie über den Fuß an
1725,s14,shoes,clothing,Schuhe,sie stinken
1726,s14,onion,vegetable,Zwiebel,ein Nahrungsmittel
1727,s14,onion,vegetable,Zwiebel,muss geschält werden
1728,s14,onion,vegetable,Zwiebel,dient als Geschmacksverstärker
1729,s14,onion,vegetable,Zwiebel,beim Schneiden muss man weinen
1730,s14,onion,vegetable,Zwiebel,weiß und rund
1731,s14,onion,vegetable,Zwiebel,weiß und rund
1732,s14,goose,bird,Gans,ein Tier
1733,s14,goose,bird,Gans,weiß
1734,s14,goose,bird,Gans,hat einen orangenen Schnabel
1735,s14,peas,vegetable,Erbsen,klein
1736,s14,peas,vegetable,Erbsen,rund
1737,s14,peas,vegetable,Erbsen,grün
1738,s14,peas,vegetable,Erbsen,zum essen da
1739,s14,peas,vegetable,Erbsen,man kauft sie in der Dose
1740,s14,ship,vehicle,Schiff,schwimmt auf dem Wasser
1741,s14,ship,vehicle,Schiff,groß
1742,s14,ship,vehicle,Schiff,hat ein Segel
1743,s14,ship,vehicle,Schiff,hat Platz für viele Menschen
1744,s14,ship,vehicle,Schiff,hat Platz für viele Menschen
1745,s14,ship,vehicle,Schiff,man kann damit auch fischen
1746,s14,garage,building,Garage,unterirdisch
1747,s14,garage,building,Garage,dunkel
1748,s14,garage,building,Garage,Ort wo man Autos parkt
1749,s14,garage,building,Garage,Ort wo man Autos parkt
1750,s14,bridge,building,Brücke,aus Holz
1751,s14,bridge,building,Brücke,über einem Fluss
1752,s14,bridge,building,Brücke,man kann darauf gehen
1753,s14,apple,fruit,Apfel,rot
1754,s14,apple,fruit,Apfel,gelb
1755,s14,apple,fruit,Apfel,grün
1756,s14,apple,fruit,Apfel,wächst auf Bäumen
1757,s14,apple,fruit,Apfel,etwas zum essen
1758,s14,apple,fruit,Apfel,gesund
1759,s14,apple,fruit,Apfel,knackig
1760,s14,apple,fruit,Apfel,man kann daraus Saft machen
1761,s14,closet,furniture,Schrank,aus Holz
1762,s14,closet,furniture,Schrank,man kann dort Kleidung verstauen
1763,s14,closet,furniture,Schrank,im Zimmer
1764,s14,closet,furniture,Schrank,groß
1765,s14,closet,furniture,Schrank,fast jeder hat das
1766,s14,leg,bodypart,Bein,am Körper
1767,s14,leg,bodypart,Bein,jeder Mensch hat zwei
1768,s14,leg,bodypart,Bein,damit gehen
1769,s14,leg,bodypart,Bein,damit stehen
1770,s14,leg,bodypart,Bein,damit sitzen
1771,s14,leg,bodypart,Bein,trägt einen Schuh
1772,s14,leg,bodypart,Bein,trägt Hosen
1773,s14,table,furniture,Tisch,aus Holz
1774,s14,table,furniture,Tisch,ist eine Platte
1775,s14,table,furniture,Tisch,mit vier Füßen dran
1776,s14,table,furniture,Tisch,darauf stellt man das Essen
1777,s14,tongs,implement,Zange,aus Eisen
1778,s14,tongs,implement,Zange,hat zwei Hebel
1779,s14,tongs,implement,Zange,ein Werkzeug
1780,s14,train,vehicle,Zug,fährt auf Schienen
1781,s14,train,vehicle,Zug,ein Fahrzeug
1782,s14,train,vehicle,Zug,lang
1783,s14,train,vehicle,Zug,Menschen steigen ein
1784,s14,train,vehicle,Zug,Menschen fahren weg
1785,s14,train,vehicle,Zug,macht ein lautes Geräusch
1786,s14,train,vehicle,Zug,ist am Bahnhof
1787,s14,sparrow,bird,Spatz,ein Vogel
1788,s14,pineapple,fruit,Ananas,gelb
1789,s14,pineapple,fruit,Ananas,Spongebob wohnt darin
1790,s14,pineapple,fruit,Ananas,man muss es schälen
1791,s14,pineapple,fruit,Ananas,etwas zum Essen
1792,s14,pineapple,fruit,Ananas,gesund
1793,s15,armchair,furniture,Sessel,bequem
1794,s15,armchair,furniture,Sessel,darauf sitzen
1795,s15,armchair,furniture,Sessel,weich
1796,s15,armchair,furniture,Sessel,aus Stoff
1797,s15,armchair,furniture,Sessel,aus unterschiedlichen Farben
1798,s15,broom,implement,Besen,lang
1799,s15,broom,implement,Besen,hat einen Stiel
1800,s15,broom,implement,Besen,hat unten sogenannte Bürsten
1801,s15,broom,implement,Besen,damit den Schmutz vom Boden wegmachen
1802,s15,broom,implement,Besen,damit den Schmutz vom Boden wegmachen
1803,s15,rabbit,mammal,Hase,ein Tier
1804,s15,rabbit,mammal,Hase,springt bei der Fortbewegung
1805,s15,rabbit,mammal,Hase,isst gerne Karotten
1806,s15,rabbit,mammal,Hase,lebt in einem kleinen Stall mit Heu
1807,s15,chair,furniture,Stuhl,hart
1808,s15,chair,furniture,Stuhl,darauf sitzen
1809,s15,chair,furniture,Stuhl,hat 4 Füße
1810,s15,chair,furniture,Stuhl,hat eine Lehne
1811,s15,chair,furniture,Stuhl,ist um einen Tisch
1812,s15,chemise,clothing,Hemd,man kann sich damit ankleiden
1813,s15,chemise,clothing,Hemd,hat einen Kragen
1814,s15,bus,vehicle,Bus,für die Fortbewegung des Menschen zuständig
1815,s15,bus,vehicle,Bus,für die Fortbewegung des Menschen zuständig
1816,s15,bus,vehicle,Bus,gelangt von einem Ort zum anderen
1817,s15,bus,vehicle,Bus,hat viele Sitzplätze
1818,s15,bus,vehicle,Bus,lang
1819,s15,sword,implement,Schwert,aus Eisen
1820,s15,sword,implement,Schwert,zum Kämpfen
1821,s15,sword,implement,Schwert,hat einen Griff
1822,s15,sword,implement,Schwert,scharf
1823,s15,horse,mammal,Pferd,groß
1824,s15,horse,mammal,Pferd,ein Tier
1825,s15,horse,mammal,Pferd,darauf sitzen
1826,s15,horse,mammal,Pferd,hat Hufen
1827,s15,horse,mammal,Pferd,in einem Stall
1828,s15,finger,bodypart,Finger,Teil der Hand
1829,s15,finger,bodypart,Finger,man kann einen Ring anstecken
1830,s15,finger,bodypart,Finger,besteht mit einem Nagel
1831,s15,bear,mammal,Bär,groß
1832,s15,bear,mammal,Bär,stark
1833,s15,bear,mammal,Bär,ein Tier
1834,s15,bear,mammal,Bär,bräunlich
1835,s15,bear,mammal,Bär,lebt im Wald
1836,s15,bear,mammal,Bär,stark gegenüber einem Menschen
1837,s15,monkey,mammal,Affe,lebt im Zoo
1838,s15,monkey,mammal,Affe,lebt auch im Dschungel
1839,s15,monkey,mammal,Affe,klettert gerne auf Bäume
1840,s15,monkey,mammal,Affe,isst am liebsten Bananen
1841,s15,owl,bird,Eule,lebt im Wald
1842,s15,owl,bird,Eule,ein Tier
1843,s15,owl,bird,Eule,man hört sie in der Früh
1844,s15,owl,bird,Eule,man hört sie in der Früh
1845,s15,owl,bird,Eule,gibt Klänge von sich
1846,s15,owl,bird,Eule,hat Federn
1847,s15,church,building,Kirche,groß
1848,s15,church,building,Kirche,Menschen gehen sonntags dahin
1849,s15,church,building,Kirche,Menschen gehen sonntags dahin
1850,s15,church,building,Kirche,Menschen gehen manchmal auch an Werktagen dahin
1851,s15,church,building,Kirche,Menschen gehen manchmal auch an Werktagen dahin
1852,s15,church,building,Kirche,man hört sie läuten
1853,s15,church,building,Kirche,darin betet man
1854,s15,paintbrush,implement,Pinsel,besteht aus kurzem Stiel
1855,s15,paintbrush,implement,Pinsel,besteht aus weichen Bürsten
1856,s15,paintbrush,implement,Pinsel,damit kann man malen
1857,s15,paintbrush,implement,Pinsel,mit Wasserfarben
1858,s15,paintbrush,implement,Pinsel,in unterschiedlichen Größen
1859,s15,cherry,fruit,Kirsche,essen
1860,s15,cherry,fruit,Kirsche,klein
1861,s15,cherry,fruit,Kirsche,rot
1862,s15,cherry,fruit,Kirsche,wächst im Sommer
1863,s15,cherry,fruit,Kirsche,wächst auf Bäumen
1864,s15,cherry,fruit,Kirsche,mittendrein ist ein kleiner Kern
1865,s15,cherry,fruit,Kirsche,saftig
1866,s15,sweater,clothing,Pullover,man zieht ihn an
1867,s15,sweater,clothing,Pullover,kann dicker sein
1868,s15,sweater,clothing,Pullover,kann dünner sein
1869,s15,sweater,clothing,Pullover,aus Baumwolle
1870,s15,pear,fruit,Birne,gelblich
1871,s15,pear,fruit,Birne,wächst auf Bäumen
1872,s15,pear,fruit,Birne,gesund
1873,s15,pear,fruit,Birne,oval
1874,s15,tower,building,Turm,hoch
1875,s15,tower,building,Turm,aus Steinen
1876,s15,tower,building,Turm,Bestandteil bei Schlössern
1877,s15,tower,building,Turm,Bestandteil bei Burgen
1878,s15,dog,mammal,Hund,als Haustier bezeichnet
1879,s15,dog,mammal,Hund,als Haustier bezeichnet
1880,s15,dog,mammal,Hund,mit ihm an einer Leine spazieren gehen
1881,s15,dog,mammal,Hund,mit ihm an einer Leine spazieren gehen
1882,s15,dog,mammal,Hund,mag gerne Knochen
1883,s15,dog,mammal,Hund,mag Menschen
1884,s15,woodpecker,bird,Specht,hat Federn
1885,s15,woodpecker,bird,Specht,schwarz
1886,s15,woodpecker,bird,Specht,rot
1887,s15,woodpecker,bird,Specht,mit seinem Schnabel pieckt er an Bäume
1888,s15,woodpecker,bird,Specht,kann fliegen
1889,s15,truck,vehicle,Lastwagen,man kann damit fahren
1890,s15,truck,vehicle,Lastwagen,man transportiert damit Steine
1891,s15,truck,vehicle,Lastwagen,man transportiert damit Sand
1892,s15,truck,vehicle,Lastwagen,groß
1893,s15,truck,vehicle,Lastwagen,lang
1894,s15,truck,vehicle,Lastwagen,"haben nicht viele Menschen darin Platz, ca. 2-3 Personen"
1895,s15,hand,bodypart,Hand,Bestandteil des Körpers
1896,s15,hand,bodypart,Hand,in ihr fließt das Blut
1897,s15,hand,bodypart,Hand,eine Uhr anlegen
1898,s15,eye,bodypart,Auge,es gibt 2 davon
1899,s15,eye,bodypart,Auge,damit kann man sehen
1900,s15,eye,bodypart,Auge,im Gesicht
1901,s15,eye,bodypart,Auge,besteht auch aus Wimpern
1902,s15,bed,furniture,Bett,darin liegen
1903,s15,bed,furniture,Bett,groß
1904,s15,bed,furniture,Bett,besteht aus Matratzen
1905,s15,bed,furniture,Bett,steht im Schlafzimmer
1906,s15,seagull,bird,Möwe,ein Vogel
1907,s15,seagull,bird,Möwe,weiß
1908,s15,seagull,bird,Möwe,am Meer
1909,s16,head,bodypart,Kopf,rund
1910,s16,head,bodypart,Kopf,Bestandteil des Körpers
1911,s16,head,bodypart,Kopf,dient zur Aufnahme von Information
1912,s16,airplane,vehicle,Flugzeug,dient zur Fortbewegung von Personen
1913,s16,airplane,vehicle,Flugzeug,dient zur Fortbewegung von Personen
1914,s16,airplane,vehicle,Flugzeug,bewegt sich in der Luft fort
1915,s16,spinach,vegetable,Spinat,wächst im Garten
1916,s16,spinach,vegetable,Spinat,grün
1917,s16,spinach,vegetable,Spinat,ein Gemüse
1918,s16,spinach,vegetable,Spinat,kann man essen
1919,s16,comb,implement,Kamm,zum Pflegen des Haares
1920,s16,comb,implement,Kamm,besteht aus mehreren Zacken
1921,s16,comb,implement,Kamm,klein
1922,s16,skyscraper,building,Wolkenkratzer,kommt vorwiegend in Großstädten vor
1923,s16,skyscraper,building,Wolkenkratzer,besteht aus mehreren Stockwerken
1924,s16,skyscraper,building,Wolkenkratzer,ragt weit in den Himmel empor
1925,s16,skyscraper,building,Wolkenkratzer,dort wohnen Menschen
1926,s16,potato,vegetable,Kartoffel,ein Gemüse
1927,s16,potato,vegetable,Kartoffel,besteht aus sehr vielen Kohlenhydraten
1928,s16,potato,vegetable,Kartoffel,ein Nahrungsmittel des Menschen
1929,s16,potato,vegetable,Kartoffel,eine Knolle
1930,s16,corn,vegetable,Mais,daraus kann man Popcorn machen
1931,s16,corn,vegetable,Mais,gelb
1932,s16,corn,vegetable,Mais,relativ klein
1933,s16,corn,vegetable,Mais,wächst auf einem großen Feld
1934,s16,corn,vegetable,Mais,kann man essen
1935,s16,corn,vegetable,Mais,sehr gesund
1936,s16,socks,clothing,Socken,ein Kleidungsstück des Menschen
1937,s16,socks,clothing,Socken,ein Kleidungsstück des Menschen
1938,s16,socks,clothing,Socken,wärmt die Füße
1939,s16,socks,clothing,Socken,bestehen aus Wolle
1940,s16,orange,fruit,Orange,orange
1941,s16,orange,fruit,Orange,eine Frucht
1942,s16,orange,fruit,Orange,besitzt sehr viele Vitamine
1943,s16,orange,fruit,Orange,kann man essen
1944,s16,orange,fruit,Orange,ist rund
1945,s16,jacket,clothing,Jacke,wärmt den Menschen
1946,s16,jacket,clothing,Jacke,ein Kleidungsstück
1947,s16,jacket,clothing,Jacke,benutzt man an kälteren Tagen
1948,s16,jacket,clothing,Jacke,besteht aus Stoff
1949,s16,jacket,clothing,Jacke,aus Wolle
1950,s16,shoes,clothing,Schuhe,gehört zu den Kleidungsstücken
1951,s16,shoes,clothing,Schuhe,schützt die Füße vor Steinen
1952,s16,shoes,clothing,Schuhe,schützt die Füße vor Steinen
1953,s16,shoes,clothing,Schuhe,schützt die Füße vor Unebenheiten
1954,s16,shoes,clothing,Schuhe,schützt die Füße vor Unebenheiten
1955,s16,onion,vegetable,Zwiebel,wächst im Garten
1956,s16,onion,vegetable,Zwiebel,kann sie essen
1957,s16,onion,vegetable,Zwiebel,beim aufschneiden tränen die Augen
1958,s16,onion,vegetable,Zwiebel,rund
1959,s16,goose,bird,Gans,ein Lebewesen
1960,s16,goose,bird,Gans,besitzt Federkleid
1961,s16,goose,bird,Gans,bewegt sich häufig auf dem Wasser fort
1962,s16,goose,bird,Gans,weiß
1963,s16,peas,vegetable,Erbsen,essen
1964,s16,peas,vegetable,Erbsen,wachsen auf Sträuchern
1965,s16,peas,vegetable,Erbsen,grün
1966,s16,peas,vegetable,Erbsen,rund
1967,s16,peas,vegetable,Erbsen,haben sehr viele Nährstoffe
1968,s16,ship,vehicle,Schiff,damit auf dem Wasser fortbewegen
1969,s16,ship,vehicle,Schiff,an deren Unterseite ist sie abgerundet
1970,s16,garage,building,Garage,dort kann man das Auto abstellen
1971,s16,garage,building,Garage,zum Unterbringen von Gegenständen
1972,s16,garage,building,Garage,in der Nähe des Hauses
1973,s16,bridge,building,Brücke,damit kann man Fluss überqueren
1974,s16,bridge,building,Brücke,ist Verbindung zwischen zwei Orten
1975,s16,apple,fruit,Apfel,kann man essen
1976,s16,apple,fruit,Apfel,besitzt viele Vitamine
1977,s16,apple,fruit,Apfel,wächst auf einem Baum
1978,s16,apple,fruit,Apfel,eher rund
1979,s16,closet,furniture,Schrank,zum Aufbewahren von Kleidungsstücken
1980,s16,closet,furniture,Schrank,im Haus
1981,s16,closet,furniture,Schrank,durch Türen verschlossen
1982,s16,leg,bodypart,Bein,zur Fortbewegung von Lebewesen
1983,s16,leg,bodypart,Bein,zur Fortbewegung von Lebewesen
1984,s16,leg,bodypart,Bein,Bestandteil des Körpers
1985,s16,leg,bodypart,Bein,Mensch besitzt zwei
1986,s16,leg,bodypart,Bein,Großteil der Tiere besitzt vier
1987,s16,table,furniture,Tisch,zum Ablegen von Gegenständen
1988,s16,table,furniture,Tisch,besteht aus vier Beinen
1989,s16,table,furniture,Tisch,besteht aus einer Platte
1990,s16,table,furniture,Tisch,in jedem Haus
1991,s16,tongs,implement,Zange,damit einen Draht abschneiden
1992,s16,tongs,implement,Zange,aus Metall
1993,s16,tongs,implement,Zange,"wie eine Schere, jedoch viel stabiler"
1994,s16,train,vehicle,Zug,zur Fortbewegung
1995,s16,train,vehicle,Zug,kann sich nur auf Schienen fortbewegen
1996,s16,train,vehicle,Zug,besteht aus mehreren Waggons
1997,s16,sparrow,bird,Spatz,ein Vogel
1998,s16,sparrow,bird,Spatz,in der Luft fortbewegen
1999,s16,sparrow,bird,Spatz,kann singen
2000,s16,sparrow,bird,Spatz,kann zwitschern
2001,s16,sparrow,bird,Spatz,in verschiedenen Farben
2002,s16,pineapple,fruit,Ananas,Obst
2003,s16,pineapple,fruit,Ananas,sehr viele Vitamine
2004,s16,pineapple,fruit,Ananas,wäscht in wärmeren Gebieten
2005,s16,pineapple,fruit,Ananas,im Inneren gelb
2006,s16,pineapple,fruit,Ananas,kann man essen
2007,s17,armchair,furniture,Sessel,sitzen
2008,s17,armchair,furniture,Sessel,im Wohnzimmer
2009,s17,armchair,furniture,Sessel,bequem
2010,s17,armchair,furniture,Sessel,hat vier Füße
2011,s17,armchair,furniture,Sessel,mit dem ganzen Körper zurücklehnen
2012,s17,broom,implement,Besen,zum Saubermachen der Wohnung
2013,s17,broom,implement,Besen,hat Stiel
2014,s17,broom,implement,Besen,daran sind kleine Reißer
2015,s17,broom,implement,Besen,mit der Hand benützen
2016,s17,rabbit,mammal,Hase,Tier
2017,s17,rabbit,mammal,Hase,"zwei lange, große Ohren"
2018,s17,rabbit,mammal,Hase,isst gerne Karotten
2019,s17,rabbit,mammal,Hase,hoppelt durch die Wiese
2020,s17,rabbit,mammal,Hase,hat 4 Füße
2021,s17,rabbit,mammal,Hase,"bekommt 10-15 kleine Hasen, wenn er Nachwuchs bekommt"
2022,s17,chair,furniture,Stuhl,aus Holz
2023,s17,chair,furniture,Stuhl,man sitzt sich
2024,s17,chair,furniture,Stuhl,benutzt man im Haus
2025,s17,chair,furniture,Stuhl,benutzt man im Freien
2026,s17,chair,furniture,Stuhl,bequem
2027,s17,chair,furniture,Stuhl,hat Lehne
2028,s17,chemise,clothing,Hemd,Kleidungsstück
2029,s17,chemise,clothing,Hemd,man schlüpft hinein
2030,s17,chemise,clothing,Hemd,indem man Knöpfe öffnet und wieder schließt
2031,s17,chemise,clothing,Hemd,indem man Knöpfe öffnet und wieder schließt
2032,s17,chemise,clothing,Hemd,hat einen Kragen
2033,s17,chemise,clothing,Hemd,meistens lange Ärmel
2034,s17,chemise,clothing,Hemd,kurze Ärmel
2035,s17,bus,vehicle,Bus,ein Fahrzeug
2036,s17,bus,vehicle,Bus,transportiert viele Menschen
2037,s17,bus,vehicle,Bus,transportiert viele Menschen
2038,s17,bus,vehicle,Bus,sieht man in der Stadt
2039,s17,bus,vehicle,Bus,groß
2040,s17,bus,vehicle,Bus,hat 4 Räder
2041,s17,sword,implement,Schwert,ist ein Gegenstand
2042,s17,sword,implement,Schwert,hat eine Schneide
2043,s17,sword,implement,Schwert,hat einen Griff
2044,s17,sword,implement,Schwert,zum Kämpfen
2045,s17,sword,implement,Schwert,Ritter haben dies bei sich
2046,s17,sword,implement,Schwert,früher sehr wichtig
2047,s17,horse,mammal,Pferd,Tier
2048,s17,horse,mammal,Pferd,hat 4 Füße
2049,s17,horse,mammal,Pferd,groß
2050,s17,horse,mammal,Pferd,hat eine lange Mähne
2051,s17,horse,mammal,Pferd,hat einen langen Schwanz
2052,s17,horse,mammal,Pferd,darauf reiten
2053,s17,horse,mammal,Pferd,als Arbeitsmittel
2054,s17,horse,mammal,Pferd,auch im Sport verwendet
2055,s17,finger,bodypart,Finger,ein Körperteil
2056,s17,finger,bodypart,Finger,auf einer Hand 5 Finger
2057,s17,finger,bodypart,Finger,mit diesen alles angreifen
2058,s17,finger,bodypart,Finger,ertasten
2059,s17,finger,bodypart,Finger,spielen
2060,s17,finger,bodypart,Finger,schreiben
2061,s17,finger,bodypart,Finger,hat Nägel
2062,s17,bear,mammal,Bär,Tier
2063,s17,bear,mammal,Bär,lebt im Wald
2064,s17,bear,mammal,Bär,frisst gerne Schafe
2065,s17,bear,mammal,Bär,groß
2066,s17,bear,mammal,Bär,stark
2067,s17,bear,mammal,Bär,isst gerne Honig
2068,s17,monkey,mammal,Affe,Tier
2069,s17,monkey,mammal,Affe,isst gerne Bananen
2070,s17,monkey,mammal,Affe,ähnelt dem Mensch
2071,s17,monkey,mammal,Affe,lebt im Regenwald
2072,s17,monkey,mammal,Affe,hat zwei Arme
2073,s17,monkey,mammal,Affe,hat 2 Beine
2074,s17,monkey,mammal,Affe,hat Schlappohren
2075,s17,owl,bird,Eule,Tier
2076,s17,owl,bird,Eule,lebt im Wald
2077,s17,owl,bird,Eule,nachtaktiv
2078,s17,owl,bird,Eule,große Augen
2079,s17,owl,bird,Eule,weiß/braun gefleckt
2080,s17,owl,bird,Eule,hat 2 Flügel
2081,s17,owl,bird,Eule,hat gelbe Krallen
2082,s17,owl,bird,Eule,hat einen Schnabel
2083,s17,church,building,Kirche,ein Gebäude
2084,s17,church,building,Kirche,hat einen Turm mit einer Uhr und Glocken
2085,s17,church,building,Kirche,von gläubigen Menschen besucht
2086,s17,church,building,Kirche,hat große Fenster
2087,s17,church,building,Kirche,hat große Türen
2088,s17,church,building,Kirche,darin feiert man die heilige Messe
2089,s17,church,building,Kirche,ringsum ist der Friedhof
2090,s17,paintbrush,implement,Pinsel,ein Gegenstand
2091,s17,paintbrush,implement,Pinsel,benötigt man um etwas mit Wasser und Farben zu malen
2092,s17,paintbrush,implement,Pinsel,hat einen Stiel und daran hängen kleine feine []
2093,s17,cherry,fruit,Kirsche,Obst
2094,s17,cherry,fruit,Kirsche,rot
2095,s17,cherry,fruit,Kirsche,hat im Innern einen Kern
2096,s17,cherry,fruit,Kirsche,wächst auf einem Baum
2097,s17,cherry,fruit,Kirsche,schmeckt sehr gut
2098,s17,sweater,clothing,Pullover,ein Kleidungsstück
2099,s17,sweater,clothing,Pullover,langärmelig
2100,s17,sweater,clothing,Pullover,trägt man
2101,s17,sweater,clothing,Pullover,wenn man zu kalt hat
2102,s17,sweater,clothing,Pullover,hat zwei Ärmel
2103,s17,sweater,clothing,Pullover,hat ein Loch damit man den Kopf durchstecken kann
2104,s17,pear,fruit,Birne,Obst
2105,s17,pear,fruit,Birne,10 cm groß
2106,s17,pear,fruit,Birne,gelb
2107,s17,pear,fruit,Birne,ein bisschen grün
2108,s17,pear,fruit,Birne,rot
2109,s17,pear,fruit,Birne,wächst auf einem Baum
2110,s17,pear,fruit,Birne,innen weiß
2111,s17,tower,building,Turm,sehr hohes
2112,s17,tower,building,Turm,Gebäude
2113,s17,tower,building,Turm,aus Steinen
2114,s17,tower,building,Turm,kann man auch mit anderen Gegenständen bauen
2115,s17,dog,mammal,Hund,Tier
2116,s17,dog,mammal,Hund,hat 4 Pfoten
2117,s17,dog,mammal,Hund,hat eine lange Zunge
2118,s17,dog,mammal,Hund,hat Schwanz
2119,s17,dog,mammal,Hund,bellt
2120,s17,dog,mammal,Hund,macht platz
2121,s17,dog,mammal,Hund,macht sitz
2122,s17,dog,mammal,Hund,lernt sehr viel
2123,s17,dog,mammal,Hund,ist gehorchig
2124,s17,dog,mammal,Hund,bissig wenn man ihn neckt
2125,s17,dog,mammal,Hund,sehr menschenfreundlich
2126,s17,dog,mammal,Hund,lernwillig
2127,s17,woodpecker,bird,Specht,Vogel
2128,s17,woodpecker,bird,Specht,lebt in einem Baum
2129,s17,woodpecker,bird,Specht,hammert in Bäumen mit Schnabel Löcher hinein
2130,s17,woodpecker,bird,Specht,hat 2 Flügel
2131,s17,woodpecker,bird,Specht,hat einen roten Schwanz
2132,s17,truck,vehicle,Lastwagen,ein Fahrzeug
2133,s17,truck,vehicle,Lastwagen,transportiert verschiedene schwere Sachen
2134,s17,truck,vehicle,Lastwagen,transportiert Steine
2135,s17,truck,vehicle,Lastwagen,groß
2136,s17,truck,vehicle,Lastwagen,hat 4-6 Räder
2137,s17,hand,bodypart,Hand,ein Körperteil
2138,s17,hand,bodypart,Hand,man kann sehr viele Dinge damit machen
2139,s17,hand,bodypart,Hand,daran hängen jeweils 5 Finger
2140,s17,hand,bodypart,Hand,jeder Mensch hat 2 Hände
2141,s17,eye,bodypart,Auge,ein Körperteil
2142,s17,eye,bodypart,Auge,damit kann man überhaupt etwas sehen
2143,s17,eye,bodypart,Auge,lebensnotwendig
2144,s17,eye,bodypart,Auge,im Gesicht
2145,s17,bed,furniture,Bett,darin schlafen
2146,s17,bed,furniture,Bett,aus 5 Brettern
2147,s17,bed,furniture,Bett,darauf eine Matratze
2148,s17,bed,furniture,Bett,gemütlich
2149,s17,seagull,bird,Möwe,Vogel
2150,s17,seagull,bird,Möwe,lebt am Meer
2151,s17,seagull,bird,Möwe,isst gerne Fische
2152,s17,seagull,bird,Möwe,fliegt durch die Luft
2153,s17,seagull,bird,Möwe,kann im Meer schwimmen
2154,s17,seagull,bird,Möwe,weiß
2155,s17,seagull,bird,Möwe,"hat langen, gelben Schnabel"
2156,s18,head,bodypart,Kopf,ein Körperteil
2157,s18,head,bodypart,Kopf,in ihm Augen
2158,s18,head,bodypart,Kopf,Mund
2159,s18,head,bodypart,Kopf,Nase
2160,s18,head,bodypart,Kopf,Ohren
2161,s18,head,bodypart,Kopf,auf ihm Haare
2162,s18,head,bodypart,Kopf,ist auf dem Hals
2163,s18,airplane,vehicle,Flugzeug,Fortbewegungsmittel
2164,s18,airplane,vehicle,Flugzeug,kann fliegen
2165,s18,airplane,vehicle,Flugzeug,gibt es für Waren
2166,s18,airplane,vehicle,Flugzeug,gibt es für Personen
2167,s18,airplane,vehicle,Flugzeug,Pilot steuert
2168,s18,spinach,vegetable,Spinat,Gemüse
2169,s18,spinach,vegetable,Spinat,grün
2170,s18,spinach,vegetable,Spinat,hat Eisen enthalten
2171,s18,spinach,vegetable,Spinat,verwendet für verschiedene Gerichte
2172,s18,spinach,vegetable,Spinat,verwendet als Salat
2173,s18,spinach,vegetable,Spinat,wächst bei uns
2174,s18,comb,implement,Kamm,hat Zacken
2175,s18,comb,implement,Kamm,damit richtet man sich die Haare
2176,s18,skyscraper,building,Wolkenkratzer,hohes
2177,s18,skyscraper,building,Wolkenkratzer,Haus
2178,s18,skyscraper,building,Wolkenkratzer,vorhanden in Großstädten
2179,s18,skyscraper,building,Wolkenkratzer,es gibt immer einen Aufzug
2180,s18,skyscraper,building,Wolkenkratzer,darin wohnen
2181,s18,skyscraper,building,Wolkenkratzer,darin arbeiten
2182,s18,potato,vegetable,Kartoffel,ist eine Knolle
2183,s18,potato,vegetable,Kartoffel,kann man essen
2184,s18,potato,vegetable,Kartoffel,muss es kochen
2185,s18,potato,vegetable,Kartoffel,daraus werden Pommes gemacht
2186,s18,potato,vegetable,Kartoffel,braun
2187,s18,potato,vegetable,Kartoffel,wächst unter der Erde
2188,s18,potato,vegetable,Kartoffel,wächst bei uns
2189,s18,socks,clothing,Socken,kann man anziehen
2190,s18,socks,clothing,Socken,Kleidung für die Füße
2191,s18,socks,clothing,Socken,kürzere
2192,s18,socks,clothing,Socken,längere
2193,s18,socks,clothing,Socken,braucht man um nicht kalt zu haben
2194,s18,corn,vegetable,Mais,gelb
2195,s18,corn,vegetable,Mais,wächst auf Sträuchern
2196,s18,corn,vegetable,Mais,daraus Mehl machen
2197,s18,corn,vegetable,Mais,fressen auch die Hühner
2198,s18,corn,vegetable,Mais,es gibt ganze Felder davon
2199,s18,orange,fruit,Orange,eine Zitrusfrucht
2200,s18,orange,fruit,Orange,orange
2201,s18,orange,fruit,Orange,wächst nicht in Südtirol normalerweise
2202,s18,orange,fruit,Orange,rund
2203,s18,orange,fruit,Orange,vor dem Essen muss man schälen
2204,s18,jacket,clothing,Jacke,ein Kleidungsstück
2205,s18,jacket,clothing,Jacke,damit man nicht kalt bekommt
2206,s18,jacket,clothing,Jacke,hat Reißverschluss
2207,s18,jacket,clothing,Jacke,"wie ein Pullover, nur dicker"
2208,s18,jacket,clothing,Jacke,kann Kapuze haben
2209,s18,shoes,clothing,Schuhe,zieht man zu den Füßen zu
2210,s18,shoes,clothing,Schuhe,jeder hat eine andere Größe
2211,s18,shoes,clothing,Schuhe,hohe
2212,s18,shoes,clothing,Schuhe,flache
2213,s18,shoes,clothing,Schuhe,können Schnürsenkel haben
2214,s18,onion,vegetable,Zwiebel,wächst unter der Erde
2215,s18,onion,vegetable,Zwiebel,weiß
2216,s18,onion,vegetable,Zwiebel,benutzt man in kleinen Mengen
2217,s18,onion,vegetable,Zwiebel,hat Schichten
2218,s18,goose,bird,Gans,ein Tier
2219,s18,goose,bird,Gans,weiß
2220,s18,goose,bird,Gans,groß
2221,s18,goose,bird,Gans,ein Vogel
2222,s18,goose,bird,Gans,kann auch fliegen
2223,s18,goose,bird,Gans,als Haustier verwendet
2224,s18,goose,bird,Gans,als Haustier verwendet
2225,s18,goose,bird,Gans,schnattert
2226,s18,peas,vegetable,Erbsen,rund
2227,s18,peas,vegetable,Erbsen,klein
2228,s18,peas,vegetable,Erbsen,grün
2229,s18,peas,vegetable,Erbsen,Gemüse
2230,s18,peas,vegetable,Erbsen,in den Reis geben
2231,s18,peas,vegetable,Erbsen,wächst auf Sträuchern
2232,s18,peas,vegetable,Erbsen,weich
2233,s18,ship,vehicle,Schiff,Fortbewegungsmittel
2234,s18,ship,vehicle,Schiff,schwimmt auf dem Waser
2235,s18,ship,vehicle,Schiff,der Kapitän fährt
2236,s18,ship,vehicle,Schiff,darauf Kreuzfahrten machen
2237,s18,garage,building,Garage,groß
2238,s18,garage,building,Garage,Raum
2239,s18,garage,building,Garage,darin Autos abgestellt
2240,s18,garage,building,Garage,öffentliche
2241,s18,garage,building,Garage,unter der Erde
2242,s18,garage,building,Garage,Schutz der Autos
2243,s18,bridge,building,Brücke,ein Bauwerk
2244,s18,bridge,building,Brücke,über dem Fluss
2245,s18,bridge,building,Brücke,Verbindung zwischen beiden Ufern
2246,s18,bridge,building,Brücke,für Fußgänger
2247,s18,bridge,building,Brücke,für Autos
2248,s18,apple,fruit,Apfel,Obst
2249,s18,apple,fruit,Apfel,wächst auf einem Baum
2250,s18,apple,fruit,Apfel,daraus Saft machen
2251,s18,apple,fruit,Apfel,bei uns sehr viele
2252,s18,apple,fruit,Apfel,viele Sorten
2253,s18,apple,fruit,Apfel,rot
2254,s18,apple,fruit,Apfel,grün
2255,s18,apple,fruit,Apfel,gelb
2256,s18,closet,furniture,Schrank,Möbelstück
2257,s18,closet,furniture,Schrank,Sachen hineingeben
2258,s18,closet,furniture,Schrank,Kleidungssachen hineingeben
2259,s18,closet,furniture,Schrank,hat Ablagen
2260,s18,closet,furniture,Schrank,hat Schubladen
2261,s18,leg,bodypart,Bein,ein Körperteil
2262,s18,leg,bodypart,Bein,wir haben 2 davon
2263,s18,leg,bodypart,Bein,im unteren Bereich des Körpers
2264,s18,leg,bodypart,Bein,in der Mitte befindet sich das Knie
2265,s18,leg,bodypart,Bein,braucht man zum Gehen
2266,s18,table,furniture,Tisch,ein Möbelstück
2267,s18,table,furniture,Tisch,darauf essen
2268,s18,table,furniture,Tisch,hat vier Beine
2269,s18,table,furniture,Tisch,hat darauf eine Platte
2270,s18,table,furniture,Tisch,aus Holz
2271,s18,tongs,implement,Zange,ein Werkzeug
2272,s18,tongs,implement,Zange,damit etwas verbiegen
2273,s18,tongs,implement,Zange,Nägel aus dem Holz herausziehen
2274,s18,tongs,implement,Zange,funktioniert ähnlich wie eine Schere
2275,s18,train,vehicle,Zug,Fortbewegungsmittel
2276,s18,train,vehicle,Zug,fährt auf Schienen
2277,s18,train,vehicle,Zug,hat Waggons
2278,s18,train,vehicle,Zug,für Menschen
2279,s18,train,vehicle,Zug,für Güter
2280,s18,train,vehicle,Zug,schnell
2281,s18,sparrow,bird,Spatz,ein Vogel
2282,s18,sparrow,bird,Spatz,klein
2283,s18,sparrow,bird,Spatz,braun
2284,s18,sparrow,bird,Spatz,lebt bei uns
2285,s18,sparrow,bird,Spatz,nicht selten
2286,s18,sparrow,bird,Spatz,auch in der Stadt
2287,s18,pineapple,fruit,Ananas,exotisch
2288,s18,pineapple,fruit,Ananas,eine Frucht
2289,s18,pineapple,fruit,Ananas,innen gelb
2290,s18,pineapple,fruit,Ananas,außen braun
2291,s18,pineapple,fruit,Ananas,wächst auf Palmen
2292,s18,pineapple,fruit,Ananas,Rinde ist nicht essbar
2293,s18,pineapple,fruit,Ananas,oft aus Dosen verwendet
2294,s19,armchair,furniture,Sessel,weich
2295,s19,armchair,furniture,Sessel,Sitz
2296,s19,armchair,furniture,Sessel,verschiedene Modelle
2297,s19,armchair,furniture,Sessel,steht im Wohnzimmer
2298,s19,armchair,furniture,Sessel,eine Art gepolsterter Stuhl
2299,s19,armchair,furniture,Sessel,mit Lehne
2300,s19,broom,implement,Besen,zum Reinigen
2301,s19,broom,implement,Besen,zum Beseitigen von Schmutz
2302,s19,broom,implement,Besen,häufig durch Staubsauger ersetzt
2303,s19,broom,implement,Besen,Stiel
2304,s19,broom,implement,Besen,mit Borsten
2305,s19,rabbit,mammal,Hase,Tier
2306,s19,rabbit,mammal,Hase,mit Löffelohren
2307,s19,rabbit,mammal,Hase,ein Symbol für Ostern
2308,s19,rabbit,mammal,Hase,Vierbeiner
2309,s19,rabbit,mammal,Hase,mit weichem Fell
2310,s19,rabbit,mammal,Hase,mit plüschigem Schwanz
2311,s19,chair,furniture,Stuhl,zum Sitzen
2312,s19,chair,furniture,Stuhl,ein Gestell
2313,s19,chair,furniture,Stuhl,aus Holz
2314,s19,chair,furniture,Stuhl,Gegenstück zum Tisch
2315,s19,chemise,clothing,Hemd,Kleidungsstück
2316,s19,chemise,clothing,Hemd,am Rumpf getragen
2317,s19,chemise,clothing,Hemd,oberhalb der Hose getragen
2318,s19,chemise,clothing,Hemd,die männliche Bluse
2319,s19,chemise,clothing,Hemd,die männliche Bluse
2320,s19,bus,vehicle,Bus,öffentlich
2321,s19,bus,vehicle,Bus,Verkehrsmittel
2322,s19,bus,vehicle,Bus,fährt zu gewissen Zeiten
2323,s19,bus,vehicle,Bus,fährt an bestimmte Orte
2324,s19,bus,vehicle,Bus,mit vielen Sitzen
2325,s19,bus,vehicle,Bus,hält Fahrplan ein
2326,s19,sword,implement,Schwert,Waffe
2327,s19,sword,implement,Schwert,im Mittelalter benutzt
2328,s19,sword,implement,Schwert,gehört in eine Scheide
2329,s19,sword,implement,Schwert,heute oft gesammelt
2330,s19,sword,implement,Schwert,spitzig
2331,s19,sword,implement,Schwert,aus Eisen
2332,s19,horse,mammal,Pferd,so groß wie eine Kuh
2333,s19,horse,mammal,Pferd,ähnelt einem Esel
2334,s19,horse,mammal,Pferd,darauf reiten
2335,s19,horse,mammal,Pferd,Tier
2336,s19,horse,mammal,Pferd,vor die Kutsche gespannt
2337,s19,horse,mammal,Pferd,früher Transportmittel
2338,s19,finger,bodypart,Finger,Teil der Hand
2339,s19,finger,bodypart,Finger,5 auf jeder Hand
2340,s19,finger,bodypart,Finger,kann ihn mit Ringen schmücken
2341,s19,bear,mammal,Bär,Tier
2342,s19,bear,mammal,Bär,Säugetier
2343,s19,bear,mammal,Bär,Säugetier
2344,s19,bear,mammal,Bär,groß
2345,s19,bear,mammal,Bär,Pelz
2346,s19,bear,mammal,Bär,kann gefährlich werden
2347,s19,bear,mammal,Bär,im Märchen als Meister Petz bezeichnet
2348,s19,monkey,mammal,Affe,menschenähnlich
2349,s19,monkey,mammal,Affe,pelzig
2350,s19,monkey,mammal,Affe,intelligent
2351,s19,monkey,mammal,Affe,Tier
2352,s19,monkey,mammal,Affe,lebt im Regenwald
2353,s19,monkey,mammal,Affe,lebt in Afrika
2354,s19,monkey,mammal,Affe,lebt in Zoos
2355,s19,owl,bird,Eule,Vogel
2356,s19,owl,bird,Eule,nachtaktiv
2357,s19,owl,bird,Eule,große Augen
2358,s19,owl,bird,Eule,lebt auch bei uns in Europa
2359,s19,church,building,Kirche,Gebäude
2360,s19,church,building,Kirche,Christen versammeln sich darin
2361,s19,church,building,Kirche,Christen versammeln sich darin
2362,s19,church,building,Kirche,um zu beten
2363,s19,church,building,Kirche,Haus Gottes
2364,s19,church,building,Kirche,wo die Messe gefeiert wird
2365,s19,paintbrush,implement,Pinsel,Gerät
2366,s19,paintbrush,implement,Pinsel,zum malen
2367,s19,paintbrush,implement,Pinsel,Farben damit auftragen
2368,s19,paintbrush,implement,Pinsel,hat einen Stiel
2369,s19,paintbrush,implement,Pinsel,mit Borsten
2370,s19,paintbrush,implement,Pinsel,ca. 20 cm groß
2371,s19,paintbrush,implement,Pinsel,nimmt man beim Aquarellieren
2372,s19,cherry,fruit,Kirsche,rot
2373,s19,cherry,fruit,Kirsche,Frucht
2374,s19,cherry,fruit,Kirsche,hängt auf Bäumen
2375,s19,cherry,fruit,Kirsche,daraus Saft machen
2376,s19,cherry,fruit,Kirsche,daraus Joghurt machen
2377,s19,cherry,fruit,Kirsche,daraus Kuchen machen
2378,s19,cherry,fruit,Kirsche,rund
2379,s19,cherry,fruit,Kirsche,ca. 1-2 cm groß
2380,s19,sweater,clothing,Pullover,Kleidungsstück
2381,s19,sweater,clothing,Pullover,trägt man über T-Shirts
2382,s19,sweater,clothing,Pullover,trägt man unter Jacke
2383,s19,sweater,clothing,Pullover,trägt man am Rumpf
2384,s19,sweater,clothing,Pullover,Arme
2385,s19,pear,fruit,Birne,gesund
2386,s19,pear,fruit,Birne,Obst
2387,s19,pear,fruit,Birne,oval
2388,s19,pear,fruit,Birne,Frucht
2389,s19,pear,fruit,Birne,ca. 15 cm groß
2390,s19,pear,fruit,Birne,wächst auf Bäumen
2391,s19,pear,fruit,Birne,hat einen Kern
2392,s19,pear,fruit,Birne,hat eine Schale
2393,s19,tower,building,Turm,Gebäude
2394,s19,tower,building,Turm,hohes
2395,s19,tower,building,Turm,langes
2396,s19,tower,building,Turm,nicht sehr breites
2397,s19,tower,building,Turm,als Aussichtspunkt benutzt
2398,s19,dog,mammal,Hund,Tier
2399,s19,dog,mammal,Hund,auch Haustier
2400,s19,dog,mammal,Hund,beste Freund des Menschen
2401,s19,dog,mammal,Hund,intelligent
2402,s19,dog,mammal,Hund,beschützt
2403,s19,dog,mammal,Hund,kann gefährlich werden
2404,s19,woodpecker,bird,Specht,Vogel
2405,s19,woodpecker,bird,Specht,pickt Löcher in die Bäume
2406,s19,woodpecker,bird,Specht,mit seinem Schnabel
2407,s19,woodpecker,bird,Specht,um Insekten zu fressen
2408,s19,woodpecker,bird,Specht,in Europa
2409,s19,woodpecker,bird,Specht,weit verbreitet
2410,s19,truck,vehicle,Lastwagen,Kraftfahrzeug
2411,s19,truck,vehicle,Lastwagen,zum Transportieren von Gütern
2412,s19,truck,vehicle,Lastwagen,zum Transportieren von Gütern
2413,s19,truck,vehicle,Lastwagen,auch LKW genannt
2414,s19,hand,bodypart,Hand,Ende des Arms
2415,s19,hand,bodypart,Hand,hat 5 Finger
2416,s19,eye,bodypart,Auge,es gibt 2 pro Kopf
2417,s19,eye,bodypart,Auge,zwischen Nase und Stirn
2418,s19,eye,bodypart,Auge,damit sehen
2419,s19,eye,bodypart,Auge,manche tragen davor Brillen
2420,s19,eye,bodypart,Auge,verschiedene Farben
2421,s19,bed,furniture,Bett,Gestell
2422,s19,bed,furniture,Bett,im Schlafzimmer
2423,s19,bed,furniture,Bett,darin schlafen
2424,s19,bed,furniture,Bett,besteht aus Gestell
2425,s19,bed,furniture,Bett,besteht aus Matratze
2426,s19,bed,furniture,Bett,besteht aus Überzug
2427,s19,bed,furniture,Bett,besteht aus Decke
2428,s19,bed,furniture,Bett,besteht aus Kissen
2429,s19,seagull,bird,Möwe,Vogel
2430,s19,seagull,bird,Möwe,in Küstengebieten
2431,s19,seagull,bird,Möwe,weiß
2432,s19,seagull,bird,Möwe,frisst Fische
2433,s20,head,bodypart,Kopf,lebensnotwendig zum Leben
2434,s20,head,bodypart,Kopf,hat verschiedene Formen
2435,s20,head,bodypart,Kopf,hat Bedeckung
2436,s20,head,bodypart,Kopf,an seiner Vorderseite haben wir Nase
2437,s20,head,bodypart,Kopf,an seiner Vorderseite haben wir Augen
2438,s20,head,bodypart,Kopf,an seiner Vorderseite haben wir Ohren
2439,s20,airplane,vehicle,Flugzeug,ein Fahrzeug
2440,s20,airplane,vehicle,Flugzeug,fliegt im Himmel
2441,s20,airplane,vehicle,Flugzeug,fliegt im Himmel
2442,s20,airplane,vehicle,Flugzeug,kann Personen transportieren
2443,s20,airplane,vehicle,Flugzeug,kann Personen transportieren
2444,s20,spinach,vegetable,Spinat,ein Gemüse
2445,s20,spinach,vegetable,Spinat,grün
2446,s20,spinach,vegetable,Spinat,wächst im Garten
2447,s20,spinach,vegetable,Spinat,gesund
2448,s20,comb,implement,Kamm,brauchen es um uns schön zu machen
2449,s20,comb,implement,Kamm,verschiedene Arten
2450,s20,comb,implement,Kamm,hat Zacken
2451,s20,skyscraper,building,Wolkenkratzer,ein Haus
2452,s20,skyscraper,building,Wolkenkratzer,sehr hoch
2453,s20,skyscraper,building,Wolkenkratzer,in ihm wohnen
2454,s20,potato,vegetable,Kartoffel,eine Gemüseart
2455,s20,potato,vegetable,Kartoffel,hat eine Schale
2456,s20,potato,vegetable,Kartoffel,wird im Garten angebaut
2457,s20,potato,vegetable,Kartoffel,ist unter der Erde
2458,s20,socks,clothing,Socken,ziehen Menschen an
2459,s20,socks,clothing,Socken,aus Wolle
2460,s20,socks,clothing,Socken,aus Baumwolle
2461,s20,socks,clothing,Socken,gemustert
2462,s20,socks,clothing,Socken,in verschiedenen Größen
2463,s20,corn,vegetable,Mais,eine Gemüseart
2464,s20,corn,vegetable,Mais,gelb
2465,s20,orange,fruit,Orange,eine Obstart
2466,s20,orange,fruit,Orange,hat eine Schale
2467,s20,orange,fruit,Orange,orange
2468,s20,orange,fruit,Orange,saftig
2469,s20,jacket,clothing,Jacke,schützt Menschen vor Kälte
2470,s20,jacket,clothing,Jacke,schützt Menschen vor Regen
2471,s20,jacket,clothing,Jacke,verschiedene Arten
2472,s20,shoes,clothing,Schuhe,Menschen ziehen sie an
2473,s20,shoes,clothing,Schuhe,um sich zu schützen
2474,s20,shoes,clothing,Schuhe,haben eine Sohle
2475,s20,onion,vegetable,Zwiebel,eine Gemüseart
2476,s20,onion,vegetable,Zwiebel,weiß
2477,s20,onion,vegetable,Zwiebel,man muss oft heulen
2478,s20,onion,vegetable,Zwiebel,benutzt zum kochen
2479,s20,goose,bird,Gans,ein Tier
2480,s20,goose,bird,Gans,man kann sie essen
2481,s20,goose,bird,Gans,lebt in der Natur
2482,s20,goose,bird,Gans,hat einen Schnabel
2483,s20,peas,vegetable,Erbsen,eine Gemüsesorte
2484,s20,peas,vegetable,Erbsen,immer grün
2485,s20,peas,vegetable,Erbsen,meistens klein
2486,s20,peas,vegetable,Erbsen,man kann sie essen
2487,s20,ship,vehicle,Schiff,ist auf dem Meer
2488,s20,ship,vehicle,Schiff,kann Personen transportieren
2489,s20,ship,vehicle,Schiff,kann Personen transportieren
2490,s20,ship,vehicle,Schiff,kann Dinge transportieren
2491,s20,ship,vehicle,Schiff,groß
2492,s20,garage,building,Garage,man stellt das Auto ein
2493,s20,garage,building,Garage,unterhalb des Hauses
2494,s20,garage,building,Garage,aus Mauern
2495,s20,bridge,building,Brücke,verbindet zwei Orte
2496,s20,bridge,building,Brücke,darunter meist Wasser
2497,s20,apple,fruit,Apfel,eine Obstsorte
2498,s20,apple,fruit,Apfel,verschiedene Arten
2499,s20,apple,fruit,Apfel,wachsen auf Bäumen
2500,s20,apple,fruit,Apfel,das ganze Jahr über essen
2501,s20,closet,furniture,Schrank,im Haus
2502,s20,closet,furniture,Schrank,hat zwei Türen
2503,s20,closet,furniture,Schrank,man gibt Kleidungsstücke hinein
2504,s20,leg,bodypart,Bein,am menschlichen Körper
2505,s20,leg,bodypart,Bein,ohne das kann man nicht gehen
2506,s20,table,furniture,Tisch,auf ihm essen
2507,s20,table,furniture,Tisch,hat vier Beine
2508,s20,table,furniture,Tisch,aus Holz
2509,s20,table,furniture,Tisch,ober den Beinen gibt es eine Schablone
2510,s20,table,furniture,Tisch,ober den Beinen gibt es eine Schablone
2511,s20,tongs,implement,Zange,ein Werkzeug
2512,s20,tongs,implement,Zange,um die Nägel aus der Wand zu bekommen
2513,s20,tongs,implement,Zange,um Dinge zu befestigen
2514,s20,train,vehicle,Zug,fährt auf Gleisen
2515,s20,train,vehicle,Zug,hat immer Waggons
2516,s20,train,vehicle,Zug,kann Personen transportieren
2517,s20,train,vehicle,Zug,kann Personen transportieren
2518,s20,train,vehicle,Zug,kann Dinge transportieren
2519,s20,train,vehicle,Zug,es gibt ihn auf der ganzen Welt
2520,s20,sparrow,bird,Spatz,Vogel
2521,s20,sparrow,bird,Spatz,schwarze Farbe
2522,s20,sparrow,bird,Spatz,hat einen Schnabel
2523,s20,sparrow,bird,Spatz,lebt auf Bäumen
2524,s20,pineapple,fruit,Ananas,eine Obstsorte
2525,s20,pineapple,fruit,Ananas,hat eine Schale
2526,s20,pineapple,fruit,Ananas,gelb
2527,s20,pineapple,fruit,Ananas,in warmen Zonen angebaut
2528,s21,armchair,furniture,Sessel,darauf sitzen
2529,s21,armchair,furniture,Sessel,um auszuruhen
2530,s21,armchair,furniture,Sessel,nützlich wenn man etwas essen möchte
2531,s21,armchair,furniture,Sessel,kann bequem sein
2532,s21,broom,implement,Besen,nützlich
2533,s21,broom,implement,Besen,um Dreck wegzumachen
2534,s21,broom,implement,Besen,lang
2535,s21,rabbit,mammal,Hase,lebt in der Natur
2536,s21,rabbit,mammal,Hase,auch Haustier
2537,s21,rabbit,mammal,Hase,auch Haustier
2538,s21,rabbit,mammal,Hase,schuschelig
2539,s21,rabbit,mammal,Hase,Tier
2540,s21,rabbit,mammal,Hase,verschiedene Arten
2541,s21,chair,furniture,Stuhl,darauf sitzen
2542,s21,chair,furniture,Stuhl,"nützlich, um verschiedene Dinge zu erledigen"
2543,s21,chair,furniture,Stuhl,essen
2544,s21,chair,furniture,Stuhl,schreiben
2545,s21,chair,furniture,Stuhl,ausruhen
2546,s21,chair,furniture,Stuhl,hat vier Beine
2547,s21,chemise,clothing,Hemd,ziehen Männer an
2548,s21,chemise,clothing,Hemd,ein Kleidungsstück
2549,s21,chemise,clothing,Hemd,hat lange Ärmel
2550,s21,chemise,clothing,Hemd,hat kurze Ärmel
2551,s21,chemise,clothing,Hemd,hat Knöpfe
2552,s21,chemise,clothing,Hemd,hat einen Kragen
2553,s21,chemise,clothing,Hemd,verschiedene
2554,s21,bus,vehicle,Bus,ein Transportmittel
2555,s21,bus,vehicle,Bus,ein Transportmittel
2556,s21,bus,vehicle,Bus,für die Öffentlichkeit
2557,s21,bus,vehicle,Bus,um von einem Ort zum anderen zu kommen
2558,s21,sword,implement,Schwert,eine Waffe
2559,s21,sword,implement,Schwert,lang
2560,s21,sword,implement,Schwert,schneidet
2561,s21,sword,implement,Schwert,scharf
2562,s21,sword,implement,Schwert,um zu kämpfen
2563,s21,sword,implement,Schwert,benutzte man im Krieg
2564,s21,horse,mammal,Pferd,Tier
2565,s21,horse,mammal,Pferd,darauf reiten
2566,s21,horse,mammal,Pferd,hat 4 Beine
2567,s21,horse,mammal,Pferd,hat einen Schwanz mit langen Haaren
2568,s21,horse,mammal,Pferd,verschiedene Rassen
2569,s21,horse,mammal,Pferd,gebraucht bei einem Sport
2570,s21,finger,bodypart,Finger,Körperteile des Menschen
2571,s21,finger,bodypart,Finger,an den Armen
2572,s21,finger,bodypart,Finger,jeder Mensch hat 10
2573,s21,finger,bodypart,Finger,an der Spitze sind Nägel
2574,s21,finger,bodypart,Finger,nützlich um im Alltag Sachen
2575,s21,bear,mammal,Bär,Tier
2576,s21,bear,mammal,Bär,lebt im Wald
2577,s21,bear,mammal,Bär,gefährlich
2578,s21,bear,mammal,Bär,groß
2579,s21,bear,mammal,Bär,hat Haare am ganzen Körper
2580,s21,monkey,mammal,Affe,ein Tier
2581,s21,monkey,mammal,Affe,Vorgänger des Menschen
2582,s21,monkey,mammal,Affe,verschiedene Rassen
2583,s21,monkey,mammal,Affe,hat Beine
2584,s21,monkey,mammal,Affe,hat Arme
2585,s21,monkey,mammal,Affe,mit denen er auf Bäume klettern kann
2586,s21,owl,bird,Eule,nachtaktiv
2587,s21,owl,bird,Eule,eine Art Vögel
2588,s21,owl,bird,Eule,können mit ihren Flügeln
2589,s21,owl,bird,Eule,fliegen
2590,s21,owl,bird,Eule,sitzen auf Bäumen
2591,s21,church,building,Kirche,ein Gebäude
2592,s21,church,building,Kirche,für Gläubige
2593,s21,church,building,Kirche,geht man hin um zu beten
2594,s21,church,building,Kirche,geht man hin um Feiertage zu feiern
2595,s21,church,building,Kirche,fast jedes Dorf hat eine
2596,s21,paintbrush,implement,Pinsel,hilfreich für Maler
2597,s21,paintbrush,implement,Pinsel,damit Bilder malen
2598,s21,paintbrush,implement,Pinsel,um die Farbe auf das Bild zu bringen
2599,s21,paintbrush,implement,Pinsel,verschiedene Größen
2600,s21,cherry,fruit,Kirsche,Frucht
2601,s21,cherry,fruit,Kirsche,rund
2602,s21,cherry,fruit,Kirsche,rot
2603,s21,cherry,fruit,Kirsche,Stängel
2604,s21,cherry,fruit,Kirsche,in der Mitte ein Kern
2605,s21,cherry,fruit,Kirsche,wachsen auf Bäumen
2606,s21,cherry,fruit,Kirsche,man kann Marmelade machen
2607,s21,sweater,clothing,Pullover,ein Kleidungsstück
2608,s21,sweater,clothing,Pullover,zieht man an
2609,s21,sweater,clothing,Pullover,wenn es kalt ist
2610,s21,sweater,clothing,Pullover,für Männer und Frauen
2611,s21,sweater,clothing,Pullover,für Männer und Frauen
2612,s21,sweater,clothing,Pullover,trägt man am Oberkörper
2613,s21,pear,fruit,Birne,Frucht
2614,s21,pear,fruit,Birne,wächst auf Bäumen
2615,s21,pear,fruit,Birne,verschiedene Sorten
2616,s21,pear,fruit,Birne,hat einen Stängel
2617,s21,pear,fruit,Birne,kann man essen
2618,s21,pear,fruit,Birne,gesund
2619,s21,tower,building,Turm,hohes
2620,s21,tower,building,Turm,ein Gebäude
2621,s21,tower,building,Turm,mit Steinblöcken gebaut
2622,s21,tower,building,Turm,sehr alt
2623,s21,dog,mammal,Hund,ein Tier
2624,s21,dog,mammal,Hund,ein Haustier
2625,s21,dog,mammal,Hund,ein Haustier
2626,s21,dog,mammal,Hund,bellt
2627,s21,dog,mammal,Hund,hat 4 Beine
2628,s21,dog,mammal,Hund,hat einen Schwanz
2629,s21,dog,mammal,Hund,hat eine Schnauze
2630,s21,dog,mammal,Hund,muss man von klein auf erziehen dass er auf den Menschen hört
2631,s21,woodpecker,bird,Specht,eine Art Vogel
2632,s21,woodpecker,bird,Specht,hat einen langen Schnabel
2633,s21,woodpecker,bird,Specht,kann fliegen
2634,s21,truck,vehicle,Lastwagen,ein Fahrzeug
2635,s21,truck,vehicle,Lastwagen,größer als ein Auto
2636,s21,truck,vehicle,Lastwagen,verschiedene Sachen von einem Ort zum andern zu transportieren
2637,s21,truck,vehicle,Lastwagen,hat einen Anhänger
2638,s21,hand,bodypart,Hand,ein Körperteil
2639,s21,hand,bodypart,Hand,verschiedene Sachen ertasten
2640,s21,hand,bodypart,Hand,essen
2641,s21,hand,bodypart,Hand,schreiben
2642,s21,hand,bodypart,Hand,jeder Mensch hat 2
2643,s21,eye,bodypart,Auge,ein Sinnesorgan
2644,s21,eye,bodypart,Auge,man hat 2
2645,s21,eye,bodypart,Auge,damit sehen
2646,s21,eye,bodypart,Auge,Menschen
2647,s21,eye,bodypart,Auge,haben verschiedene Farben
2648,s21,eye,bodypart,Auge,grün
2649,s21,bed,furniture,Bett,braucht man um zu schlafen
2650,s21,bed,furniture,Bett,hat eine weiche Matratze
2651,s21,bed,furniture,Bett,damit es bequem ist
2652,s21,bed,furniture,Bett,fast alle haben eines im Schlafzimmer
2653,s21,seagull,bird,Möwe,Eine Art Vogel
2654,s21,seagull,bird,Möwe,essen gerne Fische
2655,s21,seagull,bird,Möwe,weiß
2656,s21,seagull,bird,Möwe,haben einen großen Schnabel
2657,s21,seagull,bird,Möwe,können fliegen
2658,s22,head,bodypart,Kopf,ganz oben am Körper
2659,s22,head,bodypart,Kopf,hat Haare
2660,s22,head,bodypart,Kopf,hat eine Nase
2661,s22,head,bodypart,Kopf,hat einen Mund
2662,s22,head,bodypart,Kopf,hat 2 Augen
2663,s22,head,bodypart,Kopf,hat 2 Ohren
2664,s22,head,bodypart,Kopf,auf dem Hals
2665,s22,head,bodypart,Kopf,drinnen befindet sich das Gehirn
2666,s22,airplane,vehicle,Flugzeug,mit dem von einem Ort zum anderen reisen
2667,s22,airplane,vehicle,Flugzeug,fliegt in der Luft
2668,s22,airplane,vehicle,Flugzeug,fliegt in der Luft
2669,s22,airplane,vehicle,Flugzeug,für einzelne Menschen
2670,s22,airplane,vehicle,Flugzeug,klein
2671,s22,airplane,vehicle,Flugzeug,für mehrere Menschen
2672,s22,airplane,vehicle,Flugzeug,groß
2673,s22,spinach,vegetable,Spinat,grün
2674,s22,spinach,vegetable,Spinat,Gemüse
2675,s22,spinach,vegetable,Spinat,zum essen
2676,s22,spinach,vegetable,Spinat,enthält viel Eisen
2677,s22,spinach,vegetable,Spinat,man kann Spazlen machen
2678,s22,spinach,vegetable,Spinat,man kann Knödel machen
2679,s22,spinach,vegetable,Spinat,man kann roh essen
2680,s22,spinach,vegetable,Spinat,man kann gekocht essen
2681,s22,comb,implement,Kamm,damit die Haare kämmen
2682,s22,comb,implement,Kamm,eine Frisur machen
2683,s22,comb,implement,Kamm,einfach nur auskämmen
2684,s22,comb,implement,Kamm,Knöpfe in den Haaren entfernen
2685,s22,skyscraper,building,Wolkenkratzer,hoch
2686,s22,skyscraper,building,Wolkenkratzer,groß
2687,s22,skyscraper,building,Wolkenkratzer,ein Haus
2688,s22,skyscraper,building,Wolkenkratzer,mit mehreren Stockwerken
2689,s22,skyscraper,building,Wolkenkratzer,eher in Städten gebaut
2690,s22,potato,vegetable,Kartoffel,ein Nachtschattengewächs
2691,s22,potato,vegetable,Kartoffel,wächst unter der Erde
2692,s22,potato,vegetable,Kartoffel,oval
2693,s22,potato,vegetable,Kartoffel,innen gelb
2694,s22,potato,vegetable,Kartoffel,außen braun
2695,s22,potato,vegetable,Kartoffel,verschiedene Kartoffelgerichte machen
2696,s22,potato,vegetable,Kartoffel,Chips
2697,s22,potato,vegetable,Kartoffel,Pommes
2698,s22,potato,vegetable,Kartoffel,Pellkartoffel
2699,s22,potato,vegetable,Kartoffel,?pure
2700,s22,socks,clothing,Socken,wärmen die Füße
2701,s22,socks,clothing,Socken,lange im Winter
2702,s22,socks,clothing,Socken,kurze im Sommer
2703,s22,socks,clothing,Socken,in verschiedenen Farben
2704,s22,socks,clothing,Socken,hygienischer in Schuhen als ohne
2705,s22,corn,vegetable,Mais,aus einer Pflanze gewonnen
2706,s22,corn,vegetable,Mais,wächst in Kolben
2707,s22,corn,vegetable,Mais,wächst auf einer Pflanze
2708,s22,corn,vegetable,Mais,gelb
2709,s22,corn,vegetable,Mais,körnig
2710,s22,corn,vegetable,Mais,ein Gemüse
2711,s22,orange,fruit,Orange,eine Frucht
2712,s22,orange,fruit,Orange,orange
2713,s22,orange,fruit,Orange,eher sauer
2714,s22,orange,fruit,Orange,"hat 10 Stöcke, Orangenzehen"
2715,s22,orange,fruit,Orange,enthält viel Vitamin C
2716,s22,jacket,clothing,Jacke,zieht man über dem Pullover an
2717,s22,jacket,clothing,Jacke,zieht man an wenn es kalt ist
2718,s22,jacket,clothing,Jacke,windfest
2719,s22,jacket,clothing,Jacke,regenfest
2720,s22,shoes,clothing,Schuhe,zieht man an den Füßen an
2721,s22,shoes,clothing,Schuhe,gibt es zum zubinden
2722,s22,shoes,clothing,Schuhe,gibt es mit strap
2723,s22,shoes,clothing,Schuhe,gibt es zum hineinschlüpfen
2724,s22,shoes,clothing,Schuhe,gibt es zum zuschnüren
2725,s22,shoes,clothing,Schuhe,haben eine feste Sohle
2726,s22,onion,vegetable,Zwiebel,ein Gemüse
2727,s22,onion,vegetable,Zwiebel,ist eine Knolle
2728,s22,onion,vegetable,Zwiebel,rot
2729,s22,onion,vegetable,Zwiebel,weiß
2730,s22,onion,vegetable,Zwiebel,bringt zum Weinen beim Aufschneiden
2731,s22,goose,bird,Gans,ein Tier
2732,s22,goose,bird,Gans,weiße Federn
2733,s22,goose,bird,Gans,einen Schnabel
2734,s22,goose,bird,Gans,2 Füße
2735,s22,goose,bird,Gans,2 Flügel
2736,s22,goose,bird,Gans,kann man braten (ohne Flügel)
2737,s22,peas,vegetable,Erbsen,ein Gemüse
2738,s22,peas,vegetable,Erbsen,klein
2739,s22,peas,vegetable,Erbsen,rund
2740,s22,peas,vegetable,Erbsen,grün
2741,s22,ship,vehicle,Schiff,schwimmt auf dem Wasser
2742,s22,ship,vehicle,Schiff,kann Personen transportieren
2743,s22,ship,vehicle,Schiff,kann Personen transportieren
2744,s22,ship,vehicle,Schiff,kann Waren transportieren
2745,s22,ship,vehicle,Schiff,kann Waren transportieren
2746,s22,ship,vehicle,Schiff,groß
2747,s22,ship,vehicle,Schiff,klein
2748,s22,ship,vehicle,Schiff,Segelschiffe
2749,s22,ship,vehicle,Schiff,Fähren
2750,s22,garage,building,Garage,zum Parken des Autos
2751,s22,garage,building,Garage,zum Abstellen von Gegenständen die man nicht mehr braucht
2752,s22,bridge,building,Brücke,führt über einen Fluss
2753,s22,bridge,building,Brücke,darüber fahren
2754,s22,bridge,building,Brücke,darüber gehen
2755,s22,bridge,building,Brücke,fixe Brücken oder Zugbrücken
2756,s22,bridge,building,Brücke,fixe Brücken oder Zugbrücken
2757,s22,apple,fruit,Apfel,eine Obstart
2758,s22,apple,fruit,Apfel,wächst auf einem Baum
2759,s22,apple,fruit,Apfel,grün
2760,s22,apple,fruit,Apfel,rot
2761,s22,apple,fruit,Apfel,gelb
2762,s22,apple,fruit,Apfel,kann Mischfarben haben
2763,s22,apple,fruit,Apfel,schmeckt süßlich
2764,s22,apple,fruit,Apfel,schmeckt sauer wenn unreif
2765,s22,closet,furniture,Schrank,zum Aufbewahren von Kleidungsstücken und auch anderen Sachen
2766,s22,closet,furniture,Schrank,aus Holz
2767,s22,closet,furniture,Schrank,hat eine Tür oder 2 Türen
2768,s22,leg,bodypart,Bein,Mensch hat 2 davon
2769,s22,leg,bodypart,Bein,Fuß hängt daran
2770,s22,leg,bodypart,Bein,braucht man zum gehen
2771,s22,leg,bodypart,Bein,braucht man zum laufen
2772,s22,leg,bodypart,Bein,braucht man zum stehen
2773,s22,leg,bodypart,Bein,beweglich wegen Gelenken
2774,s22,table,furniture,Tisch,zum Draufstellen von Dingen
2775,s22,table,furniture,Tisch,hat 3 Tischbeine oder mehr damit er nicht umfällt
2776,s22,table,furniture,Tisch,Stühle sind dabei
2777,s22,tongs,implement,Zange,ein Werkzeug
2778,s22,tongs,implement,Zange,zum Schneiden von Draht
2779,s22,tongs,implement,Zange,zum Schneiden von Kabel
2780,s22,tongs,implement,Zange,zum Zusammendrücken
2781,s22,tongs,implement,Zange,zum Herausziehen von Nägeln
2782,s22,tongs,implement,Zange,zum Festhalten
2783,s22,tongs,implement,Zange,aus einem Metall
2784,s22,train,vehicle,Zug,zum Transportieren von Menschen
2785,s22,train,vehicle,Zug,zum Transportieren von Menschen
2786,s22,train,vehicle,Zug,zum Transportieren von Gütern
2787,s22,train,vehicle,Zug,zum Transportieren von Gütern
2788,s22,train,vehicle,Zug,fährt auf Schienen
2789,s22,train,vehicle,Zug,angetrieben mit Elektrizität
2790,s22,train,vehicle,Zug,angetrieben mit Diesel
2791,s22,train,vehicle,Zug,kann aus mehreren Waggons bestehen
2792,s22,train,vehicle,Zug,Lokomotive führt an
2793,s22,sparrow,bird,Spatz,Singvogel
2794,s22,sparrow,bird,Spatz,Singvogel
2795,s22,pineapple,fruit,Ananas,exotisch
2796,s22,pineapple,fruit,Ananas,Frucht
2797,s22,pineapple,fruit,Ananas,schmeckt süß
2798,s22,pineapple,fruit,Ananas,wächst auf einem Baum
2799,s22,pineapple,fruit,Ananas,man muss beim Essen die äußere Schicht abschneiden
2800,s22,pineapple,fruit,Ananas,man muss beim Essen die Blätter abschneiden
2801,s22,pineapple,fruit,Ananas,Spongebob wohnt drinnen
2802,s23,armchair,furniture,Sessel,etwas zum Sitzen
2803,s23,armchair,furniture,Sessel,bequem
2804,s23,armchair,furniture,Sessel,weich
2805,s23,broom,implement,Besen,Dreck wegmachen
2806,s23,broom,implement,Besen,ein Stiel
2807,s23,broom,implement,Besen,mit einem bürstenähnlichen Ende
2808,s23,broom,implement,Besen,"ca. 1,50 cm"
2809,s23,rabbit,mammal,Hase,ein Säugetier
2810,s23,rabbit,mammal,Hase,hat zwei lange Ohren
2811,s23,rabbit,mammal,Hase,isst gerne Karotten
2812,s23,rabbit,mammal,Hase,hat 2 große Zähne
2813,s23,rabbit,mammal,Hase,hat ein kurzes Schwänzchen
2814,s23,chair,furniture,Stuhl,ein Ding
2815,s23,chair,furniture,Stuhl,wo man draufsitzt
2816,s23,chair,furniture,Stuhl,hat eine Lehne
2817,s23,chair,furniture,Stuhl,gehört zu einem Tisch dazu
2818,s23,chair,furniture,Stuhl,es kann nur 1 Person sitzen
2819,s23,chemise,clothing,Hemd,etwas zum Anziehen
2820,s23,chemise,clothing,Hemd,hat viele Knöpfe zum Zumachen
2821,s23,chemise,clothing,Hemd,hat viele Knöpfe zum Zumachen
2822,s23,chemise,clothing,Hemd,hat einen Kragen
2823,s23,chemise,clothing,Hemd,kariert
2824,s23,chemise,clothing,Hemd,von Männern getragen
2825,s23,bus,vehicle,Bus,groß
2826,s23,bus,vehicle,Bus,ein Fahrzeug
2827,s23,bus,vehicle,Bus,viele Sitzplätze
2828,s23,bus,vehicle,Bus,viele Menschen können mitgenommen werden
2829,s23,sword,implement,Schwert,ein Werkzeug
2830,s23,sword,implement,Schwert,um andere zu verletzen
2831,s23,sword,implement,Schwert,scharf
2832,s23,sword,implement,Schwert,die Ritter benutzten es
2833,s23,horse,mammal,Pferd,ein Tier
2834,s23,horse,mammal,Pferd,darauf reiten
2835,s23,horse,mammal,Pferd,hat einen langen Schweif
2836,s23,horse,mammal,Pferd,hat Mähnen
2837,s23,horse,mammal,Pferd,hat ein großes Maul
2838,s23,finger,bodypart,Finger,ein Teil der Hand
2839,s23,finger,bodypart,Finger,man kann ihn biegen
2840,s23,finger,bodypart,Finger,mehrere Finger an einer Hand
2841,s23,bear,mammal,Bär,ein Tier
2842,s23,bear,mammal,Bär,hat scharfe Zähne
2843,s23,bear,mammal,Bär,braun
2844,s23,bear,mammal,Bär,stark
2845,s23,bear,mammal,Bär,gefährlich
2846,s23,bear,mammal,Bär,lebt in großer Wildnis
2847,s23,monkey,mammal,Affe,menschenähnlich
2848,s23,monkey,mammal,Affe,ein Tier
2849,s23,monkey,mammal,Affe,intelligent
2850,s23,monkey,mammal,Affe,machen komische Geräusche
2851,s23,monkey,mammal,Affe,bewegen sich fast wie Menschen
2852,s23,owl,bird,Eule,nachtaktiv
2853,s23,owl,bird,Eule,ein Vogel
2854,s23,owl,bird,Eule,frisst Mäuse
2855,s23,owl,bird,Eule,frisst andere Kleintiere
2856,s23,owl,bird,Eule,kann Kopf weit um die eigene Achse drehen
2857,s23,church,building,Kirche,ein Gebäude
2858,s23,church,building,Kirche,es werden Messen abgehalten
2859,s23,church,building,Kirche,eine Orgel ist darin
2860,s23,church,building,Kirche,ein Altar
2861,s23,church,building,Kirche,viele Bänke zum Sitzen und Knien
2862,s23,paintbrush,implement,Pinsel,kleiner Stiel
2863,s23,paintbrush,implement,Pinsel,mit Kunsthaaren
2864,s23,paintbrush,implement,Pinsel,damit malen
2865,s23,cherry,fruit,Kirsche,eine Frucht
2866,s23,cherry,fruit,Kirsche,in der Mitte ist ein Kern
2867,s23,cherry,fruit,Kirsche,rot
2868,s23,cherry,fruit,Kirsche,gibts im Sommer
2869,s23,sweater,clothing,Pullover,etwas zum Anziehen
2870,s23,sweater,clothing,Pullover,hält im Winter warm
2871,s23,pear,fruit,Birne,eine Frucht
2872,s23,pear,fruit,Birne,sieht aus wie eine Glühbirne
2873,s23,pear,fruit,Birne,gibts im Sommer
2874,s23,pear,fruit,Birne,ist grün/gelb
2875,s23,tower,building,Turm,mit Steinen gebaut
2876,s23,tower,building,Turm,hoch
2877,s23,tower,building,Turm,mit einer Stiege im Inneren
2878,s23,tower,building,Turm,kann man den Turm besteigen
2879,s23,tower,building,Turm,hat ein Dach
2880,s23,dog,mammal,Hund,ein Tier
2881,s23,dog,mammal,Hund,ein guter Freund des Menschen
2882,s23,dog,mammal,Hund,kann gut riechen
2883,s23,dog,mammal,Hund,kann gut hören
2884,s23,dog,mammal,Hund,sieht schlecht
2885,s23,woodpecker,bird,Specht,ein Vogel
2886,s23,woodpecker,bird,Specht,macht den Bäumen Löcher
2887,s23,woodpecker,bird,Specht,macht Schlaggeräusche beim pecken
2888,s23,woodpecker,bird,Specht,ist bunt
2889,s23,woodpecker,bird,Specht,lebt im Wald
2890,s23,truck,vehicle,Lastwagen,ein Fahrzeug
2891,s23,truck,vehicle,Lastwagen,damit Lebensmittel transportieren
2892,s23,truck,vehicle,Lastwagen,damit Lebensmittel transportieren
2893,s23,truck,vehicle,Lastwagen,lang
2894,s23,truck,vehicle,Lastwagen,groß
2895,s23,truck,vehicle,Lastwagen,eckig
2896,s23,hand,bodypart,Hand,Körperteil des Menschen
2897,s23,hand,bodypart,Hand,hat 5 Finger
2898,s23,hand,bodypart,Hand,ist das Ende vom Arm
2899,s23,hand,bodypart,Hand,beweglich
2900,s23,hand,bodypart,Hand,damit gut greifen
2901,s23,eye,bodypart,Auge,im Gesicht
2902,s23,eye,bodypart,Auge,man hat 2 davon
2903,s23,eye,bodypart,Auge,in der Mitte schwarzer Punkt
2904,s23,eye,bodypart,Auge,dazwischen liegt die Nase
2905,s23,bed,furniture,Bett,darin liegen
2906,s23,bed,furniture,Bett,gemütlich
2907,s23,bed,furniture,Bett,weich
2908,s23,bed,furniture,Bett,es gibt Einzelbetten
2909,s23,bed,furniture,Bett,es gibt Doppelbetten
2910,s23,seagull,bird,Möwe,weiß
2911,s23,seagull,bird,Möwe,Vogel
2912,s23,seagull,bird,Möwe,am Meer
2913,s23,seagull,bird,Möwe,nervig wenn sie etwas zum Essen sieht
2914,s24,head,bodypart,Kopf,oberstes Teil des menschlichen Körpers
2915,s24,head,bodypart,Kopf,oberstes Teil des menschlichen Körpers
2916,s24,head,bodypart,Kopf,Sitz des Gehirns
2917,s24,head,bodypart,Kopf,mit Winkel an den Körper gebunden
2918,s24,airplane,vehicle,Flugzeug,Transport von Menschen
2919,s24,airplane,vehicle,Flugzeug,Transport von Menschen
2920,s24,airplane,vehicle,Flugzeug,Transport von Gütern
2921,s24,airplane,vehicle,Flugzeug,Transport von Gütern
2922,s24,airplane,vehicle,Flugzeug,auch als Waffen benutzt
2923,s24,airplane,vehicle,Flugzeug,fliegt am Himmel
2924,s24,airplane,vehicle,Flugzeug,fliegt am Himmel
2925,s24,airplane,vehicle,Flugzeug,mehrere Tonnen schwer
2926,s24,spinach,vegetable,Spinat,grün
2927,s24,spinach,vegetable,Spinat,ein Gemüse
2928,s24,spinach,vegetable,Spinat,nährstoffreich
2929,s24,spinach,vegetable,Spinat,wächst im Garten
2930,s24,spinach,vegetable,Spinat,wächst am Boden
2931,s24,comb,implement,Kamm,ein Utensil
2932,s24,comb,implement,Kamm,um Haare in Reih und Glied zu bringen
2933,s24,comb,implement,Kamm,hat viele Borsten
2934,s24,skyscraper,building,Wolkenkratzer,hoch
2935,s24,skyscraper,building,Wolkenkratzer,ein Haus
2936,s24,skyscraper,building,Wolkenkratzer,mit vielen Stöcken
2937,s24,skyscraper,building,Wolkenkratzer,in Großstädten
2938,s24,skyscraper,building,Wolkenkratzer,hat ein flaches Dach
2939,s24,skyscraper,building,Wolkenkratzer,meist Büros
2940,s24,potato,vegetable,Kartoffel,wächst im Acker
2941,s24,potato,vegetable,Kartoffel,eine Knolle
2942,s24,potato,vegetable,Kartoffel,wächst unter der Erde
2943,s24,potato,vegetable,Kartoffel,über der Erde wächst eine Pflanze
2944,s24,potato,vegetable,Kartoffel,kann man essen
2945,s24,socks,clothing,Socken,wärmt die Füße
2946,s24,socks,clothing,Socken,Schutz vor Blasen
2947,s24,corn,vegetable,Mais,ein Getreide
2948,s24,corn,vegetable,Mais,gelb
2949,s24,corn,vegetable,Mais,kleine Körner
2950,s24,corn,vegetable,Mais,kleine Körner
2951,s24,corn,vegetable,Mais,auf einem Kolben
2952,s24,corn,vegetable,Mais,wachsen auf hohen Pflanzen
2953,s24,orange,fruit,Orange,orange
2954,s24,orange,fruit,Orange,Zitrusfrucht
2955,s24,orange,fruit,Orange,hat eine Schale
2956,s24,orange,fruit,Orange,in mehrere Teile unterteilt
2957,s24,orange,fruit,Orange,wächst im subtropischen Klima
2958,s24,jacket,clothing,Jacke,schützt vor Kälte
2959,s24,jacket,clothing,Jacke,bedeckt den Oberkörper
2960,s24,jacket,clothing,Jacke,aus Stoff hergestellt
2961,s24,jacket,clothing,Jacke,aus Nylon hergestellt
2962,s24,jacket,clothing,Jacke,aus Baumwolle hergestellt
2963,s24,jacket,clothing,Jacke,hat lange Arme
2964,s24,shoes,clothing,Schuhe,schützt vor Nässe
2965,s24,shoes,clothing,Schuhe,schützt vor Kälte
2966,s24,shoes,clothing,Schuhe,zieht man an den Füßen an
2967,s24,shoes,clothing,Schuhe,sind eine harte Unterlage für einen steinigen Weg
2968,s24,onion,vegetable,Zwiebel,wächst im Garten
2969,s24,onion,vegetable,Zwiebel,ein Gemüse
2970,s24,onion,vegetable,Zwiebel,brennt auf der Zunge
2971,s24,onion,vegetable,Zwiebel,brennt in den Augen
2972,s24,onion,vegetable,Zwiebel,kann man essen
2973,s24,onion,vegetable,Zwiebel,kann man rösten
2974,s24,goose,bird,Gans,ein Tier
2975,s24,goose,bird,Gans,hat 2 Füße
2976,s24,goose,bird,Gans,hat 2 Flossen
2977,s24,goose,bird,Gans,ist gefiedert
2978,s24,goose,bird,Gans,gibt Geräusche von sich
2979,s24,goose,bird,Gans,kann schwimmen
2980,s24,goose,bird,Gans,ähnlich einem Huhn
2981,s24,peas,vegetable,Erbsen,ein Gemüse
2982,s24,peas,vegetable,Erbsen,wächst im Garten
2983,s24,peas,vegetable,Erbsen,in eine Hülse eingebettet
2984,s24,peas,vegetable,Erbsen,rund
2985,s24,peas,vegetable,Erbsen,grün
2986,s24,ship,vehicle,Schiff,transportiert Menschen
2987,s24,ship,vehicle,Schiff,transportiert Menschen
2988,s24,ship,vehicle,Schiff,transportiert Güter
2989,s24,ship,vehicle,Schiff,transportiert Güter
2990,s24,ship,vehicle,Schiff,schwimmt auf Wasser
2991,s24,ship,vehicle,Schiff,hat einen Anker zum Anhalten
2992,s24,ship,vehicle,Schiff,mit Öl betrieben
2993,s24,ship,vehicle,Schiff,mit Kohle betrieben
2994,s24,garage,building,Garage,Unterstellort für Auto
2995,s24,garage,building,Garage,Raum
2996,s24,garage,building,Garage,in welchem Fahrzeuge stehen
2997,s24,bridge,building,Brücke,Verbindung eines Ufers eines Flusses mit dem anderen
2998,s24,bridge,building,Brücke,Übergang eines Flusses
2999,s24,apple,fruit,Apfel,Obst
3000,s24,apple,fruit,Apfel,wächst auf Bäumen
3001,s24,apple,fruit,Apfel,hat Kern in der Mitte
3002,s24,apple,fruit,Apfel,Kerngehäuse
3003,s24,apple,fruit,Apfel,verschiedene Sorten
3004,s24,apple,fruit,Apfel,grün
3005,s24,apple,fruit,Apfel,rot
3006,s24,apple,fruit,Apfel,gelb
3007,s24,closet,furniture,Schrank,Aufbewahrungsort für Gegenstände
3008,s24,closet,furniture,Schrank,hat eine oder mehrere Türen
3009,s24,closet,furniture,Schrank,steht in einem Raum im Haus
3010,s24,leg,bodypart,Bein,Körperteil des Menschen
3011,s24,leg,bodypart,Bein,zur Fortbewegung
3012,s24,leg,bodypart,Bein,hat ein Gelenk in der Mitte
3013,s24,leg,bodypart,Bein,hat ein Knie
3014,s24,table,furniture,Tisch,hat 4 Beine
3015,s24,table,furniture,Tisch,aus Holz
3016,s24,table,furniture,Tisch,ist eine gerade Platte mit Stützen darunter
3017,s24,table,furniture,Tisch,ist eine gerade Platte mit Stützen darunter
3018,s24,table,furniture,Tisch,dient als Unterlage
3019,s24,tongs,implement,Zange,ein Werkzeug
3020,s24,tongs,implement,Zange,damit etwas einklemmen
3021,s24,tongs,implement,Zange,in der Werkstatt
3022,s24,tongs,implement,Zange,aus Metall
3023,s24,train,vehicle,Zug,transportiert Menschen
3024,s24,train,vehicle,Zug,transportiert Menschen
3025,s24,train,vehicle,Zug,transportiert Güter
3026,s24,train,vehicle,Zug,transportiert Güter
3027,s24,train,vehicle,Zug,fährt auf Schienen
3028,s24,sparrow,bird,Spatz,ein Vogel
3029,s24,sparrow,bird,Spatz,peckt Löcher in Bäume
3030,s24,sparrow,bird,Spatz,verschiedene Arten
3031,s24,sparrow,bird,Spatz,hat einen Schnabel
3032,s24,sparrow,bird,Spatz,hat Federn
3033,s24,pineapple,fruit,Ananas,Frucht
3034,s24,pineapple,fruit,Ananas,wächst im tropischen Klima
3035,s24,pineapple,fruit,Ananas,wächst auf Palmen
3036,s24,pineapple,fruit,Ananas,innen gelb
3037,s24,pineapple,fruit,Ananas,außen braun
3038,s24,pineapple,fruit,Ananas,schmeckt süßlich
3039,s25,armchair,furniture,Sessel,gemütlich
3040,s25,armchair,furniture,Sessel,zum Sitzen
3041,s25,armchair,furniture,Sessel,steht fest
3042,s25,armchair,furniture,Sessel,rollt
3043,s25,broom,implement,Besen,zum Kehren
3044,s25,broom,implement,Besen,langer Stock
3045,s25,broom,implement,Besen,mit Borsten
3046,s25,broom,implement,Besen,zum Säubern
3047,s25,broom,implement,Besen,Arbeitsgerät
3048,s25,rabbit,mammal,Hase,ein Tier
3049,s25,rabbit,mammal,Hase,kann hoppeln
3050,s25,rabbit,mammal,Hase,große Ohren
3051,s25,rabbit,mammal,Hase,isst gerne Möhren
3052,s25,rabbit,mammal,Hase,2 große Schneidezähne
3053,s25,rabbit,mammal,Hase,kuschlig
3054,s25,chair,furniture,Stuhl,darauf sitzen
3055,s25,chair,furniture,Stuhl,neben einer Bank
3056,s25,chair,furniture,Stuhl,Rückenlehne
3057,s25,chair,furniture,Stuhl,fest am Boden
3058,s25,chair,furniture,Stuhl,fest am Boden
3059,s25,chemise,clothing,Hemd,anziehen
3060,s25,chemise,clothing,Hemd,dünn
3061,s25,chemise,clothing,Hemd,aus Seide
3062,s25,chemise,clothing,Hemd,aus Baumwolle
3063,s25,chemise,clothing,Hemd,Knöpfe
3064,s25,chemise,clothing,Hemd,steckt man gerne unter Hose
3065,s25,chemise,clothing,Hemd,elegant
3066,s25,bus,vehicle,Bus,benutzen Schüler
3067,s25,bus,vehicle,Bus,benutzen Arbeiter
3068,s25,bus,vehicle,Bus,viele Sitze
3069,s25,bus,vehicle,Bus,fährt auf der Straße
3070,s25,bus,vehicle,Bus,fährt auf der Straße
3071,s25,bus,vehicle,Bus,hält an Haltestellen
3072,s25,bus,vehicle,Bus,man braucht Stempelkarte
3073,s25,sword,implement,Schwert,"scharfe, spitze Schneide"
3074,s25,sword,implement,Schwert,gefährlich
3075,s25,sword,implement,Schwert,trugen Ritter
3076,s25,sword,implement,Schwert,trugen Kämpfer
3077,s25,sword,implement,Schwert,zum Kämpfen
3078,s25,sword,implement,Schwert,zum zerschneiden
3079,s25,horse,mammal,Pferd,groß
3080,s25,horse,mammal,Pferd,Tier
3081,s25,horse,mammal,Pferd,drauf reiten
3082,s25,horse,mammal,Pferd,lange Mähne
3083,s25,horse,mammal,Pferd,kurzes Fell
3084,s25,finger,bodypart,Finger,Körperteil
3085,s25,finger,bodypart,Finger,damit zeigen
3086,s25,finger,bodypart,Finger,5 verschiedene und 2 davon
3087,s25,finger,bodypart,Finger,besitzt jede Hand
3088,s25,finger,bodypart,Finger,besitzt Nagel
3089,s25,bear,mammal,Bär,bei uns selten
3090,s25,bear,mammal,Bär,Tier
3091,s25,bear,mammal,Bär,liebt Honig
3092,s25,bear,mammal,Bär,groß
3093,s25,bear,mammal,Bär,langes Fell
3094,s25,bear,mammal,Bär,kuschelig
3095,s25,bear,mammal,Bär,brüllt
3096,s25,monkey,mammal,Affe,klettert auf Bäumen
3097,s25,monkey,mammal,Affe,macht Geräusche wie u u u u a a a a
3098,s25,monkey,mammal,Affe,große Hände
3099,s25,monkey,mammal,Affe,große Füße
3100,s25,monkey,mammal,Affe,isst gerne Bananen
3101,s25,owl,bird,Eule,große Augen
3102,s25,owl,bird,Eule,nachtaktiv
3103,s25,owl,bird,Eule,lebt im Wald
3104,s25,owl,bird,Eule,Schnabel
3105,s25,owl,bird,Eule,Krallen
3106,s25,church,building,Kirche,Haus Gottes genannt
3107,s25,church,building,Kirche,Pfarrer
3108,s25,church,building,Kirche,Ministranten
3109,s25,church,building,Kirche,Chor
3110,s25,church,building,Kirche,dort betet man
3111,s25,church,building,Kirche,katholische Menschen
3112,s25,paintbrush,implement,Pinsel,damit etwas malen
3113,s25,paintbrush,implement,Pinsel,mit Wasserfarben
3114,s25,paintbrush,implement,Pinsel,Borsten
3115,s25,cherry,fruit,Kirsche,Obst
3116,s25,cherry,fruit,Kirsche,rot
3117,s25,cherry,fruit,Kirsche,im Doppelpack
3118,s25,cherry,fruit,Kirsche,Kern
3119,s25,cherry,fruit,Kirsche,süß
3120,s25,cherry,fruit,Kirsche,daraus Saft machen
3121,s25,cherry,fruit,Kirsche,daraus Marmelade machen
3122,s25,cherry,fruit,Kirsche,Sommer
3123,s25,sweater,clothing,Pullover,hält warm
3124,s25,sweater,clothing,Pullover,Kleidungsstück
3125,s25,sweater,clothing,Pullover,"trägt man Herbst, Frühling, Winter"
3126,s25,sweater,clothing,Pullover,"trägt man Herbst, Frühling, Winter"
3127,s25,sweater,clothing,Pullover,"trägt man Herbst, Frühling, Winter"
3128,s25,sweater,clothing,Pullover,kuschelig
3129,s25,sweater,clothing,Pullover,lange Ärmel
3130,s25,pear,fruit,Birne,Obst
3131,s25,pear,fruit,Birne,"gelb, grün"
3132,s25,pear,fruit,Birne,Sommer
3133,s25,pear,fruit,Birne,ergibt Schnaps
3134,s25,pear,fruit,Birne,weich
3135,s25,pear,fruit,Birne,knackig
3136,s25,tower,building,Turm,hoch
3137,s25,tower,building,Turm,gebaut mit Steinen
3138,s25,tower,building,Turm,Teil eines Schlosses
3139,s25,tower,building,Turm,Aussicht
3140,s25,dog,mammal,Hund,Haustier
3141,s25,dog,mammal,Hund,Haustier
3142,s25,dog,mammal,Hund,knurren
3143,s25,dog,mammal,Hund,bellen
3144,s25,dog,mammal,Hund,beißen
3145,s25,dog,mammal,Hund,beschützt das Haus
3146,s25,dog,mammal,Hund,liebt Spaziergänge
3147,s25,dog,mammal,Hund,Freund des Menschen
3148,s25,woodpecker,bird,Specht,Tier
3149,s25,woodpecker,bird,Specht,lebt im Wald
3150,s25,woodpecker,bird,Specht,großer Schnabel
3151,s25,woodpecker,bird,Specht,buntes Federkleid
3152,s25,woodpecker,bird,Specht,Vogel
3153,s25,woodpecker,bird,Specht,schlägt mit Schnabel zu Baum
3154,s25,truck,vehicle,Lastwagen,Arbeitsauto
3155,s25,truck,vehicle,Lastwagen,Arbeitsauto
3156,s25,truck,vehicle,Lastwagen,Autos die man in Firmen benutzt
3157,s25,truck,vehicle,Lastwagen,transportieren
3158,s25,hand,bodypart,Hand,Körperteil
3159,s25,hand,bodypart,Hand,besteht aus Finger
3160,s25,hand,bodypart,Hand,besteht aus Fläche
3161,s25,hand,bodypart,Hand,2 davon hat jeder
3162,s25,eye,bodypart,Auge,Sinnesorgan
3163,s25,eye,bodypart,Auge,im Gesicht
3164,s25,eye,bodypart,Auge,blau
3165,s25,eye,bodypart,Auge,braun
3166,s25,eye,bodypart,Auge,grün
3167,s25,eye,bodypart,Auge,zum Sehen
3168,s25,eye,bodypart,Auge,Bindehaut
3169,s25,eye,bodypart,Auge,Regenbogenhaut
3170,s25,eye,bodypart,Auge,Linse
3171,s25,eye,bodypart,Auge,Pupille
3172,s25,bed,furniture,Bett,kuschelig
3173,s25,bed,furniture,Bett,zum Schlafen
3174,s25,bed,furniture,Bett,Polster
3175,s25,bed,furniture,Bett,Federbett
3176,s25,bed,furniture,Bett,aus Holz
3177,s25,bed,furniture,Bett,verschiedene Formen
3178,s25,seagull,bird,Möwe,am Meer
3179,s25,seagull,bird,Möwe,ein Vogel
3180,s25,seagull,bird,Möwe,fischt die Fische
3181,s25,seagull,bird,Möwe,weiß
3182,s25,seagull,bird,Möwe,orangenen Schnabel
3183,s26,head,bodypart,Kopf,damit denken
3184,s26,head,bodypart,Kopf,hat jeder
3185,s26,head,bodypart,Kopf,Körperteil
3186,s26,head,bodypart,Kopf,auf dem Hals
3187,s26,head,bodypart,Kopf,man hat auch Schmerzen
3188,s26,head,bodypart,Kopf,Haare drauf
3189,s26,airplane,vehicle,Flugzeug,vom Menschen gebaut
3190,s26,airplane,vehicle,Flugzeug,fliegt nach oben
3191,s26,airplane,vehicle,Flugzeug,fliegt nach oben
3192,s26,airplane,vehicle,Flugzeug,transportiert Menschen
3193,s26,airplane,vehicle,Flugzeug,transportiert Menschen
3194,s26,airplane,vehicle,Flugzeug,transportiert Waren
3195,s26,airplane,vehicle,Flugzeug,transportiert Waren
3196,s26,airplane,vehicle,Flugzeug,schnell
3197,s26,airplane,vehicle,Flugzeug,ist schwer
3198,s26,airplane,vehicle,Flugzeug,ähnlich wie ein Vogel
3199,s26,spinach,vegetable,Spinat,findet man im Garten
3200,s26,spinach,vegetable,Spinat,grün
3201,s26,spinach,vegetable,Spinat,Kinder mögen es nicht
3202,s26,spinach,vegetable,Spinat,Popeye mag es aber schon
3203,s26,spinach,vegetable,Spinat,gesund
3204,s26,spinach,vegetable,Spinat,Nahrungsmittel
3205,s26,comb,implement,Kamm,im Bad
3206,s26,comb,implement,Kamm,verwenden Frauen
3207,s26,comb,implement,Kamm,um die Haare in Ordnung zu bringen
3208,s26,comb,implement,Kamm,aus Plastik
3209,s26,comb,implement,Kamm,aus Holz
3210,s26,skyscraper,building,Wolkenkratzer,hoch
3211,s26,skyscraper,building,Wolkenkratzer,in Großstädten
3212,s26,skyscraper,building,Wolkenkratzer,hat viele Fenster
3213,s26,skyscraper,building,Wolkenkratzer,berühmt in den USA
3214,s26,potato,vegetable,Kartoffel,im Garten
3215,s26,potato,vegetable,Kartoffel,Nahrungsmittel
3216,s26,potato,vegetable,Kartoffel,gesund
3217,s26,potato,vegetable,Kartoffel,früher mehr verwendet als heute
3218,s26,potato,vegetable,Kartoffel,Pommes mögen alle Kinder
3219,s26,potato,vegetable,Kartoffel,verschiedene Speisen
3220,s26,socks,clothing,Socken,hält Füße warm
3221,s26,socks,clothing,Socken,verschiedene Materialien
3222,s26,socks,clothing,Socken,Kleidungsstück
3223,s26,socks,clothing,Socken,zieht man an bevor man in die Schuhe schlüpft
3224,s26,corn,vegetable,Mais,klein
3225,s26,corn,vegetable,Mais,gelb
3226,s26,corn,vegetable,Mais,Körner
3227,s26,corn,vegetable,Mais,findet man in Feldern
3228,s26,corn,vegetable,Mais,kaufen in Dosen
3229,s26,corn,vegetable,Mais,kaufen in Dosen
3230,s26,corn,vegetable,Mais,Hühner haben sie gern
3231,s26,corn,vegetable,Mais,kann man zum Salat geben
3232,s26,orange,fruit,Orange,hat jeder Mensch
3233,s26,orange,fruit,Orange,viele verschiedene
3234,s26,orange,fruit,Orange,im Körper drin
3235,s26,orange,fruit,Orange,meist schleimig
3236,s26,orange,fruit,Orange,lebensnotwendig
3237,s26,orange,fruit,Orange,kann man ersetzen
3238,s26,jacket,clothing,Jacke,hält den Körper warm
3239,s26,jacket,clothing,Jacke,ausgestopft
3240,s26,jacket,clothing,Jacke,dick
3241,s26,jacket,clothing,Jacke,dünn
3242,s26,jacket,clothing,Jacke,Kleidungsstück
3243,s26,jacket,clothing,Jacke,an den menschlichen Körper angepasst
3244,s26,shoes,clothing,Schuhe,warme
3245,s26,shoes,clothing,Schuhe,kalte
3246,s26,shoes,clothing,Schuhe,schlüpft mit den Füßen hinein
3247,s26,shoes,clothing,Schuhe,halten warm
3248,s26,shoes,clothing,Schuhe,schützen
3249,s26,shoes,clothing,Schuhe,kamott o. unkamott
3250,s26,onion,vegetable,Zwiebel,Gemüse
3251,s26,onion,vegetable,Zwiebel,im Garten
3252,s26,onion,vegetable,Zwiebel,hat eine Schale
3253,s26,onion,vegetable,Zwiebel,verschiedene Schichten
3254,s26,onion,vegetable,Zwiebel,beim Schneiden tränen die Augen
3255,s26,onion,vegetable,Zwiebel,gesund
3256,s26,goose,bird,Gans,Tier
3257,s26,goose,bird,Gans,schwimmt übers Wasser
3258,s26,goose,bird,Gans,mag Fische
3259,s26,goose,bird,Gans,weiß
3260,s26,goose,bird,Gans,zu Weihnachten essen
3261,s26,goose,bird,Gans,hat gelben Schnabel
3262,s26,peas,vegetable,Erbsen,klein grün
3263,s26,peas,vegetable,Erbsen,klein grün
3264,s26,peas,vegetable,Erbsen,in Dosen kaufen
3265,s26,peas,vegetable,Erbsen,gesund
3266,s26,peas,vegetable,Erbsen,Gemüseart
3267,s26,peas,vegetable,Erbsen,weich wenn gekocht
3268,s26,ship,vehicle,Schiff,groß
3269,s26,ship,vehicle,Schiff,Transportmittel für Waren
3270,s26,ship,vehicle,Schiff,Transportmittel für Waren
3271,s26,ship,vehicle,Schiff,Transportmittel für Waren
3272,s26,ship,vehicle,Schiff,Transportmittel für Menschen
3273,s26,ship,vehicle,Schiff,Transportmittel für Menschen
3274,s26,ship,vehicle,Schiff,Transportmittel für Menschen
3275,s26,ship,vehicle,Schiff,fährt übers Wasser
3276,s26,ship,vehicle,Schiff,kann untergehen
3277,s26,garage,building,Garage,unterirdisch
3278,s26,garage,building,Garage,hat großes Tor
3279,s26,garage,building,Garage,darin steht ein Auto
3280,s26,garage,building,Garage,gehört zu Haus
3281,s26,garage,building,Garage,gehört zu Wohnung
3282,s26,garage,building,Garage,privat
3283,s26,bridge,building,Brücke,über Wasser
3284,s26,bridge,building,Brücke,über andere Straße
3285,s26,bridge,building,Brücke,Übergang
3286,s26,bridge,building,Brücke,hoch
3287,s26,bridge,building,Brücke,Autos fahren drüber
3288,s26,bridge,building,Brücke,Autos fahren drüber
3289,s26,bridge,building,Brücke,Schiffe fahren darunter
3290,s26,bridge,building,Brücke,Schiffe fahren darunter
3291,s26,bridge,building,Brücke,andere Autos fahren darunter
3292,s26,bridge,building,Brücke,andere Autos fahren darunter
3293,s26,apple,fruit,Apfel,rund
3294,s26,apple,fruit,Apfel,gesund
3295,s26,apple,fruit,Apfel,Obst
3296,s26,apple,fruit,Apfel,verschiedene Farben
3297,s26,apple,fruit,Apfel,verschiedene Größen
3298,s26,apple,fruit,Apfel,Würmer manchmal darin zu finden
3299,s26,apple,fruit,Apfel,wächst auf Bäumen
3300,s26,apple,fruit,Apfel,hat Körnchen innen
3301,s26,closet,furniture,Schrank,aus Holz
3302,s26,closet,furniture,Schrank,hoch
3303,s26,closet,furniture,Schrank,Kleider sind darin
3304,s26,closet,furniture,Schrank,eckig
3305,s26,leg,bodypart,Bein,Körperteil
3306,s26,leg,bodypart,Bein,hängt am Rumpf
3307,s26,leg,bodypart,Bein,damit gehen
3308,s26,leg,bodypart,Bein,damit laufen
3309,s26,leg,bodypart,Bein,damit stoßen
3310,s26,leg,bodypart,Bein,beweglich
3311,s26,leg,bodypart,Bein,besteht aus verschiedenen Teilen
3312,s26,table,furniture,Tisch,rund
3313,s26,table,furniture,Tisch,eckig
3314,s26,table,furniture,Tisch,oben flach
3315,s26,table,furniture,Tisch,3 oder mehr Beine
3316,s26,table,furniture,Tisch,meist aus Holz
3317,s26,table,furniture,Tisch,beim Essen vorhanden
3318,s26,table,furniture,Tisch,in jedem Haus
3319,s26,table,furniture,Tisch,in einer Klasse viele
3320,s26,tongs,implement,Zange,verwendet der Zahnarzt
3321,s26,tongs,implement,Zange,viele fürchten sie
3322,s26,tongs,implement,Zange,hält etwas fest
3323,s26,tongs,implement,Zange,hart
3324,s26,tongs,implement,Zange,geht auf und zu
3325,s26,train,vehicle,Zug,schnell
3326,s26,train,vehicle,Zug,Transportmittel
3327,s26,train,vehicle,Zug,Transportmittel
3328,s26,train,vehicle,Zug,viele Menschen haben darin Platz
3329,s26,train,vehicle,Zug,viele Menschen haben darin Platz
3330,s26,train,vehicle,Zug,lang
3331,s26,train,vehicle,Zug,viele Sessel
3332,s26,train,vehicle,Zug,"fährt immer auf derselben ""Straße"""
3333,s26,sparrow,bird,Spatz,klein
3334,s26,sparrow,bird,Spatz,Tier
3335,s26,sparrow,bird,Spatz,kann fliegen
3336,s26,sparrow,bird,Spatz,leicht
3337,s26,sparrow,bird,Spatz,isst die Brösel am Boden
3338,s26,pineapple,fruit,Ananas,Frucht
3339,s26,pineapple,fruit,Ananas,gesund
3340,s26,pineapple,fruit,Ananas,rund
3341,s26,pineapple,fruit,Ananas,Loch in der Mitte
3342,s26,pineapple,fruit,Ananas,Saft daraus machen
3343,s26,pineapple,fruit,Ananas,gelb
3344,s26,pineapple,fruit,Ananas,sauer
3345,s26,pineapple,fruit,Ananas,süß
3346,s27,armchair,furniture,Sessel,darauf sitzen
3347,s27,armchair,furniture,Sessel,bequem
3348,s27,armchair,furniture,Sessel,weich
3349,s27,armchair,furniture,Sessel,kuschelig
3350,s27,armchair,furniture,Sessel,aus Stoff
3351,s27,armchair,furniture,Sessel,aus anderen Materialien
3352,s27,broom,implement,Besen,benützt man um Boden zu putzen
3353,s27,broom,implement,Besen,Staub zusammenkehren
3354,s27,broom,implement,Besen,hat einen Stock als Hebel
3355,s27,broom,implement,Besen,hat längere Borsten am Ende
3356,s27,rabbit,mammal,Hase,2 lange Ohren
3357,s27,rabbit,mammal,Hase,hüpft kreuz und quer
3358,s27,rabbit,mammal,Hase,kann man essen
3359,s27,rabbit,mammal,Hase,ein Tier
3360,s27,rabbit,mammal,Hase,hat Schnurrhaare
3361,s27,rabbit,mammal,Hase,zu Ostern bringt er Ostereier
3362,s27,rabbit,mammal,Hase,hat kuscheliges Fell
3363,s27,chair,furniture,Stuhl,aus Holz
3364,s27,chair,furniture,Stuhl,darauf sitzen
3365,s27,chair,furniture,Stuhl,hat eine Rückenlehne
3366,s27,chair,furniture,Stuhl,man lehnt den Rücken an
3367,s27,chair,furniture,Stuhl,hat eine weiche Sitzfläche
3368,s27,chair,furniture,Stuhl,hat 4 Beine aus Holz
3369,s27,chemise,clothing,Hemd,aus Stoff
3370,s27,chemise,clothing,Hemd,aus Baumwolle
3371,s27,chemise,clothing,Hemd,Kleidungsstück
3372,s27,chemise,clothing,Hemd,verschiedene Arten
3373,s27,chemise,clothing,Hemd,dicke Materialien
3374,s27,chemise,clothing,Hemd,dünne Materialien
3375,s27,bus,vehicle,Bus,öffentlich
3376,s27,bus,vehicle,Bus,Transportmittel
3377,s27,bus,vehicle,Bus,Transportmittel
3378,s27,bus,vehicle,Bus,für alle Personen
3379,s27,bus,vehicle,Bus,lang
3380,s27,bus,vehicle,Bus,viele Sitzplätze
3381,s27,bus,vehicle,Bus,muss bezahlen um damit zu fahren
3382,s27,bus,vehicle,Bus,muss bezahlen um damit zu fahren
3383,s27,bus,vehicle,Bus,1 Person lenkt ihn
3384,s27,bus,vehicle,Bus,ist großes Auto
3385,s27,bus,vehicle,Bus,ist großes Auto
3386,s27,sword,implement,Schwert,schneidig
3387,s27,sword,implement,Schwert,kann jemanden damit verletzen
3388,s27,sword,implement,Schwert,Ritter verwenden dies
3389,s27,sword,implement,Schwert,aus Metall
3390,s27,horse,mammal,Pferd,Tier
3391,s27,horse,mammal,Pferd,darauf reiten
3392,s27,horse,mammal,Pferd,hat 4 Beine
3393,s27,horse,mammal,Pferd,hat eine lange Mähne
3394,s27,horse,mammal,Pferd,Hufen
3395,s27,horse,mammal,Pferd,langen Schwanz
3396,s27,finger,bodypart,Finger,5 pro Hand
3397,s27,finger,bodypart,Finger,an der Spitze hat man Fingernagel
3398,s27,finger,bodypart,Finger,kann damit Gegenstände halten
3399,s27,finger,bodypart,Finger,ganz außen aus Haut
3400,s27,finger,bodypart,Finger,beweglich
3401,s27,bear,mammal,Bär,gefährlich
3402,s27,bear,mammal,Bär,hoch
3403,s27,bear,mammal,Bär,groß
3404,s27,bear,mammal,Bär,ein Tier
3405,s27,bear,mammal,Bär,lebt im Wald
3406,s27,bear,mammal,Bär,hat ein dickes Fell
3407,s27,bear,mammal,Bär,scharfe Krallen
3408,s27,bear,mammal,Bär,lautes Brüllen
3409,s27,bear,mammal,Bär,mag Honig
3410,s27,monkey,mammal,Affe,klettert gerne in den Bäumen
3411,s27,monkey,mammal,Affe,krabbelt
3412,s27,monkey,mammal,Affe,sucht Läuse in den anderen Affen
3413,s27,monkey,mammal,Affe,Tier
3414,s27,monkey,mammal,Affe,ähnlich wie Menschen
3415,s27,monkey,mammal,Affe,verwandt
3416,s27,owl,bird,Eule,Nachttier
3417,s27,owl,bird,Eule,Nachttier
3418,s27,owl,bird,Eule,Vogel
3419,s27,owl,bird,Eule,Raubvogel
3420,s27,owl,bird,Eule,hat Federn
3421,s27,owl,bird,Eule,isst Mäuse
3422,s27,owl,bird,Eule,scharfe Krallen
3423,s27,owl,bird,Eule,hat einen Schnabel
3424,s27,church,building,Kirche,heilig
3425,s27,church,building,Kirche,Gebäude
3426,s27,church,building,Kirche,Christen gehen dorthin
3427,s27,church,building,Kirche,Messe feiern
3428,s27,church,building,Kirche,hat einen Turm
3429,s27,church,building,Kirche,Glocken
3430,s27,church,building,Kirche,hat verschiedene Malereien in der Innenseite
3431,s27,church,building,Kirche,hat Fresken in der Innenseite
3432,s27,church,building,Kirche,aus Steinen
3433,s27,paintbrush,implement,Pinsel,damit malen
3434,s27,paintbrush,implement,Pinsel,weich
3435,s27,paintbrush,implement,Pinsel,hart
3436,s27,paintbrush,implement,Pinsel,Haare zum Malen
3437,s27,paintbrush,implement,Pinsel,bunter Stecken zum Halten
3438,s27,paintbrush,implement,Pinsel,in Farbe eintunken
3439,s27,cherry,fruit,Kirsche,rot
3440,s27,cherry,fruit,Kirsche,Frucht
3441,s27,cherry,fruit,Kirsche,hat Kern in der Mitte
3442,s27,cherry,fruit,Kirsche,wächst auf Bäumen
3443,s27,cherry,fruit,Kirsche,"hat dünnen, grünen Stengel"
3444,s27,cherry,fruit,Kirsche,wachsen im Sommer
3445,s27,sweater,clothing,Pullover,warm
3446,s27,sweater,clothing,Pullover,aus Wolle
3447,s27,sweater,clothing,Pullover,kann man stricken
3448,s27,sweater,clothing,Pullover,für Mann und Frau
3449,s27,sweater,clothing,Pullover,für Mann und Frau
3450,s27,sweater,clothing,Pullover,ober den Oberkörper anziehen
3451,s27,sweater,clothing,Pullover,verschiedene Modelle
3452,s27,sweater,clothing,Pullover,lange Ärmel
3453,s27,pear,fruit,Birne,Frucht/Obst
3454,s27,pear,fruit,Birne,gelb
3455,s27,pear,fruit,Birne,hat kurzen Stängel
3456,s27,pear,fruit,Birne,unten dicker als oben
3457,s27,pear,fruit,Birne,innen hat es Kerne
3458,s27,tower,building,Turm,hoch
3459,s27,tower,building,Turm,aus Steinen gebaut
3460,s27,tower,building,Turm,bei Schlössern
3461,s27,tower,building,Turm,Gebäude
3462,s27,tower,building,Turm,eckig
3463,s27,tower,building,Turm,rund
3464,s27,dog,mammal,Hund,4 Beine
3465,s27,dog,mammal,Hund,feines Fell
3466,s27,dog,mammal,Hund,ein Tier
3467,s27,dog,mammal,Hund,beschützt die Person vor Einbrechern
3468,s27,dog,mammal,Hund,beschützt die Person vor Einbrechern
3469,s27,dog,mammal,Hund,Schwanz
3470,s27,woodpecker,bird,Specht,spitzigen Schnabel
3471,s27,woodpecker,bird,Specht,Vogel
3472,s27,woodpecker,bird,Specht,hat Federn
3473,s27,woodpecker,bird,Specht,macht mit Schnabel ein Nest im Baum
3474,s27,woodpecker,bird,Specht,pickt in Baum
3475,s27,truck,vehicle,Lastwagen,mehr als 4 Räder
3476,s27,truck,vehicle,Lastwagen,Lebensmittel transportieren
3477,s27,truck,vehicle,Lastwagen,Lebensmittel transportieren
3478,s27,truck,vehicle,Lastwagen,fährt auf der Straße
3479,s27,truck,vehicle,Lastwagen,wird von jemandem gefahren
3480,s27,truck,vehicle,Lastwagen,schleppt etwas
3481,s27,truck,vehicle,Lastwagen,hat Lenkrad
3482,s27,hand,bodypart,Hand,hat Motor
3483,s27,hand,bodypart,Hand,hat 5 Finger
3484,s27,hand,bodypart,Hand,verschiedene Farben
3485,s27,hand,bodypart,Hand,Körperteil
3486,s27,hand,bodypart,Hand,beweglich
3487,s27,hand,bodypart,Hand,verschieden groß
3488,s27,eye,bodypart,Auge,hat eine Linse
3489,s27,eye,bodypart,Auge,verschiedene Farben
3490,s27,eye,bodypart,Auge,rundartig
3491,s27,eye,bodypart,Auge,Körperteil
3492,s27,eye,bodypart,Auge,ist im Kopf
3493,s27,eye,bodypart,Auge,?sieht neu eben
3494,s27,eye,bodypart,Auge,im Gesicht
3495,s27,eye,bodypart,Auge,kann Tränen bilden
3496,s27,bed,furniture,Bett,aus Holz
3497,s27,bed,furniture,Bett,4 Beine
3498,s27,bed,furniture,Bett,bequem
3499,s27,bed,furniture,Bett,warm
3500,s27,bed,furniture,Bett,Matratze
3501,s27,bed,furniture,Bett,darin schlafen
3502,s27,bed,furniture,Bett,verschiedene Größen
3503,s27,seagull,bird,Möwe,Vogel
3504,s27,seagull,bird,Möwe,lebt am Meer
3505,s27,seagull,bird,Möwe,große Flügel
3506,s27,seagull,bird,Möwe,großen Schnabel
3507,s27,seagull,bird,Möwe,isst Fische
3508,s27,seagull,bird,Möwe,hat weiße Federn
3509,s28,head,bodypart,Kopf,dort befindet sich das Gefühlszentrum
3510,s28,head,bodypart,Kopf,"dort werden Sachen gespeichert, die man gelernt hat"
3511,s28,head,bodypart,Kopf,auf dem Hals
3512,s28,airplane,vehicle,Flugzeug,kann fliegen
3513,s28,airplane,vehicle,Flugzeug,transportiert Menschen
3514,s28,airplane,vehicle,Flugzeug,transportiert Menschen
3515,s28,airplane,vehicle,Flugzeug,transportiert von einem Ort zum anderen
3516,s28,airplane,vehicle,Flugzeug,transportiert von einem Ort zum anderen
3517,s28,airplane,vehicle,Flugzeug,kann weit fliegen
3518,s28,airplane,vehicle,Flugzeug,kann über Meer fliegen
3519,s28,airplane,vehicle,Flugzeug,kann über Meer fliegen
3520,s28,spinach,vegetable,Spinat,grün
3521,s28,spinach,vegetable,Spinat,gesund
3522,s28,spinach,vegetable,Spinat,wächst im Garten
3523,s28,spinach,vegetable,Spinat,Kinder mögen ihn nicht
3524,s28,spinach,vegetable,Spinat,ein Gemüse
3525,s28,spinach,vegetable,Spinat,wird gekocht
3526,s28,comb,implement,Kamm,damit Haare entknotet
3527,s28,comb,implement,Kamm,man kann Frisuren machen
3528,s28,comb,implement,Kamm,hat Zacken
3529,s28,skyscraper,building,Wolkenkratzer,in großen Städten
3530,s28,skyscraper,building,Wolkenkratzer,hat ganz viele Stockwerke
3531,s28,skyscraper,building,Wolkenkratzer,man von oben einen großen Ausblick
3532,s28,skyscraper,building,Wolkenkratzer,es haben viele Menschen Platz
3533,s28,skyscraper,building,Wolkenkratzer,es haben viele Menschen Platz
3534,s28,potato,vegetable,Kartoffel,wächst unter der Erde
3535,s28,potato,vegetable,Kartoffel,eine Knolle
3536,s28,potato,vegetable,Kartoffel,kann sie essen
3537,s28,potato,vegetable,Kartoffel,hat viel Stärke
3538,s28,potato,vegetable,Kartoffel,zu Chips verarbeitet
3539,s28,socks,clothing,Socken,halten die Füße warm
3540,s28,socks,clothing,Socken,gleiche Form wie unsere Füße
3541,s28,corn,vegetable,Mais,gehört zu den Getreidesorten
3542,s28,corn,vegetable,Mais,sind Kolben
3543,s28,corn,vegetable,Mais,gelb
3544,s28,corn,vegetable,Mais,aus ihnen Öl gemacht
3545,s28,corn,vegetable,Mais,aus ihnen Mehl gemacht
3546,s28,orange,fruit,Orange,wächst in südlicheren Regionen
3547,s28,orange,fruit,Orange,rund
3548,s28,orange,fruit,Orange,Farbe orange
3549,s28,orange,fruit,Orange,enthält Vitamine
3550,s28,orange,fruit,Orange,enthält Fruchtfleisch
3551,s28,jacket,clothing,Jacke,soll vor Kälte schützen
3552,s28,jacket,clothing,Jacke,hat From unseres Oberkörpers
3553,s28,shoes,clothing,Schuhe,schützen unsere Füße
3554,s28,shoes,clothing,Schuhe,schützen unsere Füße
3555,s28,shoes,clothing,Schuhe,erleichtern uns das Gehen
3556,s28,shoes,clothing,Schuhe,halten warm
3557,s28,onion,vegetable,Zwiebel,eine Knolle
3558,s28,onion,vegetable,Zwiebel,brennt in den Augen
3559,s28,onion,vegetable,Zwiebel,zum Kochen verwendet
3560,s28,onion,vegetable,Zwiebel,hat viele Schichten
3561,s28,onion,vegetable,Zwiebel,wächst unter der Erde
3562,s28,goose,bird,Gans,sieht Ente ähnlich
3563,s28,goose,bird,Gans,hat weiße Federn
3564,s28,goose,bird,Gans,größer als eine Ente
3565,s28,goose,bird,Gans,hat orangenen Schnabel
3566,s28,goose,bird,Gans,lebt auf Bauernhöfen
3567,s28,goose,bird,Gans,kann sie essen
3568,s28,goose,bird,Gans,kann sie kochen
3569,s28,peas,vegetable,Erbsen,grün
3570,s28,peas,vegetable,Erbsen,in einer Hülle eingeschlossen
3571,s28,peas,vegetable,Erbsen,"sind grüne, kleine Kügelchen"
3572,s28,peas,vegetable,Erbsen,"sind grüne, kleine Kügelchen"
3573,s28,peas,vegetable,Erbsen,"sind grüne, kleine Kügelchen"
3574,s28,peas,vegetable,Erbsen,gehört zum Gemüse
3575,s28,peas,vegetable,Erbsen,wachsen aus Stauden
3576,s28,ship,vehicle,Schiff,liegt auf dem Wasser
3577,s28,ship,vehicle,Schiff,ein Transportmittel
3578,s28,ship,vehicle,Schiff,man kann Ozeane überqueren
3579,s28,garage,building,Garage,alte Sachen dort lagern
3580,s28,garage,building,Garage,Auto parken
3581,s28,garage,building,Garage,in der Nähe des Hauses
3582,s28,garage,building,Garage,hat ein Tor
3583,s28,bridge,building,Brücke,verbindet zwei Ufer
3584,s28,bridge,building,Brücke,über Fluss
3585,s28,bridge,building,Brücke,über Teich
3586,s28,bridge,building,Brücke,Autos können sie überqueren
3587,s28,bridge,building,Brücke,Autos können sie überqueren
3588,s28,bridge,building,Brücke,Menschen können sie überqueren
3589,s28,bridge,building,Brücke,Menschen können sie überqueren
3590,s28,apple,fruit,Apfel,wächst auf dem Baum
3591,s28,apple,fruit,Apfel,gesund
3592,s28,apple,fruit,Apfel,grün
3593,s28,apple,fruit,Apfel,gelb
3594,s28,apple,fruit,Apfel,rot
3595,s28,apple,fruit,Apfel,Obst
3596,s28,apple,fruit,Apfel,hat Vitamine
3597,s28,apple,fruit,Apfel,Gehäuse
3598,s28,apple,fruit,Apfel,Stengel
3599,s28,closet,furniture,Schrank,aus Holz
3600,s28,closet,furniture,Schrank,kann Sachen darin verstauen
3601,s28,closet,furniture,Schrank,hat eine Tür
3602,s28,leg,bodypart,Bein,Mensch hat zwei davon
3603,s28,leg,bodypart,Bein,besteht aus Oberschenkel
3604,s28,leg,bodypart,Bein,Knie
3605,s28,leg,bodypart,Bein,Unterschenkel
3606,s28,leg,bodypart,Bein,hilft beim gehen
3607,s28,leg,bodypart,Bein,hilft beim stehen
3608,s28,table,furniture,Tisch,dort wird gegessen
3609,s28,table,furniture,Tisch,hat vier Beine
3610,s28,table,furniture,Tisch,steht in Wohnungen
3611,s28,table,furniture,Tisch,kann darauf etwas abstellen
3612,s28,tongs,implement,Zange,hilft verschlossene Rohre zu öffnen
3613,s28,train,vehicle,Zug,fährt auf Gleisen
3614,s28,train,vehicle,Zug,hat Abteilungen
3615,s28,train,vehicle,Zug,ein Transportmittel
3616,s28,train,vehicle,Zug,ein Transportmittel
3617,s28,train,vehicle,Zug,fährt schnell
3618,s28,sparrow,bird,Spatz,klein
3619,s28,sparrow,bird,Spatz,bunt
3620,s28,sparrow,bird,Spatz,fliegt schnell
3621,s28,pineapple,fruit,Ananas,eine Zitrusfrucht
3622,s28,pineapple,fruit,Ananas,gehört zum Obst
3623,s28,pineapple,fruit,Ananas,gelb
3624,s28,pineapple,fruit,Ananas,Stängle sieht aus wie eine Palme
3625,s28,pineapple,fruit,Ananas,besitzt eine Schale
3626,s29,armchair,furniture,Sessel,zum sitzen
3627,s29,armchair,furniture,Sessel,gemütlich
3628,s29,armchair,furniture,Sessel,vor dem Fernseher im Wohnzimmer zu finden
3629,s29,armchair,furniture,Sessel,vor dem Fernseher im Wohnzimmer zu finden
3630,s29,armchair,furniture,Sessel,reicht nur für eine Person
3631,s29,armchair,furniture,Sessel,mit Polsterungen
3632,s29,armchair,furniture,Sessel,wie ein Stuhl
3633,s29,broom,implement,Besen,früher reiteten Hexen darauf
3634,s29,broom,implement,Besen,zum kehren
3635,s29,broom,implement,Besen,Stiel
3636,s29,broom,implement,Besen,mit Borsten am Ende
3637,s29,broom,implement,Besen,gibt es in Holz
3638,s29,broom,implement,Besen,in Kunststoff
3639,s29,broom,implement,Besen,je nach Stil
3640,s29,broom,implement,Besen,Borsten aus Kunststoff
3641,s29,rabbit,mammal,Hase,eigentlich ein Wildtier
3642,s29,rabbit,mammal,Hase,eigentlich ein Wildtier
3643,s29,rabbit,mammal,Hase,in der restlichen Welt auch als Haustier
3644,s29,rabbit,mammal,Hase,in der restlichen Welt auch als Haustier
3645,s29,rabbit,mammal,Hase,klein
3646,s29,rabbit,mammal,Hase,an Ostern als Symbol das Geschenke bringt
3647,s29,chair,furniture,Stuhl,zum Sitzen
3648,s29,chair,furniture,Stuhl,für eine alleinige Person
3649,s29,chair,furniture,Stuhl,in der Nähe von Tischen
3650,s29,chair,furniture,Stuhl,Menschen sitzen darauf
3651,s29,chair,furniture,Stuhl,Menschen sitzen darauf
3652,s29,chemise,clothing,Hemd,Bekleidung
3653,s29,chemise,clothing,Hemd,für den oberen Bereich des menschlichen Körpers
3654,s29,chemise,clothing,Hemd,Baumwolle
3655,s29,chemise,clothing,Hemd,von Männern getragen
3656,s29,chemise,clothing,Hemd,nicht dick
3657,s29,chemise,clothing,Hemd,mit Knöpfen
3658,s29,chemise,clothing,Hemd,mit Kragen
3659,s29,bus,vehicle,Bus,zum Transport von Menschen
3660,s29,bus,vehicle,Bus,zum Transport von Menschen
3661,s29,bus,vehicle,Bus,in Städten
3662,s29,bus,vehicle,Bus,in ländlichen Gebieten
3663,s29,bus,vehicle,Bus,starten für den öffentlichen Nahverkehr
3664,s29,bus,vehicle,Bus,starten für den öffentlichen Nahverkehr
3665,s29,sword,implement,Schwert,im Mittelalter verwendet
3666,s29,sword,implement,Schwert,Ritter
3667,s29,sword,implement,Schwert,Krieger
3668,s29,sword,implement,Schwert,damit kämpfen
3669,s29,sword,implement,Schwert,"wie ein langes, großes, scharfes Messer"
3670,s29,sword,implement,Schwert,Fechter haben ähnliche Waffen
3671,s29,horse,mammal,Pferd,zum reiten
3672,s29,horse,mammal,Pferd,Ähnlichkeiten mit Kühen
3673,s29,horse,mammal,Pferd,Tier
3674,s29,horse,mammal,Pferd,mit vier Beinen
3675,s29,horse,mammal,Pferd,zum ziehen von Kutschen
3676,s29,finger,bodypart,Finger,Extremitäten von Menschen
3677,s29,finger,bodypart,Finger,am Ende jedes Armes sind fünf
3678,s29,finger,bodypart,Finger,am Ende jedes Armes sind fünf
3679,s29,finger,bodypart,Finger,Menschen erledigen damit die meisten Dinge
3680,s29,finger,bodypart,Finger,"fast wie Zehen, nur leichter zu betätigen"
3681,s29,bear,mammal,Bär,ein Tier
3682,s29,bear,mammal,Bär,groß
3683,s29,bear,mammal,Bär,haarig
3684,s29,bear,mammal,Bär,Menschen haben Angst vor ihm
3685,s29,bear,mammal,Bär,ernährt sich von Beeren und anderen Dingen
3686,s29,bear,mammal,Bär,im Wald
3687,s29,bear,mammal,Bär,hat 4 Pfoten
3688,s29,monkey,mammal,Affe,Verwandter des Menschen
3689,s29,monkey,mammal,Affe,"geht auf zwei Füßen, stützt sich aber mit den Händen"
3690,s29,monkey,mammal,Affe,scheint blöder als es ist
3691,s29,monkey,mammal,Affe,ziemlich haarig
3692,s29,owl,bird,Eule,in Uhren als Nachgestelle
3693,s29,owl,bird,Eule,lebt im Wald
3694,s29,owl,bird,Eule,lebt im Baum
3695,s29,owl,bird,Eule,ein Nachttier
3696,s29,owl,bird,Eule,ein Nachttier
3697,s29,owl,bird,Eule,"große, dunkle Augen"
3698,s29,owl,bird,Eule,eine Art Vogel
3699,s29,church,building,Kirche,Treffpunkt
3700,s29,church,building,Kirche,für Messfeiern von religiösen Gruppen
3701,s29,church,building,Kirche,für Messfeiern von religiösen Gruppen
3702,s29,church,building,Kirche,gilt als heiliger Ort
3703,s29,church,building,Kirche,groß
3704,s29,church,building,Kirche,ein Haus
3705,s29,church,building,Kirche,mit einer Halle
3706,s29,church,building,Kirche,mit Bänken
3707,s29,church,building,Kirche,Altar
3708,s29,church,building,Kirche,Beichtstühlen
3709,s29,paintbrush,implement,Pinsel,zum Malen mit Wasserfarben
3710,s29,paintbrush,implement,Pinsel,hat einen Stiel
3711,s29,paintbrush,implement,Pinsel,mit Borsten dran
3712,s29,paintbrush,implement,Pinsel,wie ein Besen in Kleinformat
3713,s29,paintbrush,implement,Pinsel,verstreicht Farben regelmäßig
3714,s29,paintbrush,implement,Pinsel,"wie ein Stift, nur die Farbe erst aufdunken"
3715,s29,paintbrush,implement,Pinsel,"wie ein Stift, nur die Farbe erst aufdunken"
3716,s29,cherry,fruit,Kirsche,eine Frucht
3717,s29,cherry,fruit,Kirsche,wächst auf Bäumen
3718,s29,cherry,fruit,Kirsche,im Herbst gepflückt
3719,s29,cherry,fruit,Kirsche,hat außen Fruchtfleisch
3720,s29,cherry,fruit,Kirsche,hat innen einen kleinen Kern
3721,s29,cherry,fruit,Kirsche,rot
3722,s29,cherry,fruit,Kirsche,klein
3723,s29,cherry,fruit,Kirsche,mit Stiel dabei
3724,s29,sweater,clothing,Pullover,dient zur Bekleidung des Oberkörpers
3725,s29,sweater,clothing,Pullover,dick
3726,s29,sweater,clothing,Pullover,hält warm
3727,s29,sweater,clothing,Pullover,im Winter verwendet
3728,s29,sweater,clothing,Pullover,aus Baumwolle und weiteren Textilien
3729,s29,sweater,clothing,Pullover,aus Baumwolle und weiteren Textilien
3730,s29,sweater,clothing,Pullover,in vielen Farben
3731,s29,sweater,clothing,Pullover,langärmlig
3732,s29,pear,fruit,Birne,eine Frucht
3733,s29,pear,fruit,Birne,gelb-grün
3734,s29,pear,fruit,Birne,süßer Geschmack
3735,s29,pear,fruit,Birne,sieht wie ein Apfel aus
3736,s29,pear,fruit,Birne,hat einen Stil
3737,s29,tower,building,Turm,schmal
3738,s29,tower,building,Turm,hoch
3739,s29,tower,building,Turm,ein Gebäude
3740,s29,tower,building,Turm,von oben hat man gute Aussicht
3741,s29,tower,building,Turm,neben Kirchen
3742,s29,tower,building,Turm,nicht zum wohnen
3743,s29,dog,mammal,Hund,ein Tier
3744,s29,dog,mammal,Hund,auf vier Pfoten
3745,s29,dog,mammal,Hund,beste Freund des Menschen
3746,s29,dog,mammal,Hund,helfen Polizisten
3747,s29,dog,mammal,Hund,helfen Rettungsleuten
3748,s29,dog,mammal,Hund,etwas aufspüren
3749,s29,dog,mammal,Hund,erriechen viel mit Nase
3750,s29,dog,mammal,Hund,haben ein Fell
3751,s29,woodpecker,bird,Specht,ein Vogel
3752,s29,woodpecker,bird,Specht,harten Schnabel
3753,s29,woodpecker,bird,Specht,mit dem es pickt
3754,s29,woodpecker,bird,Specht,mit dem es Löcher sticht
3755,s29,woodpecker,bird,Specht,klein
3756,s29,woodpecker,bird,Specht,ein Vogel
3757,s29,woodpecker,bird,Specht,kann singen
3758,s29,woodpecker,bird,Specht,kann fliegen
3759,s29,truck,vehicle,Lastwagen,ein Auto
3760,s29,truck,vehicle,Lastwagen,groß
3761,s29,truck,vehicle,Lastwagen,hinten viel Platz
3762,s29,truck,vehicle,Lastwagen,zum transportieren von Waren
3763,s29,truck,vehicle,Lastwagen,zum transportieren von Waren
3764,s29,truck,vehicle,Lastwagen,auf Autobahnen
3765,s29,truck,vehicle,Lastwagen,von Menschen gelenkt
3766,s29,truck,vehicle,Lastwagen,verpesten Umwelt
3767,s29,hand,bodypart,Hand,Extremitäten von Menschen
3768,s29,hand,bodypart,Hand,mit 5 Fingern
3769,s29,hand,bodypart,Hand,Menschen agieren damit
3770,s29,eye,bodypart,Auge,Sinnesorgan des Menschen
3771,s29,eye,bodypart,Auge,damit sehen
3772,s29,eye,bodypart,Auge,im Gesicht
3773,s29,eye,bodypart,Auge,doppelt vorhanden
3774,s29,eye,bodypart,Auge,darunter in der Mitte liegt Nase
3775,s29,eye,bodypart,Auge,darüber Stirn
3776,s29,eye,bodypart,Auge,klein
3777,s29,eye,bodypart,Auge,oval
3778,s29,bed,furniture,Bett,zum liegen
3779,s29,bed,furniture,Bett,mit Matratze
3780,s29,bed,furniture,Bett,das Gestell
3781,s29,bed,furniture,Bett,aus Holz
3782,s29,bed,furniture,Bett,rechteckig
3783,s29,seagull,bird,Möwe,zur Gruppe der Vögel
3784,s29,seagull,bird,Möwe,"großer, orangenen Schnabel"
3785,s29,seagull,bird,Möwe,hat helle Federn
3786,s29,seagull,bird,Möwe,kann weit fliegen
3787,s30,head,bodypart,Kopf,gehört zum Körper
3788,s30,head,bodypart,Kopf,ist wo die Augen und Nase sind
3789,s30,head,bodypart,Kopf,ist wo die Augen und Nase sind
3790,s30,head,bodypart,Kopf,beweglich
3791,s30,airplane,vehicle,Flugzeug,Gerät
3792,s30,airplane,vehicle,Flugzeug,worin man sitzt
3793,s30,airplane,vehicle,Flugzeug,bewegt sich in der Luft weiter
3794,s30,airplane,vehicle,Flugzeug,?eine bzw. steuern es
3795,s30,airplane,vehicle,Flugzeug,"sieht ähnlich wie ein Vogel aus, nur"
3796,s30,airplane,vehicle,Flugzeug,aus Metall
3797,s30,spinach,vegetable,Spinat,ein Gemüse
3798,s30,spinach,vegetable,Spinat,grün
3799,s30,spinach,vegetable,Spinat,roh essbar
3800,s30,spinach,vegetable,Spinat,gekocht essbar
3801,s30,spinach,vegetable,Spinat,runde Form
3802,s30,comb,implement,Kamm,um die Haare schöner zu machen
3803,s30,comb,implement,Kamm,ist ein Stock mit waagrechten Ästen heraus
3804,s30,comb,implement,Kamm,aus Plastik
3805,s30,skyscraper,building,Wolkenkratzer,hoch
3806,s30,skyscraper,building,Wolkenkratzer,ein Turm
3807,s30,skyscraper,building,Wolkenkratzer,ein Bürogebäude
3808,s30,skyscraper,building,Wolkenkratzer,ein Bürogebäude
3809,s30,skyscraper,building,Wolkenkratzer,extreme Höhe
3810,s30,skyscraper,building,Wolkenkratzer,eines der höchsten
3811,s30,skyscraper,building,Wolkenkratzer,ein Haus
3812,s30,potato,vegetable,Kartoffel,ein Gemüse
3813,s30,potato,vegetable,Kartoffel,wächst unter der Erde
3814,s30,potato,vegetable,Kartoffel,bräunliche Farbe
3815,s30,potato,vegetable,Kartoffel,kann man gekocht essen
3816,s30,potato,vegetable,Kartoffel,rund
3817,s30,potato,vegetable,Kartoffel,nicht allzu groß
3818,s30,socks,clothing,Socken,ist ein Stoff
3819,s30,socks,clothing,Socken,bei den Füßen anziehen
3820,s30,socks,clothing,Socken,wärmt den Fuß
3821,s30,socks,clothing,Socken,kann feucht werden
3822,s30,corn,vegetable,Mais,gelb
3823,s30,corn,vegetable,Mais,wächst auf einem Kolben
3824,s30,corn,vegetable,Mais,klein
3825,s30,corn,vegetable,Mais,ein Gemüse
3826,s30,corn,vegetable,Mais,von Vögeln gerne gegessen
3827,s30,orange,fruit,Orange,ein Obst
3828,s30,orange,fruit,Orange,rund
3829,s30,orange,fruit,Orange,orange
3830,s30,orange,fruit,Orange,nicht allzu groß
3831,s30,orange,fruit,Orange,enthält einen Saft
3832,s30,orange,fruit,Orange,vitaminreich
3833,s30,orange,fruit,Orange,ähnelt Mandarine
3834,s30,jacket,clothing,Jacke,wie ein Pullover
3835,s30,jacket,clothing,Jacke,hält Bauch warm
3836,s30,jacket,clothing,Jacke,hält Arme warm
3837,s30,jacket,clothing,Jacke,hängt man um sich herum
3838,s30,jacket,clothing,Jacke,verschließbar
3839,s30,shoes,clothing,Schuhe,zieht man bei Füßen an
3840,s30,shoes,clothing,Schuhe,schützt vor Kälte
3841,s30,shoes,clothing,Schuhe,schützt vor Wärme
3842,s30,shoes,clothing,Schuhe,schützt davor nass zu werden
3843,s30,shoes,clothing,Schuhe,"wie Socken, nur härter"
3844,s30,onion,vegetable,Zwiebel,ein Gemüse
3845,s30,onion,vegetable,Zwiebel,hat starken Geruch
3846,s30,onion,vegetable,Zwiebel,hat braune Schalen
3847,s30,onion,vegetable,Zwiebel,innen weiß
3848,s30,onion,vegetable,Zwiebel,man muss weinen wenn man sie teilt
3849,s30,goose,bird,Gans,eine Art Ente
3850,s30,goose,bird,Gans,gehört zu den Vögeln
3851,s30,goose,bird,Gans,lebt auch im Wasser
3852,s30,goose,bird,Gans,kann schwimmen
3853,s30,peas,vegetable,Erbsen,ein Gemüse
3854,s30,peas,vegetable,Erbsen,grüne Farbe
3855,s30,peas,vegetable,Erbsen,runde Form
3856,s30,peas,vegetable,Erbsen,eher klein
3857,s30,peas,vegetable,Erbsen,von einer Hülse umgeben
3858,s30,ship,vehicle,Schiff,bewegt sich auf dem Wasser
3859,s30,ship,vehicle,Schiff,ein großes Boot
3860,s30,ship,vehicle,Schiff,transportiert Güter
3861,s30,ship,vehicle,Schiff,transportiert Güter
3862,s30,ship,vehicle,Schiff,transportiert Personen
3863,s30,ship,vehicle,Schiff,transportiert Personen
3864,s30,ship,vehicle,Schiff,motorbetrieben
3865,s30,garage,building,Garage,Ort
3866,s30,garage,building,Garage,dort parken Autos
3867,s30,garage,building,Garage,"unterirdisch, unter der Erde"
3868,s30,garage,building,Garage,groß
3869,s30,garage,building,Garage,Platz
3870,s30,garage,building,Garage,Abstellraum
3871,s30,garage,building,Garage,Abstellraum
3872,s30,bridge,building,Brücke,aus Holz
3873,s30,bridge,building,Brücke,aus Beton
3874,s30,bridge,building,Brücke,hilft von einer Seite auf die andere zu können
3875,s30,bridge,building,Brücke,bei großen Löchern
3876,s30,bridge,building,Brücke,bei Wasser
3877,s30,apple,fruit,Apfel,ein Obst
3878,s30,apple,fruit,Apfel,rot
3879,s30,apple,fruit,Apfel,gelb
3880,s30,apple,fruit,Apfel,grün
3881,s30,apple,fruit,Apfel,rund
3882,s30,apple,fruit,Apfel,Größe einer Orange
3883,s30,apple,fruit,Apfel,schmeckt süß
3884,s30,apple,fruit,Apfel,schmeckt bitter
3885,s30,apple,fruit,Apfel,saftig
3886,s30,closet,furniture,Schrank,hier legt man das Gewand hinein
3887,s30,closet,furniture,Schrank,eine Art Kommode
3888,s30,closet,furniture,Schrank,rechteckig
3889,s30,leg,bodypart,Bein,ein Körperteil
3890,s30,leg,bodypart,Bein,unter dem Bauch
3891,s30,leg,bodypart,Bein,durch ihn bewegt man sich von der Stelle
3892,s30,leg,bodypart,Bein,besteht aus Knochen
3893,s30,leg,bodypart,Bein,besteht aus Haut
3894,s30,table,furniture,Tisch,hat vier Füße
3895,s30,table,furniture,Tisch,hat darauf ein Brett
3896,s30,table,furniture,Tisch,aus Holz
3897,s30,table,furniture,Tisch,dort isst man
3898,s30,table,furniture,Tisch,dort erledigt man Sachen
3899,s30,table,furniture,Tisch,zum Tisch gehören Stühle
3900,s30,tongs,implement,Zange,ein Hilfsmittel
3901,s30,tongs,implement,Zange,Werkzeug
3902,s30,tongs,implement,Zange,trennt man einen Draht
3903,s30,tongs,implement,Zange,wie eine Schere
3904,s30,train,vehicle,Zug,geht sich auf Gleisen
3905,s30,train,vehicle,Zug,wie viele Autos zusammen
3906,s30,train,vehicle,Zug,hoch
3907,s30,train,vehicle,Zug,viereckig
3908,s30,train,vehicle,Zug,Fortbewegungsmittel
3909,s30,train,vehicle,Zug,Transport von Gütern
3910,s30,train,vehicle,Zug,Transport von Gütern
3911,s30,train,vehicle,Zug,Transport von Personen
3912,s30,train,vehicle,Zug,Transport von Personen
3913,s30,sparrow,bird,Spatz,ein Vogel
3914,s30,sparrow,bird,Spatz,klein
3915,s30,sparrow,bird,Spatz,singen
3916,s30,sparrow,bird,Spatz,bunt
3917,s30,sparrow,bird,Spatz,ähnelt Meise
3918,s30,pineapple,fruit,Ananas,eine Frucht
3919,s30,pineapple,fruit,Ananas,außen harte Schale
3920,s30,pineapple,fruit,Ananas,länglich
3921,s30,pineapple,fruit,Ananas,runde Form
3922,s30,pineapple,fruit,Ananas,innen gelb
3923,s30,pineapple,fruit,Ananas,saftig
3924,s30,pineapple,fruit,Ananas,eine Art Fleisch
3925,s31,armchair,furniture,Sessel,man sitzt
3926,s31,armchair,furniture,Sessel,bequem
3927,s31,armchair,furniture,Sessel,nur eine Person kann darauf sitzen
3928,s31,armchair,furniture,Sessel,hat eine geschmückte große Rückenlehne
3929,s31,broom,implement,Besen,damit Boden fegen
3930,s31,broom,implement,Besen,damit Boden fegen
3931,s31,broom,implement,Besen,schnell und effektiv das Gröbste zusammenkehren
3932,s31,broom,implement,Besen,hat einen Holzstiel
3933,s31,rabbit,mammal,Hase,ein Tier
3934,s31,rabbit,mammal,Hase,hat zwei lange Löffelohren
3935,s31,rabbit,mammal,Hase,hat ein Wuschelschwanz
3936,s31,rabbit,mammal,Hase,kommt zu Ostern zu den braven Kindern
3937,s31,rabbit,mammal,Hase,kann hüpfen
3938,s31,chair,furniture,Stuhl,darauf sitzen
3939,s31,chair,furniture,Stuhl,hat keine Armlehne
3940,s31,chair,furniture,Stuhl,nur für eine Person geeignet
3941,s31,chair,furniture,Stuhl,aus Holz
3942,s31,chair,furniture,Stuhl,in den Schulen gibt es viele davon
3943,s31,chemise,clothing,Hemd,ein Kleidungsstück
3944,s31,chemise,clothing,Hemd,tragen es Männer mit Anzug
3945,s31,chemise,clothing,Hemd,tragen es Männer mit Anzug
3946,s31,chemise,clothing,Hemd,ein Oberkörper Bekleidung
3947,s31,chemise,clothing,Hemd,ein Oberkörper Bekleidung
3948,s31,chemise,clothing,Hemd,hat einen Kragen
3949,s31,chemise,clothing,Hemd,hat Knöpfe
3950,s31,bus,vehicle,Bus,öffentliches Verkehrsmittel
3951,s31,bus,vehicle,Bus,öffentliches Verkehrsmittel
3952,s31,bus,vehicle,Bus,man fährt von ein Ort zum anderen
3953,s31,bus,vehicle,Bus,mehrere Personen können ihn gleichzeitig benutzen
3954,s31,bus,vehicle,Bus,hat seine Haltestellen wo er halten muss
3955,s31,sword,implement,Schwert,benutzte man in der Ritterzeit
3956,s31,sword,implement,Schwert,ein Mittel zum Kämpfen
3957,s31,sword,implement,Schwert,schneidet sehr
3958,s31,horse,mammal,Pferd,ein Tier
3959,s31,horse,mammal,Pferd,darauf reiten
3960,s31,horse,mammal,Pferd,hat Hufen
3961,s31,horse,mammal,Pferd,langen Schwanz
3962,s31,finger,bodypart,Finger,jeder Mensch hat sie
3963,s31,finger,bodypart,Finger,ein Körperteil
3964,s31,finger,bodypart,Finger,5 von jedem auf einer Hand
3965,s31,finger,bodypart,Finger,haben Nägel
3966,s31,finger,bodypart,Finger,können geschicklich sein
3967,s31,finger,bodypart,Finger,bewegt man oft
3968,s31,bear,mammal,Bär,ein Tier
3969,s31,bear,mammal,Bär,hat ein braunes Fell
3970,s31,bear,mammal,Bär,stark
3971,s31,bear,mammal,Bär,ernährt sich von Fischen
3972,s31,bear,mammal,Bär,ernährt sich von Waldbeeren
3973,s31,bear,mammal,Bär,kann aggressiv sein
3974,s31,monkey,mammal,Affe,ein Tier
3975,s31,monkey,mammal,Affe,lebt im Dschungel
3976,s31,monkey,mammal,Affe,klettert von einem Baum zum anderen
3977,s31,monkey,mammal,Affe,geschicklich
3978,s31,monkey,mammal,Affe,bewegungsfreudig
3979,s31,owl,bird,Eule,nachtaktiv
3980,s31,owl,bird,Eule,ein Tier
3981,s31,owl,bird,Eule,hat Federn
3982,s31,owl,bird,Eule,gehört zu Vögeln
3983,s31,owl,bird,Eule,kann den Kopf fast 360 umdrehen
3984,s31,owl,bird,Eule,hat einen krummen Schnabel
3985,s31,owl,bird,Eule,hat große Augen
3986,s31,church,building,Kirche,Gebäude
3987,s31,church,building,Kirche,gläubige Menschen gehen dorthin
3988,s31,church,building,Kirche,man betet
3989,s31,church,building,Kirche,man versamelt sich
3990,s31,paintbrush,implement,Pinsel,brauchen Maler
3991,s31,paintbrush,implement,Pinsel,ausmalen mit Wasserfarben
3992,s31,paintbrush,implement,Pinsel,hat dünne Härchen
3993,s31,paintbrush,implement,Pinsel,darüber ist ein Holzstiel
3994,s31,paintbrush,implement,Pinsel,mit den Fingern arbeiten
3995,s31,cherry,fruit,Kirsche,rot
3996,s31,cherry,fruit,Kirsche,Frucht
3997,s31,cherry,fruit,Kirsche,im Frühling
3998,s31,cherry,fruit,Kirsche,süß
3999,s31,cherry,fruit,Kirsche,rund
4000,s31,cherry,fruit,Kirsche,muss man von Bäumen pflücken
4001,s31,sweater,clothing,Pullover,Kleidungsstück
4002,s31,sweater,clothing,Pullover,Oberkörperbekleidung
4003,s31,sweater,clothing,Pullover,Oberkörperbekleidung
4004,s31,sweater,clothing,Pullover,braucht man im Winter
4005,s31,sweater,clothing,Pullover,zum wärmen
4006,s31,sweater,clothing,Pullover,aus Wolle
4007,s31,sweater,clothing,Pullover,hat lange Ärmel
4008,s31,sweater,clothing,Pullover,hält warm
4009,s31,sweater,clothing,Pullover,"für Männer, Frauen, Kinder"
4010,s31,sweater,clothing,Pullover,"für Männer, Frauen, Kinder"
4011,s31,sweater,clothing,Pullover,"für Männer, Frauen, Kinder"
4012,s31,pear,fruit,Birne,Obst
4013,s31,pear,fruit,Birne,gelb
4014,s31,pear,fruit,Birne,komische Form
4015,s31,pear,fruit,Birne,hat einen Kern
4016,s31,tower,building,Turm,Gebäude
4017,s31,tower,building,Turm,hoch
4018,s31,tower,building,Turm,rund
4019,s31,tower,building,Turm,in Schlössern
4020,s31,dog,mammal,Hund,ein Haustier
4021,s31,dog,mammal,Hund,ein Haustier
4022,s31,dog,mammal,Hund,hat vier Beine
4023,s31,dog,mammal,Hund,hat ein wedelnden Schwanz
4024,s31,dog,mammal,Hund,beschützt vor Einbrechern
4025,s31,dog,mammal,Hund,kann fest zubeißen
4026,s31,dog,mammal,Hund,man muss gassi gehen
4027,s31,woodpecker,bird,Specht,ein Tier
4028,s31,woodpecker,bird,Specht,ernährt sich von Würmern
4029,s31,woodpecker,bird,Specht,ein Vogel
4030,s31,woodpecker,bird,Specht,pickt an den Bäumen
4031,s31,woodpecker,bird,Specht,man hört es im Wald
4032,s31,woodpecker,bird,Specht,man hört es im Wald
4033,s31,truck,vehicle,Lastwagen,lang
4034,s31,truck,vehicle,Lastwagen,Automobil
4035,s31,truck,vehicle,Lastwagen,transportiert Ware
4036,s31,truck,vehicle,Lastwagen,transportiert Ware
4037,s31,truck,vehicle,Lastwagen,ein Fahrer
4038,s31,truck,vehicle,Lastwagen,darf auf Autobahnen nicht schneller als 130 km/h fahren
4039,s31,truck,vehicle,Lastwagen,darf auf Autobahnen nicht schneller als 130 km/h fahren
4040,s31,truck,vehicle,Lastwagen,darf auf Autobahnen nicht schneller als 130 km/h fahren
4041,s31,truck,vehicle,Lastwagen,hat mehrere Räder
4042,s31,hand,bodypart,Hand,Körperteil
4043,s31,hand,bodypart,Hand,hat jeder Mensch
4044,s31,hand,bodypart,Hand,Finger sind dabei
4045,s31,hand,bodypart,Hand,gelenkig
4046,s31,eye,bodypart,Auge,Körperteil
4047,s31,eye,bodypart,Auge,kann dabei sehen
4048,s31,eye,bodypart,Auge,mehrere Farben
4049,s31,eye,bodypart,Auge,ohne dies wäre man blind
4050,s31,eye,bodypart,Auge,kann dabei gut beobachten
4051,s31,bed,furniture,Bett,darin schlafen
4052,s31,bed,furniture,Bett,aus Holz
4053,s31,bed,furniture,Bett,bequem
4054,s31,bed,furniture,Bett,warm
4055,s31,bed,furniture,Bett,am Abend
4056,s31,seagull,bird,Möwe,Vogel
4057,s31,seagull,bird,Möwe,lebt im Meer
4058,s31,seagull,bird,Möwe,ernährt sich von Fischen
4059,s31,seagull,bird,Möwe,weiß
4060,s31,seagull,bird,Möwe,hat Federn
4061,s31,seagull,bird,Möwe,kann fliegen
4062,s31,seagull,bird,Möwe,großen orangenen Schnabel
4063,s32,head,bodypart,Kopf,hat jeder
4064,s32,head,bodypart,Kopf,hat Haare
4065,s32,head,bodypart,Kopf,liegt auf dem Hals
4066,s32,head,bodypart,Kopf,zum denken
4067,s32,head,bodypart,Kopf,in ihm Gehirn/Gedächtnis
4068,s32,head,bodypart,Kopf,in ihm Gehirn/Gedächtnis
4069,s32,airplane,vehicle,Flugzeug,fliegt in der Luft
4070,s32,airplane,vehicle,Flugzeug,fliegt in der Luft
4071,s32,airplane,vehicle,Flugzeug,hat 2 Flügel
4072,s32,airplane,vehicle,Flugzeug,hat einen Motor
4073,s32,airplane,vehicle,Flugzeug,Menschen benutzen ihn
4074,s32,airplane,vehicle,Flugzeug,zum reisen
4075,s32,airplane,vehicle,Flugzeug,Urlaub
4076,s32,airplane,vehicle,Flugzeug,kann abstürzen
4077,s32,spinach,vegetable,Spinat,grün
4078,s32,spinach,vegetable,Spinat,gesund
4079,s32,spinach,vegetable,Spinat,gekocht essen
4080,s32,spinach,vegetable,Spinat,nicht roh
4081,s32,spinach,vegetable,Spinat,Popeye->stark
4082,s32,spinach,vegetable,Spinat,eine Gemüseart
4083,s32,spinach,vegetable,Spinat,wächst bei uns
4084,s32,comb,implement,Kamm,um die Haare zu kämmen
4085,s32,comb,implement,Kamm,besitzen viele
4086,s32,comb,implement,Kamm,braucht nicht ein jeder (Glatze)
4087,s32,skyscraper,building,Wolkenkratzer,hoch
4088,s32,skyscraper,building,Wolkenkratzer,hat einen Aufzug
4089,s32,skyscraper,building,Wolkenkratzer,gibt es in Südtirol nicht
4090,s32,skyscraper,building,Wolkenkratzer,in USA gibt es viele
4091,s32,skyscraper,building,Wolkenkratzer,befinden sich Büros
4092,s32,skyscraper,building,Wolkenkratzer,befinden sich Wohnungen
4093,s32,potato,vegetable,Kartoffel,Gemüse
4094,s32,potato,vegetable,Kartoffel,wächst bei uns
4095,s32,potato,vegetable,Kartoffel,viele Kohlenhydrate
4096,s32,potato,vegetable,Kartoffel,versch. Größen
4097,s32,potato,vegetable,Kartoffel,gelbe
4098,s32,potato,vegetable,Kartoffel,rote
4099,s32,potato,vegetable,Kartoffel,Püree machen
4100,s32,socks,clothing,Socken,alle Farben
4101,s32,socks,clothing,Socken,paarweise
4102,s32,socks,clothing,Socken,egal ob rechts oder links
4103,s32,socks,clothing,Socken,im Winter
4104,s32,socks,clothing,Socken,verschiedene Stoffe
4105,s32,socks,clothing,Socken,Wolle
4106,s32,socks,clothing,Socken,Baumwolle
4107,s32,socks,clothing,Socken,synthetisch
4108,s32,corn,vegetable,Mais,Gemüse
4109,s32,corn,vegetable,Mais,gelb
4110,s32,corn,vegetable,Mais,isst man roh
4111,s32,corn,vegetable,Mais,mit Salat
4112,s32,corn,vegetable,Mais,Reis würzt man
4113,s32,corn,vegetable,Mais,wächst an Kolben
4114,s32,orange,fruit,Orange,orange
4115,s32,orange,fruit,Orange,Obstart
4116,s32,orange,fruit,Orange,süß
4117,s32,orange,fruit,Orange,saftig
4118,s32,orange,fruit,Orange,Vitamine
4119,s32,orange,fruit,Orange,gesund
4120,s32,orange,fruit,Orange,jeder Jahreszeit
4121,s32,jacket,clothing,Jacke,versch. Arten
4122,s32,jacket,clothing,Jacke,dick
4123,s32,jacket,clothing,Jacke,dünn
4124,s32,jacket,clothing,Jacke,leicht
4125,s32,jacket,clothing,Jacke,schwer
4126,s32,jacket,clothing,Jacke,braucht man im Hochsommer nicht
4127,s32,jacket,clothing,Jacke,hat Knöpfe
4128,s32,jacket,clothing,Jacke,hat Reißverschluss
4129,s32,shoes,clothing,Schuhe,immer zwei
4130,s32,shoes,clothing,Schuhe,links und rechts
4131,s32,shoes,clothing,Schuhe,"Männer, Frauen, Kinderschuhe"
4132,s32,shoes,clothing,Schuhe,versch. Größen
4133,s32,shoes,clothing,Schuhe,versch. Farben
4134,s32,shoes,clothing,Schuhe,versch. Arten
4135,s32,shoes,clothing,Schuhe,habe solche
4136,s32,shoes,clothing,Schuhe,besitzen Schuhlitzen
4137,s32,onion,vegetable,Zwiebel,stinkt
4138,s32,onion,vegetable,Zwiebel,brennt in den Augen
4139,s32,onion,vegetable,Zwiebel,benutzt man zum Kochen
4140,s32,onion,vegetable,Zwiebel,kann roh gegessen werden
4141,s32,onion,vegetable,Zwiebel,kann gekocht gegessen werden
4142,s32,onion,vegetable,Zwiebel,geschmakig
4143,s32,onion,vegetable,Zwiebel,Kinder mögen ihn nicht
4144,s32,goose,bird,Gans,hat einen Schnabel
4145,s32,goose,bird,Gans,stolz
4146,s32,goose,bird,Gans,weiß
4147,s32,goose,bird,Gans,schwimmt in Seen
4148,s32,goose,bird,Gans,eine Vogelart
4149,s32,peas,vegetable,Erbsen,grün
4150,s32,peas,vegetable,Erbsen,rund
4151,s32,peas,vegetable,Erbsen,klein
4152,s32,peas,vegetable,Erbsen,ein Gmüse
4153,s32,peas,vegetable,Erbsen,gesund
4154,s32,peas,vegetable,Erbsen,weich
4155,s32,ship,vehicle,Schiff,verschieden groß
4156,s32,ship,vehicle,Schiff,fährt nur im Wasser
4157,s32,ship,vehicle,Schiff,kann Ruder besitzen
4158,s32,ship,vehicle,Schiff,kann Motor besitzen
4159,s32,garage,building,Garage,parkt dort das Auto
4160,s32,garage,building,Garage,besitzen viele
4161,s32,garage,building,Garage,Privatparkplatz
4162,s32,garage,building,Garage,auch andere Sachen ablagern
4163,s32,bridge,building,Brücke,hat 2 Enden
4164,s32,bridge,building,Brücke,kann sie überqueren
4165,s32,bridge,building,Brücke,kann sie unterqueren
4166,s32,bridge,building,Brücke,famose Brücken
4167,s32,apple,fruit,Apfel,Obstart
4168,s32,apple,fruit,Apfel,gesund
4169,s32,apple,fruit,Apfel,Vitamine
4170,s32,apple,fruit,Apfel,wächst auf Apfelbaum
4171,s32,apple,fruit,Apfel,rot
4172,s32,apple,fruit,Apfel,gelb
4173,s32,apple,fruit,Apfel,grün
4174,s32,apple,fruit,Apfel,süß
4175,s32,apple,fruit,Apfel,blüht im Sommer
4176,s32,closet,furniture,Schrank,etwas ablagern
4177,s32,closet,furniture,Schrank,Kleider
4178,s32,closet,furniture,Schrank,Geschirr
4179,s32,closet,furniture,Schrank,Bücher
4180,s32,closet,furniture,Schrank,groß
4181,s32,closet,furniture,Schrank,klein
4182,s32,closet,furniture,Schrank,verschiedene Farben
4183,s32,closet,furniture,Schrank,aus Holz
4184,s32,closet,furniture,Schrank,2 Türen
4185,s32,leg,bodypart,Bein,man hat 2
4186,s32,leg,bodypart,Bein,links und rechts
4187,s32,leg,bodypart,Bein,zum gehen
4188,s32,leg,bodypart,Bein,versch. Bewegungen machen
4189,s32,leg,bodypart,Bein,besitzen Haare
4190,s32,table,furniture,Tisch,etwas draufstellen
4191,s32,table,furniture,Tisch,meistens vier Beine
4192,s32,table,furniture,Tisch,rund
4193,s32,table,furniture,Tisch,rechteckig
4194,s32,table,furniture,Tisch,Quadrat
4195,s32,table,furniture,Tisch,stabil
4196,s32,table,furniture,Tisch,schwer
4197,s32,tongs,implement,Zange,ein Werkzeug
4198,s32,tongs,implement,Zange,man kann Dinge richten
4199,s32,tongs,implement,Zange,aus Eisen
4200,s32,tongs,implement,Zange,besitzen Handwerker
4201,s32,train,vehicle,Zug,fährt auf Gleis
4202,s32,train,vehicle,Zug,besteht aus mehreren Waggons
4203,s32,train,vehicle,Zug,lang
4204,s32,train,vehicle,Zug,Schnellzüge
4205,s32,train,vehicle,Zug,laut
4206,s32,train,vehicle,Zug,fährt auf Ebenen
4207,s32,sparrow,bird,Spatz,singt
4208,s32,sparrow,bird,Spatz,bei uns wenn es warm ist
4209,s32,sparrow,bird,Spatz,klein
4210,s32,sparrow,bird,Spatz,männlich/weiblich
4211,s32,pineapple,fruit,Ananas,Obst
4212,s32,pineapple,fruit,Ananas,wächst nicht bei uns
4213,s32,pineapple,fruit,Ananas,schmeckt nicht vielen
4214,s32,pineapple,fruit,Ananas,gelb
4215,s32,pineapple,fruit,Ananas,komische Schale
4216,s33,armchair,furniture,Sessel,Möbelstück
4217,s33,armchair,furniture,Sessel,sich hinsitzt
4218,s33,armchair,furniture,Sessel,bequem
4219,s33,armchair,furniture,Sessel,darauf ausruhen
4220,s33,armchair,furniture,Sessel,darauf entspannen
4221,s33,armchair,furniture,Sessel,aus versch. Materialien
4222,s33,armchair,furniture,Sessel,aus Leder
4223,s33,armchair,furniture,Sessel,aus Holz
4224,s33,broom,implement,Besen,Stiel
4225,s33,broom,implement,Besen,mit einem Wedel
4226,s33,broom,implement,Besen,Schmutz beiseite kehren
4227,s33,broom,implement,Besen,aus Holz gmacht
4228,s33,broom,implement,Besen,aus Plastik bestehen
4229,s33,rabbit,mammal,Hase,Tier
4230,s33,rabbit,mammal,Hase,mit langen Ohren
4231,s33,rabbit,mammal,Hase,weiches Fell
4232,s33,rabbit,mammal,Hase,frisst Gemüse
4233,s33,rabbit,mammal,Hase,frisst Karotten
4234,s33,rabbit,mammal,Hase,als Haustier gehalten
4235,s33,rabbit,mammal,Hase,als Haustier gehalten
4236,s33,rabbit,mammal,Hase,kann man auch in der Natur antreffen
4237,s33,rabbit,mammal,Hase,hoppelt durch die Gegend
4238,s33,chair,furniture,Stuhl,Sitzmöglichkeit
4239,s33,chair,furniture,Stuhl,nicht so bequem
4240,s33,chair,furniture,Stuhl,"benützt man, wenn man bei Tisch essen will"
4241,s33,chair,furniture,Stuhl,"benützt man, wenn man bei Tisch essen will"
4242,s33,chemise,clothing,Hemd,ein Bekleidungsstück
4243,s33,chemise,clothing,Hemd,mit Knöpfen
4244,s33,chemise,clothing,Hemd,viele Männer tragen es
4245,s33,chemise,clothing,Hemd,schwer zu bügeln
4246,s33,chemise,clothing,Hemd,leichter Stoff
4247,s33,chemise,clothing,Hemd,langärmlig
4248,s33,bus,vehicle,Bus,Verkehrsmittel
4249,s33,bus,vehicle,Bus,großes Auto
4250,s33,bus,vehicle,Bus,großes Auto
4251,s33,bus,vehicle,Bus,mit vielen Sitzen
4252,s33,bus,vehicle,Bus,gibt Abgase
4253,s33,bus,vehicle,Bus,macht Lärm
4254,s33,bus,vehicle,Bus,Ticket um zu fahren
4255,s33,sword,implement,Schwert,lang
4256,s33,sword,implement,Schwert,Eisenstück
4257,s33,sword,implement,Schwert,eine Seite scharf
4258,s33,sword,implement,Schwert,sich oder andere verletzen
4259,s33,sword,implement,Schwert,Ritter hatten das früher
4260,s33,sword,implement,Schwert,zum Kämpfen
4261,s33,horse,mammal,Pferd,hoch
4262,s33,horse,mammal,Pferd,Tier
4263,s33,horse,mammal,Pferd,auf dem sitzen
4264,s33,horse,mammal,Pferd,auf dem reiten
4265,s33,horse,mammal,Pferd,hat lange Beine
4266,s33,horse,mammal,Pferd,hat langen Schwanz
4267,s33,horse,mammal,Pferd,hat ein längliches Gesicht
4268,s33,horse,mammal,Pferd,wiehert
4269,s33,finger,bodypart,Finger,Teil der Hand
4270,s33,finger,bodypart,Finger,gibt 5 Finger pro Hand
4271,s33,finger,bodypart,Finger,damit Objekte greifen
4272,s33,bear,mammal,Bär,Tier
4273,s33,bear,mammal,Bär,mit einem Fell
4274,s33,bear,mammal,Bär,groß
4275,s33,bear,mammal,Bär,stark
4276,s33,bear,mammal,Bär,lebt in Höhlen
4277,s33,bear,mammal,Bär,lebt in Wäldern
4278,s33,bear,mammal,Bär,kann aggressiv werden
4279,s33,bear,mammal,Bär,kann gefährlich werden
4280,s33,bear,mammal,Bär,"wenn steht, dann größer als Mensch"
4281,s33,monkey,mammal,Affe,klein
4282,s33,monkey,mammal,Affe,flink
4283,s33,monkey,mammal,Affe,Tier
4284,s33,monkey,mammal,Affe,ernährt sich von Banane
4285,s33,monkey,mammal,Affe,ernährt sich von Obst
4286,s33,monkey,mammal,Affe,Zoo zu sehen
4287,s33,monkey,mammal,Affe,Natur zu sehen
4288,s33,monkey,mammal,Affe,gleicht dem Menschen (Vorfahren)
4289,s33,owl,bird,Eule,Vogeltier
4290,s33,owl,bird,Eule,nachtaktiv
4291,s33,owl,bird,Eule,große Augen
4292,s33,owl,bird,Eule,Federn
4293,s33,owl,bird,Eule,frisst Mäuse
4294,s33,owl,bird,Eule,frisst Insekten
4295,s33,owl,bird,Eule,kann ganzen Kopf verdrehen
4296,s33,church,building,Kirche,Gebäude
4297,s33,church,building,Kirche,in dem sich eine Gemeinschaft trifft
4298,s33,church,building,Kirche,betet
4299,s33,church,building,Kirche,singt
4300,s33,church,building,Kirche,Feiern stattfinden
4301,s33,church,building,Kirche,Zentrum des menschlichen Glaubens
4302,s33,church,building,Kirche,hat hohen Turm mit Glocke
4303,s33,church,building,Kirche,großes Kreuz
4304,s33,paintbrush,implement,Pinsel,Holz
4305,s33,paintbrush,implement,Pinsel,Stift
4306,s33,paintbrush,implement,Pinsel,mit feinen Härchen
4307,s33,paintbrush,implement,Pinsel,mit Borsten
4308,s33,paintbrush,implement,Pinsel,malt damit ein Bild
4309,s33,paintbrush,implement,Pinsel,malt damit Wand
4310,s33,cherry,fruit,Kirsche,Obst
4311,s33,cherry,fruit,Kirsche,klein
4312,s33,cherry,fruit,Kirsche,rot
4313,s33,cherry,fruit,Kirsche,Kernfrucht
4314,s33,cherry,fruit,Kirsche,Kernfrucht
4315,s33,cherry,fruit,Kirsche,süßlicher Geschmack
4316,s33,cherry,fruit,Kirsche,wächst auf dem Baum
4317,s33,sweater,clothing,Pullover,Kleidungsstück für Winter
4318,s33,sweater,clothing,Pullover,Kleidungsstück für Winter
4319,s33,sweater,clothing,Pullover,warm
4320,s33,sweater,clothing,Pullover,kuschelig
4321,s33,sweater,clothing,Pullover,man kann ihn öfters benutzen
4322,s33,sweater,clothing,Pullover,waschen
4323,s33,sweater,clothing,Pullover,anziehen
4324,s33,pear,fruit,Birne,bräunlich
4325,s33,pear,fruit,Birne,Obst
4326,s33,pear,fruit,Birne,frisches Fruchtfleisch
4327,s33,pear,fruit,Birne,wächst auf Baum
4328,s33,tower,building,Turm,hoch
4329,s33,tower,building,Turm,Baut
4330,s33,tower,building,Turm,aus festem Material
4331,s33,tower,building,Turm,man kann hinaufsteigen
4332,s33,tower,building,Turm,man kann herunterschauen
4333,s33,tower,building,Turm,eine Sehenswürdigkeit
4334,s33,dog,mammal,Hund,Tier
4335,s33,dog,mammal,Hund,bellt
4336,s33,dog,mammal,Hund,spielt mit Menschen
4337,s33,dog,mammal,Hund,hat 4 Pfoten
4338,s33,dog,mammal,Hund,hat einen Schwanz
4339,s33,dog,mammal,Hund,frisst gerne Knochen von Tieren
4340,s33,woodpecker,bird,Specht,Vogel
4341,s33,woodpecker,bird,Specht,bohrt Löcher in Baum
4342,s33,woodpecker,bird,Specht,im Wald zu sehen
4343,s33,truck,vehicle,Lastwagen,groß
4344,s33,truck,vehicle,Lastwagen,Wagen
4345,s33,truck,vehicle,Lastwagen,Transportmittel von Gütern
4346,s33,truck,vehicle,Lastwagen,Transportmittel von Gütern
4347,s33,truck,vehicle,Lastwagen,Transportmittel von Gütern
4348,s33,truck,vehicle,Lastwagen,schwer
4349,s33,truck,vehicle,Lastwagen,fährt auf Straße
4350,s33,truck,vehicle,Lastwagen,fährt auf Autobahn
4351,s33,hand,bodypart,Hand,Teil des Armes
4352,s33,hand,bodypart,Hand,besteht aus Fingern
4353,s33,hand,bodypart,Hand,besteht aus Handfläche
4354,s33,hand,bodypart,Hand,man kann winken
4355,s33,hand,bodypart,Hand,ohne Hände nicht tasten
4356,s33,hand,bodypart,Hand,ohne Hände nicht fühlen
4357,s33,hand,bodypart,Hand,ohne Hände nicht greifen
4358,s33,eye,bodypart,Auge,damit sehen
4359,s33,eye,bodypart,Auge,jedes Lebewesen hat es
4360,s33,eye,bodypart,Auge,jedes Tier hat es
4361,s33,eye,bodypart,Auge,jeder Mensch hat es
4362,s33,eye,bodypart,Auge,wahrnehmen was passiert
4363,s33,eye,bodypart,Auge,ohne wären wir blind
4364,s33,bed,furniture,Bett,Möbelstück
4365,s33,bed,furniture,Bett,schlafen
4366,s33,bed,furniture,Bett,relaxen
4367,s33,bed,furniture,Bett,kuschelig
4368,s33,bed,furniture,Bett,bequem
4369,s33,bed,furniture,Bett,benützt am Abend
4370,s33,bed,furniture,Bett,benützt in der Nacht
4371,s33,seagull,bird,Möwe,Vogel
4372,s33,seagull,bird,Möwe,am Meer
4373,s33,seagull,bird,Möwe,am See
4374,s33,seagull,bird,Möwe,"weiß, schwarz"
4375,s33,seagull,bird,Möwe,ernährt sich von Fischen
4376,s34,head,bodypart,Kopf,oberstes Körperteil
4377,s34,head,bodypart,Kopf,oberstes Körperteil
4378,s34,head,bodypart,Kopf,hat jeder am Körper
4379,s34,head,bodypart,Kopf,Haare darauf
4380,s34,head,bodypart,Kopf,man kann Hut draufsetzen
4381,s34,airplane,vehicle,Flugzeug,startet am Boden
4382,s34,airplane,vehicle,Flugzeug,hebt ab
4383,s34,airplane,vehicle,Flugzeug,man fliegt damit in der Luft
4384,s34,airplane,vehicle,Flugzeug,man fliegt damit in der Luft
4385,s34,airplane,vehicle,Flugzeug,viele Passagiere haben Platz
4386,s34,airplane,vehicle,Flugzeug,viele Passagiere haben Platz
4387,s34,airplane,vehicle,Flugzeug,bei der Ankunft wird gelandet am Boden
4388,s34,spinach,vegetable,Spinat,wächst in der Erde
4389,s34,spinach,vegetable,Spinat,im Gemüsegarten anpflanzen
4390,s34,spinach,vegetable,Spinat,Gemüse
4391,s34,spinach,vegetable,Spinat,grüne Blätter
4392,s34,spinach,vegetable,Spinat,zum essen
4393,s34,comb,implement,Kamm,Haare damit in Ordnung gebracht
4394,s34,comb,implement,Kamm,nach dem Aufstehen Haare in Position gebracht
4395,s34,comb,implement,Kamm,nach dem Aufstehen Haare in Position gebracht
4396,s34,skyscraper,building,Wolkenkratzer,hoch
4397,s34,skyscraper,building,Wolkenkratzer,Haus
4398,s34,skyscraper,building,Wolkenkratzer,mit vielen Stockwerken
4399,s34,skyscraper,building,Wolkenkratzer,in Großstädten
4400,s34,skyscraper,building,Wolkenkratzer,viele Wohnungen untergebracht
4401,s34,potato,vegetable,Kartoffel,wachsen in der Erde
4402,s34,potato,vegetable,Kartoffel,braun
4403,s34,potato,vegetable,Kartoffel,oval
4404,s34,potato,vegetable,Kartoffel,krumm
4405,s34,potato,vegetable,Kartoffel,Gemüse
4406,s34,potato,vegetable,Kartoffel,kann sie hartkochen
4407,s34,socks,clothing,Socken,zieht sie an den Füßen an
4408,s34,socks,clothing,Socken,aus Baumwolle
4409,s34,socks,clothing,Socken,trägt sie auf der Haut
4410,s34,corn,vegetable,Mais,Popcorn daraus gemacht
4411,s34,corn,vegetable,Mais,riesen Felder wo sie angebaut werden
4412,s34,corn,vegetable,Mais,ein Gemüse
4413,s34,corn,vegetable,Mais,"kleine, gelbe Körner"
4414,s34,corn,vegetable,Mais,"kleine, gelbe Körner"
4415,s34,corn,vegetable,Mais,kann man essen
4416,s34,orange,fruit,Orange,Zitrusfrucht
4417,s34,orange,fruit,Orange,rund
4418,s34,orange,fruit,Orange,orangefarben
4419,s34,orange,fruit,Orange,Obst
4420,s34,orange,fruit,Orange,Saft daraus machen
4421,s34,orange,fruit,Orange,muss sie zuerst schälen um sie essen zu können
4422,s34,jacket,clothing,Jacke,braucht man im Winter
4423,s34,jacket,clothing,Jacke,zieht sie über Pullover an
4424,s34,jacket,clothing,Jacke,spendet Wärme
4425,s34,jacket,clothing,Jacke,braucht sie wenn es kalt ist
4426,s34,shoes,clothing,Schuhe,haben eine Sohle
4427,s34,shoes,clothing,Schuhe,man bindet sie zu
4428,s34,shoes,clothing,Schuhe,zieht man an wenn man auf die Straße geht
4429,s34,shoes,clothing,Schuhe,an den Füßen getragen
4430,s34,onion,vegetable,Zwiebel,Gemüse
4431,s34,onion,vegetable,Zwiebel,braun
4432,s34,onion,vegetable,Zwiebel,rund
4433,s34,onion,vegetable,Zwiebel,wenn man sie aufschneidet tränen die Augen
4434,s34,goose,bird,Gans,weiß
4435,s34,goose,bird,Gans,Federtier
4436,s34,goose,bird,Gans,Federtier
4437,s34,goose,bird,Gans,Federtier
4438,s34,goose,bird,Gans,Federtier
4439,s34,goose,bird,Gans,kann in Teichen schwimmen
4440,s34,goose,bird,Gans,Braten aus ihr gemacht
4441,s34,peas,vegetable,Erbsen,klein
4442,s34,peas,vegetable,Erbsen,grün
4443,s34,peas,vegetable,Erbsen,rund
4444,s34,peas,vegetable,Erbsen,Gemüse
4445,s34,peas,vegetable,Erbsen,in Dosen verpackt
4446,s34,ship,vehicle,Schiff,Holzgefährt
4447,s34,ship,vehicle,Schiff,Holzgefährt
4448,s34,ship,vehicle,Schiff,treibt auf dem Wasser
4449,s34,ship,vehicle,Schiff,kann man steuern
4450,s34,ship,vehicle,Schiff,haben mehrere Menschen Platz
4451,s34,ship,vehicle,Schiff,haben mehrere Menschen Platz
4452,s34,ship,vehicle,Schiff,hat ein Segel
4453,s34,garage,building,Garage,man parkt dort das Auto
4454,s34,garage,building,Garage,man parkt dort das Mofa
4455,s34,garage,building,Garage,man parkt dort das Motorrad
4456,s34,garage,building,Garage,man parkt dort das Fahrrad
4457,s34,garage,building,Garage,hat ein Tor
4458,s34,garage,building,Garage,Auto wird dort abgestellt
4459,s34,bridge,building,Brücke,erhöht
4460,s34,bridge,building,Brücke,Straße
4461,s34,bridge,building,Brücke,wo darunter ein Fluss durchläuft
4462,s34,bridge,building,Brücke,auf Balken gestützt
4463,s34,bridge,building,Brücke,Weg
4464,s34,apple,fruit,Apfel,Kernfrucht
4465,s34,apple,fruit,Apfel,Kernfrucht
4466,s34,apple,fruit,Apfel,verschiedene Sorten
4467,s34,closet,furniture,Schrank,Kleider werden dort hineingegeben
4468,s34,closet,furniture,Schrank,aus Holz
4469,s34,closet,furniture,Schrank,steht im Zimmer
4470,s34,closet,furniture,Schrank,saubere Wäsche wird dort eingeräumt
4471,s34,closet,furniture,Schrank,mehrere Fächer
4472,s34,leg,bodypart,Bein,braucht und hat 2 davon
4473,s34,leg,bodypart,Bein,damit wir gehen können
4474,s34,leg,bodypart,Bein,Hosen verdecken sie
4475,s34,table,furniture,Tisch,dort wird gegessen
4476,s34,table,furniture,Tisch,in der Küche steht einer mit Stühlen
4477,s34,table,furniture,Tisch,in der Küche steht einer mit Stühlen
4478,s34,table,furniture,Tisch,etwas ablegen
4479,s34,table,furniture,Tisch,draufstellen
4480,s34,table,furniture,Tisch,hat 4 Beine
4481,s34,table,furniture,Tisch,hat eine Holzplatte darauf
4482,s34,tongs,implement,Zange,Werkzeug
4483,s34,tongs,implement,Zange,mit dem etwas zusammenzwicken
4484,s34,train,vehicle,Zug,fährt auf Gleise
4485,s34,train,vehicle,Zug,öffentliches Verkehrsmittel
4486,s34,train,vehicle,Zug,öffentliches Verkehrsmittel
4487,s34,train,vehicle,Zug,hat viele Passagiere Platz
4488,s34,train,vehicle,Zug,hat viele Passagiere Platz
4489,s34,sparrow,bird,Spatz,Vogelart
4490,s34,sparrow,bird,Spatz,klein
4491,s34,sparrow,bird,Spatz,Flügeltier
4492,s34,sparrow,bird,Spatz,Flügeltier
4493,s34,pineapple,fruit,Ananas,Frucht
4494,s34,pineapple,fruit,Ananas,Obst
4495,s34,pineapple,fruit,Ananas,Spongebob wohnt drin
4496,s34,pineapple,fruit,Ananas,gelb
4497,s34,pineapple,fruit,Ananas,oval
4498,s34,pineapple,fruit,Ananas,mit steifen Blättern drauf
4499,s35,armchair,furniture,Sessel,Lehne
4500,s35,armchair,furniture,Sessel,Kissen
4501,s35,armchair,furniture,Sessel,hinlegen
4502,s35,armchair,furniture,Sessel,ausruhen
4503,s35,broom,implement,Besen,Stiel
4504,s35,broom,implement,Besen,Borsten
4505,s35,broom,implement,Besen,kehren
4506,s35,broom,implement,Besen,saubermachen
4507,s35,rabbit,mammal,Hase,lange Ohren
4508,s35,rabbit,mammal,Hase,kurzes Fell
4509,s35,rabbit,mammal,Hase,Tier
4510,s35,chair,furniture,Stuhl,setzt sich drauf
4511,s35,chair,furniture,Stuhl,aus Holz
4512,s35,chair,furniture,Stuhl,4 Beine
4513,s35,chair,furniture,Stuhl,Lehne
4514,s35,chemise,clothing,Hemd,anziehen
4515,s35,chemise,clothing,Hemd,Stoff
4516,s35,chemise,clothing,Hemd,Knöpfe
4517,s35,bus,vehicle,Bus,öffentliches Verkehrsmittel
4518,s35,bus,vehicle,Bus,öffentliches Verkehrsmittel
4519,s35,bus,vehicle,Bus,fahren
4520,s35,bus,vehicle,Bus,Fahrschein abstempeln
4521,s35,sword,implement,Schwert,Ritter
4522,s35,sword,implement,Schwert,gefährlich
4523,s35,sword,implement,Schwert,spitz
4524,s35,sword,implement,Schwert,scharf
4525,s35,sword,implement,Schwert,Kampf
4526,s35,horse,mammal,Pferd,reiten
4527,s35,horse,mammal,Pferd,Hufe
4528,s35,horse,mammal,Pferd,Tier
4529,s35,horse,mammal,Pferd,Sattel
4530,s35,horse,mammal,Pferd,wiehern
4531,s35,finger,bodypart,Finger,man hat 5 an jeder Hand
4532,s35,finger,bodypart,Finger,Feinmotorik
4533,s35,finger,bodypart,Finger,damit etwas halten
4534,s35,bear,mammal,Bär,Tier
4535,s35,bear,mammal,Bär,braun
4536,s35,bear,mammal,Bär,Wald
4537,s35,bear,mammal,Bär,Nordpol
4538,s35,bear,mammal,Bär,gefährlich
4539,s35,monkey,mammal,Affe,Tier
4540,s35,monkey,mammal,Affe,Urwald
4541,s35,monkey,mammal,Affe,Zoo
4542,s35,monkey,mammal,Affe,Fell
4543,s35,owl,bird,Eule,Tier
4544,s35,owl,bird,Eule,Vogel
4545,s35,owl,bird,Eule,nachtaktiv
4546,s35,owl,bird,Eule,Wald
4547,s35,church,building,Kirche,beten
4548,s35,church,building,Kirche,Religion
4549,s35,church,building,Kirche,Pfarrer
4550,s35,church,building,Kirche,Sonntag
4551,s35,paintbrush,implement,Pinsel,malen
4552,s35,paintbrush,implement,Pinsel,Borsten
4553,s35,paintbrush,implement,Pinsel,Farbe
4554,s35,paintbrush,implement,Pinsel,Kunstwerk
4555,s35,cherry,fruit,Kirsche,Obst
4556,s35,cherry,fruit,Kirsche,wächst auf Bäumen
4557,s35,cherry,fruit,Kirsche,rot
4558,s35,cherry,fruit,Kirsche,Kern
4559,s35,cherry,fruit,Kirsche,von Vögeln gefressen
4560,s35,sweater,clothing,Pullover,anziehen
4561,s35,sweater,clothing,Pullover,warm
4562,s35,sweater,clothing,Pullover,Stoff
4563,s35,sweater,clothing,Pullover,Ärmel
4564,s35,pear,fruit,Birne,Obst
4565,s35,pear,fruit,Birne,wächst auf Bäumen
4566,s35,pear,fruit,Birne,gelb
4567,s35,pear,fruit,Birne,Kerngehäuse
4568,s35,tower,building,Turm,Schloss
4569,s35,tower,building,Turm,Steine
4570,s35,tower,building,Turm,hoch
4571,s35,tower,building,Turm,Aussicht
4572,s35,dog,mammal,Hund,Haustier
4573,s35,dog,mammal,Hund,Haustier
4574,s35,dog,mammal,Hund,bester Freund des Menschen
4575,s35,dog,mammal,Hund,Fell
4576,s35,dog,mammal,Hund,bellen
4577,s35,woodpecker,bird,Specht,Tier
4578,s35,woodpecker,bird,Specht,Vogel
4579,s35,woodpecker,bird,Specht,klopft mit seinem Schnabel an die Bäume
4580,s35,truck,vehicle,Lastwagen,Transport von Waren
4581,s35,truck,vehicle,Lastwagen,Transport von Waren
4582,s35,truck,vehicle,Lastwagen,Verkehrsstau
4583,s35,truck,vehicle,Lastwagen,Unfälle
4584,s35,hand,bodypart,Hand,jeder hat 2 davon
4585,s35,hand,bodypart,Hand,gehören zum menschlichen Körper
4586,s35,hand,bodypart,Hand,darauf jeweils 5 Finger
4587,s35,eye,bodypart,Auge,im Gesicht
4588,s35,eye,bodypart,Auge,von Menschen
4589,s35,eye,bodypart,Auge,von Tieren
4590,s35,eye,bodypart,Auge,sehen
4591,s35,eye,bodypart,Auge,beobachten
4592,s35,eye,bodypart,Auge,Brille
4593,s35,bed,furniture,Bett,hinlegen
4594,s35,bed,furniture,Bett,schlafen
4595,s35,bed,furniture,Bett,Kissen
4596,s35,bed,furniture,Bett,Decke
4597,s35,seagull,bird,Möwe,Vogel
4598,s35,seagull,bird,Möwe,Meer
4599,s35,seagull,bird,Möwe,"weiße, lange Flügel"
4600,s36,head,bodypart,Kopf,rund
4601,s36,head,bodypart,Kopf,gehört zum Körper
4602,s36,head,bodypart,Kopf,trägt es mit dem Hals
4603,s36,airplane,vehicle,Flugzeug,sieht man in der Luft
4604,s36,airplane,vehicle,Flugzeug,man kann damit Güter transportieren
4605,s36,airplane,vehicle,Flugzeug,man kann damit Güter transportieren
4606,s36,airplane,vehicle,Flugzeug,man kann damit Personen transportieren
4607,s36,airplane,vehicle,Flugzeug,man kann damit Personen transportieren
4608,s36,spinach,vegetable,Spinat,gut für die Gesundheit
4609,s36,spinach,vegetable,Spinat,hat Nährstoffe
4610,s36,spinach,vegetable,Spinat,kräftigt den Körper
4611,s36,spinach,vegetable,Spinat,grün
4612,s36,comb,implement,Kamm,braucht man für die Haare
4613,s36,comb,implement,Kamm,täglich verwendet
4614,s36,comb,implement,Kamm,und im Tag auch öfter verwendet
4615,s36,skyscraper,building,Wolkenkratzer,enorm groß
4616,s36,skyscraper,building,Wolkenkratzer,hoch
4617,s36,skyscraper,building,Wolkenkratzer,in großen Städten wie USA
4618,s36,potato,vegetable,Kartoffel,unter der Erde
4619,s36,potato,vegetable,Kartoffel,Acker
4620,s36,potato,vegetable,Kartoffel,Feld
4621,s36,potato,vegetable,Kartoffel,ernten
4622,s36,potato,vegetable,Kartoffel,verspeisen
4623,s36,socks,clothing,Socken,hilft für die Kälte
4624,s36,socks,clothing,Socken,bequem
4625,s36,socks,clothing,Socken,kuschelig
4626,s36,socks,clothing,Socken,praktisch
4627,s36,corn,vegetable,Mais,wächst auf einem Feld
4628,s36,corn,vegetable,Mais,ernten
4629,s36,corn,vegetable,Mais,kann viele Speisen damit machen
4630,s36,corn,vegetable,Mais,am liebsten für Salat
4631,s36,orange,fruit,Orange,Zitrusfrucht
4632,s36,orange,fruit,Orange,in wärmeren Ländern
4633,s36,orange,fruit,Orange,Vitamin C
4634,s36,jacket,clothing,Jacke,hilft für die Kälte
4635,s36,jacket,clothing,Jacke,Mode
4636,s36,jacket,clothing,Jacke,verschiedene Arten
4637,s36,jacket,clothing,Jacke,mit verschiedenen Stoffen machen
4638,s36,shoes,clothing,Schuhe,trägt man am Fuß
4639,s36,shoes,clothing,Schuhe,verschiedene Arten
4640,s36,shoes,clothing,Schuhe,aus verschiedenen Materialien herstellen
4641,s36,onion,vegetable,Zwiebel,ist eine Nahrung
4642,s36,onion,vegetable,Zwiebel,wächst auf dem Boden
4643,s36,onion,vegetable,Zwiebel,verwendet es um Speisen vorzubereiten
4644,s36,goose,bird,Gans,gehört zu der Tierwelt
4645,s36,goose,bird,Gans,legt Eier
4646,s36,goose,bird,Gans,leben an Bauernhöfen
4647,s36,peas,vegetable,Erbsen,ist eine Nahrung
4648,s36,peas,vegetable,Erbsen,rund
4649,s36,peas,vegetable,Erbsen,für Beilage einer Speise verwendet
4650,s36,ship,vehicle,Schiff,ein Transportmittel für Güter
4651,s36,ship,vehicle,Schiff,ein Transportmittel für Güter
4652,s36,ship,vehicle,Schiff,ein Transportmittel für Personen
4653,s36,ship,vehicle,Schiff,ein Transportmittel für Personen
4654,s36,ship,vehicle,Schiff,am Wasser
4655,s36,ship,vehicle,Schiff,am Meer
4656,s36,ship,vehicle,Schiff,am See
4657,s36,garage,building,Garage,ein Raum
4658,s36,garage,building,Garage,für Autos
4659,s36,bridge,building,Brücke,bei Unterführungen benötigt
4660,s36,bridge,building,Brücke,Unterführung Wasser
4661,s36,bridge,building,Brücke,Unterführung Straße
4662,s36,apple,fruit,Apfel,eine Nahrung
4663,s36,apple,fruit,Apfel,Vitamin C
4664,s36,apple,fruit,Apfel,Obst
4665,s36,apple,fruit,Apfel,von den Obstbäumen geerntet
4666,s36,closet,furniture,Schrank,aus Holz
4667,s36,closet,furniture,Schrank,aus Plastik
4668,s36,closet,furniture,Schrank,aus Metall
4669,s36,closet,furniture,Schrank,um Sachen dort aufzubewahren
4670,s36,closet,furniture,Schrank,um Kleider dort aufzubewahren
4671,s36,leg,bodypart,Bein,ein Körperteil
4672,s36,leg,bodypart,Bein,zum gehen
4673,s36,leg,bodypart,Bein,belastbar
4674,s36,table,furniture,Tisch,benötigt zum dort essen
4675,s36,table,furniture,Tisch,zu dem gehören Stühle
4676,s36,tongs,implement,Zange,ein Werkzeug
4677,s36,tongs,implement,Zange,große
4678,s36,tongs,implement,Zange,Mechaniker
4679,s36,tongs,implement,Zange,kleine
4680,s36,tongs,implement,Zange,Zahnarzt
4681,s36,tongs,implement,Zange,aus Metall
4682,s36,train,vehicle,Zug,ein Transportmittel
4683,s36,train,vehicle,Zug,ein Transportmittel
4684,s36,train,vehicle,Zug,Güter
4685,s36,train,vehicle,Zug,Personen
4686,s36,train,vehicle,Zug,Gleise
4687,s36,train,vehicle,Zug,Bahnhof
4688,s36,train,vehicle,Zug,Ticket
4689,s36,sparrow,bird,Spatz,Vogelart
4690,s36,pineapple,fruit,Ananas,Nahrungsmittel
4691,s36,pineapple,fruit,Ananas,Zitrusfrucht
4692,s36,pineapple,fruit,Ananas,Vitamin C
4693,s36,pineapple,fruit,Ananas,gelb im Inneren
4694,s36,pineapple,fruit,Ananas,erntet man von Palmen
4695,s37,armchair,furniture,Sessel,darauf sitzen
4696,s37,armchair,furniture,Sessel,gemütlich
4697,s37,armchair,furniture,Sessel,weich
4698,s37,armchair,furniture,Sessel,mit Leder überzogen
4699,s37,armchair,furniture,Sessel,im Wohnzimmer
4700,s37,broom,implement,Besen,damit Müll wegräumen
4701,s37,broom,implement,Besen,damit putzen Straßenarbeiter die Straße
4702,s37,broom,implement,Besen,damit putzen Straßenarbeiter die Straße
4703,s37,broom,implement,Besen,hat einen Stiel
4704,s37,broom,implement,Besen,kann aus kleinen Ästen sein
4705,s37,rabbit,mammal,Hase,ein Tier
4706,s37,rabbit,mammal,Hase,hoppelt herum
4707,s37,rabbit,mammal,Hase,mehrere Arten
4708,s37,rabbit,mammal,Hase,kann auch wild sein
4709,s37,rabbit,mammal,Hase,ein Haustier
4710,s37,rabbit,mammal,Hase,ein Haustier
4711,s37,rabbit,mammal,Hase,hat ein Fell
4712,s37,rabbit,mammal,Hase,kann es auch essen
4713,s37,chair,furniture,Stuhl,darauf sitzen
4714,s37,chair,furniture,Stuhl,dort vorhanden wo ein Tisch ist
4715,s37,chair,furniture,Stuhl,aus Holz
4716,s37,chair,furniture,Stuhl,hat 4 Füße
4717,s37,chair,furniture,Stuhl,standhaft
4718,s37,chemise,clothing,Hemd,anziehen
4719,s37,chemise,clothing,Hemd,sieht mit Krawatte schön aus
4720,s37,chemise,clothing,Hemd,dünner Stoff
4721,s37,chemise,clothing,Hemd,Bankangestellte haben es an
4722,s37,chemise,clothing,Hemd,manche Personen haben es in der Freizeit an
4723,s37,chemise,clothing,Hemd,manche Personen haben es in der Freizeit an
4724,s37,bus,vehicle,Bus,Transportmittel
4725,s37,bus,vehicle,Bus,Transportmittel
4726,s37,bus,vehicle,Bus,man fährt zur Schule
4727,s37,bus,vehicle,Bus,öffentliches Verkehrsmittel
4728,s37,bus,vehicle,Bus,öffentliches Verkehrsmittel
4729,s37,bus,vehicle,Bus,läuft mit Benzin
4730,s37,bus,vehicle,Bus,läuft mit diesel
4731,s37,bus,vehicle,Bus,kann Euro 4 sein
4732,s37,bus,vehicle,Bus,damit kann man eine Reise machen
4733,s37,sword,implement,Schwert,Soldat hat es
4734,s37,sword,implement,Schwert,zu kämpfen
4735,s37,sword,implement,Schwert,aus Metall
4736,s37,sword,implement,Schwert,jemanden verletzen
4737,s37,sword,implement,Schwert,jemanden töten
4738,s37,sword,implement,Schwert,in einer Tasche die am Gürtel hängt
4739,s37,horse,mammal,Pferd,ein Tier
4740,s37,horse,mammal,Pferd,4 Füße
4741,s37,horse,mammal,Pferd,darauf reiten
4742,s37,horse,mammal,Pferd,bei Rennen mittun
4743,s37,horse,mammal,Pferd,Indianer haben sie
4744,s37,finger,bodypart,Finger,Hand und 5 Finger
4745,s37,finger,bodypart,Finger,durchblutet
4746,s37,finger,bodypart,Finger,kann man sich abtrennen
4747,s37,finger,bodypart,Finger,vielen Tischlern fehlt davon einer
4748,s37,finger,bodypart,Finger,hat Nägel die man mit Nagellack anstreichen kann
4749,s37,bear,mammal,Bär,ein Tier
4750,s37,bear,mammal,Bär,hat ein Fell
4751,s37,bear,mammal,Bär,bei uns fast ausgestorben
4752,s37,bear,mammal,Bär,zerreißt Schafe
4753,s37,bear,mammal,Bär,hat Winterschlaf
4754,s37,monkey,mammal,Affe,ein Tier
4755,s37,monkey,mammal,Affe,isst Banane
4756,s37,monkey,mammal,Affe,Menschen damit verwandt
4757,s37,monkey,mammal,Affe,klettert auf Bäumen
4758,s37,monkey,mammal,Affe,sucht bei anderen Artgenossen Läuse
4759,s37,owl,bird,Eule,Tier
4760,s37,owl,bird,Eule,nachts unterwegs
4761,s37,owl,bird,Eule,hat Federn
4762,s37,owl,bird,Eule,kann Kopf um 360 Grad drehen
4763,s37,church,building,Kirche,Katholiken gehen dort hin
4764,s37,church,building,Kirche,Pfarrer
4765,s37,church,building,Kirche,Ministranten
4766,s37,church,building,Kirche,Gläubige nehmen an Messen teil
4767,s37,church,building,Kirche,Gläubige nehmen an Messen teil
4768,s37,paintbrush,implement,Pinsel,damit malen
4769,s37,paintbrush,implement,Pinsel,dunkt ihn in Farbe ein
4770,s37,paintbrush,implement,Pinsel,aus Borsten
4771,s37,paintbrush,implement,Pinsel,aus Haaren
4772,s37,paintbrush,implement,Pinsel,verschiedene Größen
4773,s37,paintbrush,implement,Pinsel,Bilder malen
4774,s37,cherry,fruit,Kirsche,Obst
4775,s37,cherry,fruit,Kirsche,rot
4776,s37,cherry,fruit,Kirsche,Ende Sommer reif
4777,s37,cherry,fruit,Kirsche,Kern innen
4778,s37,cherry,fruit,Kirsche,hängt man auf Ohren auf zum Spaß
4779,s37,cherry,fruit,Kirsche,Amarena
4780,s37,sweater,clothing,Pullover,zieht man an
4781,s37,sweater,clothing,Pullover,wenn es kalt ist
4782,s37,sweater,clothing,Pullover,aus Wolle gestrickt
4783,s37,sweater,clothing,Pullover,in Kleidungsgeschäft kaufen
4784,s37,sweater,clothing,Pullover,verschiedene Modelle
4785,s37,sweater,clothing,Pullover,verschiedene Farben
4786,s37,sweater,clothing,Pullover,verschiedene Größen
4787,s37,pear,fruit,Birne,Obst
4788,s37,pear,fruit,Birne,im Herbst reif
4789,s37,pear,fruit,Birne,wächst auf Bäumen
4790,s37,pear,fruit,Birne,hat ein Gehäuse innen
4791,s37,pear,fruit,Birne,hat unten ein Bäuchchen
4792,s37,pear,fruit,Birne,oben schmal
4793,s37,tower,building,Turm,hoch
4794,s37,tower,building,Turm,kann man begehen wenn er gr. ist
4795,s37,tower,building,Turm,hat man schöne Aussicht oben
4796,s37,tower,building,Turm,aus Mauern
4797,s37,tower,building,Turm,Kinder machen ihn aus Holzklötzchen
4798,s37,dog,mammal,Hund,Tier
4799,s37,dog,mammal,Hund,Haustier
4800,s37,dog,mammal,Hund,Haustier
4801,s37,dog,mammal,Hund,bellt
4802,s37,dog,mammal,Hund,verschiedene Rassen
4803,s37,dog,mammal,Hund,spazieren gehen
4804,s37,dog,mammal,Hund,gassi gehen
4805,s37,woodpecker,bird,Specht,ein Tier
4806,s37,woodpecker,bird,Specht,beckt am Baum ein Loch aus
4807,s37,woodpecker,bird,Specht,ein Vogel
4808,s37,woodpecker,bird,Specht,man hört das Becken
4809,s37,truck,vehicle,Lastwagen,Transportmittel
4810,s37,truck,vehicle,Lastwagen,Transportmittel
4811,s37,truck,vehicle,Lastwagen,Sachgüter transportieren
4812,s37,truck,vehicle,Lastwagen,Sachgüter transportieren
4813,s37,truck,vehicle,Lastwagen,Erde transportieren
4814,s37,truck,vehicle,Lastwagen,Kieselsteine transportieren
4815,s37,truck,vehicle,Lastwagen,Autos transportieren
4816,s37,truck,vehicle,Lastwagen,mit Motor betrieben
4817,s37,hand,bodypart,Hand,am Arm befestigt
4818,s37,hand,bodypart,Hand,damit Dinge angreifen
4819,s37,hand,bodypart,Hand,Finger an der Hand befestigt
4820,s37,hand,bodypart,Hand,durchblutet
4821,s37,eye,bodypart,Auge,jeder Mensch hat 2
4822,s37,eye,bodypart,Auge,damit sehen
4823,s37,eye,bodypart,Auge,einige brauchen Brillen da Augen nicht mehr ihre Arbeit machen oder erkrankt sind
4824,s37,eye,bodypart,Auge,im Kopf
4825,s37,bed,furniture,Bett,darin schlafen
4826,s37,bed,furniture,Bett,Matratze
4827,s37,bed,furniture,Bett,darauf liegt man
4828,s37,bed,furniture,Bett,gemütlich
4829,s37,bed,furniture,Bett,auch zu 2 verbringen
4830,s37,seagull,bird,Möwe,auf dem Meer
4831,s37,seagull,bird,Möwe,ein Vogel
4832,s37,seagull,bird,Möwe,fliegt Fischerbooten hinterher
4833,s37,seagull,bird,Möwe,ernährt sich von Fischen
4834,s38,head,bodypart,Kopf,oben drauf am Körper
4835,s38,head,bodypart,Kopf,mit Haare besetzt oben drauf
4836,s38,head,bodypart,Kopf,Mund ist im Kopf sichtbar
4837,s38,head,bodypart,Kopf,Nase ist im Kopf sichtbar
4838,s38,head,bodypart,Kopf,Augen ist im Kopf sichtbar
4839,s38,head,bodypart,Kopf,Ohren ist im Kopf sichtbar
4840,s38,head,bodypart,Kopf,Gedächtnis ist im Kopf
4841,s38,head,bodypart,Kopf,Gehirn ist im Kopf
4842,s38,airplane,vehicle,Flugzeug,damit fliegen
4843,s38,airplane,vehicle,Flugzeug,viele Passagiere
4844,s38,airplane,vehicle,Flugzeug,Stewardess
4845,s38,airplane,vehicle,Flugzeug,Pilot
4846,s38,airplane,vehicle,Flugzeug,Ko-Pilot
4847,s38,airplane,vehicle,Flugzeug,weite Länder bereisen
4848,s38,airplane,vehicle,Flugzeug,große Entfernungen befahren
4849,s38,airplane,vehicle,Flugzeug,schnell
4850,s38,spinach,vegetable,Spinat,grün
4851,s38,spinach,vegetable,Spinat,im Garten
4852,s38,spinach,vegetable,Spinat,bitter
4853,s38,spinach,vegetable,Spinat,man wird stark
4854,s38,spinach,vegetable,Spinat,Popeye
4855,s38,spinach,vegetable,Spinat,Gemüse
4856,s38,comb,implement,Kamm,Haare bürsten
4857,s38,comb,implement,Kamm,Zacken
4858,s38,comb,implement,Kamm,Zähne
4859,s38,comb,implement,Kamm,um Haare zu ordnen
4860,s38,comb,implement,Kamm,schön machen
4861,s38,skyscraper,building,Wolkenkratzer,groß
4862,s38,skyscraper,building,Wolkenkratzer,Hochhaus
4863,s38,skyscraper,building,Wolkenkratzer,viele Stöcke
4864,s38,skyscraper,building,Wolkenkratzer,Aufzug
4865,s38,skyscraper,building,Wolkenkratzer,Amerika
4866,s38,skyscraper,building,Wolkenkratzer,Wohnungen
4867,s38,skyscraper,building,Wolkenkratzer,Büros
4868,s38,skyscraper,building,Wolkenkratzer,11. September
4869,s38,potato,vegetable,Kartoffel,wächst unter der Erde
4870,s38,potato,vegetable,Kartoffel,hat eine Schale
4871,s38,potato,vegetable,Kartoffel,muss sie kochen
4872,s38,potato,vegetable,Kartoffel,braucht speziellen Acker
4873,s38,potato,vegetable,Kartoffel,mehlige
4874,s38,potato,vegetable,Kartoffel,knackige
4875,s38,socks,clothing,Socken,man zieht sie über die Füße
4876,s38,socks,clothing,Socken,jeden Tag wechseln sonst stinken sie
4877,s38,socks,clothing,Socken,es gibt warme für den Winter
4878,s38,socks,clothing,Socken,dünne für den Sommer
4879,s38,corn,vegetable,Mais,gelb
4880,s38,corn,vegetable,Mais,hat einzelne Körner
4881,s38,corn,vegetable,Mais,muss man kochen zum essen
4882,s38,corn,vegetable,Mais,wächst im Acker
4883,s38,corn,vegetable,Mais,wächst oberhalb der Erde
4884,s38,corn,vegetable,Mais,in eine Schale eingewickelt
4885,s38,corn,vegetable,Mais,kann man süß abmachen
4886,s38,corn,vegetable,Mais,kann man salzig abmachen
4887,s38,orange,fruit,Orange,im Winter verspeist
4888,s38,orange,fruit,Orange,orange
4889,s38,orange,fruit,Orange,größer als die Mandarine
4890,s38,orange,fruit,Orange,hat eine Schale
4891,s38,orange,fruit,Orange,saftig
4892,s38,orange,fruit,Orange,Kerne oder keine Kerne
4893,s38,jacket,clothing,Jacke,dient zu wärmen
4894,s38,jacket,clothing,Jacke,dünne
4895,s38,jacket,clothing,Jacke,dicke
4896,s38,jacket,clothing,Jacke,über den Pullover angezogen
4897,s38,jacket,clothing,Jacke,hat Taschen
4898,s38,shoes,clothing,Schuhe,man zieht Schuhe über Strümpfe an
4899,s38,shoes,clothing,Schuhe,man zieht Schuhe über Socken an
4900,s38,shoes,clothing,Schuhe,geben uns kalt
4901,s38,shoes,clothing,Schuhe,gehen auf Steinen schmerzt nicht
4902,s38,shoes,clothing,Schuhe,Sportschuhe
4903,s38,onion,vegetable,Zwiebel,scharf
4904,s38,onion,vegetable,Zwiebel,rot
4905,s38,onion,vegetable,Zwiebel,gelb
4906,s38,onion,vegetable,Zwiebel,braun
4907,s38,onion,vegetable,Zwiebel,beim Aufschneiden tränen Augen
4908,s38,onion,vegetable,Zwiebel,guter Geschmack
4909,s38,goose,bird,Gans,ein Gefiedertier
4910,s38,goose,bird,Gans,ein Gefiedertier
4911,s38,goose,bird,Gans,legt Eier
4912,s38,goose,bird,Gans,stolz
4913,s38,goose,bird,Gans,kann schwimmen
4914,s38,goose,bird,Gans,braunes Gefieder
4915,s38,peas,vegetable,Erbsen,klein
4916,s38,peas,vegetable,Erbsen,grün
4917,s38,peas,vegetable,Erbsen,zuerst in einer Art Bohne
4918,s38,peas,vegetable,Erbsen,schmackhaft
4919,s38,peas,vegetable,Erbsen,man muss sie kochen
4920,s38,ship,vehicle,Schiff,kann auf Wasser verkehren
4921,s38,ship,vehicle,Schiff,Passagiere
4922,s38,ship,vehicle,Schiff,lange Reise
4923,s38,ship,vehicle,Schiff,auf dem Meer
4924,s38,ship,vehicle,Schiff,hat jeder in Venedig statt Schiff
4925,s38,garage,building,Garage,Abstellplatz
4926,s38,garage,building,Garage,Abstellplatz
4927,s38,garage,building,Garage,für Autos
4928,s38,garage,building,Garage,Auto geschützt
4929,s38,garage,building,Garage,Auto ist wärmer
4930,s38,bridge,building,Brücke,höhenfrei
4931,s38,bridge,building,Brücke,Überführung über andere Straße
4932,s38,bridge,building,Brücke,Überführung über Fluß
4933,s38,bridge,building,Brücke,verbindet 2 Ortschaften miteinander
4934,s38,apple,fruit,Apfel,knackig
4935,s38,apple,fruit,Apfel,mehlig
4936,s38,apple,fruit,Apfel,rot
4937,s38,apple,fruit,Apfel,gelb
4938,s38,apple,fruit,Apfel,grün
4939,s38,apple,fruit,Apfel,Kerngehäuse
4940,s38,apple,fruit,Apfel,Fleisch weißlich
4941,s38,apple,fruit,Apfel,Fleisch weißlich
4942,s38,apple,fruit,Apfel,Fleisch gelblich
4943,s38,apple,fruit,Apfel,Fleisch gelblich
4944,s38,closet,furniture,Schrank,holzig
4945,s38,closet,furniture,Schrank,man kann Kleider aufbewahren
4946,s38,closet,furniture,Schrank,Kleider bleiben sauber
4947,s38,closet,furniture,Schrank,Kleider werden nicht staubig
4948,s38,closet,furniture,Schrank,verschiedene Schränke
4949,s38,closet,furniture,Schrank,Geschirrschrank
4950,s38,closet,furniture,Schrank,Kleiderschrank
4951,s38,closet,furniture,Schrank,Waschschrank
4952,s38,leg,bodypart,Bein,daran wird Fuß befestigt
4953,s38,leg,bodypart,Bein,behaart
4954,s38,leg,bodypart,Bein,bei Frauen rasiert
4955,s38,leg,bodypart,Bein,Körperteil
4956,s38,table,furniture,Tisch,steht in jeder Küche
4957,s38,table,furniture,Tisch,aus Holz
4958,s38,table,furniture,Tisch,dort wird gegessen
4959,s38,table,furniture,Tisch,dort werden Aufgaben gemacht
4960,s38,tongs,implement,Zange,aus Eisen
4961,s38,tongs,implement,Zange,um Nägel aus dem Holz zu ziehen
4962,s38,tongs,implement,Zange,von Hand betätigt
4963,s38,train,vehicle,Zug,fährt auf schienen
4964,s38,train,vehicle,Zug,für Personentransport
4965,s38,train,vehicle,Zug,für Personentransport
4966,s38,train,vehicle,Zug,Kontrolleure
4967,s38,train,vehicle,Zug,verschiedene Abteile
4968,s38,sparrow,bird,Spatz,ein Vogel
4969,s38,sparrow,bird,Spatz,Gefiedertier
4970,s38,sparrow,bird,Spatz,Gefiedertier
4971,s38,sparrow,bird,Spatz,klein
4972,s38,sparrow,bird,Spatz,zwitschert
4973,s38,sparrow,bird,Spatz,Kosename für Partner
4974,s38,pineapple,fruit,Ananas,exotische Frucht
4975,s38,pineapple,fruit,Ananas,exotische Frucht
4976,s38,pineapple,fruit,Ananas,exotische Frucht
4977,s38,pineapple,fruit,Ananas,exotische Frucht
4978,s38,pineapple,fruit,Ananas,sauer
4979,s38,pineapple,fruit,Ananas,gelbes Fleisch
4980,s38,pineapple,fruit,Ananas,harte Schale ungenießbar
4981,s39,armchair,furniture,Sessel,darauf sitzen
4982,s39,armchair,furniture,Sessel,aus Holz
4983,s39,armchair,furniture,Sessel,aus Kunststoff
4984,s39,armchair,furniture,Sessel,hat 4 Beine
4985,s39,armchair,furniture,Sessel,hat eine Oberfläche
4986,s39,armchair,furniture,Sessel,wo man sitzt
4987,s39,armchair,furniture,Sessel,hat eine Rückenlehne zum anlehnen
4988,s39,armchair,furniture,Sessel,hat 2 Armlehnen wo man die Arme abstützen kann
4989,s39,armchair,furniture,Sessel,verstellbar
4990,s39,broom,implement,Besen,besitzt Stiel
4991,s39,broom,implement,Besen,besitzt Bürste
4992,s39,rabbit,mammal,Hase,lebendig
4993,s39,rabbit,mammal,Hase,ein Tier
4994,s39,rabbit,mammal,Hase,springen
4995,s39,rabbit,mammal,Hase,ernährt sich von Gräsern
4996,s39,rabbit,mammal,Hase,ernährt sich von Karotten
4997,s39,rabbit,mammal,Hase,hat 4 Beine
4998,s39,rabbit,mammal,Hase,hat lange Ohren
4999,s39,rabbit,mammal,Hase,braun
5000,s39,rabbit,mammal,Hase,hat ein Fell
5001,s39,rabbit,mammal,Hase,hat 4 Beine
5002,s39,chair,furniture,Stuhl,hat eine Rückenlehne
5003,s39,chair,furniture,Stuhl,hat 2 Armlehnen
5004,s39,chair,furniture,Stuhl,aus Holz
5005,s39,chair,furniture,Stuhl,aus Kunststoff
5006,s39,chair,furniture,Stuhl,auf ihn sitzen
5007,s39,chemise,clothing,Hemd,anziehen
5008,s39,chemise,clothing,Hemd,aus Stoff
5009,s39,chemise,clothing,Hemd,hat kurze Ärmel
5010,s39,chemise,clothing,Hemd,hat lange Ärmel
5011,s39,chemise,clothing,Hemd,verschiedene Farben
5012,s39,chemise,clothing,Hemd,von Frau und Mann verwendet
5013,s39,bus,vehicle,Bus,transportiert Fahrgäste
5014,s39,bus,vehicle,Bus,transportiert Fahrgäste
5015,s39,bus,vehicle,Bus,beinhaltet Sitze
5016,s39,bus,vehicle,Bus,4 Räder
5017,s39,bus,vehicle,Bus,durch Entwerten des Fahrscheins bezahlt
5018,s39,sword,implement,Schwert,zum Töten
5019,s39,sword,implement,Schwert,spitzig
5020,s39,sword,implement,Schwert,lang
5021,s39,sword,implement,Schwert,hat eine Griff
5022,s39,sword,implement,Schwert,zum Kämpfen benützt
5023,s39,horse,mammal,Pferd,lebendig
5024,s39,horse,mammal,Pferd,Tier
5025,s39,horse,mammal,Pferd,hat Fell
5026,s39,horse,mammal,Pferd,hat lange Mähne
5027,s39,horse,mammal,Pferd,hat 4 Beine auf denen es geht
5028,s39,finger,bodypart,Finger,Teil der Hände
5029,s39,finger,bodypart,Finger,beweglich
5030,s39,finger,bodypart,Finger,hat einen Nagel
5031,s39,finger,bodypart,Finger,mit ihm zeigen
5032,s39,bear,mammal,Bär,lebendig
5033,s39,bear,mammal,Bär,Tier
5034,s39,bear,mammal,Bär,braunes Fell
5035,s39,bear,mammal,Bär,weißes Fell
5036,s39,bear,mammal,Bär,4 Beine auf denen er geht
5037,s39,bear,mammal,Bär,ernährt sich von Beeren aus dem Wald
5038,s39,bear,mammal,Bär,kann gefährlich sein
5039,s39,monkey,mammal,Affe,lebendig
5040,s39,monkey,mammal,Affe,Tier
5041,s39,monkey,mammal,Affe,beweglich
5042,s39,monkey,mammal,Affe,isst Bananen
5043,s39,monkey,mammal,Affe,den Menschen ähnlich
5044,s39,monkey,mammal,Affe,hüpft von Baum zu Baum
5045,s39,monkey,mammal,Affe,haarig
5046,s39,owl,bird,Eule,lebendig
5047,s39,owl,bird,Eule,Tier
5048,s39,owl,bird,Eule,lebt im Wald
5049,s39,owl,bird,Eule,"hat große, gelbe Augen"
5050,s39,owl,bird,Eule,kann fliegen
5051,s39,owl,bird,Eule,hat Flügel
5052,s39,owl,bird,Eule,Raubtier
5053,s39,church,building,Kirche,ein Gebäude
5054,s39,church,building,Kirche,dort treffen sich Menschen
5055,s39,church,building,Kirche,dort treffen sich Menschen
5056,s39,church,building,Kirche,um Gott anzubeten
5057,s39,church,building,Kirche,dort finden Begräbnisse statt
5058,s39,church,building,Kirche,dort werden Hochzeiten gefeiert
5059,s39,church,building,Kirche,ein Pfarrer predigt
5060,s39,paintbrush,implement,Pinsel,hat einen Stiel
5061,s39,paintbrush,implement,Pinsel,hat Häärchen
5062,s39,paintbrush,implement,Pinsel,mit ihm malen
5063,s39,paintbrush,implement,Pinsel,für Wasserfarben benützt
5064,s39,paintbrush,implement,Pinsel,beweglich
5065,s39,cherry,fruit,Kirsche,essbar
5066,s39,cherry,fruit,Kirsche,Frucht
5067,s39,cherry,fruit,Kirsche,hat einen Kern den man nicht isst
5068,s39,cherry,fruit,Kirsche,wächst auf einem Baum
5069,s39,cherry,fruit,Kirsche,rot
5070,s39,cherry,fruit,Kirsche,hängt an einem Stengel
5071,s39,cherry,fruit,Kirsche,wächst im Sommer
5072,s39,sweater,clothing,Pullover,anziehen
5073,s39,sweater,clothing,Pullover,für kalte Jahreszeit
5074,s39,sweater,clothing,Pullover,aus Stoff
5075,s39,sweater,clothing,Pullover,für Mann und Frau
5076,s39,sweater,clothing,Pullover,für Mann und Frau
5077,s39,sweater,clothing,Pullover,hat lange Ärmel
5078,s39,pear,fruit,Birne,essbar
5079,s39,pear,fruit,Birne,hat Stengel
5080,s39,pear,fruit,Birne,schmeckt süßlich
5081,s39,pear,fruit,Birne,gelb
5082,s39,pear,fruit,Birne,beim Essen bleibt Butzen übrig
5083,s39,pear,fruit,Birne,beim Essen bleibt Butzen übrig
5084,s39,pear,fruit,Birne,ovale Form
5085,s39,pear,fruit,Birne,wächst auf Baum
5086,s39,tower,building,Turm,Teil der Kirche
5087,s39,tower,building,Turm,hat Stiegen
5088,s39,tower,building,Turm,hat Glocken
5089,s39,tower,building,Turm,wenn man oben ist gute Aussicht
5090,s39,tower,building,Turm,hoch
5091,s39,tower,building,Turm,hat am Höhepunkt eine Kuppel
5092,s39,tower,building,Turm,hat Fenster
5093,s39,dog,mammal,Hund,lebendig
5094,s39,dog,mammal,Hund,Tier
5095,s39,dog,mammal,Hund,hat 4 Beine
5096,s39,dog,mammal,Hund,hat braunes Fell
5097,s39,dog,mammal,Hund,schnell
5098,s39,dog,mammal,Hund,laufen
5099,s39,dog,mammal,Hund,bellen
5100,s39,dog,mammal,Hund,gute Ohren
5101,s39,dog,mammal,Hund,intelligent
5102,s39,dog,mammal,Hund,nützt zur Drogensuche
5103,s39,dog,mammal,Hund,nützt zur Vermisstensuche
5104,s39,woodpecker,bird,Specht,lebendig
5105,s39,woodpecker,bird,Specht,Tier
5106,s39,woodpecker,bird,Specht,Vogelart
5107,s39,woodpecker,bird,Specht,kann fliegen
5108,s39,woodpecker,bird,Specht,hat Flügel
5109,s39,woodpecker,bird,Specht,isst Regenwürmer
5110,s39,woodpecker,bird,Specht,lebt auf Bäumen
5111,s39,woodpecker,bird,Specht,lebt im Wald
5112,s39,truck,vehicle,Lastwagen,hat 4 Räder
5113,s39,truck,vehicle,Lastwagen,kann fahren
5114,s39,truck,vehicle,Lastwagen,Sachen transportieren
5115,s39,truck,vehicle,Lastwagen,braucht einen Lenker
5116,s39,truck,vehicle,Lastwagen,groß
5117,s39,truck,vehicle,Lastwagen,lang
5118,s39,hand,bodypart,Hand,hängt an Armen
5119,s39,hand,bodypart,Hand,hat jeweils 5 Finger
5120,s39,hand,bodypart,Hand,es gibt 2 davon
5121,s39,hand,bodypart,Hand,damit schreiben
5122,s39,hand,bodypart,Hand,beweglich
5123,s39,eye,bodypart,Auge,Teil des Gesichts
5124,s39,eye,bodypart,Auge,jeder Mensch hat 2
5125,s39,eye,bodypart,Auge,mit ihnen sehen
5126,s39,eye,bodypart,Auge,blau
5127,s39,eye,bodypart,Auge,grün
5128,s39,eye,bodypart,Auge,grau
5129,s39,eye,bodypart,Auge,braun
5130,s39,eye,bodypart,Auge,mandelförmig
5131,s39,bed,furniture,Bett,auf ihm schlafen
5132,s39,bed,furniture,Bett,vierbeinig
5133,s39,seagull,bird,Möwe,lebendig
5134,s39,seagull,bird,Möwe,Tier
5135,s39,seagull,bird,Möwe,Vogelart
5136,s39,seagull,bird,Möwe,hat Flügel
5137,s39,seagull,bird,Möwe,kann fliegen
5138,s39,seagull,bird,Möwe,liebt Seegegend
5139,s39,seagull,bird,Möwe,liebt Meergegend
5140,s39,seagull,bird,Möwe,hat Schnabel
5141,s40,head,bodypart,Kopf,ein Körperteil
5142,s40,head,bodypart,Kopf,auf dem Hals
5143,s40,head,bodypart,Kopf,rund
5144,s40,head,bodypart,Kopf,mit Haaren
5145,s40,head,bodypart,Kopf,mit Augen
5146,s40,head,bodypart,Kopf,mit Ohren
5147,s40,head,bodypart,Kopf,mit Nase
5148,s40,head,bodypart,Kopf,mit Mund
5149,s40,head,bodypart,Kopf,enthält Gehirn
5150,s40,airplane,vehicle,Flugzeug,damit weite Strecken reisen
5151,s40,airplane,vehicle,Flugzeug,fliegt in der Luft
5152,s40,airplane,vehicle,Flugzeug,fliegt in der Luft
5153,s40,airplane,vehicle,Flugzeug,für Passagiere auf einer Reise
5154,s40,airplane,vehicle,Flugzeug,für Passagiere auf einer Reise
5155,s40,airplane,vehicle,Flugzeug,Erste-Hilfe-Einsätze
5156,s40,spinach,vegetable,Spinat,Gemüsesorte
5157,s40,spinach,vegetable,Spinat,wächst im Garten
5158,s40,spinach,vegetable,Spinat,grün
5159,s40,spinach,vegetable,Spinat,Gemüse
5160,s40,spinach,vegetable,Spinat,aus Blättern
5161,s40,spinach,vegetable,Spinat,wächst an Erdoberfläche (nicht auf Bäumen)
5162,s40,comb,implement,Kamm,Haare zu verschönern
5163,s40,comb,implement,Kamm,im Badezimmer aufbewahrt
5164,s40,comb,implement,Kamm,besitzt Borsten
5165,s40,comb,implement,Kamm,untersch. Modelle
5166,s40,skyscraper,building,Wolkenkratzer,hoch
5167,s40,skyscraper,building,Wolkenkratzer,Haus
5168,s40,skyscraper,building,Wolkenkratzer,Leute können untergebracht werden
5169,s40,skyscraper,building,Wolkenkratzer,Tower Twins
5170,s40,skyscraper,building,Wolkenkratzer,in New York
5171,s40,potato,vegetable,Kartoffel,Gemüsesorte
5172,s40,potato,vegetable,Kartoffel,im Herbst geerntet
5173,s40,potato,vegetable,Kartoffel,wächst unter der Erde
5174,s40,potato,vegetable,Kartoffel,Bauern besitzen große Plantagen
5175,s40,potato,vegetable,Kartoffel,Kohlenhydrate
5176,s40,potato,vegetable,Kartoffel,Bauern besitzen große Plantagen
5177,s40,potato,vegetable,Kartoffel,untersch. Essensweise
5178,s40,socks,clothing,Socken,Kleidungsstück
5179,s40,socks,clothing,Socken,hält Füße warm
5180,s40,socks,clothing,Socken,an Füßen getragen
5181,s40,socks,clothing,Socken,an Zehen getragen
5182,s40,socks,clothing,Socken,"untersch. Größen, können angepasst werden"
5183,s40,corn,vegetable,Mais,in großen Mengen angebaut
5184,s40,corn,vegetable,Mais,vom Maiskolben gewonnen
5185,s40,corn,vegetable,Mais,gelb
5186,s40,corn,vegetable,Mais,Gemüse
5187,s40,corn,vegetable,Mais,Pferde essen es
5188,s40,corn,vegetable,Mais,kleine Stücke (nicht Kolben)
5189,s40,corn,vegetable,Mais,kleine Stücke (nicht Kolben)
5190,s40,orange,fruit,Orange,orangen
5191,s40,orange,fruit,Orange,Obst
5192,s40,orange,fruit,Orange,im Süden angebaut
5193,s40,orange,fruit,Orange,Schale nicht essbar
5194,s40,orange,fruit,Orange,nur Inneres essbar
5195,s40,orange,fruit,Orange,Vitamine
5196,s40,orange,fruit,Orange,Vitamin C
5197,s40,jacket,clothing,Jacke,Kleidungsstück der Menschen
5198,s40,jacket,clothing,Jacke,Kleidungsstück der Menschen
5199,s40,jacket,clothing,Jacke,für Oberkörper
5200,s40,jacket,clothing,Jacke,im Herbst
5201,s40,jacket,clothing,Jacke,im Winter
5202,s40,jacket,clothing,Jacke,untersch. Dicken
5203,s40,jacket,clothing,Jacke,warmhalten
5204,s40,shoes,clothing,Schuhe,Bekleidungsstück
5205,s40,shoes,clothing,Schuhe,an Füßen getragen
5206,s40,shoes,clothing,Schuhe,unterschiedliche Größen
5207,s40,shoes,clothing,Schuhe,mit Schnüren oder mit Kleber
5208,s40,shoes,clothing,Schuhe,mit Schnüren oder mit Kleber
5209,s40,shoes,clothing,Schuhe,mit Sohlen
5210,s40,shoes,clothing,Schuhe,zum Schutz des Fußes
5211,s40,onion,vegetable,Zwiebel,Gemüse
5212,s40,onion,vegetable,Zwiebel,nicht alleine gegessen
5213,s40,onion,vegetable,Zwiebel,zum Kochen bennutzt
5214,s40,onion,vegetable,Zwiebel,verursacht Tränen
5215,s40,onion,vegetable,Zwiebel,weiß
5216,s40,onion,vegetable,Zwiebel,rot
5217,s40,onion,vegetable,Zwiebel,aus mehreren Schichten
5218,s40,goose,bird,Gans,Tier
5219,s40,goose,bird,Gans,auf dem Baurenhof
5220,s40,goose,bird,Gans,wird gemästet
5221,s40,goose,bird,Gans,wird verzehrt
5222,s40,goose,bird,Gans,langer Schnabel
5223,s40,goose,bird,Gans,Watschelfüße
5224,s40,goose,bird,Gans,Federn für Betten
5225,s40,peas,vegetable,Erbsen,Hülsenfrüchte
5226,s40,peas,vegetable,Erbsen,rund
5227,s40,peas,vegetable,Erbsen,grün
5228,s40,peas,vegetable,Erbsen,fürs Kochen
5229,s40,peas,vegetable,Erbsen,enthält keine Farbstoffe
5230,s40,ship,vehicle,Schiff,bewegt sich auf Gewässern
5231,s40,ship,vehicle,Schiff,bewegt sich auf Meer
5232,s40,ship,vehicle,Schiff,transportiert Waren
5233,s40,ship,vehicle,Schiff,transportiert Waren
5234,s40,ship,vehicle,Schiff,Reiseschiffe
5235,s40,ship,vehicle,Schiff,befördern Menschen
5236,s40,ship,vehicle,Schiff,befördern Menschen
5237,s40,ship,vehicle,Schiff,"versch. Länder, wie England die in Schiffsproduktion an Spitze stehen"
5238,s40,garage,building,Garage,Parken des Autos
5239,s40,garage,building,Garage,aufbewahren von Gerümpel
5240,s40,garage,building,Garage,am Haus
5241,s40,garage,building,Garage,in Nähe des Hauses
5242,s40,garage,building,Garage,Gartengeräte geschützt
5243,s40,garage,building,Garage,Fahrzeuge geschützt
5244,s40,garage,building,Garage,vor Regen geschützt
5245,s40,garage,building,Garage,vor Sonne geschützt
5246,s40,bridge,building,Brücke,zum Flüsse überqueren
5247,s40,bridge,building,Brücke,zum Flüsse überqueren
5248,s40,bridge,building,Brücke,unterschiedliche Formen
5249,s40,bridge,building,Brücke,unterschiedliche Größen
5250,s40,bridge,building,Brücke,überall auf der Welt
5251,s40,bridge,building,Brücke,einige bedeutend
5252,s40,bridge,building,Brücke,bereits von Römern gebaut
5253,s40,apple,fruit,Apfel,Obstfrucht
5254,s40,apple,fruit,Apfel,wächst auf Bäumen
5255,s40,apple,fruit,Apfel,rund
5256,s40,apple,fruit,Apfel,rot
5257,s40,apple,fruit,Apfel,gelb
5258,s40,apple,fruit,Apfel,grün
5259,s40,apple,fruit,Apfel,gesund
5260,s40,apple,fruit,Apfel,ohne Fett
5261,s40,apple,fruit,Apfel,im inneren kleine Kerne
5262,s40,closet,furniture,Schrank,Möbelstück
5263,s40,closet,furniture,Schrank,im Haus
5264,s40,closet,furniture,Schrank,Aufbewahren von Kleidungsstücken
5265,s40,closet,furniture,Schrank,Aufbewahren von Ähnlichem
5266,s40,closet,furniture,Schrank,von Motten befallen
5267,s40,closet,furniture,Schrank,Schubladen zusätzlich
5268,s40,leg,bodypart,Bein,Bestandteil des Körpers
5269,s40,leg,bodypart,Bein,Mensch hat 2
5270,s40,leg,bodypart,Bein,zwischen Knie und Fuß/Ferse
5271,s40,leg,bodypart,Bein,mit Haaren
5272,s40,leg,bodypart,Bein,Muskeln
5273,s40,leg,bodypart,Bein,Sehnen
5274,s40,table,furniture,Tisch,Möbelstück
5275,s40,table,furniture,Tisch,in der Küche
5276,s40,table,furniture,Tisch,im Wohnzimmer
5277,s40,table,furniture,Tisch,(Tisch-)Platte
5278,s40,table,furniture,Tisch,mit 4 Stelzen
5279,s40,table,furniture,Tisch,darauf arbeiten
5280,s40,table,furniture,Tisch,darauf essen
5281,s40,table,furniture,Tisch,aus Holz
5282,s40,tongs,implement,Zange,Werkzeug
5283,s40,tongs,implement,Zange,mit 2 Griffen
5284,s40,tongs,implement,Zange,Eisenverschlüsse auseinanderzwicken
5285,s40,tongs,implement,Zange,Arbeitsmittel
5286,s40,tongs,implement,Zange,der Handwerker
5287,s40,train,vehicle,Zug,Fortbewegungsmittel
5288,s40,train,vehicle,Zug,auf Schienen
5289,s40,train,vehicle,Zug,aus Waggons
5290,s40,train,vehicle,Zug,Lokführer lenkt
5291,s40,train,vehicle,Zug,Verbindung zwischen Ländern
5292,s40,sparrow,bird,Spatz,Vogelart
5293,s40,sparrow,bird,Spatz,bei uns
5294,s40,sparrow,bird,Spatz,sitzt auf Dächern
5295,s40,sparrow,bird,Spatz,viele Farben
5296,s40,sparrow,bird,Spatz,zwitschert
5297,s40,pineapple,fruit,Ananas,tropisch
5298,s40,pineapple,fruit,Ananas,Frucht
5299,s40,pineapple,fruit,Ananas,groß
5300,s40,pineapple,fruit,Ananas,raue Außenschale
5301,s40,pineapple,fruit,Ananas,weicher Fruchtfleisch
5302,s40,pineapple,fruit,Ananas,zähes Fruchtfleisch
5303,s40,pineapple,fruit,Ananas,gelb
5304,s40,pineapple,fruit,Ananas,braun
5305,s41,armchair,furniture,Sessel,bequem
5306,s41,armchair,furniture,Sessel,neben dem Sofa
5307,s41,armchair,furniture,Sessel,man setzt sich hinein
5308,s41,armchair,furniture,Sessel,verschiedene Farben
5309,s41,armchair,furniture,Sessel,verschiedene Modelle
5310,s41,armchair,furniture,Sessel,zum entspannen
5311,s41,broom,implement,Besen,zum Fegen
5312,s41,broom,implement,Besen,im Haus
5313,s41,broom,implement,Besen,hat Borsten
5314,s41,broom,implement,Besen,hat einen Stiel
5315,s41,broom,implement,Besen,nützlich
5316,s41,broom,implement,Besen,man fegt Staub weg
5317,s41,broom,implement,Besen,Hexen haben ihn zum fliegen
5318,s41,rabbit,mammal,Hase,Zeichen für Ostern
5319,s41,rabbit,mammal,Hase,hat lange Ohren
5320,s41,rabbit,mammal,Hase,frisst Gras
5321,s41,rabbit,mammal,Hase,hüpft herum
5322,s41,rabbit,mammal,Hase,hat eine süße Nase
5323,s41,rabbit,mammal,Hase,"feines, flauschiges Fell"
5324,s41,chair,furniture,Stuhl,steht neben einem Tisch
5325,s41,chair,furniture,Stuhl,man setzt sich darauf
5326,s41,chair,furniture,Stuhl,bequem
5327,s41,chair,furniture,Stuhl,in verschiedenen Modellen
5328,s41,chair,furniture,Stuhl,verschiedene Größen
5329,s41,chair,furniture,Stuhl,hat eine Lehne
5330,s41,chemise,clothing,Hemd,anziehen
5331,s41,chemise,clothing,Hemd,für Männer
5332,s41,chemise,clothing,Hemd,verschiedenste Muster
5333,s41,chemise,clothing,Hemd,in verschiedenen Größen
5334,s41,chemise,clothing,Hemd,hat lange Ärmel
5335,s41,chemise,clothing,Hemd,hat kurze Ärmel
5336,s41,bus,vehicle,Bus,damit fahren
5337,s41,bus,vehicle,Bus,haben viele Leute Platz
5338,s41,bus,vehicle,Bus,haben viele Leute Platz
5339,s41,bus,vehicle,Bus,es gibt Sitzplätze
5340,s41,bus,vehicle,Bus,Stehplätze
5341,s41,bus,vehicle,Bus,einen Busfahrer
5342,s41,bus,vehicle,Bus,groß
5343,s41,bus,vehicle,Bus,lang
5344,s41,bus,vehicle,Bus,hat Türen
5345,s41,bus,vehicle,Bus,hat Fenster
5346,s41,sword,implement,Schwert,zum Kämpfen
5347,s41,sword,implement,Schwert,Ritter haben es benutzt
5348,s41,sword,implement,Schwert,hat scharfe Klinge
5349,s41,sword,implement,Schwert,hat einen Hebel
5350,s41,sword,implement,Schwert,in verschiedenen Größen
5351,s41,sword,implement,Schwert,verschiedene Längen
5352,s41,horse,mammal,Pferd,ein Tier
5353,s41,horse,mammal,Pferd,drauf sitzen
5354,s41,horse,mammal,Pferd,darauf reiten
5355,s41,horse,mammal,Pferd,groß
5356,s41,horse,mammal,Pferd,unterschiedliche Farbe
5357,s41,horse,mammal,Pferd,frisst Gras
5358,s41,horse,mammal,Pferd,frisst Heu
5359,s41,horse,mammal,Pferd,man gibt einen Sattel darauf
5360,s41,horse,mammal,Pferd,hat Hufe
5361,s41,finger,bodypart,Finger,maximal 5 an einer Hand
5362,s41,finger,bodypart,Finger,jeder hat sie
5363,s41,finger,bodypart,Finger,auf etwas zeigen
5364,s41,finger,bodypart,Finger,hat einen Nagel
5365,s41,finger,bodypart,Finger,beweglich
5366,s41,finger,bodypart,Finger,hilft beim Schreiben
5367,s41,bear,mammal,Bär,ein Tier
5368,s41,bear,mammal,Bär,lebt im Wald
5369,s41,bear,mammal,Bär,im Zoo
5370,s41,bear,mammal,Bär,groß
5371,s41,bear,mammal,Bär,braun
5372,s41,bear,mammal,Bär,verschiedene Arten
5373,s41,bear,mammal,Bär,warmes Fell
5374,s41,bear,mammal,Bär,lebt auf den Bergen
5375,s41,bear,mammal,Bär,man hat Angst vor ihm
5376,s41,monkey,mammal,Affe,lebt im Zoo
5377,s41,monkey,mammal,Affe,im Urwald
5378,s41,monkey,mammal,Affe,verschiedene Arten
5379,s41,monkey,mammal,Affe,ein Tier
5380,s41,monkey,mammal,Affe,geht auf 4 Füßen
5381,s41,monkey,mammal,Affe,hat 2 lange Arme
5382,s41,monkey,mammal,Affe,hat 2 kurze Beine
5383,s41,monkey,mammal,Affe,Urahne des Menschen
5384,s41,owl,bird,Eule,lebt im Wald
5385,s41,owl,bird,Eule,"hat große, leuchtende Augen"
5386,s41,owl,bird,Eule,hat Federn
5387,s41,owl,bird,Eule,lebt auf den Bäumen
5388,s41,owl,bird,Eule,nachtaktiv
5389,s41,owl,bird,Eule,bei Tag sieht man sie nicht oft
5390,s41,church,building,Kirche,ein Gebäude
5391,s41,church,building,Kirche,Menschen dort
5392,s41,church,building,Kirche,um zu beten
5393,s41,church,building,Kirche,in jeder Gemeinde
5394,s41,church,building,Kirche,verschiedene Arten
5395,s41,church,building,Kirche,verschiedene Größen
5396,s41,church,building,Kirche,hat innen ein Kreuz
5397,s41,paintbrush,implement,Pinsel,zum Zeichnen
5398,s41,paintbrush,implement,Pinsel,zum Malen
5399,s41,paintbrush,implement,Pinsel,hat kleine Borsten
5400,s41,paintbrush,implement,Pinsel,hat einen Stiel zum Halten
5401,s41,paintbrush,implement,Pinsel,man gibt ihn in Farbe
5402,s41,paintbrush,implement,Pinsel,malt danach
5403,s41,cherry,fruit,Kirsche,ein Obst
5404,s41,cherry,fruit,Kirsche,wächst auf Bäumen
5405,s41,cherry,fruit,Kirsche,rund
5406,s41,cherry,fruit,Kirsche,rot
5407,s41,cherry,fruit,Kirsche,schmeckt gut
5408,s41,sweater,clothing,Pullover,anziehen
5409,s41,sweater,clothing,Pullover,verschiedenste Muster
5410,s41,sweater,clothing,Pullover,lange Ärmel
5411,s41,sweater,clothing,Pullover,dick
5412,s41,sweater,clothing,Pullover,dünn
5413,s41,sweater,clothing,Pullover,hat Kragen
5414,s41,sweater,clothing,Pullover,hat keinen Kragen
5415,s41,pear,fruit,Birne,ein Obst
5416,s41,pear,fruit,Birne,wächst auf Bäumen
5417,s41,pear,fruit,Birne,gleicht einer Flasche
5418,s41,pear,fruit,Birne,hat einen Bauch
5419,s41,pear,fruit,Birne,hat einen Hals
5420,s41,pear,fruit,Birne,grün
5421,s41,pear,fruit,Birne,braun
5422,s41,pear,fruit,Birne,gelb
5423,s41,pear,fruit,Birne,beige
5424,s41,tower,building,Turm,bei Schlössern
5425,s41,tower,building,Turm,hoch
5426,s41,tower,building,Turm,hat nicht großen Umfang
5427,s41,tower,building,Turm,in den Sagen dort Prinzessinnen eingesperrt
5428,s41,dog,mammal,Hund,ein Tier
5429,s41,dog,mammal,Hund,ein Haustier
5430,s41,dog,mammal,Hund,ein Haustier
5431,s41,dog,mammal,Hund,hat 4 Pfoten
5432,s41,dog,mammal,Hund,hat einen Schwanz
5433,s41,dog,mammal,Hund,lebt bei den Menschen
5434,s41,dog,mammal,Hund,wird ausgebildet
5435,s41,dog,mammal,Hund,riecht sehr gut
5436,s41,dog,mammal,Hund,hört sehr gut
5437,s41,woodpecker,bird,Specht,ein Vogel
5438,s41,woodpecker,bird,Specht,bunt
5439,s41,woodpecker,bird,Specht,lebt im Wald
5440,s41,woodpecker,bird,Specht,macht Löcher in Bäume
5441,s41,woodpecker,bird,Specht,hat Federn
5442,s41,truck,vehicle,Lastwagen,grßes Auto
5443,s41,truck,vehicle,Lastwagen,hat Anhänger
5444,s41,truck,vehicle,Lastwagen,transportiert Dinge
5445,s41,truck,vehicle,Lastwagen,groß
5446,s41,truck,vehicle,Lastwagen,hat große Reifen
5447,s41,truck,vehicle,Lastwagen,fährt weit
5448,s41,hand,bodypart,Hand,Menschen haben 2
5449,s41,hand,bodypart,Hand,zum schreiben
5450,s41,hand,bodypart,Hand,etwas hochzuheben
5451,s41,hand,bodypart,Hand,etwas festzuhalten
5452,s41,hand,bodypart,Hand,hat 5 Finger
5453,s41,hand,bodypart,Hand,hängt am Armende runter
5454,s41,eye,bodypart,Auge,Mensch hat 2
5455,s41,eye,bodypart,Auge,Mensch hat 2
5456,s41,eye,bodypart,Auge,man sieht dadurch alles
5457,s41,eye,bodypart,Auge,im Gesicht
5458,s41,eye,bodypart,Auge,auf beiden Seiten der Nase
5459,s41,eye,bodypart,Auge,über den Wangen
5460,s41,eye,bodypart,Auge,haben Wimpern
5461,s41,eye,bodypart,Auge,Augenlider
5462,s41,eye,bodypart,Auge,verschiedene Augenfarben
5463,s41,bed,furniture,Bett,man liegt darauf
5464,s41,bed,furniture,Bett,steht im Zimmer
5465,s41,bed,furniture,Bett,hat eine Matratze
5466,s41,bed,furniture,Bett,hat eine Decke
5467,s41,seagull,bird,Möwe,lebt am Meer
5468,s41,seagull,bird,Möwe,ein Vogel
5469,s41,seagull,bird,Möwe,weiß
5470,s41,seagull,bird,Möwe,hat Federn
5471,s41,seagull,bird,Möwe,kann fliegen
5472,s41,seagull,bird,Möwe,frisst Fische
5473,s41,seagull,bird,Möwe,sitzt auf dem Wasser
5474,s41,seagull,bird,Möwe,hat gelben Schnabel
5475,s41,seagull,bird,Möwe,hat schwarzen Schnabel
5476,s42,head,bodypart,Kopf,Körperteil
5477,s42,head,bodypart,Kopf,auf dem Hals
5478,s42,head,bodypart,Kopf,für uns nützlich
5479,s42,head,bodypart,Kopf,zum denken
5480,s42,head,bodypart,Kopf,hat 2 Augen
5481,s42,head,bodypart,Kopf,hat Nase
5482,s42,head,bodypart,Kopf,hat Mund
5483,s42,head,bodypart,Kopf,hat 2 Ohren
5484,s42,airplane,vehicle,Flugzeug,fliegt im Himmel
5485,s42,airplane,vehicle,Flugzeug,fliegt im Himmel
5486,s42,airplane,vehicle,Flugzeug,bringt uns von einem Ort zum anderen
5487,s42,airplane,vehicle,Flugzeug,dient Fortbewegung
5488,s42,airplane,vehicle,Flugzeug,nur in weiten Entfernungen benutzt
5489,s42,spinach,vegetable,Spinat,ein Gemüse
5490,s42,spinach,vegetable,Spinat,gesund
5491,s42,spinach,vegetable,Spinat,grün
5492,s42,spinach,vegetable,Spinat,muss zuerst gekocht werden damit schmackhaft
5493,s42,spinach,vegetable,Spinat,nicht von allen gemocht
5494,s42,comb,implement,Kamm,um Haare zu kämmen
5495,s42,comb,implement,Kamm,hat Zacken
5496,s42,comb,implement,Kamm,in jedem Haushalt
5497,s42,comb,implement,Kamm,vor ???? benutzt
5498,s42,skyscraper,building,Wolkenkratzer,hoch
5499,s42,skyscraper,building,Wolkenkratzer,Gebäude
5500,s42,skyscraper,building,Wolkenkratzer,in Großstädten
5501,s42,skyscraper,building,Wolkenkratzer,Wohnungen dort untergebracht
5502,s42,skyscraper,building,Wolkenkratzer,Büros dort untergebracht
5503,s42,potato,vegetable,Kartoffel,ein Gemüse
5504,s42,potato,vegetable,Kartoffel,wächst in der Erde
5505,s42,potato,vegetable,Kartoffel,muss gekocht werden
5506,s42,potato,vegetable,Kartoffel,reichhaltig an Kohlenhydraten
5507,s42,potato,vegetable,Kartoffel,werden viel verzehrt
5508,s42,socks,clothing,Socken,Teil der Kleidung
5509,s42,socks,clothing,Socken,auf Zehen gezogen
5510,s42,socks,clothing,Socken,hält Füße warm
5511,s42,socks,clothing,Socken,brauchen wir im täglichen Leben
5512,s42,corn,vegetable,Mais,ein Gemüse
5513,s42,corn,vegetable,Mais,als Salat verwendet
5514,s42,corn,vegetable,Mais,gegrillt verwendet
5515,s42,corn,vegetable,Mais,in großen Mengen angebaut
5516,s42,corn,vegetable,Mais,aus Maiskolben gewonnen
5517,s42,orange,fruit,Orange,ein Obst
5518,s42,orange,fruit,Orange,beinhaltet Vitamin C
5519,s42,orange,fruit,Orange,rund
5520,s42,orange,fruit,Orange,orange
5521,s42,orange,fruit,Orange,Kugel
5522,s42,orange,fruit,Orange,im Süden angebaut
5523,s42,orange,fruit,Orange,zu uns importiert
5524,s42,jacket,clothing,Jacke,ein Kleidungsstück
5525,s42,jacket,clothing,Jacke,als wärmender Umhang
5526,s42,jacket,clothing,Jacke,für den Oberkörper
5527,s42,jacket,clothing,Jacke,im Winter wichtig
5528,s42,jacket,clothing,Jacke,dünn
5529,s42,jacket,clothing,Jacke,dick
5530,s42,shoes,clothing,Schuhe,über den Socken angezogen
5531,s42,shoes,clothing,Schuhe,jeder Mensch besitzt seine
5532,s42,shoes,clothing,Schuhe,um gute Unterlage zum gehen zu haben
5533,s42,shoes,clothing,Schuhe,aus Sohlen
5534,s42,onion,vegetable,Zwiebel,ein Gemüse
5535,s42,onion,vegetable,Zwiebel,fast nie roh gegessen
5536,s42,onion,vegetable,Zwiebel,wenn sehr stark beginnen wir automatisch zu weinen
5537,s42,goose,bird,Gans,ein Tier
5538,s42,goose,bird,Gans,Vogel
5539,s42,goose,bird,Gans,hat weiße Federn
5540,s42,goose,bird,Gans,am Wasser
5541,s42,goose,bird,Gans,legt Eier
5542,s42,goose,bird,Gans,lebt auf dem Bauernhof
5543,s42,goose,bird,Gans,wird geschlachtet
5544,s42,peas,vegetable,Erbsen,ein Gemüse
5545,s42,peas,vegetable,Erbsen,"sind kleine, grüne Kugeln"
5546,s42,peas,vegetable,Erbsen,"sind kleine, grüne Kugeln"
5547,s42,peas,vegetable,Erbsen,"sind kleine, grüne Kugeln"
5548,s42,peas,vegetable,Erbsen,in einer Schale
5549,s42,peas,vegetable,Erbsen,gekocht
5550,s42,ship,vehicle,Schiff,schwimmt auf dem Wasser
5551,s42,ship,vehicle,Schiff,Fortbewegungsmittel
5552,s42,ship,vehicle,Schiff,zum Warentransport
5553,s42,ship,vehicle,Schiff,zum Warentransport
5554,s42,ship,vehicle,Schiff,legt große Strecken zurück
5555,s42,ship,vehicle,Schiff,Meer
5556,s42,garage,building,Garage,neben Haus
5557,s42,garage,building,Garage,unter dem Haus
5558,s42,garage,building,Garage,zur Ablage des Autos
5559,s42,garage,building,Garage,für handwerkliche Tätigkeit
5560,s42,bridge,building,Brücke,verbindet ein Ende mit dem anderen
5561,s42,bridge,building,Brücke,groß
5562,s42,bridge,building,Brücke,klein
5563,s42,bridge,building,Brücke,zur Überquerung
5564,s42,apple,fruit,Apfel,ein Obst
5565,s42,apple,fruit,Apfel,wächst auf dem Baum
5566,s42,apple,fruit,Apfel,gesund
5567,s42,apple,fruit,Apfel,gelb
5568,s42,apple,fruit,Apfel,grün
5569,s42,apple,fruit,Apfel,rot
5570,s42,apple,fruit,Apfel,rund
5571,s42,closet,furniture,Schrank,zur Ablage von Kleidern
5572,s42,closet,furniture,Schrank,zur Ablage von anderen Sachen
5573,s42,closet,furniture,Schrank,groß
5574,s42,closet,furniture,Schrank,in jedem Haushalt
5575,s42,closet,furniture,Schrank,hat mehrere Türen
5576,s42,closet,furniture,Schrank,Möbelstück
5577,s42,closet,furniture,Schrank,kann man überall kaufen
5578,s42,leg,bodypart,Bein,Teil des menschlichen Körpers
5579,s42,leg,bodypart,Bein,zum gehen können
5580,s42,leg,bodypart,Bein,mit Hose bedeckt
5581,s42,leg,bodypart,Bein,jeder Mensch hat 2
5582,s42,table,furniture,Tisch,hat vier Füße
5583,s42,table,furniture,Tisch,zur Ablage von Materialien
5584,s42,table,furniture,Tisch,man nimmt dort Essen ein
5585,s42,table,furniture,Tisch,ein Möbelstück
5586,s42,table,furniture,Tisch,in der Küche
5587,s42,tongs,implement,Zange,ein Werkzeug
5588,s42,tongs,implement,Zange,aus Eisen
5589,s42,tongs,implement,Zange,zur Reparatur
5590,s42,tongs,implement,Zange,für Handwerker
5591,s42,train,vehicle,Zug,Fortbewegungsmittel
5592,s42,train,vehicle,Zug,fährt auf Schienen
5593,s42,train,vehicle,Zug,können viele Personen mitfahren
5594,s42,train,vehicle,Zug,können viele Personen mitfahren
5595,s42,train,vehicle,Zug,bewegt sich schnell fort
5596,s42,train,vehicle,Zug,Fahrt zu Bahnhöfen
5597,s42,sparrow,bird,Spatz,Vogel
5598,s42,sparrow,bird,Spatz,frech
5599,s42,sparrow,bird,Spatz,klein
5600,s42,sparrow,bird,Spatz,braun
5601,s42,pineapple,fruit,Ananas,exotische Frucht
5602,s42,pineapple,fruit,Ananas,exotische Frucht
5603,s42,pineapple,fruit,Ananas,eher stachelig
5604,s42,pineapple,fruit,Ananas,in einer Hülle eingewickelt
5605,s42,pineapple,fruit,Ananas,Fruchtfleisch ist gelb
5606,s42,pineapple,fruit,Ananas,süß
5607,s43,armchair,furniture,Sessel,zum Sitzen
5608,s43,armchair,furniture,Sessel,zum entspannen
5609,s43,armchair,furniture,Sessel,hat eine Lehne
5610,s43,armchair,furniture,Sessel,hat 4 hölzerne Füße
5611,s43,armchair,furniture,Sessel,weich
5612,s43,armchair,furniture,Sessel,hat Armlehnen
5613,s43,armchair,furniture,Sessel,zum Fernsehen
5614,s43,armchair,furniture,Sessel,zum Lesen
5615,s43,armchair,furniture,Sessel,verschieden groß
5616,s43,broom,implement,Besen,zum Putzen
5617,s43,broom,implement,Besen,zum Kehren
5618,s43,broom,implement,Besen,um kleine Partikel auf dem Boden auf einen Haufen zusammenzubringen
5619,s43,broom,implement,Besen,hat vorne dünne Borsten
5620,s43,broom,implement,Besen,um kleine Partikel auf dem Boden auf einen Haufen zusammenzubringen
5621,s43,broom,implement,Besen,hat einen Stiel zum Halten
5622,s43,rabbit,mammal,Hase,hat lange Ohren
5623,s43,rabbit,mammal,Hase,verschiedene
5624,s43,rabbit,mammal,Hase,Kaninchen
5625,s43,rabbit,mammal,Hase,Zwerghasen
5626,s43,rabbit,mammal,Hase,isst Gras
5627,s43,rabbit,mammal,Hase,gebärt seine Jungen selbst
5628,s43,rabbit,mammal,Hase,männliche und weibliche
5629,s43,rabbit,mammal,Hase,ein Zeichen für Ostern
5630,s43,rabbit,mammal,Hase,Osterhase bringt Schokoeier
5631,s43,chair,furniture,Stuhl,zum Sitzen
5632,s43,chair,furniture,Stuhl,hat eine Lehne
5633,s43,chair,furniture,Stuhl,hat 4 Füße
5634,s43,chair,furniture,Stuhl,zum Entspannen des Körpers
5635,s43,chair,furniture,Stuhl,steht an Tischen
5636,s43,chair,furniture,Stuhl,steht an Schreibtischen
5637,s43,chair,furniture,Stuhl,steht in Kirchen
5638,s43,chair,furniture,Stuhl,kann man übereinanderstapeln
5639,s43,chemise,clothing,Hemd,zum Anziehen
5640,s43,chemise,clothing,Hemd,Kleidungsstück
5641,s43,chemise,clothing,Hemd,aus verschiedene Stoffen
5642,s43,chemise,clothing,Hemd,weich
5643,s43,chemise,clothing,Hemd,schützt vor Kälte
5644,s43,chemise,clothing,Hemd,schützt vor Wärme
5645,s43,chemise,clothing,Hemd,hat Knöpfe an der Brust
5646,s43,chemise,clothing,Hemd,hat lange Ärmel
5647,s43,chemise,clothing,Hemd,hat kurze Ärmel
5648,s43,bus,vehicle,Bus,zum Fahren
5649,s43,bus,vehicle,Bus,Transportmittel
5650,s43,bus,vehicle,Bus,Transportmittel
5651,s43,bus,vehicle,Bus,hat viele Sitzplätze
5652,s43,bus,vehicle,Bus,kann im öffentlichen Besitz sein
5653,s43,bus,vehicle,Bus,kann im privaten Besitz sein
5654,s43,bus,vehicle,Bus,hat Motor
5655,s43,bus,vehicle,Bus,hat Räder
5656,s43,bus,vehicle,Bus,hat Fahrer
5657,s43,bus,vehicle,Bus,kann verschieden schnell fahren
5658,s43,bus,vehicle,Bus,hat Kofferraum
5659,s43,sword,implement,Schwert,zum Kämpfen
5660,s43,sword,implement,Schwert,hat scharfe Klinge aus Metall
5661,s43,sword,implement,Schwert,hat einen Griff zum Halten
5662,s43,sword,implement,Schwert,kann verletzen
5663,s43,sword,implement,Schwert,Umgang kann geübt werden
5664,s43,horse,mammal,Pferd,zum Reiten
5665,s43,horse,mammal,Pferd,ein Tier
5666,s43,horse,mammal,Pferd,ein Säugetier
5667,s43,horse,mammal,Pferd,Junges heißt Fohlen
5668,s43,horse,mammal,Pferd,Hengst
5669,s43,horse,mammal,Pferd,Stute
5670,s43,horse,mammal,Pferd,hat 4 Füße
5671,s43,horse,mammal,Pferd,hat ein Fell
5672,s43,horse,mammal,Pferd,hat einen Schwanz
5673,s43,horse,mammal,Pferd,hat eine Mähne
5674,s43,horse,mammal,Pferd,Araber
5675,s43,horse,mammal,Pferd,Haflinger
5676,s43,horse,mammal,Pferd,Pony
5677,s43,horse,mammal,Pferd,schnell
5678,s43,horse,mammal,Pferd,Galopp
5679,s43,horse,mammal,Pferd,Trab
5680,s43,horse,mammal,Pferd,Schritt
5681,s43,finger,bodypart,Finger,jeder Mensch hat 10
5682,s43,finger,bodypart,Finger,kleiner Finger
5683,s43,finger,bodypart,Finger,Daumen
5684,s43,finger,bodypart,Finger,Mittelfinger
5685,s43,finger,bodypart,Finger,Ringfinger
5686,s43,finger,bodypart,Finger,Zeigefinger
5687,s43,finger,bodypart,Finger,zum Deuten
5688,s43,finger,bodypart,Finger,zum Zeigen
5689,s43,finger,bodypart,Finger,zum Tasten
5690,s43,finger,bodypart,Finger,zum Bewegen
5691,s43,finger,bodypart,Finger,hat einen Nagel vorne
5692,s43,finger,bodypart,Finger,aus Sehnen
5693,s43,finger,bodypart,Finger,aus Knorpeln
5694,s43,finger,bodypart,Finger,aus Knochen
5695,s43,finger,bodypart,Finger,überzogen mit Haut
5696,s43,bear,mammal,Bär,groß
5697,s43,bear,mammal,Bär,gefährlich
5698,s43,bear,mammal,Bär,Säugetier
5699,s43,bear,mammal,Bär,Säugetier
5700,s43,bear,mammal,Bär,Fell dick
5701,s43,bear,mammal,Bär,selten in Europa
5702,s43,bear,mammal,Bär,brüllt
5703,s43,bear,mammal,Bär,hat Krallen
5704,s43,bear,mammal,Bär,hat 4 Beine
5705,s43,bear,mammal,Bär,hat kleine Ohren
5706,s43,monkey,mammal,Affe,lebt im Urwald
5707,s43,monkey,mammal,Affe,groß
5708,s43,monkey,mammal,Affe,klein
5709,s43,monkey,mammal,Affe,kann gut klettern
5710,s43,monkey,mammal,Affe,2 Hände
5711,s43,monkey,mammal,Affe,2 Füße
5712,s43,monkey,mammal,Affe,gelenkig
5713,s43,monkey,mammal,Affe,Säugetier
5714,s43,monkey,mammal,Affe,Schimpanse
5715,s43,monkey,mammal,Affe,Gorilla
5716,s43,owl,bird,Eule,Säugetier
5717,s43,owl,bird,Eule,große Augen
5718,s43,owl,bird,Eule,Federn
5719,s43,owl,bird,Eule,kann fliegen
5720,s43,owl,bird,Eule,lebt im Wald
5721,s43,owl,bird,Eule,gehört zu Vögeln
5722,s43,owl,bird,Eule,Schneeeule
5723,s43,owl,bird,Eule,hat Krallen
5724,s43,owl,bird,Eule,hat Flügel
5725,s43,church,building,Kirche,Ort
5726,s43,church,building,Kirche,der Besinnung
5727,s43,church,building,Kirche,von Christen besucht
5728,s43,church,building,Kirche,von Gläubigen besucht
5729,s43,church,building,Kirche,Gebäude
5730,s43,church,building,Kirche,mit Altar
5731,s43,church,building,Kirche,mit Statuen
5732,s43,church,building,Kirche,mit Kerzen
5733,s43,church,building,Kirche,mit Bänken
5734,s43,church,building,Kirche,hat einen Turm
5735,s43,church,building,Kirche,hat ein Schiff
5736,s43,church,building,Kirche,im Turm läuten regelmäßig Glocken
5737,s43,church,building,Kirche,Zentrum in Dorf
5738,s43,paintbrush,implement,Pinsel,zum Malen
5739,s43,paintbrush,implement,Pinsel,hat Borsten
5740,s43,paintbrush,implement,Pinsel,hat feine Haare vorne
5741,s43,paintbrush,implement,Pinsel,hat einen Stiel zum Halten
5742,s43,paintbrush,implement,Pinsel,kann abgewaschen werden
5743,s43,paintbrush,implement,Pinsel,kleine
5744,s43,paintbrush,implement,Pinsel,große
5745,s43,paintbrush,implement,Pinsel,wird in Farbe eingetaucht
5746,s43,paintbrush,implement,Pinsel,dann aufs Papier gestrichen
5747,s43,cherry,fruit,Kirsche,Obst
5748,s43,cherry,fruit,Kirsche,rot
5749,s43,cherry,fruit,Kirsche,hat einen Kern
5750,s43,cherry,fruit,Kirsche,süß
5751,s43,cherry,fruit,Kirsche,klein
5752,s43,cherry,fruit,Kirsche,rund
5753,s43,cherry,fruit,Kirsche,wächst auf Baum
5754,s43,cherry,fruit,Kirsche,zuerst Blüte mit Samen
5755,s43,cherry,fruit,Kirsche,braucht Wasser zum wachsen
5756,s43,cherry,fruit,Kirsche,braucht Luft zum wachsen
5757,s43,cherry,fruit,Kirsche,braucht Wärme zum wachsen
5758,s43,cherry,fruit,Kirsche,kann gegessen werden
5759,s43,cherry,fruit,Kirsche,Fruchtfleisch
5760,s43,sweater,clothing,Pullover,zum Anziehen
5761,s43,sweater,clothing,Pullover,hat lange Ärmel
5762,s43,sweater,clothing,Pullover,verschiedene Materialien
5763,s43,sweater,clothing,Pullover,zum Schutz/Wärme/Kälte
5764,s43,sweater,clothing,Pullover,zum Schutz/Wärme/Kälte
5765,s43,sweater,clothing,Pullover,zum Schutz/Wärme/Kälte
5766,s43,sweater,clothing,Pullover,weich
5767,s43,sweater,clothing,Pullover,am Oberkörper
5768,s43,pear,fruit,Birne,Obst
5769,s43,pear,fruit,Birne,gelb/grün
5770,s43,pear,fruit,Birne,hat harten Stengel
5771,s43,pear,fruit,Birne,hat einen Butzen
5772,s43,pear,fruit,Birne,Kerne im Inneren
5773,s43,pear,fruit,Birne,wächst auf Baum
5774,s43,pear,fruit,Birne,groß
5775,s43,pear,fruit,Birne,zum essen
5776,s43,pear,fruit,Birne,oben dünn
5777,s43,pear,fruit,Birne,unten dicker
5778,s43,pear,fruit,Birne,braucht Licht zum wachsen
5779,s43,pear,fruit,Birne,braucht Wärme zum wachsen
5780,s43,pear,fruit,Birne,braucht Erde zum wachsen
5781,s43,tower,building,Turm,Gebäude
5782,s43,tower,building,Turm,aus Stein
5783,s43,tower,building,Turm,hoch
5784,s43,tower,building,Turm,keine Fenster
5785,s43,tower,building,Turm,wenig Fenster
5786,s43,tower,building,Turm,Stiegen nach oben
5787,s43,tower,building,Turm,hat unten eine Tür
5788,s43,tower,building,Turm,gute Aussicht
5789,s43,dog,mammal,Hund,Tier
5790,s43,dog,mammal,Hund,Säugetier
5791,s43,dog,mammal,Hund,kann bellen
5792,s43,dog,mammal,Hund,kann knurren
5793,s43,dog,mammal,Hund,kann beißen
5794,s43,dog,mammal,Hund,hat 4 Füße
5795,s43,dog,mammal,Hund,schnell
5796,s43,dog,mammal,Hund,hat eine Schnauze
5797,s43,dog,mammal,Hund,hat kleine Ohren
5798,s43,dog,mammal,Hund,hat Pfoten
5799,s43,dog,mammal,Hund,lebt im Rudel
5800,s43,dog,mammal,Hund,Jungen sind die Welpen
5801,s43,dog,mammal,Hund,verschiedene
5802,s43,dog,mammal,Hund,Dackel
5803,s43,dog,mammal,Hund,Schäfer
5804,s43,dog,mammal,Hund,Golden Retriever
5805,s43,woodpecker,bird,Specht,Vogel
5806,s43,woodpecker,bird,Specht,Säugetier
5807,s43,woodpecker,bird,Specht,Jungen im Nest
5808,s43,woodpecker,bird,Specht,kann fliegen
5809,s43,woodpecker,bird,Specht,schlägt mit Schnabel Löcher in Bäume
5810,s43,woodpecker,bird,Specht,bunte Federn
5811,s43,woodpecker,bird,Specht,kann singen
5812,s43,woodpecker,bird,Specht,hat Flügel
5813,s43,woodpecker,bird,Specht,hat Krallen
5814,s43,truck,vehicle,Lastwagen,Auto
5815,s43,truck,vehicle,Lastwagen,Fahrzeug
5816,s43,truck,vehicle,Lastwagen,hat Motor
5817,s43,truck,vehicle,Lastwagen,hat Raum zum Sitzen
5818,s43,truck,vehicle,Lastwagen,hat Sitze
5819,s43,truck,vehicle,Lastwagen,hat Kofferraum
5820,s43,truck,vehicle,Lastwagen,schnell
5821,s43,truck,vehicle,Lastwagen,verschiedene Arten
5822,s43,truck,vehicle,Lastwagen,hat 4 Räder
5823,s43,truck,vehicle,Lastwagen,hat Lenkrad
5824,s43,truck,vehicle,Lastwagen,hat Radio
5825,s43,truck,vehicle,Lastwagen,hat Dach
5826,s43,hand,bodypart,Hand,Teil des Körpers
5827,s43,hand,bodypart,Hand,hat jeweils 5 Finger an 2 Händen
5828,s43,hand,bodypart,Hand,aus Knochen
5829,s43,hand,bodypart,Hand,aus Knorpel
5830,s43,hand,bodypart,Hand,aus Sehnen
5831,s43,hand,bodypart,Hand,zum Greifen
5832,s43,hand,bodypart,Hand,zum Halten
5833,s43,hand,bodypart,Hand,zum Bewegen
5834,s43,hand,bodypart,Hand,hat 10 Nägel
5835,s43,eye,bodypart,Auge,beweglich
5836,s43,eye,bodypart,Auge,Teil des Gesichtes
5837,s43,eye,bodypart,Auge,Pupille zum Sehen
5838,s43,eye,bodypart,Auge,Pupille zum Sehen
5839,s43,eye,bodypart,Auge,kann Umwelt wahrnehmen
5840,s43,eye,bodypart,Auge,kann Farben wahrnehmen
5841,s43,eye,bodypart,Auge,kann Ereignisse wahrnehmen
5842,s43,eye,bodypart,Auge,kann mit Augenlid geschlossen werden
5843,s43,eye,bodypart,Auge,hat Wimpern zum Schutz
5844,s43,eye,bodypart,Auge,empfindlich
5845,s43,bed,furniture,Bett,zum Schlafen
5846,s43,bed,furniture,Bett,zum Liegen
5847,s43,bed,furniture,Bett,vier Füße
5848,s43,bed,furniture,Bett,mit weicher Matratze
5849,s43,bed,furniture,Bett,mit Bettdecke
5850,s43,bed,furniture,Bett,mit Polster
5851,s43,seagull,bird,Möwe,Säugetier
5852,s43,seagull,bird,Möwe,Vogel
5853,s43,seagull,bird,Möwe,kann fliegen
5854,s43,seagull,bird,Möwe,hat Flügel
5855,s43,seagull,bird,Möwe,hat Krallen
5856,s43,seagull,bird,Möwe,hat Kopf
5857,s43,seagull,bird,Möwe,hat Federn
5858,s43,seagull,bird,Möwe,am Meer
5859,s43,seagull,bird,Möwe,weiß/grau
5860,s43,seagull,bird,Möwe,braun
5861,s44,head,bodypart,Kopf,damit denkt man
5862,s44,head,bodypart,Kopf,von hier gehen alle Denkweisen aus
5863,s44,head,bodypart,Kopf,hier sind wichtige Zentren
5864,s44,head,bodypart,Kopf,rund
5865,s44,airplane,vehicle,Flugzeug,man fliegt
5866,s44,airplane,vehicle,Flugzeug,viele Personen drin
5867,s44,airplane,vehicle,Flugzeug,es gibt einen Piloten
5868,s44,airplane,vehicle,Flugzeug,es gibt eine Stewardess
5869,s44,airplane,vehicle,Flugzeug,sicher
5870,s44,airplane,vehicle,Flugzeug,Verkehrsmittel
5871,s44,spinach,vegetable,Spinat,gesund
5872,s44,spinach,vegetable,Spinat,grün
5873,s44,spinach,vegetable,Spinat,sind Blätter
5874,s44,spinach,vegetable,Spinat,wächst im Garten
5875,s44,spinach,vegetable,Spinat,muss gekocht werden
5876,s44,spinach,vegetable,Spinat,ein Gemüse
5877,s44,spinach,vegetable,Spinat,enthält Eisen
5878,s44,comb,implement,Kamm,benutzt ihn für Haare
5879,s44,comb,implement,Kamm,aus mehreren Zähnen
5880,s44,comb,implement,Kamm,auf einem Stiel
5881,s44,comb,implement,Kamm,gibt ihn in Holz
5882,s44,comb,implement,Kamm,gibt ihn in Kunststoff
5883,s44,skyscraper,building,Wolkenkratzer,hoch
5884,s44,skyscraper,building,Wolkenkratzer,Haus
5885,s44,skyscraper,building,Wolkenkratzer,mit Unmengen von Zimmern
5886,s44,skyscraper,building,Wolkenkratzer,mit Unmengen von Wohnungen
5887,s44,skyscraper,building,Wolkenkratzer,mit Unmengen von Büros
5888,s44,skyscraper,building,Wolkenkratzer,4-eckig
5889,s44,potato,vegetable,Kartoffel,wächst unter der Erde
5890,s44,potato,vegetable,Kartoffel,ein Gemüse
5891,s44,potato,vegetable,Kartoffel,Wurzel einer Pflanze
5892,s44,potato,vegetable,Kartoffel,verschiedene Arten
5893,s44,potato,vegetable,Kartoffel,für Gerichte als Beilage
5894,s44,socks,clothing,Socken,für die Füße
5895,s44,socks,clothing,Socken,Stoffteil
5896,s44,socks,clothing,Socken,den man anzieht
5897,s44,socks,clothing,Socken,in verschiedenen Stoffen
5898,s44,socks,clothing,Socken,in verschiedenen Materialien
5899,s44,socks,clothing,Socken,in verschiedenen Farben
5900,s44,socks,clothing,Socken,wärmen den Fuß
5901,s44,socks,clothing,Socken,schützen den Fuß
5902,s44,corn,vegetable,Mais,Gemüse
5903,s44,corn,vegetable,Mais,gelb
5904,s44,corn,vegetable,Mais,klein
5905,s44,corn,vegetable,Mais,rechteckig
5906,s44,corn,vegetable,Mais,Frucht einer Pflanze
5907,s44,orange,fruit,Orange,tropisch
5908,s44,orange,fruit,Orange,Frucht
5909,s44,orange,fruit,Orange,Farbe orange
5910,s44,orange,fruit,Orange,wächst auf Bäumen
5911,s44,orange,fruit,Orange,rund
5912,s44,orange,fruit,Orange,enthält Vitamin C
5913,s44,jacket,clothing,Jacke,für den Körper
5914,s44,jacket,clothing,Jacke,Kleidungsstück zum Überziehen
5915,s44,jacket,clothing,Jacke,Kleidungsstück zum Überziehen
5916,s44,jacket,clothing,Jacke,verschiedene Materialien
5917,s44,jacket,clothing,Jacke,verschiedene Farben
5918,s44,jacket,clothing,Jacke,lange Ärmel
5919,s44,jacket,clothing,Jacke,kurze Ärmel
5920,s44,jacket,clothing,Jacke,hält Wärme für den Körper
5921,s44,shoes,clothing,Schuhe,für die Füße
5922,s44,shoes,clothing,Schuhe,Kleidungsstück
5923,s44,shoes,clothing,Schuhe,hat Sohle
5924,s44,shoes,clothing,Schuhe,Stretch oder Schmuckbänder zum zubinden
5925,s44,shoes,clothing,Schuhe,Stretch oder Schmuckbänder zum zubinden
5926,s44,shoes,clothing,Schuhe,Frauen Stöckelschuhe
5927,s44,shoes,clothing,Schuhe,Männer sportliche
5928,s44,onion,vegetable,Zwiebel,riecht streng
5929,s44,onion,vegetable,Zwiebel,man bekommt beim Aufschneiden tränige Augen
5930,s44,onion,vegetable,Zwiebel,eine Wurzel
5931,s44,onion,vegetable,Zwiebel,als Gewürz benutzt
5932,s44,onion,vegetable,Zwiebel,als Geschmacksverstärker benutzt
5933,s44,goose,bird,Gans,Tier
5934,s44,goose,bird,Gans,Federn
5935,s44,goose,bird,Gans,weiß
5936,s44,goose,bird,Gans,hat einen Schnabel
5937,s44,peas,vegetable,Erbsen,Gemüse
5938,s44,peas,vegetable,Erbsen,grün und rund
5939,s44,peas,vegetable,Erbsen,grün und rund
5940,s44,peas,vegetable,Erbsen,kann man essen
5941,s44,peas,vegetable,Erbsen,als Beilage
5942,s44,peas,vegetable,Erbsen,als Salat
5943,s44,peas,vegetable,Erbsen,kommen von einer Pflanze
5944,s44,ship,vehicle,Schiff,Verkehrsmittel
5945,s44,ship,vehicle,Schiff,auf Wasser
5946,s44,ship,vehicle,Schiff,für Personentransport aber auch anderes
5947,s44,ship,vehicle,Schiff,für Personentransport aber auch anderes
5948,s44,ship,vehicle,Schiff,?SKreuzschiffe ist Schiff wie ein Hotel
5949,s44,garage,building,Garage,hat jedes Haus
5950,s44,garage,building,Garage,wo man Sachen abstellen kann
5951,s44,garage,building,Garage,wo man Auto abstellen kann
5952,s44,garage,building,Garage,dunkel
5953,s44,garage,building,Garage,unter der Oberfläche
5954,s44,bridge,building,Brücke,verbindet ein Ufer mit nächstem
5955,s44,bridge,building,Brücke,übersteigen
5956,s44,bridge,building,Brücke,rüberfahren
5957,s44,bridge,building,Brücke,über ein Gewässer gehen
5958,s44,apple,fruit,Apfel,Obst
5959,s44,apple,fruit,Apfel,vom Baum
5960,s44,apple,fruit,Apfel,viele Gattungen
5961,s44,apple,fruit,Apfel,rund
5962,s44,apple,fruit,Apfel,gesund
5963,s44,apple,fruit,Apfel,enthält Vitamine
5964,s44,apple,fruit,Apfel,Erntezeit ab Ende Juli
5965,s44,closet,furniture,Schrank,Möbelstück
5966,s44,closet,furniture,Schrank,Sachen darin aufbewahren
5967,s44,closet,furniture,Schrank,in verschiedenen Materialien
5968,s44,closet,furniture,Schrank,klein
5969,s44,closet,furniture,Schrank,groß
5970,s44,leg,bodypart,Bein,Körperteil
5971,s44,leg,bodypart,Bein,mit dem man geht
5972,s44,leg,bodypart,Bein,sind Muskeln drin
5973,s44,leg,bodypart,Bein,sind Venen drin
5974,s44,leg,bodypart,Bein,sind Arterien drin
5975,s44,leg,bodypart,Bein,sind Knochen drin
5976,s44,leg,bodypart,Bein,biegen
5977,s44,leg,bodypart,Bein,strecken
5978,s44,leg,bodypart,Bein,heben
5979,s44,leg,bodypart,Bein,senken
5980,s44,leg,bodypart,Bein,für Fortbewegung
5981,s44,table,furniture,Tisch,ein Möbelstück
5982,s44,table,furniture,Tisch,Platte
5983,s44,table,furniture,Tisch,mit ein paar Beinen
5984,s44,table,furniture,Tisch,hier deponiert man Sachen
5985,s44,table,furniture,Tisch,fürs Essen benutzt
5986,s44,table,furniture,Tisch,darauf schreiben
5987,s44,tongs,implement,Zange,ein Werkzeug
5988,s44,tongs,implement,Zange,aus 2 Griffen
5989,s44,tongs,implement,Zange,etwas abzwecken wenn man sie mit der Hand zusammendrückt
5990,s44,tongs,implement,Zange,etwas abzwecken wenn man sie mit der Hand zusammendrückt
5991,s44,tongs,implement,Zange,um etwas zu reparieren
5992,s44,train,vehicle,Zug,Verkehrsmittel
5993,s44,train,vehicle,Zug,öffentlich
5994,s44,train,vehicle,Zug,Personen transportieren
5995,s44,train,vehicle,Zug,Personen transportieren
5996,s44,train,vehicle,Zug,Waren transportieren
5997,s44,train,vehicle,Zug,Waren transportieren
5998,s44,train,vehicle,Zug,Material transportieren
5999,s44,train,vehicle,Zug,Lokführer bedient ihn
6000,s44,train,vehicle,Zug,fährt auf Gleis
6001,s44,train,vehicle,Zug,lang
6002,s44,train,vehicle,Zug,Waggons
6003,s44,sparrow,bird,Spatz,Vogel
6004,s44,sparrow,bird,Spatz,fliegt
6005,s44,sparrow,bird,Spatz,hat Schnabel
6006,s44,sparrow,bird,Spatz,frisst Insekten
6007,s44,pineapple,fruit,Ananas,tropisch
6008,s44,pineapple,fruit,Ananas,Frucht
6009,s44,pineapple,fruit,Ananas,hat eine Rinde
6010,s44,pineapple,fruit,Ananas,kommt von einem Baum
6011,s44,pineapple,fruit,Ananas,orange
6012,s44,pineapple,fruit,Ananas,süß
6013,s45,armchair,furniture,Sessel,darauf sitzen
6014,s45,armchair,furniture,Sessel,hat eine Lehne
6015,s45,armchair,furniture,Sessel,hat mehrere Beine
6016,s45,armchair,furniture,Sessel,aus Holz oder anderem Stoff
6017,s45,armchair,furniture,Sessel,gepolstert
6018,s45,broom,implement,Besen,damit putzen
6019,s45,broom,implement,Besen,hat Borsten
6020,s45,broom,implement,Besen,damit können Frauen arbeiten
6021,s45,broom,implement,Besen,Hexen fliegen darauf
6022,s45,rabbit,mammal,Hase,läuft schnell
6023,s45,rabbit,mammal,Hase,springt schnell
6024,s45,rabbit,mammal,Hase,hat ein Fell
6025,s45,rabbit,mammal,Hase,ein Säugetier
6026,s45,rabbit,mammal,Hase,vergraben sich in einem Bau
6027,s45,rabbit,mammal,Hase,Wolf isst sie
6028,s45,rabbit,mammal,Hase,Jäger jagen sie
6029,s45,rabbit,mammal,Hase,haben lange Ohren
6030,s45,chair,furniture,Stuhl,hat mehrere Holzbeine
6031,s45,chair,furniture,Stuhl,darauf sitzen
6032,s45,chair,furniture,Stuhl,aus Holz
6033,s45,chair,furniture,Stuhl,passt zum Tisch
6034,s45,chemise,clothing,Hemd,trägt man wenn man sich herausputzt
6035,s45,chemise,clothing,Hemd,Flanellhemd
6036,s45,chemise,clothing,Hemd,aus Stoff
6037,s45,chemise,clothing,Hemd,hat Knöpfe
6038,s45,chemise,clothing,Hemd,wird in die Hose gesteckt
6039,s45,chemise,clothing,Hemd,ein Kleidungsstück
6040,s45,bus,vehicle,Bus,auf Straßen fahren
6041,s45,bus,vehicle,Bus,öffentliches Transportmittel
6042,s45,bus,vehicle,Bus,öffentliches Transportmittel
6043,s45,bus,vehicle,Bus,öffentliches Transportmittel
6044,s45,bus,vehicle,Bus,im Verkehr
6045,s45,bus,vehicle,Bus,hat viele Sitzplätze
6046,s45,bus,vehicle,Bus,hat viele Stehplätze
6047,s45,bus,vehicle,Bus,ein Hoch auf unseren Busfahrer
6048,s45,sword,implement,Schwert,damit kämpfen
6049,s45,sword,implement,Schwert,hatten Ritter
6050,s45,sword,implement,Schwert,spitz
6051,s45,sword,implement,Schwert,damit jemanden verletzen
6052,s45,sword,implement,Schwert,man kann einen Sock darüber ziehen
6053,s45,horse,mammal,Pferd,auch Ross genannt
6054,s45,horse,mammal,Pferd,Tier
6055,s45,horse,mammal,Pferd,läuft schnell
6056,s45,horse,mammal,Pferd,hat 4 Beine
6057,s45,horse,mammal,Pferd,darauf reiten
6058,s45,horse,mammal,Pferd,hat Hufen
6059,s45,finger,bodypart,Finger,im Po Mexiko
6060,s45,finger,bodypart,Finger,man hat 10
6061,s45,finger,bodypart,Finger,5 an jeder Hand
6062,s45,finger,bodypart,Finger,es gibt Wurstfinger
6063,s45,finger,bodypart,Finger,rosa
6064,s45,finger,bodypart,Finger,hat Nägel an den Spitzen
6065,s45,bear,mammal,Bär,Feind vom Wolf
6066,s45,bear,mammal,Bär,hat ein Fell
6067,s45,bear,mammal,Bär,lebt im Wald
6068,s45,bear,mammal,Bär,ein Fleischfresser
6069,s45,bear,mammal,Bär,verschiedene Arten
6070,s45,monkey,mammal,Affe,Vorfahre vom Menschen
6071,s45,monkey,mammal,Affe,stinkt
6072,s45,monkey,mammal,Affe,klettert gerne
6073,s45,monkey,mammal,Affe,klettert gut
6074,s45,monkey,mammal,Affe,isst Bananen
6075,s45,owl,bird,Eule,Uhu
6076,s45,owl,bird,Eule,wohnt im Wald
6077,s45,owl,bird,Eule,Feind vom Wolf
6078,s45,owl,bird,Eule,nachtaktiv
6079,s45,owl,bird,Eule,frisst Mäuse
6080,s45,owl,bird,Eule,kann fliegen
6081,s45,church,building,Kirche,dort werden Messen abgehalten
6082,s45,church,building,Kirche,prunkvoll
6083,s45,church,building,Kirche,Gebäude
6084,s45,church,building,Kirche,Christus wird angebetet
6085,s45,church,building,Kirche,heiliger Ort
6086,s45,church,building,Kirche,beten
6087,s45,paintbrush,implement,Pinsel,damit malen
6088,s45,paintbrush,implement,Pinsel,hat Borsten
6089,s45,paintbrush,implement,Pinsel,hat einen Holzstiel
6090,s45,cherry,fruit,Kirsche,kann man essen
6091,s45,cherry,fruit,Kirsche,mmmh... Kirschen
6092,s45,cherry,fruit,Kirsche,rot
6093,s45,cherry,fruit,Kirsche,"grün, wenn sie nicht reif sind"
6094,s45,cherry,fruit,Kirsche,schmecken süß
6095,s45,cherry,fruit,Kirsche,wachsen auf Bäumen
6096,s45,sweater,clothing,Pullover,anziehen
6097,s45,sweater,clothing,Pullover,wenn man kalt hat
6098,s45,sweater,clothing,Pullover,aus Stoff
6099,s45,sweater,clothing,Pullover,verschiedene Farben
6100,s45,pear,fruit,Birne,essen
6101,s45,pear,fruit,Birne,eine Frucht
6102,s45,pear,fruit,Birne,mmh... Birne
6103,s45,pear,fruit,Birne,schmeckt süß
6104,s45,pear,fruit,Birne,grün
6105,s45,pear,fruit,Birne,gelb
6106,s45,pear,fruit,Birne,braun
6107,s45,tower,building,Turm,groß
6108,s45,tower,building,Turm,Gebäude
6109,s45,tower,building,Turm,aus Beton
6110,s45,tower,building,Turm,Leuchtturm
6111,s45,dog,mammal,Hund,Feind vom Wolf
6112,s45,dog,mammal,Hund,Haustier
6113,s45,dog,mammal,Hund,Haustier
6114,s45,dog,mammal,Hund,hat vier Beine
6115,s45,dog,mammal,Hund,wufft
6116,s45,dog,mammal,Hund,mmmhh... Hund
6117,s45,woodpecker,bird,Specht,ein Vogel
6118,s45,woodpecker,bird,Specht,lebt im Wald
6119,s45,woodpecker,bird,Specht,tockt
6120,s45,woodpecker,bird,Specht,kaum sichtbar
6121,s45,woodpecker,bird,Specht,mmmhh... Specht
6122,s45,truck,vehicle,Lastwagen,damit fahren
6123,s45,truck,vehicle,Lastwagen,damit liefern
6124,s45,truck,vehicle,Lastwagen,damit umherfahren
6125,s45,truck,vehicle,Lastwagen,hat 4 oder mehr oder weniger Räder
6126,s45,truck,vehicle,Lastwagen,hat einen Fahrer
6127,s45,hand,bodypart,Hand,am Arm
6128,s45,hand,bodypart,Hand,man hat zwei
6129,s45,hand,bodypart,Hand,kann man verschiedenst benutzen :-)
6130,s45,hand,bodypart,Hand,zum Arbeiten
6131,s45,hand,bodypart,Hand,große Hände
6132,s45,hand,bodypart,Hand,kleine Hände
6133,s45,eye,bodypart,Auge,man hat zwei
6134,s45,eye,bodypart,Auge,am Kopf
6135,s45,eye,bodypart,Auge,über der Nase
6136,s45,eye,bodypart,Auge,damit sehen
6137,s45,eye,bodypart,Auge,verschiedene Farben
6138,s45,eye,bodypart,Auge,beim Schlafen geschlossen
6139,s45,bed,furniture,Bett,darin schlafen
6140,s45,bed,furniture,Bett,weich
6141,s45,bed,furniture,Bett,hart
6142,s45,bed,furniture,Bett,steht auf Beinen
6143,s45,bed,furniture,Bett,aus Holz
6144,s45,bed,furniture,Bett,schlafen... zzz...
6145,s45,seagull,bird,Möwe,ein Vogel
6146,s45,seagull,bird,Möwe,lebt am Meer
6147,s45,seagull,bird,Möwe,kann fliegen
6148,s45,seagull,bird,Möwe,legt Eier
6149,s45,seagull,bird,Möwe,mmmh... Möwe
6150,s45,seagull,bird,Möwe,lecker
6151,s45,seagull,bird,Möwe,fressen Fische
6152,s46,head,bodypart,Kopf,oberstes Glied beim Menschen
6153,s46,head,bodypart,Kopf,oberstes Glied beim Menschen
6154,s46,head,bodypart,Kopf,alle Tiere haben einen
6155,s46,head,bodypart,Kopf,hat beim Menschen Haare
6156,s46,head,bodypart,Kopf,hat ein Gesicht
6157,s46,head,bodypart,Kopf,hat ein Gehirn
6158,s46,airplane,vehicle,Flugzeug,hat 2 Flügel
6159,s46,airplane,vehicle,Flugzeug,hat Passagiere
6160,s46,airplane,vehicle,Flugzeug,kann fliegen
6161,s46,airplane,vehicle,Flugzeug,verschiedene Größen
6162,s46,airplane,vehicle,Flugzeug,schnell
6163,s46,airplane,vehicle,Flugzeug,hat viele runde Fenster
6164,s46,spinach,vegetable,Spinat,macht stark
6165,s46,spinach,vegetable,Spinat,grün
6166,s46,spinach,vegetable,Spinat,schmeckt keinen Kindern aber mir
6167,s46,spinach,vegetable,Spinat,wächst im Garten
6168,s46,spinach,vegetable,Spinat,wird mit Salat verwechselt
6169,s46,spinach,vegetable,Spinat,Popeye liebt Spinat
6170,s46,spinach,vegetable,Spinat,mit Zitronensaft gut
6171,s46,comb,implement,Kamm,zum kämmen gut
6172,s46,comb,implement,Kamm,brauchen glatzete Leute nicht
6173,s46,comb,implement,Kamm,braun
6174,s46,comb,implement,Kamm,ich benutze keinen
6175,s46,skyscraper,building,Wolkenkratzer,kratzt Wolken
6176,s46,skyscraper,building,Wolkenkratzer,ist hoch
6177,s46,skyscraper,building,Wolkenkratzer,Twin Towers
6178,s46,skyscraper,building,Wolkenkratzer,zu hoch
6179,s46,skyscraper,building,Wolkenkratzer,hab Höhenangst
6180,s46,skyscraper,building,Wolkenkratzer,in Großstädten
6181,s46,skyscraper,building,Wolkenkratzer,u von Büros
6182,s46,potato,vegetable,Kartoffel,wächst unter der Erde
6183,s46,potato,vegetable,Kartoffel,schmeckt sehr gut
6184,s46,potato,vegetable,Kartoffel,Pommes Frites bestehen aus Kartoffeln
6185,s46,potato,vegetable,Kartoffel,mmhmh Mc Donalds
6186,s46,potato,vegetable,Kartoffel,hab Lust auf'n Big Mac
6187,s46,potato,vegetable,Kartoffel,gelb
6188,s46,potato,vegetable,Kartoffel,enthalten Stärke
6189,s46,socks,clothing,Socken,stinken
6190,s46,socks,clothing,Socken,zieht sie über die Füße
6191,s46,socks,clothing,Socken,zieht sie darüber mit Schuhen an
6192,s46,socks,clothing,Socken,verschiedene Größen
6193,s46,corn,vegetable,Mais,Mhmhm Mais
6194,s46,corn,vegetable,Mais,Kornflakes sind aus Mais
6195,s46,corn,vegetable,Mais,Bonduelle ist die beste Marke
6196,s46,corn,vegetable,Mais,gelb
6197,s46,corn,vegetable,Mais,kleine Körner
6198,s46,corn,vegetable,Mais,mhmh Mais
6199,s46,orange,fruit,Orange,orange
6200,s46,orange,fruit,Orange,schmeckt sauer
6201,s46,orange,fruit,Orange,wächst auf dem Baum
6202,s46,orange,fruit,Orange,orange
6203,s46,orange,fruit,Orange,schmeckt sauer
6204,s46,orange,fruit,Orange,wächst auf einem Baum
6205,s46,jacket,clothing,Jacke,braucht man wenn es kalt ist
6206,s46,jacket,clothing,Jacke,Lederjacke
6207,s46,jacket,clothing,Jacke,Strickjacke
6208,s46,jacket,clothing,Jacke,wärmt
6209,s46,jacket,clothing,Jacke,viele Marken
6210,s46,jacket,clothing,Jacke,Modejacken
6211,s46,jacket,clothing,Jacke,brauch ich nicht
6212,s46,shoes,clothing,Schuhe,über den Socken
6213,s46,shoes,clothing,Schuhe,teuer
6214,s46,shoes,clothing,Schuhe,stinken
6215,s46,shoes,clothing,Schuhe,komischerweise immer dreckig
6216,s46,shoes,clothing,Schuhe,brauch ich nicht
6217,s46,onion,vegetable,Zwiebel,man weint wenn man sie aufschneidet
6218,s46,onion,vegetable,Zwiebel,nur gekocht gut
6219,s46,onion,vegetable,Zwiebel,Mhmhm Zwiebelhackbraten
6220,s46,onion,vegetable,Zwiebel,rote Schale
6221,s46,onion,vegetable,Zwiebel,weißer Inhalt
6222,s46,goose,bird,Gans,brauch ich nicht
6223,s46,goose,bird,Gans,komisch
6224,s46,goose,bird,Gans,ein Tier
6225,s46,goose,bird,Gans,ein Vogel
6226,s46,goose,bird,Gans,schmeckt gut
6227,s46,goose,bird,Gans,Mhmhm... Gans
6228,s46,goose,bird,Gans,weiß
6229,s46,goose,bird,Gans,tumme Gans
6230,s46,peas,vegetable,Erbsen,grün
6231,s46,peas,vegetable,Erbsen,Bällchen
6232,s46,peas,vegetable,Erbsen,Mhmhm... Erbsen
6233,s46,peas,vegetable,Erbsen,schmecken gut
6234,s46,peas,vegetable,Erbsen,Hülsenfrüchte
6235,s46,peas,vegetable,Erbsen,verursachen Darmdämpfe
6236,s46,ship,vehicle,Schiff,Zeug um das Meer zu überqueren
6237,s46,ship,vehicle,Schiff,groß
6238,s46,ship,vehicle,Schiff,kleines Schiff = Boot
6239,s46,ship,vehicle,Schiff,Moby
6240,s46,ship,vehicle,Schiff,Tirrenia
6241,s46,ship,vehicle,Schiff,Sardinia Ferries
6242,s46,ship,vehicle,Schiff,Unternehmen
6243,s46,ship,vehicle,Schiff,groß
6244,s46,garage,building,Garage,um Auto zu parken
6245,s46,garage,building,Garage,enthält unnutzes Zeug
6246,s46,garage,building,Garage,hat ein automatisches Tor
6247,s46,garage,building,Garage,klingt wie Orange
6248,s46,bridge,building,Brücke,um einen Fluss zu überqueren
6249,s46,bridge,building,Brücke,um einen Fluss zu überqueren
6250,s46,bridge,building,Brücke,um eine Schlucht zu überqueren
6251,s46,bridge,building,Brücke,um eine Schlucht zu überqueren
6252,s46,bridge,building,Brücke,Messinabrücke
6253,s46,bridge,building,Brücke,Scheiss Berlusconi
6254,s46,bridge,building,Brücke,Golden Gate Bridge
6255,s46,bridge,building,Brücke,hat Ständer
6256,s46,bridge,building,Brücke,runterspucken
6257,s46,apple,fruit,Apfel,Mhmmm... Äpfel
6258,s46,apple,fruit,Apfel,grün = sauer
6259,s46,apple,fruit,Apfel,grün = sauer
6260,s46,apple,fruit,Apfel,rot = süß
6261,s46,apple,fruit,Apfel,rot = süß
6262,s46,apple,fruit,Apfel,gelb = wää
6263,s46,apple,fruit,Apfel,gelb = wää
6264,s46,apple,fruit,Apfel,auf dem Baum
6265,s46,apple,fruit,Apfel,Leute damit bewerfen
6266,s46,apple,fruit,Apfel,Mehrzahl = Äpfel
6267,s46,closet,furniture,Schrank,hat Türen
6268,s46,closet,furniture,Schrank,drin verstecken
6269,s46,closet,furniture,Schrank,enthält Kleider
6270,s46,closet,furniture,Schrank,zu wenig Kleider
6271,s46,closet,furniture,Schrank,Mhmhm... Schrank
6272,s46,closet,furniture,Schrank,aus Holz
6273,s46,leg,bodypart,Bein,zum Laufen
6274,s46,leg,bodypart,Bein,zum Fussballspielen
6275,s46,leg,bodypart,Bein,forza INTER
6276,s46,leg,bodypart,Bein,kann man essen
6277,s46,leg,bodypart,Bein,Mhmhm... Bein
6278,s46,leg,bodypart,Bein,schmerzt oft
6279,s46,leg,bodypart,Bein,beinhaltet Muskel
6280,s46,leg,bodypart,Bein,man hat 2
6281,s46,table,furniture,Tisch,hat 4 Beine
6282,s46,table,furniture,Tisch,passt zum Stuhl
6283,s46,table,furniture,Tisch,aus Holz
6284,s46,table,furniture,Tisch,darauf liegen
6285,s46,table,furniture,Tisch,andere Sachen darauf machen =)
6286,s46,tongs,implement,Zange,aus Eisen
6287,s46,tongs,implement,Zange,keine Ahnung wozu das gut ist
6288,s46,tongs,implement,Zange,Mhmhm... Zange
6289,s46,tongs,implement,Zange,brauchen Handwerker
6290,s46,train,vehicle,Zug,kann man lenken
6291,s46,train,vehicle,Zug,lang
6292,s46,train,vehicle,Zug,Lasten transportieren
6293,s46,train,vehicle,Zug,Lasten transportieren
6294,s46,train,vehicle,Zug,Menschen transportieren
6295,s46,train,vehicle,Zug,Menschen transportieren
6296,s46,train,vehicle,Zug,TrenItalia
6297,s46,train,vehicle,Zug,hat Wagen
6298,s46,train,vehicle,Zug,Abteile
6299,s46,train,vehicle,Zug,Sitze
6300,s46,sparrow,bird,Spatz,Vogel
6301,s46,sparrow,bird,Spatz,hat Flügel
6302,s46,sparrow,bird,Spatz,Mhmhm... Spatz vom Grill
6303,s46,sparrow,bird,Spatz,klein
6304,s46,sparrow,bird,Spatz,gewinnt Kampf gegen Tauben
6305,s46,sparrow,bird,Spatz,sauber
6306,s46,sparrow,bird,Spatz,sitzt auf Leitungen
6307,s46,sparrow,bird,Spatz,leicht
6308,s46,pineapple,fruit,Ananas,es gibt Ananaspflücker
6309,s46,pineapple,fruit,Ananas,essen
6310,s46,pineapple,fruit,Ananas,Mhmhm... Ananas
6311,s46,pineapple,fruit,Ananas,innen gelb
6312,s46,pineapple,fruit,Ananas,saftig
6313,s46,pineapple,fruit,Ananas,exotisch
6314,s46,pineapple,fruit,Ananas,hat 3 a
6315,s46,pineapple,fruit,Ananas,3. Weltländer
6316,s46,pineapple,fruit,Ananas,Mhmhm... Ananas
6317,s46,pineapple,fruit,Ananas,auf der Hawaii-Pizza
6318,s47,armchair,furniture,Sessel,darauf sitzen
6319,s47,armchair,furniture,Sessel,füllt den Raum
6320,s47,armchair,furniture,Sessel,aus verschiedenen Materialien
6321,s47,armchair,furniture,Sessel,hat 4 Füße
6322,s47,armchair,furniture,Sessel,hat eine Lehne
6323,s47,broom,implement,Besen,damit kehren
6324,s47,broom,implement,Besen,aus einem langen Stiel
6325,s47,broom,implement,Besen,aus einer Bürste
6326,s47,broom,implement,Besen,aus Holz
6327,s47,broom,implement,Besen,ist gigantische Zahnbürste
6328,s47,rabbit,mammal,Hase,?Vogeltier
6329,s47,rabbit,mammal,Hase,hat zwei große Ohren
6330,s47,rabbit,mammal,Hase,sieht aus wie ein Kaninchen
6331,s47,rabbit,mammal,Hase,hat flauschiges Fell
6332,s47,rabbit,mammal,Hase,so groß wie ein Fußball
6333,s47,rabbit,mammal,Hase,kann viele Kinder bekommen
6334,s47,chair,furniture,Stuhl,hat vier Füße
6335,s47,chair,furniture,Stuhl,aus Polstern
6336,s47,chair,furniture,Stuhl,hat eine Lehne
6337,s47,chair,furniture,Stuhl,kann in 100000 Farben vorkommen
6338,s47,chair,furniture,Stuhl,füllt den Raum
6339,s47,chemise,clothing,Hemd,anziehen
6340,s47,chemise,clothing,Hemd,ist ein T-Shirt mit langen Knöpfen
6341,s47,chemise,clothing,Hemd,hat Knöpfe
6342,s47,chemise,clothing,Hemd,im gehobenen Kreis getragen
6343,s47,chemise,clothing,Hemd,elegant
6344,s47,chemise,clothing,Hemd,im gehobenen Kreis getragen
6345,s47,chemise,clothing,Hemd,Kleidungsstück
6346,s47,bus,vehicle,Bus,damit fahren
6347,s47,bus,vehicle,Bus,langgezogenes Auto
6348,s47,bus,vehicle,Bus,langgezogenes Auto
6349,s47,bus,vehicle,Bus,für Gruppenreisen
6350,s47,bus,vehicle,Bus,beliebt
6351,s47,bus,vehicle,Bus,Transportmittel
6352,s47,bus,vehicle,Bus,Transportmittel
6353,s47,bus,vehicle,Bus,es gibt auch mehrstöckige
6354,s47,sword,implement,Schwert,eine Waffe
6355,s47,sword,implement,Schwert,damit hat man Menschen getötet
6356,s47,sword,implement,Schwert,sorgt heutzutage für spannende Filmszenen
6357,s47,sword,implement,Schwert,ein langes Messer
6358,s47,sword,implement,Schwert,schon in der Antike hergestellt
6359,s47,horse,mammal,Pferd,vierbeinig
6360,s47,horse,mammal,Pferd,Säugetier
6361,s47,horse,mammal,Pferd,darauf reiten
6362,s47,horse,mammal,Pferd,auch als Sportgerät verwendet
6363,s47,horse,mammal,Pferd,hat einen großen Kopf
6364,s47,horse,mammal,Pferd,erfordert viel Pflege
6365,s47,finger,bodypart,Finger,ein Mensch hat 10 Finger
6366,s47,finger,bodypart,Finger,wichtigste Finger ist Daumen
6367,s47,finger,bodypart,Finger,damit nach Sachen greifen
6368,s47,finger,bodypart,Finger,kann man mit Ringen schmücken
6369,s47,bear,mammal,Bär,ein Raubtier
6370,s47,bear,mammal,Bär,ein Raubtier
6371,s47,bear,mammal,Bär,verschiedene Arten
6372,s47,bear,mammal,Bär,man kann ihn nicht essen
6373,s47,bear,mammal,Bär,steht unter Naturschutz
6374,s47,bear,mammal,Bär,jährlich sterben Menschen dadurch
6375,s47,monkey,mammal,Affe,ich bin mit einem befreundet
6376,s47,monkey,mammal,Affe,ein Primat
6377,s47,monkey,mammal,Affe,dem Menschen am ähnlichsten
6378,s47,monkey,mammal,Affe,sehen ca. aus wie ein Mensch
6379,s47,monkey,mammal,Affe,haben ein Fell
6380,s47,owl,bird,Eule,ein Vogel
6381,s47,owl,bird,Eule,hat große Augen
6382,s47,owl,bird,Eule,hat großen Kopf
6383,s47,owl,bird,Eule,kann fliegen
6384,s47,owl,bird,Eule,versteckt sich in Bäumen
6385,s47,owl,bird,Eule,ernährt sich von Mäusen
6386,s47,church,building,Kirche,dort Jesus und Gott besuchen
6387,s47,church,building,Kirche,dort Jesus und Gott besuchen
6388,s47,church,building,Kirche,ein Treffzentrum für Menschen
6389,s47,church,building,Kirche,ein Treffzentrum für Menschen
6390,s47,church,building,Kirche,groß
6391,s47,church,building,Kirche,ein Gebäude
6392,s47,church,building,Kirche,dort findet Gottesdienst statt
6393,s47,paintbrush,implement,Pinsel,damit malen
6394,s47,paintbrush,implement,Pinsel,aus Holz
6395,s47,paintbrush,implement,Pinsel,hat einen Stiel
6396,s47,paintbrush,implement,Pinsel,hat eine Bürste die aus Haaren besteht
6397,s47,paintbrush,implement,Pinsel,kann man nicht essen
6398,s47,cherry,fruit,Kirsche,essen
6399,s47,cherry,fruit,Kirsche,eine Freundin nenne ich so
6400,s47,cherry,fruit,Kirsche,sind Früchte
6401,s47,cherry,fruit,Kirsche,sind rot
6402,s47,cherry,fruit,Kirsche,schmecken süß
6403,s47,sweater,clothing,Pullover,dick
6404,s47,sweater,clothing,Pullover,Kleidungsstück
6405,s47,sweater,clothing,Pullover,hält warm
6406,s47,sweater,clothing,Pullover,kann man nicht essen
6407,s47,sweater,clothing,Pullover,aus Baumwolle
6408,s47,pear,fruit,Birne,eine Frucht
6409,s47,pear,fruit,Birne,ich mag Birnen
6410,s47,pear,fruit,Birne,sind süß
6411,s47,pear,fruit,Birne,essen
6412,s47,pear,fruit,Birne,Tiere ernähren sich daran
6413,s47,pear,fruit,Birne,wachsen auf Bäumen
6414,s47,tower,building,Turm,hoch
6415,s47,tower,building,Turm,ein Gebäude
6416,s47,tower,building,Turm,als Abwehr verwendet
6417,s47,tower,building,Turm,aus Steinen
6418,s47,tower,building,Turm,schon in der Antike gebaut
6419,s47,tower,building,Turm,wurde in Burgen gebaut
6420,s47,dog,mammal,Hund,ein Vierbeiner
6421,s47,dog,mammal,Hund,ein Raubtier
6422,s47,dog,mammal,Hund,ein Raubtier
6423,s47,dog,mammal,Hund,kann bellen
6424,s47,dog,mammal,Hund,kann knurren
6425,s47,dog,mammal,Hund,beißt wenn man zu nahe kommt
6426,s47,dog,mammal,Hund,Chinesen (Katia) essen ihn
6427,s47,woodpecker,bird,Specht,ein Vogel
6428,s47,woodpecker,bird,Specht,wohnt in Bäumen
6429,s47,woodpecker,bird,Specht,kann man nicht lutschen
6430,s47,woodpecker,bird,Specht,ernährt sich von Mäusen
6431,s47,woodpecker,bird,Specht,mag ich nicht
6432,s47,woodpecker,bird,Specht,hat einen spitzen Schnabel
6433,s47,woodpecker,bird,Specht,angriffslustig
6434,s47,truck,vehicle,Lastwagen,für den Warentransport
6435,s47,truck,vehicle,Lastwagen,für den Warentransport
6436,s47,truck,vehicle,Lastwagen,ein Auto
6437,s47,truck,vehicle,Lastwagen,mit einem riesigen Kofferraum
6438,s47,truck,vehicle,Lastwagen,hat 4 oder mehr Räder
6439,s47,truck,vehicle,Lastwagen,dadurch werden Menschen überfahren
6440,s47,hand,bodypart,Hand,damit nach Sachen greifen
6441,s47,hand,bodypart,Hand,kann man lutschen
6442,s47,hand,bodypart,Hand,damit viele Sachen machen
6443,s47,hand,bodypart,Hand,damit fest zuschlagen
6444,s47,eye,bodypart,Auge,damit sehen
6445,s47,eye,bodypart,Auge,rund
6446,s47,eye,bodypart,Auge,durch Lider geschützt
6447,s47,eye,bodypart,Auge,im Inneren aus Gelatine
6448,s47,bed,furniture,Bett,darauf schlafen
6449,s47,bed,furniture,Bett,jeder besitzt eins
6450,s47,bed,furniture,Bett,dazu gehört eine Matratze
6451,s47,bed,furniture,Bett,liegt auf dem Boden
6452,s47,bed,furniture,Bett,wie ein Quader
6453,s47,seagull,bird,Möwe,ein Vogel
6454,s47,seagull,bird,Möwe,leben neben Küsten
6455,s47,seagull,bird,Möwe,weiß-schwarz
6456,s47,seagull,bird,Möwe,hat einen Schnabel
6457,s47,seagull,bird,Möwe,kann fliegen
6458,s47,seagull,bird,Möwe,ernährt sich von Fischen
6459,s47,seagull,bird,Möwe,scheißt die Stadt voll
6460,s48,head,bodypart,Kopf,Körperteil
6461,s48,head,bodypart,Kopf,am Ende des Körpers
6462,s48,head,bodypart,Kopf,Augen
6463,s48,head,bodypart,Kopf,Nase
6464,s48,head,bodypart,Kopf,Ohren
6465,s48,head,bodypart,Kopf,mit Haaren bedeckt
6466,s48,head,bodypart,Kopf,rundlich
6467,s48,airplane,vehicle,Flugzeug,kann fliegen
6468,s48,airplane,vehicle,Flugzeug,Transport von Menschen
6469,s48,airplane,vehicle,Flugzeug,Transport von Menschen
6470,s48,airplane,vehicle,Flugzeug,Transport von Waren
6471,s48,airplane,vehicle,Flugzeug,Transport von Waren
6472,s48,airplane,vehicle,Flugzeug,schnell
6473,s48,airplane,vehicle,Flugzeug,mit Düsen
6474,s48,airplane,vehicle,Flugzeug,mit Rotoren
6475,s48,airplane,vehicle,Flugzeug,Cockpit
6476,s48,airplane,vehicle,Flugzeug,Pilot fliegt
6477,s48,spinach,vegetable,Spinat,grün
6478,s48,spinach,vegetable,Spinat,schmeckt schlecht
6479,s48,spinach,vegetable,Spinat,zum essen
6480,s48,spinach,vegetable,Spinat,Pflanze
6481,s48,spinach,vegetable,Spinat,zum kotzen
6482,s48,spinach,vegetable,Spinat,gesund
6483,s48,comb,implement,Kamm,zum Haare ordnen
6484,s48,comb,implement,Kamm,mit kleinen Zacken
6485,s48,comb,implement,Kamm,aus Plastik
6486,s48,skyscraper,building,Wolkenkratzer,hoch
6487,s48,skyscraper,building,Wolkenkratzer,Haus
6488,s48,skyscraper,building,Wolkenkratzer,mit Zimmern
6489,s48,skyscraper,building,Wolkenkratzer,mit Fenstern
6490,s48,skyscraper,building,Wolkenkratzer,in großen Städten
6491,s48,skyscraper,building,Wolkenkratzer,aus Beton
6492,s48,skyscraper,building,Wolkenkratzer,aus Stahl
6493,s48,potato,vegetable,Kartoffel,Gemüse
6494,s48,potato,vegetable,Kartoffel,Stärke
6495,s48,potato,vegetable,Kartoffel,aus Amerika
6496,s48,potato,vegetable,Kartoffel,Püree
6497,s48,potato,vegetable,Kartoffel,Pommes
6498,s48,potato,vegetable,Kartoffel,Schale essbar
6499,s48,potato,vegetable,Kartoffel,Knolle
6500,s48,potato,vegetable,Kartoffel,mehlig
6501,s48,socks,clothing,Socken,halten Füße warm
6502,s48,socks,clothing,Socken,aus Textilien
6503,s48,socks,clothing,Socken,aus Wolle
6504,s48,socks,clothing,Socken,mit tollen Mustern
6505,s48,socks,clothing,Socken,Sockenschublade
6506,s48,corn,vegetable,Mais,gelb
6507,s48,corn,vegetable,Mais,Getreide
6508,s48,corn,vegetable,Mais,Kolben
6509,s48,corn,vegetable,Mais,Popcorn
6510,s48,corn,vegetable,Mais,aus Amerika
6511,s48,corn,vegetable,Mais,2 m hoch
6512,s48,corn,vegetable,Mais,Maya haben ihn angebaut
6513,s48,orange,fruit,Orange,orange
6514,s48,orange,fruit,Orange,rund
6515,s48,orange,fruit,Orange,saftig
6516,s48,orange,fruit,Orange,Schale nicht essbar
6517,s48,orange,fruit,Orange,duftet
6518,s48,orange,fruit,Orange,Obst
6519,s48,jacket,clothing,Jacke,hält Oberkörper warm
6520,s48,jacket,clothing,Jacke,hält Arme warm
6521,s48,jacket,clothing,Jacke,dick
6522,s48,jacket,clothing,Jacke,weich
6523,s48,jacket,clothing,Jacke,mit Reißverschluss
6524,s48,jacket,clothing,Jacke,mit Knöpfen
6525,s48,shoes,clothing,Schuhe,hart
6526,s48,shoes,clothing,Schuhe,zum Schutz der Füße
6527,s48,shoes,clothing,Schuhe,Sohlen
6528,s48,shoes,clothing,Schuhe,Schleifen binden
6529,s48,shoes,clothing,Schuhe,stinken
6530,s48,shoes,clothing,Schuhe,mit stummem h
6531,s48,onion,vegetable,Zwiebel,stinkt
6532,s48,onion,vegetable,Zwiebel,7 Häute
6533,s48,onion,vegetable,Zwiebel,beim Schälen Tränen die Augen
6534,s48,onion,vegetable,Zwiebel,Ringe
6535,s48,onion,vegetable,Zwiebel,Mundgeruch
6536,s48,onion,vegetable,Zwiebel,Knolle
6537,s48,goose,bird,Gans,aggressiv
6538,s48,goose,bird,Gans,Schnabel
6539,s48,goose,bird,Gans,Vogel
6540,s48,goose,bird,Gans,weißes Federkleid
6541,s48,goose,bird,Gans,macht quak
6542,s48,goose,bird,Gans,schwimmt
6543,s48,goose,bird,Gans,Schwimmhäute an Füßen
6544,s48,peas,vegetable,Erbsen,grün
6545,s48,peas,vegetable,Erbsen,klein
6546,s48,peas,vegetable,Erbsen,rund
6547,s48,peas,vegetable,Erbsen,Gemüse
6548,s48,peas,vegetable,Erbsen,Erbsensuppe
6549,s48,peas,vegetable,Erbsen,Hülsenfrucht
6550,s48,peas,vegetable,Erbsen,in Schoten gewachsen
6551,s48,ship,vehicle,Schiff,schwimmt
6552,s48,ship,vehicle,Schiff,Transport von Menschen
6553,s48,ship,vehicle,Schiff,Transport von Menschen
6554,s48,ship,vehicle,Schiff,Transport von Waren
6555,s48,ship,vehicle,Schiff,Transport von Waren
6556,s48,ship,vehicle,Schiff,Schiffschraube
6557,s48,ship,vehicle,Schiff,in Werft gebaut
6558,s48,ship,vehicle,Schiff,mehrere 100 m lang
6559,s48,ship,vehicle,Schiff,aus Metall
6560,s48,ship,vehicle,Schiff,aus Holz
6561,s48,garage,building,Garage,zum Parken von Fahrzeugen
6562,s48,garage,building,Garage,mit Tor
6563,s48,garage,building,Garage,zum Schutz vor Witterung
6564,s48,garage,building,Garage,zum Schutz vor Dieben
6565,s48,bridge,building,Brücke,über Schluchten
6566,s48,bridge,building,Brücke,über Flüsse
6567,s48,bridge,building,Brücke,Bögen halten sie
6568,s48,bridge,building,Brücke,Pfeiler halten sie
6569,s48,bridge,building,Brücke,Autos gehen darüber
6570,s48,bridge,building,Brücke,Autos gehen darüber
6571,s48,bridge,building,Brücke,Menschen gehen darüber
6572,s48,bridge,building,Brücke,Menschen gehen darüber
6573,s48,bridge,building,Brücke,mit ü und ck
6574,s48,apple,fruit,Apfel,rund
6575,s48,apple,fruit,Apfel,süß
6576,s48,apple,fruit,Apfel,knackig
6577,s48,apple,fruit,Apfel,Japan
6578,s48,apple,fruit,Apfel,China
6579,s48,apple,fruit,Apfel,Südtirol
6580,s48,apple,fruit,Apfel,Obst
6581,s48,apple,fruit,Apfel,Kerne
6582,s48,apple,fruit,Apfel,Saft
6583,s48,closet,furniture,Schrank,beinhaltet versch. Dinge
6584,s48,closet,furniture,Schrank,mit Türen
6585,s48,closet,furniture,Schrank,mit Schubladen
6586,s48,closet,furniture,Schrank,"wenn er auf einen fällt, ist man tot"
6587,s48,closet,furniture,Schrank,mit sch
6588,s48,leg,bodypart,Bein,zur Fortbewegung
6589,s48,leg,bodypart,Bein,2 pro Mensch
6590,s48,leg,bodypart,Bein,Verbindung zwischen Fuß und Becken
6591,s48,leg,bodypart,Bein,Knie ist in der Mitte
6592,s48,leg,bodypart,Bein,Oberschenkel
6593,s48,leg,bodypart,Bein,Unterschenkel
6594,s48,table,furniture,Tisch,Mordwaffe
6595,s48,table,furniture,Tisch,Mordwaffe
6596,s48,table,furniture,Tisch,4 Beine (kein Tier)
6597,s48,table,furniture,Tisch,aus Holz
6598,s48,table,furniture,Tisch,man isst darauf
6599,s48,table,furniture,Tisch,sollte in keinem Haushalt fehlen
6600,s48,tongs,implement,Zange,Mord
6601,s48,tongs,implement,Zange,zum Herausziehen von Nägeln
6602,s48,tongs,implement,Zange,Werkzeug
6603,s48,tongs,implement,Zange,aus Eisen
6604,s48,tongs,implement,Zange,2 Griffe
6605,s48,tongs,implement,Zange,funktioniert mit Hebelprinzip
6606,s48,train,vehicle,Zug,schnell
6607,s48,train,vehicle,Zug,Transport
6608,s48,train,vehicle,Zug,mit Dampf betrieben
6609,s48,train,vehicle,Zug,mit Diesel betrieben
6610,s48,train,vehicle,Zug,mit Strom betrieben
6611,s48,train,vehicle,Zug,fährt auf Schienen
6612,s48,train,vehicle,Zug,Waggons
6613,s48,train,vehicle,Zug,tödlich
6614,s48,sparrow,bird,Spatz,klein
6615,s48,sparrow,bird,Spatz,Vogel
6616,s48,sparrow,bird,Spatz,grau
6617,s48,sparrow,bird,Spatz,rund
6618,s48,sparrow,bird,Spatz,nervig
6619,s48,pineapple,fruit,Ananas,Spongebob Schwammkopf
6620,s48,pineapple,fruit,Ananas,dicke Schale
6621,s48,pineapple,fruit,Ananas,exotisch
6622,s48,pineapple,fruit,Ananas,Frucht
6623,s48,pineapple,fruit,Ananas,sauer
6624,s48,pineapple,fruit,Ananas,innen gelb
6625,s49,head,bodypart,Kopf,ein Körperteil
6626,s49,head,bodypart,Kopf,hat 2 Augen
6627,s49,head,bodypart,Kopf,einen Mund
6628,s49,head,bodypart,Kopf,eine Nase
6629,s49,head,bodypart,Kopf,2 Ohren
6630,s49,head,bodypart,Kopf,Haare
6631,s49,head,bodypart,Kopf,am oberen Ende des Körpers
6632,s49,airplane,vehicle,Flugzeug,damit fliegen
6633,s49,airplane,vehicle,Flugzeug,mit Düsen angetrieben
6634,s49,airplane,vehicle,Flugzeug,schnellstes Verkehrsmittel
6635,s49,airplane,vehicle,Flugzeug,schnellstes Verkehrsmittel
6636,s49,spinach,vegetable,Spinat,grün
6637,s49,spinach,vegetable,Spinat,Nahrungsmittel
6638,s49,spinach,vegetable,Spinat,nicht beliebt bei Kindern
6639,s49,spinach,vegetable,Spinat,Gemüse
6640,s49,spinach,vegetable,Spinat,kein Genuss für den Gaumen
6641,s49,comb,implement,Kamm,um sich die Haare zu richten
6642,s49,comb,implement,Kamm,verschiedene Varianten
6643,s49,comb,implement,Kamm,bevorzugtes Material Plastik
6644,s49,skyscraper,building,Wolkenkratzer,hoch
6645,s49,skyscraper,building,Wolkenkratzer,Gebäude
6646,s49,skyscraper,building,Wolkenkratzer,mit New York in Verbindung gebracht
6647,s49,skyscraper,building,Wolkenkratzer,beherbergt Büros
6648,s49,potato,vegetable,Kartoffel,Gemüse
6649,s49,potato,vegetable,Kartoffel,beliebt
6650,s49,potato,vegetable,Kartoffel,Nahrungsmittel
6651,s49,potato,vegetable,Kartoffel,Pommes
6652,s49,potato,vegetable,Kartoffel,aus Amerika
6653,s49,potato,vegetable,Kartoffel,Blüten der Kartoffelpflanze giftig
6654,s49,potato,vegetable,Kartoffel,wächst unter der Erde
6655,s49,socks,clothing,Socken,Kleidungsstück
6656,s49,socks,clothing,Socken,für die Füße
6657,s49,socks,clothing,Socken,hält Füße warm
6658,s49,socks,clothing,Socken,aus Baumwolle
6659,s49,socks,clothing,Socken,gab es früher nicht
6660,s49,corn,vegetable,Mais,von der antiken Kultur - Maya
6661,s49,corn,vegetable,Mais,ein Nahrungsmittel
6662,s49,corn,vegetable,Mais,wächst in Form von Maiskolben
6663,s49,corn,vegetable,Mais,aus Amerika
6664,s49,orange,fruit,Orange,rund
6665,s49,orange,fruit,Orange,Nahrungsmittel
6666,s49,orange,fruit,Orange,orange Schale
6667,s49,orange,fruit,Orange,Fruchtfleisch in Zehen geteilt
6668,s49,orange,fruit,Orange,Fruchtsäfte mit Orange - Orangensaft
6669,s49,jacket,clothing,Jacke,Kleidungsstück
6670,s49,jacket,clothing,Jacke,hält Körper warm
6671,s49,jacket,clothing,Jacke,für den Oberkörper
6672,s49,jacket,clothing,Jacke,hat Reißverschluss
6673,s49,jacket,clothing,Jacke,auch welche mit Knöpfen
6674,s49,shoes,clothing,Schuhe,Kleidungsstück
6675,s49,shoes,clothing,Schuhe,für die Füße
6676,s49,shoes,clothing,Schuhe,hält Wasser vom Fuß fern
6677,s49,shoes,clothing,Schuhe,hält Kälte vom Fuß fern
6678,s49,shoes,clothing,Schuhe,hält Steine vom Fuß fern
6679,s49,shoes,clothing,Schuhe,hält spitze Gegenstände vom Fuß fern
6680,s49,onion,vegetable,Zwiebel,Gemüse
6681,s49,onion,vegetable,Zwiebel,wächst in Form von Kolben
6682,s49,onion,vegetable,Zwiebel,beim Kochen muss man weinen
6683,s49,onion,vegetable,Zwiebel,Zwiebelringe
6684,s49,goose,bird,Gans,Tier
6685,s49,goose,bird,Gans,aggressiv
6686,s49,goose,bird,Gans,Federn
6687,s49,goose,bird,Gans,bei Gewässer
6688,s49,goose,bird,Gans,kann schwimmen
6689,s49,goose,bird,Gans,hat Schwimmhäute
6690,s49,peas,vegetable,Erbsen,klein
6691,s49,peas,vegetable,Erbsen,Rund
6692,s49,peas,vegetable,Erbsen,Gemüse
6693,s49,peas,vegetable,Erbsen,grün
6694,s49,peas,vegetable,Erbsen,Geschmack nicht gut
6695,s49,peas,vegetable,Erbsen,wächst in Schoten
6696,s49,peas,vegetable,Erbsen,Hülsenfrucht
6697,s49,ship,vehicle,Schiff,Titanic
6698,s49,ship,vehicle,Schiff,billigste
6699,s49,ship,vehicle,Schiff,Transportmittel
6700,s49,ship,vehicle,Schiff,Transportmittel
6701,s49,ship,vehicle,Schiff,Übersee
6702,s49,ship,vehicle,Schiff,Containerschiffe
6703,s49,ship,vehicle,Schiff,Motor betrieben
6704,s49,ship,vehicle,Schiff,Segel betrieben
6705,s49,garage,building,Garage,hier parkt man das Auto
6706,s49,garage,building,Garage,durch Tor geschützt
6707,s49,garage,building,Garage,Schutz vor Dieben
6708,s49,garage,building,Garage,Schutz vor Regen
6709,s49,bridge,building,Brücke,Verbindungsstrecke
6710,s49,bridge,building,Brücke,für Autos
6711,s49,apple,fruit,Apfel,beliebt
6712,s49,apple,fruit,Apfel,Frucht
6713,s49,apple,fruit,Apfel,Nahrungsmittel
6714,s49,apple,fruit,Apfel,rot
6715,s49,apple,fruit,Apfel,grün
6716,s49,apple,fruit,Apfel,gelb
6717,s49,apple,fruit,Apfel,rund
6718,s49,apple,fruit,Apfel,Stängel
6719,s49,apple,fruit,Apfel,"Japan, China große Exporteure"
6720,s49,apple,fruit,Apfel,"Japan, China große Exporteure"
6721,s49,apple,fruit,Apfel,Obst
6722,s49,closet,furniture,Schrank,zum Kleider aufbewahren
6723,s49,closet,furniture,Schrank,2 Türen
6724,s49,closet,furniture,Schrank,aus Holz
6725,s49,closet,furniture,Schrank,Scharniere zum Öffnen
6726,s49,leg,bodypart,Bein,Amputation
6727,s49,leg,bodypart,Bein,Körperteil
6728,s49,leg,bodypart,Bein,zur Fortbewegung
6729,s49,leg,bodypart,Bein,Kleidungsstück
6730,s49,leg,bodypart,Bein,Hosen
6731,s49,leg,bodypart,Bein,Rock
6732,s49,leg,bodypart,Bein,jeder gesunde Mensch hat 2
6733,s49,table,furniture,Tisch,4 Tischbeine
6734,s49,table,furniture,Tisch,darauf eine Holzplatte
6735,s49,table,furniture,Tisch,darauf wird gegessen
6736,s49,table,furniture,Tisch,darauf werden Dinge abgelegt
6737,s49,table,furniture,Tisch,lackiert
6738,s49,table,furniture,Tisch,rund
6739,s49,table,furniture,Tisch,eckig
6740,s49,tongs,implement,Zange,Werkzeug
6741,s49,tongs,implement,Zange,zum Nägel entfernen
6742,s49,tongs,implement,Zange,aus Eisen
6743,s49,tongs,implement,Zange,bedient sich Hebelgesetz
6744,s49,tongs,implement,Zange,um Kraft zu sparen
6745,s49,train,vehicle,Zug,Waggons
6746,s49,train,vehicle,Zug,Lok
6747,s49,train,vehicle,Zug,Fortbewegungsmittel
6748,s49,train,vehicle,Zug,auf Schienen
6749,s49,train,vehicle,Zug,Elektrizität
6750,s49,train,vehicle,Zug,Diesel-Züge
6751,s49,sparrow,bird,Spatz,Vogel
6752,s49,sparrow,bird,Spatz,klein
6753,s49,sparrow,bird,Spatz,Federn
6754,s49,sparrow,bird,Spatz,kann fliegen
6755,s49,pineapple,fruit,Ananas,Frucht
6756,s49,pineapple,fruit,Ananas,essbar
6757,s49,pineapple,fruit,Ananas,exotisch
6758,s49,pineapple,fruit,Ananas,Frucht
6759,s49,pineapple,fruit,Ananas,wächst auf Bäumen
6760,s49,pineapple,fruit,Ananas,in Comics vertreten
6761,s49,pineapple,fruit,Ananas,Spongebob Schwammkopf
6762,s50,head,bodypart,Kopf,sitzt auf dem Hals
6763,s50,head,bodypart,Kopf,beinhaltet Gehirn
6764,s50,head,bodypart,Kopf,schützt Gehirn
6765,s50,head,bodypart,Kopf,von der Wirbelsäule gestützt
6766,s50,head,bodypart,Kopf,bildet Schutz für wichtigste Sinnesorgane
6767,s50,airplane,vehicle,Flugzeug,verschmutzt die Umwelt durch Abgase
6768,s50,airplane,vehicle,Flugzeug,um schnell Strecken zurückzulegen
6769,s50,airplane,vehicle,Flugzeug,Flügel speziell geformt
6770,s50,airplane,vehicle,Flugzeug,Leonardo da Vinci versuchte Flugmaschinen zu entwerfen
6771,s50,airplane,vehicle,Flugzeug,Luft
6772,s50,spinach,vegetable,Spinat,grün
6773,s50,spinach,vegetable,Spinat,ein Gemüse
6774,s50,spinach,vegetable,Spinat,"bleibt beim Kochen nur grün, wenn man Natron dazugibt"
6775,s50,spinach,vegetable,Spinat,"bleibt beim Kochen nur grün, wenn man Natron dazugibt"
6776,s50,spinach,vegetable,Spinat,als Beilage verwendet
6777,s50,spinach,vegetable,Spinat,gesund
6778,s50,comb,implement,Kamm,damit seine Haare ordnen
6779,s50,comb,implement,Kamm,aus Plastik
6780,s50,comb,implement,Kamm,aus Holz
6781,s50,comb,implement,Kamm,besitzt Zähne
6782,s50,comb,implement,Kamm,schon in der Antike benutzt
6783,s50,skyscraper,building,Wolkenkratzer,hoch
6784,s50,skyscraper,building,Wolkenkratzer,Gebäude
6785,s50,skyscraper,building,Wolkenkratzer,in Großstädten
6786,s50,skyscraper,building,Wolkenkratzer,so genannt weil es in den Himmel ragt
6787,s50,skyscraper,building,Wolkenkratzer,grau
6788,s50,skyscraper,building,Wolkenkratzer,trostlos
6789,s50,skyscraper,building,Wolkenkratzer,dort befinden sich Büros
6790,s50,skyscraper,building,Wolkenkratzer,Fenster
6791,s50,potato,vegetable,Kartoffel,ein Gemüse
6792,s50,potato,vegetable,Kartoffel,wächst unter der Erde
6793,s50,potato,vegetable,Kartoffel,auch Erdapfel genannt
6794,s50,potato,vegetable,Kartoffel,daraus Pommes machen
6795,s50,potato,vegetable,Kartoffel,daraus Chips machen
6796,s50,socks,clothing,Socken,schützen Füße vor Kälte
6797,s50,socks,clothing,Socken,aus Baumwolle
6798,s50,socks,clothing,Socken,aus Wolle
6799,s50,socks,clothing,Socken,schützen Füße vor Schweiß
6800,s50,socks,clothing,Socken,verschiedene Formen
6801,s50,socks,clothing,Socken,verschiedene Farben
6802,s50,corn,vegetable,Mais,von den Mayas verehrt
6803,s50,corn,vegetable,Mais,aus Amerika
6804,s50,corn,vegetable,Mais,gelb
6805,s50,corn,vegetable,Mais,daraus Popcorn machen
6806,s50,orange,fruit,Orange,eine Zitrusfrucht
6807,s50,orange,fruit,Orange,wächst im Süden
6808,s50,orange,fruit,Orange,schmeckt sauer
6809,s50,orange,fruit,Orange,orange
6810,s50,orange,fruit,Orange,witaminreich
6811,s50,orange,fruit,Orange,riecht süßlich
6812,s50,orange,fruit,Orange,hat eine Schale
6813,s50,jacket,clothing,Jacke,schützt Oberkörper vor Kälte
6814,s50,jacket,clothing,Jacke,verschiedene Modelle
6815,s50,jacket,clothing,Jacke,modisch
6816,s50,jacket,clothing,Jacke,Windjacken
6817,s50,jacket,clothing,Jacke,Regenjacken
6818,s50,shoes,clothing,Schuhe,schützen Füße
6819,s50,shoes,clothing,Schuhe,schützen Füße
6820,s50,shoes,clothing,Schuhe,mit Schnürverschluss
6821,s50,shoes,clothing,Schuhe,mit Klettverschluss
6822,s50,shoes,clothing,Schuhe,Frauen haben komische Beziehung zu ihnen
6823,s50,shoes,clothing,Schuhe,offen
6824,s50,shoes,clothing,Schuhe,geschlossen
6825,s50,onion,vegetable,Zwiebel,wächst unter der Erde
6826,s50,onion,vegetable,Zwiebel,verursacht Tränenbildung
6827,s50,onion,vegetable,Zwiebel,scharf
6828,s50,onion,vegetable,Zwiebel,"hat braune, dünne Schale"
6829,s50,onion,vegetable,Zwiebel,hat Schichten
6830,s50,goose,bird,Gans,weiß
6831,s50,goose,bird,Gans,ein Vogel
6832,s50,goose,bird,Gans,hat langen Hals
6833,s50,goose,bird,Gans,schwimmt
6834,s50,goose,bird,Gans,legt Eier
6835,s50,goose,bird,Gans,hat einen Schnabel
6836,s50,goose,bird,Gans,hat Federn
6837,s50,goose,bird,Gans,kann fliegen
6838,s50,peas,vegetable,Erbsen,klein
6839,s50,peas,vegetable,Erbsen,grün
6840,s50,peas,vegetable,Erbsen,Hülsenfrucht
6841,s50,peas,vegetable,Erbsen,in Dosen konserviert
6842,s50,peas,vegetable,Erbsen,kommen im Märchen vor: die Prinzessin auf der Erbse
6843,s50,ship,vehicle,Schiff,schwimmen im Meer
6844,s50,ship,vehicle,Schiff,schwimmen weil sie Wasser verdrängen
6845,s50,ship,vehicle,Schiff,berühmtestes Schiffsunglück: Titanic
6846,s50,ship,vehicle,Schiff,verschiedene Arten
6847,s50,garage,building,Garage,unterirdisch angelegt
6848,s50,garage,building,Garage,darin das Auto abgestellt
6849,s50,garage,building,Garage,einfach gebaut
6850,s50,garage,building,Garage,neben dem Haus
6851,s50,bridge,building,Brücke,auf den Euroscheinen
6852,s50,bridge,building,Brücke,verbinden 2 Ufer miteinander
6853,s50,bridge,building,Brücke,berühmte Brücke: San Francisco
6854,s50,apple,fruit,Apfel,spielt im Märchen Schneewittchen eine Rolle
6855,s50,apple,fruit,Apfel,wichtig für die Südtiroler Landwirtschaft
6856,s50,apple,fruit,Apfel,eine Frucht
6857,s50,apple,fruit,Apfel,verschiedene Sorten
6858,s50,apple,fruit,Apfel,hat Kerne im Inneren
6859,s50,apple,fruit,Apfel,hat süßes Fruchtfleisch
6860,s50,closet,furniture,Schrank,Kinder glauben an Monster in Schränken
6861,s50,closet,furniture,Schrank,groß
6862,s50,closet,furniture,Schrank,aus Holz
6863,s50,closet,furniture,Schrank,man hängt seine Kleider rein
6864,s50,closet,furniture,Schrank,dort versteckt man den Liebhaber wenn der Mann kommt
6865,s50,leg,bodypart,Bein,kann man amputieren
6866,s50,leg,bodypart,Bein,von Knochen gestützt
6867,s50,leg,bodypart,Bein,zur Fortbewegung
6868,s50,leg,bodypart,Bein,Oberschenkel
6869,s50,leg,bodypart,Bein,Unterschenkel
6870,s50,leg,bodypart,Bein,anschließend an die Hüfte
6871,s50,table,furniture,Tisch,darauf isst man
6872,s50,table,furniture,Tisch,Märchen Tischlein deck dich
6873,s50,table,furniture,Tisch,vier Beine
6874,s50,table,furniture,Tisch,Geschichte Ein Tisch bleibt ein Tisch
6875,s50,table,furniture,Tisch,Oberfläche bildet ein Brett
6876,s50,tongs,implement,Zange,um Nägel herauszuziehen
6877,s50,tongs,implement,Zange,kann Kabelisolationen abtrennen
6878,s50,train,vehicle,Zug,schnell
6879,s50,train,vehicle,Zug,Fortbewegungsmittel
6880,s50,train,vehicle,Zug,fährt auf Schienen
6881,s50,train,vehicle,Zug,Nomen von Ziehen
6882,s50,train,vehicle,Zug,schnell
6883,s50,train,vehicle,Zug,Unfälle
6884,s50,sparrow,bird,Spatz,lieber den Spatz in der Hand als die Taube auf dem Dach
6885,s50,sparrow,bird,Spatz,ein Vogel
6886,s50,sparrow,bird,Spatz,klein
6887,s50,sparrow,bird,Spatz,singt schön
6888,s50,sparrow,bird,Spatz,als Kosename
6889,s50,sparrow,bird,Spatz,trifft man häufig an
6890,s50,pineapple,fruit,Ananas,Spongebob Schwammkopf wohnt darin
6891,s50,pineapple,fruit,Ananas,sauer
6892,s50,pineapple,fruit,Ananas,eine Frucht
6893,s50,pineapple,fruit,Ananas,gelb
6894,s50,pineapple,fruit,Ananas,hat eine braune Schale
6895,s50,pineapple,fruit,Ananas,ringförmig serviert
6896,s51,armchair,furniture,Sessel,darauf sitzen
6897,s51,armchair,furniture,Sessel,hat 4 Füße
6898,s51,armchair,furniture,Sessel,aus Holz
6899,s51,armchair,furniture,Sessel,aus Leder
6900,s51,armchair,furniture,Sessel,steht im Wohnzimmer
6901,s51,broom,implement,Besen,damit kehren
6902,s51,broom,implement,Besen,macht damit sauber
6903,s51,broom,implement,Besen,aus Holzstiel
6904,s51,broom,implement,Besen,aus Büschel
6905,s51,broom,implement,Besen,Hexen fliegen damit
6906,s51,rabbit,mammal,Hase,Oster...
6907,s51,rabbit,mammal,Hase,Säugetier
6908,s51,rabbit,mammal,Hase,mit langen Ohren
6909,s51,rabbit,mammal,Hase,Haustier
6910,s51,rabbit,mammal,Hase,Haustier
6911,s51,rabbit,mammal,Hase,in manchen Ländern Essen
6912,s51,rabbit,mammal,Hase,springt im Zick-Zack
6913,s51,chair,furniture,Stuhl,aus Holz
6914,s51,chair,furniture,Stuhl,4 Füße
6915,s51,chair,furniture,Stuhl,Möbelstück
6916,s51,chair,furniture,Stuhl,man sitzt darauf
6917,s51,chemise,clothing,Hemd,Kleidungsstück
6918,s51,chemise,clothing,Hemd,Knöpfe auf der Vorderseite
6919,s51,chemise,clothing,Hemd,mit Kragen
6920,s51,chemise,clothing,Hemd,verdeckt die Brust
6921,s51,chemise,clothing,Hemd,verdeckt den oberen Teil des Körpers
6922,s51,bus,vehicle,Bus,Fahrzeug
6923,s51,bus,vehicle,Bus,mehrere Leute Platz
6924,s51,bus,vehicle,Bus,mehrere Leute Platz
6925,s51,bus,vehicle,Bus,öffentlicher Dienst
6926,s51,bus,vehicle,Bus,man muss zahlen
6927,s51,sword,implement,Schwert,Waffe
6928,s51,sword,implement,Schwert,im Mittelalter
6929,s51,sword,implement,Schwert,aus Klinge
6930,s51,sword,implement,Schwert,aus Griff
6931,s51,sword,implement,Schwert,aus Metall
6932,s51,sword,implement,Schwert,Kennzeichen der Ritter
6933,s51,horse,mammal,Pferd,Säugetier
6934,s51,horse,mammal,Pferd,darauf reiten
6935,s51,horse,mammal,Pferd,groß
6936,s51,horse,mammal,Pferd,Ritter reiten darauf
6937,s51,horse,mammal,Pferd,Ritter reiten darauf
6938,s51,horse,mammal,Pferd,dienten früher um Kutsche zu ziehen
6939,s51,finger,bodypart,Finger,jeder hat 10 davon
6940,s51,finger,bodypart,Finger,jeweils 5 an jeder Hand
6941,s51,finger,bodypart,Finger,Glieder am Körper eines Menschen
6942,s51,finger,bodypart,Finger,unser Erfolg
6943,s51,bear,mammal,Bär,Säugetier
6944,s51,bear,mammal,Bär,Säugetier
6945,s51,bear,mammal,Bär,groß
6946,s51,bear,mammal,Bär,kräftig
6947,s51,bear,mammal,Bär,selten bei uns
6948,s51,bear,mammal,Bär,hält Winterschlafe
6949,s51,bear,mammal,Bär,hat nur ein Junges
6950,s51,bear,mammal,Bär,hat große Pratzen
6951,s51,bear,mammal,Bär,hat große Tatzen
6952,s51,monkey,mammal,Affe,unser Vorfahre
6953,s51,monkey,mammal,Affe,viele Arten
6954,s51,monkey,mammal,Affe,hat Fell
6955,s51,monkey,mammal,Affe,groß
6956,s51,monkey,mammal,Affe,klein
6957,s51,monkey,mammal,Affe,lebt im Urwald
6958,s51,owl,bird,Eule,Symbol der Weisheit
6959,s51,owl,bird,Eule,Nachtlebewesen
6960,s51,owl,bird,Eule,Nachtlebewesen
6961,s51,owl,bird,Eule,Nachtvogel
6962,s51,owl,bird,Eule,Nachtvogel
6963,s51,owl,bird,Eule,große Augen die im Dunkeln sehen können
6964,s51,owl,bird,Eule,für einen Vogel eher groß
6965,s51,owl,bird,Eule,für einen Vogel eher dick
6966,s51,church,building,Kirche,Haus Gottes
6967,s51,church,building,Kirche,Versammlungsort der Christen
6968,s51,church,building,Kirche,Versammlungsort der Christen
6969,s51,church,building,Kirche,Beispiel von Kunst
6970,s51,church,building,Kirche,groß
6971,s51,church,building,Kirche,Haus
6972,s51,paintbrush,implement,Pinsel,damit malen
6973,s51,paintbrush,implement,Pinsel,vorher in Farbe eintauchen
6974,s51,paintbrush,implement,Pinsel,aus Teil
6975,s51,paintbrush,implement,Pinsel,aus Büschel aus Haaren
6976,s51,paintbrush,implement,Pinsel,lang
6977,s51,paintbrush,implement,Pinsel,dünn
6978,s51,cherry,fruit,Kirsche,rot
6979,s51,cherry,fruit,Kirsche,Obst
6980,s51,cherry,fruit,Kirsche,klein
6981,s51,cherry,fruit,Kirsche,rund
6982,s51,cherry,fruit,Kirsche,mit Kern im Inneren
6983,s51,cherry,fruit,Kirsche,wächst auf Bäumen
6984,s51,sweater,clothing,Pullover,Kleidungsstück
6985,s51,sweater,clothing,Pullover,aus Wolle
6986,s51,sweater,clothing,Pullover,hält warm
6987,s51,sweater,clothing,Pullover,darum nur im Winter getragen
6988,s51,sweater,clothing,Pullover,für den Oberkörper
6989,s51,pear,fruit,Birne,Obst
6990,s51,pear,fruit,Birne,schmeckt süß
6991,s51,pear,fruit,Birne,gelbbraun
6992,s51,pear,fruit,Birne,wächst auf Bäumen
6993,s51,tower,building,Turm,hoch
6994,s51,tower,building,Turm,Gebäude
6995,s51,tower,building,Turm,im Mittelalter zur Verteidigung
6996,s51,tower,building,Turm,im Mittelalter zur Verteidigung
6997,s51,tower,building,Turm,Teil der Stadtmauser
6998,s51,tower,building,Turm,aus Stein gebaut
6999,s51,dog,mammal,Hund,Säugetier
7000,s51,dog,mammal,Hund,bellt
7001,s51,dog,mammal,Hund,groß
7002,s51,dog,mammal,Hund,klein
7003,s51,dog,mammal,Hund,gefährlich
7004,s51,dog,mammal,Hund,sanft
7005,s51,dog,mammal,Hund,hat 4 Füße
7006,s51,dog,mammal,Hund,hat Fell
7007,s51,dog,mammal,Hund,Haustier
7008,s51,dog,mammal,Hund,Haustier
7009,s51,woodpecker,bird,Specht,Vogel
7010,s51,woodpecker,bird,Specht,lebt im Wald
7011,s51,woodpecker,bird,Specht,kommt nur selten vor
7012,s51,woodpecker,bird,Specht,pickt Löcher in den Baum um daraus Würmer zu holen
7013,s51,truck,vehicle,Lastwagen,groß
7014,s51,truck,vehicle,Lastwagen,Fahrzeug
7015,s51,truck,vehicle,Lastwagen,man liefert darin Dinge
7016,s51,truck,vehicle,Lastwagen,man liefert darin Lebensmittel
7017,s51,truck,vehicle,Lastwagen,man liefert darin Lebensmittel
7018,s51,truck,vehicle,Lastwagen,großes Auto
7019,s51,hand,bodypart,Hand,jeder Mensch hat 2
7020,s51,hand,bodypart,Hand,jede Hand hat 5
7021,s51,hand,bodypart,Hand,ohne Hände könnten wir vieles nicht machen
7022,s51,hand,bodypart,Hand,Körperteil
7023,s51,hand,bodypart,Hand,mit dem man schreibt
7024,s51,eye,bodypart,Auge,jeder Mensch hat 2
7025,s51,eye,bodypart,Auge,man sieht damit
7026,s51,eye,bodypart,Auge,sitzen im Kopf
7027,s51,eye,bodypart,Auge,sind Sinnesorgane
7028,s51,bed,furniture,Bett,man schläft darin
7029,s51,bed,furniture,Bett,aus Holz
7030,s51,bed,furniture,Bett,hat 4 Füße
7031,s51,seagull,bird,Möwe,ein Vogel
7032,s51,seagull,bird,Möwe,lebt in der Nähe das Meeres
7033,s51,seagull,bird,Möwe,macht komische Geräusche
7034,s51,seagull,bird,Möwe,groß
7035,s51,seagull,bird,Möwe,Vogel
7036,s52,armchair,furniture,Sessel,bequem
7037,s52,armchair,furniture,Sessel,mit Stoff belegt
7038,s52,armchair,furniture,Sessel,hat drei s und zwei e
7039,s52,armchair,furniture,Sessel,darin liegen
7040,s52,armchair,furniture,Sessel,gibt es bei Ikea
7041,s52,broom,implement,Besen,braucht man bei Arbeit
7042,s52,broom,implement,Besen,hat Borsten
7043,s52,broom,implement,Besen,gelb
7044,s52,broom,implement,Besen,zum Kehren
7045,s52,rabbit,mammal,Hase,gibt es zu Ostern
7046,s52,rabbit,mammal,Hase,versteckt Eier
7047,s52,rabbit,mammal,Hase,flauschig
7048,s52,rabbit,mammal,Hase,ein Haustier
7049,s52,rabbit,mammal,Hase,ein Haustier
7050,s52,chair,furniture,Stuhl,hat vier Beine
7051,s52,chair,furniture,Stuhl,beim Essen
7052,s52,chair,furniture,Stuhl,nicht sehr fein zu sitzen
7053,s52,chair,furniture,Stuhl,viereckig
7054,s52,chemise,clothing,Hemd,bei Arbeit anziehen
7055,s52,chemise,clothing,Hemd,nobel
7056,s52,chemise,clothing,Hemd,Gewand
7057,s52,chemise,clothing,Hemd,hat Knöpfe
7058,s52,chemise,clothing,Hemd,weiß
7059,s52,bus,vehicle,Bus,zur Schule fahren
7060,s52,bus,vehicle,Bus,hat viel Platz
7061,s52,bus,vehicle,Bus,öffentlicher Transport
7062,s52,bus,vehicle,Bus,öffentlicher Transport
7063,s52,bus,vehicle,Bus,heißt umgangssprachlich Sasa
7064,s52,bus,vehicle,Bus,orange
7065,s52,sword,implement,Schwert,zum Töten benutzen
7066,s52,sword,implement,Schwert,gab es im Mittelalter
7067,s52,sword,implement,Schwert,dort als Waffe
7068,s52,sword,implement,Schwert,hat große Klinge
7069,s52,horse,mammal,Pferd,kann man reiten
7070,s52,horse,mammal,Pferd,verschiedene Arten
7071,s52,horse,mammal,Pferd,Schimmel
7072,s52,horse,mammal,Pferd,benötigt Sattel
7073,s52,horse,mammal,Pferd,hat einen Pferdeschwanz
7074,s52,finger,bodypart,Finger,jeder Mensch hat normal 5
7075,s52,finger,bodypart,Finger,aus jedem Finger kommt ein Fingernagel
7076,s52,finger,bodypart,Finger,es gibt die Fingerknochen
7077,s52,finger,bodypart,Finger,vorne sind Fingernägel
7078,s52,bear,mammal,Bär,hat Pratzen
7079,s52,bear,mammal,Bär,gefährlich
7080,s52,bear,mammal,Bär,Eisbären
7081,s52,bear,mammal,Bär,Knut
7082,s52,bear,mammal,Bär,im Wald
7083,s52,monkey,mammal,Affe,kann klettern
7084,s52,monkey,mammal,Affe,Vorfahre von Menschen
7085,s52,monkey,mammal,Affe,gibt es nicht in Südtirol
7086,s52,monkey,mammal,Affe,eher intelligent
7087,s52,owl,bird,Eule,kann gut sehen bei Nacht
7088,s52,owl,bird,Eule,Symbol der Weisheit
7089,s52,owl,bird,Eule,auf griechischer Zwei-Euromünze abgebildet
7090,s52,owl,bird,Eule,lebt im Wald
7091,s52,owl,bird,Eule,ein Vogel
7092,s52,owl,bird,Eule,kann fliegen
7093,s52,church,building,Kirche,hat einen Kirchturm
7094,s52,church,building,Kirche,Gebetshaus für Christen
7095,s52,church,building,Kirche,Gebetshaus für Christen
7096,s52,church,building,Kirche,Gebetshaus für Christen
7097,s52,church,building,Kirche,wird Messe abgehalten
7098,s52,church,building,Kirche,viel in Südtirol
7099,s52,paintbrush,implement,Pinsel,braucht der Maler
7100,s52,paintbrush,implement,Pinsel,man trägt damit Farbe auf
7101,s52,paintbrush,implement,Pinsel,hat Borsten
7102,s52,paintbrush,implement,Pinsel,hat einen Stiel
7103,s52,cherry,fruit,Kirsche,ist gut
7104,s52,cherry,fruit,Kirsche,ist in Mon-Cheri
7105,s52,cherry,fruit,Kirsche,wächst auf Baum
7106,s52,cherry,fruit,Kirsche,hat rote Farbe
7107,s52,cherry,fruit,Kirsche,hat einen grünen Stengel
7108,s52,sweater,clothing,Pullover,verschiedene Farben
7109,s52,sweater,clothing,Pullover,bei H&M zu kaufen
7110,s52,sweater,clothing,Pullover,hält warm
7111,s52,sweater,clothing,Pullover,ist ein engl. Wort
7112,s52,pear,fruit,Birne,kann man essen
7113,s52,pear,fruit,Birne,hat Birnenform
7114,s52,pear,fruit,Birne,gelb
7115,s52,pear,fruit,Birne,ein Obst
7116,s52,tower,building,Turm,gibt es bei Kirche
7117,s52,tower,building,Turm,kann man viel sehen
7118,s52,tower,building,Turm,hoch
7119,s52,tower,building,Turm,gibt es Zubau für Haus
7120,s52,dog,mammal,Hund,braucht die Leine
7121,s52,dog,mammal,Hund,reimt sich auf rund
7122,s52,dog,mammal,Hund,reimt sich auf bunt
7123,s52,dog,mammal,Hund,ein Haustier
7124,s52,dog,mammal,Hund,ein Haustier
7125,s52,dog,mammal,Hund,ein Säugetier
7126,s52,dog,mammal,Hund,ein Säugetier
7127,s52,woodpecker,bird,Specht,ein Vogel
7128,s52,woodpecker,bird,Specht,bohrt Löcher in den Baum
7129,s52,woodpecker,bird,Specht,macht Klopfgeräusche
7130,s52,woodpecker,bird,Specht,reimt sich auf Hecht
7131,s52,truck,vehicle,Lastwagen,kürzt man mit LKW ab
7132,s52,truck,vehicle,Lastwagen,transportiert Waren
7133,s52,truck,vehicle,Lastwagen,transportiert Waren
7134,s52,truck,vehicle,Lastwagen,hat viele Räder
7135,s52,truck,vehicle,Lastwagen,ein Fahrzeug
7136,s52,hand,bodypart,Hand,hat Finger
7137,s52,hand,bodypart,Hand,jeder Mensch hat 2
7138,s52,hand,bodypart,Hand,dafür gibt es Handschuhe
7139,s52,hand,bodypart,Hand,ein Körperteil
7140,s52,eye,bodypart,Auge,ein Körperteil
7141,s52,eye,bodypart,Auge,jedes Tier hat 2
7142,s52,eye,bodypart,Auge,jedes Tier hat 2
7143,s52,eye,bodypart,Auge,zum Sehen
7144,s52,eye,bodypart,Auge,es gibt Augenlider
7145,s52,bed,furniture,Bett,darin schlafen
7146,s52,bed,furniture,Bett,Doppelbett
7147,s52,bed,furniture,Bett,Bettbezug
7148,s52,bed,furniture,Bett,hat vier Beine
7149,s52,seagull,bird,Möwe,ein Vogel
7150,s52,seagull,bird,Möwe,findet man am Meer
7151,s52,seagull,bird,Möwe,weiß
7152,s52,seagull,bird,Möwe,bei Findet Nemo
7153,s53,head,bodypart,Kopf,oberste Extremität des Körpers
7154,s53,head,bodypart,Kopf,rund
7155,s53,head,bodypart,Kopf,oval
7156,s53,head,bodypart,Kopf,Hinterkopf mit Haaren bedeckt
7157,s53,head,bodypart,Kopf,Oberkopf mit Haaren bedeckt
7158,s53,head,bodypart,Kopf,Nase befindet sich darauf
7159,s53,head,bodypart,Kopf,Ohren befinden sich darauf
7160,s53,head,bodypart,Kopf,Mund befindet sich darauf
7161,s53,airplane,vehicle,Flugzeug,motorbetrieben
7162,s53,airplane,vehicle,Flugzeug,fliegend
7163,s53,airplane,vehicle,Flugzeug,Vehikel
7164,s53,airplane,vehicle,Flugzeug,kann mehrere hundert Menschen transportieren
7165,s53,airplane,vehicle,Flugzeug,kann mehrere hundert Menschen transportieren
7166,s53,spinach,vegetable,Spinat,grün
7167,s53,spinach,vegetable,Spinat,20 cm groß
7168,s53,spinach,vegetable,Spinat,Blattgemüse
7169,s53,spinach,vegetable,Spinat,Blattgemüse
7170,s53,spinach,vegetable,Spinat,gesund
7171,s53,comb,implement,Kamm,zum Bürsten der Haare
7172,s53,comb,implement,Kamm,ca. 20 cm breit
7173,s53,comb,implement,Kamm,hat kleine Zacken die zum Trennen der Haare dienen
7174,s53,skyscraper,building,Wolkenkratzer,mehrstöckig
7175,s53,skyscraper,building,Wolkenkratzer,über 50 m hoch
7176,s53,skyscraper,building,Wolkenkratzer,Büros
7177,s53,skyscraper,building,Wolkenkratzer,Wohnungen
7178,s53,potato,vegetable,Kartoffel,braun
7179,s53,potato,vegetable,Kartoffel,gelb
7180,s53,potato,vegetable,Kartoffel,oval
7181,s53,potato,vegetable,Kartoffel,unförmig
7182,s53,potato,vegetable,Kartoffel,Gemüse
7183,s53,socks,clothing,Socken,Bekleidung der Füße
7184,s53,socks,clothing,Socken,Bekleidung der Füße
7185,s53,socks,clothing,Socken,zum Erwärmen der Zehen
7186,s53,socks,clothing,Socken,zum Schützen der Zehen
7187,s53,socks,clothing,Socken,aus Stoff
7188,s53,corn,vegetable,Mais,gelb
7189,s53,corn,vegetable,Mais,Gemüse
7190,s53,corn,vegetable,Mais,wachst auf einem Maiskolben
7191,s53,corn,vegetable,Mais,auf Plantagen gesetzt
7192,s53,orange,fruit,Orange,orange
7193,s53,orange,fruit,Orange,rund
7194,s53,orange,fruit,Orange,Frucht
7195,s53,orange,fruit,Orange,"zähe, bittere Hülle"
7196,s53,orange,fruit,Orange,kommt nur mehr in tropischen Ländern vor
7197,s53,jacket,clothing,Jacke,Bekleidungsstück
7198,s53,jacket,clothing,Jacke,für Rumpf des Körpers
7199,s53,jacket,clothing,Jacke,nur im Winter getragen
7200,s53,shoes,clothing,Schuhe,Schutz für Füße
7201,s53,shoes,clothing,Schuhe,Schutz für Füße
7202,s53,shoes,clothing,Schuhe,aus Leder
7203,s53,shoes,clothing,Schuhe,aus Kunststoff
7204,s53,onion,vegetable,Zwiebel,rund
7205,s53,onion,vegetable,Zwiebel,gelb-weiß
7206,s53,onion,vegetable,Zwiebel,Gemüse
7207,s53,onion,vegetable,Zwiebel,ihre Flüssigkeit erzeugt bei Kontakt mit Augen Tränen
7208,s53,goose,bird,Gans,Federtier
7209,s53,goose,bird,Gans,Federtier
7210,s53,goose,bird,Gans,Federtier
7211,s53,goose,bird,Gans,Federtier
7212,s53,goose,bird,Gans,Vogel
7213,s53,goose,bird,Gans,beliebte Speise
7214,s53,goose,bird,Gans,weiß
7215,s53,goose,bird,Gans,braun
7216,s53,peas,vegetable,Erbsen,Hülsenfrucht
7217,s53,peas,vegetable,Erbsen,grün
7218,s53,peas,vegetable,Erbsen,rund
7219,s53,peas,vegetable,Erbsen,eisenhaltig
7220,s53,ship,vehicle,Schiff,im Wasser schwimmend
7221,s53,ship,vehicle,Schiff,länglich
7222,s53,ship,vehicle,Schiff,Vehikel
7223,s53,ship,vehicle,Schiff,zum Transport von Waren
7224,s53,ship,vehicle,Schiff,zum Transport von Waren
7225,s53,ship,vehicle,Schiff,zum Transport von Menschen
7226,s53,ship,vehicle,Schiff,zum Transport von Menschen
7227,s53,ship,vehicle,Schiff,motorbetrieben
7228,s53,garage,building,Garage,Ort
7229,s53,garage,building,Garage,zum Parken von Kraftwagen
7230,s53,garage,building,Garage,unterirdisch
7231,s53,bridge,building,Brücke,Gestell
7232,s53,bridge,building,Brücke,zum Überqueren einer Schlucht
7233,s53,bridge,building,Brücke,zum Überqueren einer Schlucht
7234,s53,bridge,building,Brücke,zum Überqueren eines Flusses
7235,s53,bridge,building,Brücke,zum Überqueren eines Flusses
7236,s53,apple,fruit,Apfel,rund
7237,s53,apple,fruit,Apfel,rot-grün-gelb
7238,s53,apple,fruit,Apfel,Frucht
7239,s53,apple,fruit,Apfel,vitaminreich
7240,s53,apple,fruit,Apfel,hoher Prozentteil Wasser
7241,s53,closet,furniture,Schrank,hölzern
7242,s53,closet,furniture,Schrank,Gestell
7243,s53,closet,furniture,Schrank,zum Aufbewahren von Kleidungsstücken usw.
7244,s53,leg,bodypart,Bein,unterste Extremität des Körpers
7245,s53,leg,bodypart,Bein,Mensch hat zwei
7246,s53,leg,bodypart,Bein,zur Fortbewegung
7247,s53,table,furniture,Tisch,viereckig
7248,s53,table,furniture,Tisch,auf vier Beinen stehend
7249,s53,table,furniture,Tisch,Holzgestell
7250,s53,table,furniture,Tisch,Abstellplatz von Kucheninstrumenten
7251,s53,table,furniture,Tisch,darauf gegessen
7252,s53,tongs,implement,Zange,zwei Hebel
7253,s53,tongs,implement,Zange,zwei schneidende Spitzen
7254,s53,tongs,implement,Zange,durch Hebelwirkung Nägel aus Holz gezogen
7255,s53,tongs,implement,Zange,durch Hebelwirkung Nägel aus Holz gezogen
7256,s53,train,vehicle,Zug,öffentliches Verkehrsmittel
7257,s53,train,vehicle,Zug,öffentliches Verkehrsmittel
7258,s53,train,vehicle,Zug,auf Schienen
7259,s53,train,vehicle,Zug,für Personentransport
7260,s53,train,vehicle,Zug,für Personentransport
7261,s53,sparrow,bird,Spatz,klein
7262,s53,sparrow,bird,Spatz,Vogel
7263,s53,sparrow,bird,Spatz,Staubsauger der Stadt
7264,s53,pineapple,fruit,Ananas,oval
7265,s53,pineapple,fruit,Ananas,süß
7266,s53,pineapple,fruit,Ananas,Frucht
7267,s53,pineapple,fruit,Ananas,wächst auf Baum
7268,s53,pineapple,fruit,Ananas,nur in tropischen Ländern
7269,s54,broom,implement,Besen,Gerät
7270,s54,broom,implement,Besen,zum Wegkehren von Schmutz
7271,s54,broom,implement,Besen,besteht aus Stiel
7272,s54,broom,implement,Besen,und Borsten
7273,s54,broom,implement,Besen,Borsten am unteren Teil des Stiels befestigt
7274,s54,table,furniture,Tisch,besteht aus großem flachen Brett
7275,s54,table,furniture,Tisch,steht auf seinen Holzfüßen
7276,s54,table,furniture,Tisch,auf ihn können Dinge gestellt werden
7277,s54,tongs,implement,Zange,aus Eisen
7278,s54,tongs,implement,Zange,durch Hebelwirkung von 2 Stangen können Dinge durchgezwickt werden
7279,s54,tongs,implement,Zange,durch Hebelwirkung von 2 Stangen können Dinge durchgezwickt werden
7280,s54,goose,bird,Gans,Tier
7281,s54,goose,bird,Gans,weiß
7282,s54,goose,bird,Gans,gehört zu Vögeln
7283,s54,goose,bird,Gans,weiß
7284,s54,goose,bird,Gans,hat Flügel
7285,s54,goose,bird,Gans,hat einen orangenen Schnabel
7286,s54,monkey,mammal,Affe,Tier
7287,s54,monkey,mammal,Affe,gehört zu Primaten
7288,s54,monkey,mammal,Affe,Vorfahr des Menschen
7289,s54,monkey,mammal,Affe,den Menschen sehr ähnlich
7290,s54,monkey,mammal,Affe,ist nur behaarter
7291,s54,monkey,mammal,Affe,intelligent
7292,s54,monkey,mammal,Affe,Säugetier
7293,s54,bus,vehicle,Bus,Maschine
7294,s54,bus,vehicle,Bus,transportiert Menschen
7295,s54,bus,vehicle,Bus,transportiert Menschen
7296,s54,bus,vehicle,Bus,großes Auto
7297,s54,bus,vehicle,Bus,großes Auto
7298,s54,bus,vehicle,Bus,kann Gepäck transportieren
7299,s54,bus,vehicle,Bus,kann Gepäck transportieren
7300,s54,sparrow,bird,Spatz,klein
7301,s54,sparrow,bird,Spatz,Vogel
7302,s54,potato,vegetable,Kartoffel,ein Gemüse
7303,s54,potato,vegetable,Kartoffel,wächst unter der Erde
7304,s54,potato,vegetable,Kartoffel,umgangssprachlich Erdapfel
7305,s54,potato,vegetable,Kartoffel,Teil der K. der über der Erde wächst ist giftig
7306,s54,potato,vegetable,Kartoffel,untere Teil ist nur gekocht ungiftig
7307,s54,socks,clothing,Socken,Kleidungsstück
7308,s54,socks,clothing,Socken,Menschen zur Erwärmung anziehen
7309,s54,socks,clothing,Socken,Menschen zur Erwärmung anziehen
7310,s54,socks,clothing,Socken,damit man nicht schmutzig wird
7311,s54,woodpecker,bird,Specht,ein Vogel
7312,s54,woodpecker,bird,Specht,lebt im Wald
7313,s54,woodpecker,bird,Specht,sucht durch Klopfen Hohlräume im Baum dadurch leicht zu erkennen
7314,s54,shoes,clothing,Schuhe,ein Kleidungsstück
7315,s54,shoes,clothing,Schuhe,zieht der Mensch über den Socken an
7316,s54,shoes,clothing,Schuhe,schützen vor Kälte
7317,s54,shoes,clothing,Schuhe,schützen vor Nässe
7318,s54,shoes,clothing,Schuhe,schützen vor Verletzungen
7319,s54,shoes,clothing,Schuhe,aus Leder
7320,s54,hand,bodypart,Hand,Körperteil des Menschen
7321,s54,hand,bodypart,Hand,hat 5 Finger
7322,s54,hand,bodypart,Hand,zum Angreifen von Dingen
7323,s54,hand,bodypart,Hand,zum Fühlen von Dingen
7324,s54,hand,bodypart,Hand,am Ende des Arms
7325,s54,bear,mammal,Bär,groß
7326,s54,bear,mammal,Bär,Raubtier
7327,s54,bear,mammal,Bär,Raubtier
7328,s54,bear,mammal,Bär,lebt in Bergregionen
7329,s54,bear,mammal,Bär,lebt in Waldregionen
7330,s54,bear,mammal,Bär,am ganzen Körper behaart
7331,s54,owl,bird,Eule,ein Vogel
7332,s54,owl,bird,Eule,lebt im Wald
7333,s54,owl,bird,Eule,durch seine Uh-Uh Laute zu erkennen
7334,s54,owl,bird,Eule,sie kann ihren Kopf um über 180 Grad drehen
7335,s54,sweater,clothing,Pullover,ein Kleidungsstück
7336,s54,sweater,clothing,Pullover,zieht der Mensch über dem T-Shirt an
7337,s54,sweater,clothing,Pullover,zieht der Mensch über dem T-Shirt an
7338,s54,sweater,clothing,Pullover,dicker als das Shirt
7339,s54,sweater,clothing,Pullover,schützt vor Kälte
7340,s54,pear,fruit,Birne,Obst
7341,s54,pear,fruit,Birne,wächst auf einem Baum
7342,s54,pear,fruit,Birne,"Form, die der Zahl 8 ähnlich ist"
7343,s54,chemise,clothing,Hemd,ein Kleidungsstück des Menschen
7344,s54,chemise,clothing,Hemd,ein Kleidungsstück des Menschen
7345,s54,chemise,clothing,Hemd,im Gegensatz zum T-Shirt an der Vorderseite Knöpfe
7346,s54,head,bodypart,Kopf,Haupt jedes Lebewesens
7347,s54,head,bodypart,Kopf,Haupt jedes Lebewesens
7348,s54,head,bodypart,Kopf,an ihm sind Augen zu finden
7349,s54,head,bodypart,Kopf,an ihm sind Ohren zu finden
7350,s54,head,bodypart,Kopf,an ist Nase zu finden
7351,s54,head,bodypart,Kopf,im Kopf befindet sich das Hirn
7352,s54,spinach,vegetable,Spinat,grün
7353,s54,spinach,vegetable,Spinat,Gemüse
7354,s54,spinach,vegetable,Spinat,als Essensbeilage populär
7355,s54,chair,furniture,Stuhl,ein Möbel
7356,s54,chair,furniture,Stuhl,auf dem man sitzen kann
7357,s54,chair,furniture,Stuhl,aus Holz
7358,s54,chair,furniture,Stuhl,hat eine Lehne
7359,s54,chair,furniture,Stuhl,hat 4 Beine
7360,s54,chair,furniture,Stuhl,hat eine Sitzfläche
7361,s54,rabbit,mammal,Hase,ein Säugetier
7362,s54,rabbit,mammal,Hase,hat zwei lange Ohren
7363,s54,rabbit,mammal,Hase,hat am Hinterteil einen Schwanz
7364,s54,rabbit,mammal,Hase,grabt Tunnel in die Erde
7365,s54,airplane,vehicle,Flugzeug,eine Maschine
7366,s54,airplane,vehicle,Flugzeug,damit Menschen in der Luft transportiert
7367,s54,airplane,vehicle,Flugzeug,damit Menschen in der Luft transportiert
7368,s54,airplane,vehicle,Flugzeug,damit Menschen in der Luft transportiert
7369,s54,airplane,vehicle,Flugzeug,schnell und deshalb oft genützt
7370,s54,sword,implement,Schwert,eisern
7371,s54,sword,implement,Schwert,Gerät
7372,s54,sword,implement,Schwert,im Mittelalter benutzt
7373,s54,sword,implement,Schwert,um etwas zu verletzen
7374,s54,sword,implement,Schwert,um etwas zu zerschneiden
7375,s54,sword,implement,Schwert,um etwas zu töten
7376,s54,ship,vehicle,Schiff,eine Maschine
7377,s54,ship,vehicle,Schiff,aus Eisen
7378,s54,ship,vehicle,Schiff,transportiert Menschen auf dem Wasser
7379,s54,ship,vehicle,Schiff,transportiert Menschen auf dem Wasser
7380,s54,ship,vehicle,Schiff,transportiert Menschen auf dem Wasser
7381,s54,ship,vehicle,Schiff,im Inneren hohl
7382,s54,ship,vehicle,Schiff,kann schwimmen
7383,s54,onion,vegetable,Zwiebel,ein Gemüse
7384,s54,onion,vegetable,Zwiebel,wächst in der Erde
7385,s54,onion,vegetable,Zwiebel,beim Kochen verwendet
7386,s54,onion,vegetable,Zwiebel,von Schicht umgeben
7387,s54,onion,vegetable,Zwiebel,löst beim Auge Tränen aus
7388,s55,garage,building,Garage,Gebäude
7389,s55,garage,building,Garage,zum Parken des Autos
7390,s55,garage,building,Garage,liegt außerhalb des Hauses
7391,s55,garage,building,Garage,hat ein Tor zum Öffnen und Schließen
7392,s55,goose,bird,Gans,ein Tier
7393,s55,goose,bird,Gans,mit Federn
7394,s55,goose,bird,Gans,lebt im Wasser und lebt auf dem Land
7395,s55,goose,bird,Gans,lebt im Wasser und lebt auf dem Land
7396,s55,goose,bird,Gans,verschiedene Farben
7397,s55,goose,bird,Gans,hat einen Schnabel
7398,s55,goose,bird,Gans,hat einen langen Hals
7399,s55,armchair,furniture,Sessel,ein Möbelstück
7400,s55,armchair,furniture,Sessel,zum Sitzen
7401,s55,armchair,furniture,Sessel,besteht aus einer Lehne
7402,s55,armchair,furniture,Sessel,und Armlehnen
7403,s55,armchair,furniture,Sessel,gepolstert
7404,s55,armchair,furniture,Sessel,zum Ausruhen
7405,s55,armchair,furniture,Sessel,für Freizeitaktivitäten
7406,s55,sparrow,bird,Spatz,klein
7407,s55,sparrow,bird,Spatz,ein Vogel
7408,s55,sparrow,bird,Spatz,hat ein braunes Federkleid
7409,s55,sparrow,bird,Spatz,kein Zugvogel
7410,s55,shoes,clothing,Schuhe,Kleidungsstücke
7411,s55,shoes,clothing,Schuhe,für die Füße
7412,s55,shoes,clothing,Schuhe,zum Schutz
7413,s55,shoes,clothing,Schuhe,zur Wärme
7414,s55,shoes,clothing,Schuhe,man zieht sie ober den Socken an
7415,s55,shoes,clothing,Schuhe,für verschiedene Tätigkeiten verschiedene Arten
7416,s55,bed,furniture,Bett,Möbelstück
7417,s55,bed,furniture,Bett,zum Schlafen
7418,s55,bed,furniture,Bett,beinhaltet Matratze
7419,s55,bed,furniture,Bett,und Kopfkissen
7420,s55,bed,furniture,Bett,und Bettdecke
7421,s55,bed,furniture,Bett,steht auf einem Holzgestell
7422,s55,hand,bodypart,Hand,Körperteil des Menschen
7423,s55,hand,bodypart,Hand,zum Ertasten von Dingen
7424,s55,hand,bodypart,Hand,aus 5 Fingern
7425,s55,hand,bodypart,Hand,und Handfläche
7426,s55,ship,vehicle,Schiff,Fahrzeug
7427,s55,ship,vehicle,Schiff,auf dem Wasser
7428,s55,ship,vehicle,Schiff,mit Ruder angetrieben
7429,s55,ship,vehicle,Schiff,mit Schraube angetrieben
7430,s55,ship,vehicle,Schiff,zur Überfahrt auf See
7431,s55,ship,vehicle,Schiff,halbnussförmige Form
7432,s55,rabbit,mammal,Hase,klein
7433,s55,rabbit,mammal,Hase,Landtier
7434,s55,rabbit,mammal,Hase,lange Ohren
7435,s55,rabbit,mammal,Hase,verschiedene Fellfarben
7436,s55,rabbit,mammal,Hase,schnell
7437,s55,rabbit,mammal,Hase,gute Sprungkraft
7438,s55,paintbrush,implement,Pinsel,Instrument zum Malen
7439,s55,paintbrush,implement,Pinsel,Instrument zum Malen
7440,s55,paintbrush,implement,Pinsel,aus Haaren zum Auftragen der Farbe
7441,s55,paintbrush,implement,Pinsel,aus Steck zum Halten
7442,s55,paintbrush,implement,Pinsel,verschiedene Größen
7443,s55,leg,bodypart,Bein,Körperteil des Menschen
7444,s55,leg,bodypart,Bein,zur Fortbewegung
7445,s55,leg,bodypart,Bein,Oberschenkel
7446,s55,leg,bodypart,Bein,Unterschenkel
7447,s55,leg,bodypart,Bein,kräftiger Muskel
7448,s55,leg,bodypart,Bein,liegt unterhalb des Beckens
7449,s55,leg,bodypart,Bein,gibt zwei davon
7450,s55,socks,clothing,Socken,Kleidungsstück
7451,s55,socks,clothing,Socken,für die Füße
7452,s55,socks,clothing,Socken,aus Baumwolle
7453,s55,socks,clothing,Socken,zur Wärmung
7454,s55,socks,clothing,Socken,verschiedene Formen
7455,s55,socks,clothing,Socken,verschiedene Farben
7456,s55,socks,clothing,Socken,schützen Knöchel
7457,s55,church,building,Kirche,Gebäude für Christen
7458,s55,church,building,Kirche,Gebäude für Christen
7459,s55,church,building,Kirche,Ort
7460,s55,church,building,Kirche,zum Beten
7461,s55,church,building,Kirche,zum Beichten
7462,s55,church,building,Kirche,"hat Altar, wo Priester predigt"
7463,s55,church,building,Kirche,"hat Altar, wo Priester predigt"
7464,s55,church,building,Kirche,hat Kirchstühle fürs Volk
7465,s55,cherry,fruit,Kirsche,klein
7466,s55,cherry,fruit,Kirsche,rot
7467,s55,cherry,fruit,Kirsche,Frucht
7468,s55,cherry,fruit,Kirsche,Stängel
7469,s55,cherry,fruit,Kirsche,Frucht
7470,s55,cherry,fruit,Kirsche,hat einen Kern innendrin
7471,s55,cherry,fruit,Kirsche,wachsen im Frühjahr
7472,s55,cherry,fruit,Kirsche,wachsen auf Baum
7473,s55,chemise,clothing,Hemd,Kleidungsstück
7474,s55,chemise,clothing,Hemd,für Herren
7475,s55,chemise,clothing,Hemd,gilt als elegant
7476,s55,chemise,clothing,Hemd,hat einen Kragen
7477,s55,chemise,clothing,Hemd,hat vorne Knöpfe
7478,s55,chemise,clothing,Hemd,trägt man mit Krawatte
7479,s55,chemise,clothing,Hemd,verschiedene Farben
7480,s55,monkey,mammal,Affe,klein
7481,s55,monkey,mammal,Affe,exotisch
7482,s55,monkey,mammal,Affe,Tier
7483,s55,monkey,mammal,Affe,menschenähnlich
7484,s55,monkey,mammal,Affe,kann gut klettern
7485,s55,monkey,mammal,Affe,braunes Fell
7486,s55,monkey,mammal,Affe,"geht auf allen vieren, gebraucht aber bereits Hände"
7487,s55,monkey,mammal,Affe,hat einen Schwanz
7488,s55,truck,vehicle,Lastwagen,groß
7489,s55,truck,vehicle,Lastwagen,Fahrzeug
7490,s55,truck,vehicle,Lastwagen,zum Transport von Waren
7491,s55,truck,vehicle,Lastwagen,zum Transport von Waren
7492,s55,truck,vehicle,Lastwagen,hinter dem Fahrerteil große Lastenfläche
7493,s55,truck,vehicle,Lastwagen,dienen als Werbefläche
7494,s55,closet,furniture,Schrank,Möbelstück
7495,s55,closet,furniture,Schrank,aus Holz
7496,s55,closet,furniture,Schrank,aus Kunststoff
7497,s55,closet,furniture,Schrank,zum Verstauen von Dingen
7498,s55,closet,furniture,Schrank,zum Verstauen von Kleidung
7499,s55,closet,furniture,Schrank,hat einen Innenraum
7500,s55,closet,furniture,Schrank,hat Türen
7501,s55,closet,furniture,Schrank,hat Kästchen
7502,s55,chair,furniture,Stuhl,Möbelstück
7503,s55,chair,furniture,Stuhl,aus Holz
7504,s55,chair,furniture,Stuhl,zum Sitzen
7505,s55,chair,furniture,Stuhl,hat keine Armlehnen
7506,s55,chair,furniture,Stuhl,benutzt man um am Tisch Platz zu nehmen
7507,s55,corn,vegetable,Mais,Gemüse
7508,s55,corn,vegetable,Mais,gelb
7509,s55,corn,vegetable,Mais,wächst im Sommer
7510,s55,corn,vegetable,Mais,wächst auf grünen Pflanzen
7511,s55,corn,vegetable,Mais,oval
7512,s55,corn,vegetable,Mais,längliche Form
7513,s55,corn,vegetable,Mais,gelbe Körner darin
7514,s55,corn,vegetable,Mais,hat im Inneren einen härteren Kern
7515,s55,potato,vegetable,Kartoffel,Knollenwurzel
7516,s55,potato,vegetable,Kartoffel,wächst unter der Erde
7517,s55,potato,vegetable,Kartoffel,wichtig
7518,s55,potato,vegetable,Kartoffel,Nahrungsmittel
7519,s55,potato,vegetable,Kartoffel,braun-gelblich
7520,s55,potato,vegetable,Kartoffel,hat eine Schale
7521,s55,pineapple,fruit,Ananas,gelb
7522,s55,pineapple,fruit,Ananas,exotisch
7523,s55,pineapple,fruit,Ananas,"hat eine harte, zackige Schale"
7524,s55,pineapple,fruit,Ananas,süßsaures Fruchtfleisch
7525,s55,pineapple,fruit,Ananas,grüne zackige Blätter oberhalb der Frucht
7526,s55,eye,bodypart,Auge,Sinnesorgan des Menschen
7527,s55,eye,bodypart,Auge,zum Sehen von Dingen
7528,s55,eye,bodypart,Auge,zum Wahrnemen von Dingen
7529,s55,eye,bodypart,Auge,Wimpern schützen das Auge
7530,s55,eye,bodypart,Auge,besteht aus Iris
7531,s55,eye,bodypart,Auge,und Pupille
7532,s55,horse,mammal,Pferd,groß
7533,s55,horse,mammal,Pferd,Haustier
7534,s55,horse,mammal,Pferd,Haustier
7535,s55,horse,mammal,Pferd,domestiziert
7536,s55,horse,mammal,Pferd,zum Reiten ausgebildet
7537,s55,horse,mammal,Pferd,diente als Lasttier
7538,s55,horse,mammal,Pferd,diente als Lasttier
7539,s55,horse,mammal,Pferd,hat Schweif
7540,s55,horse,mammal,Pferd,hat Mähne
7541,s55,horse,mammal,Pferd,hat harte Hufe
7542,s55,horse,mammal,Pferd,menschenbezogen
7543,s55,horse,mammal,Pferd,in allen Farben
7544,s55,peas,vegetable,Erbsen,klein
7545,s55,peas,vegetable,Erbsen,grün
7546,s55,peas,vegetable,Erbsen,Gemüse
7547,s55,peas,vegetable,Erbsen,rundliche Form
7548,s55,peas,vegetable,Erbsen,wachsen in länglichen Hüllen
7549,s55,peas,vegetable,Erbsen,wachsen auf dem Boden
7550,s56,woodpecker,bird,Specht,ein Tier
7551,s56,woodpecker,bird,Specht,sitzt auf einem Baum
7552,s56,woodpecker,bird,Specht,klopft an einem Baum
7553,s56,woodpecker,bird,Specht,hat Flügel
7554,s56,woodpecker,bird,Specht,hat Federn
7555,s56,woodpecker,bird,Specht,macht Geräusche beim Klopfen
7556,s56,woodpecker,bird,Specht,lebt im Wald
7557,s56,skyscraper,building,Wolkenkratzer,hoch
7558,s56,skyscraper,building,Wolkenkratzer,ein Haus
7559,s56,skyscraper,building,Wolkenkratzer,in Großstädten
7560,s56,skyscraper,building,Wolkenkratzer,hat Fenster
7561,s56,skyscraper,building,Wolkenkratzer,hat Aufzug
7562,s56,skyscraper,building,Wolkenkratzer,hat Stockwerke
7563,s56,spinach,vegetable,Spinat,grün
7564,s56,spinach,vegetable,Spinat,Gemüse
7565,s56,spinach,vegetable,Spinat,wächst im Garten
7566,s56,spinach,vegetable,Spinat,"hat große, grüne Blätter"
7567,s56,spinach,vegetable,Spinat,gesund
7568,s56,apple,fruit,Apfel,ein Obst
7569,s56,apple,fruit,Apfel,schmeckt süßlich
7570,s56,apple,fruit,Apfel,schmeckt frisch
7571,s56,apple,fruit,Apfel,rot
7572,s56,apple,fruit,Apfel,grün
7573,s56,apple,fruit,Apfel,gelb
7574,s56,apple,fruit,Apfel,wächst jedes Jahr
7575,s56,comb,implement,Kamm,zum Glätten der Haare
7576,s56,comb,implement,Kamm,hat Borsten
7577,s56,comb,implement,Kamm,hat man zu Hause im Bad
7578,s56,comb,implement,Kamm,zum Entknoten der Haare
7579,s56,bear,mammal,Bär,groß
7580,s56,bear,mammal,Bär,ein Tier
7581,s56,bear,mammal,Bär,braunes Fell
7582,s56,bear,mammal,Bär,weißes Fell
7583,s56,bear,mammal,Bär,lebt in den Wäldern
7584,s56,bear,mammal,Bär,hat große Pratzen
7585,s56,bear,mammal,Bär,frisst Beeren
7586,s56,tongs,implement,Zange,Werkzeug
7587,s56,tongs,implement,Zange,benutzen Handwerker
7588,s56,tongs,implement,Zange,man klemmt damit etwas zusammen
7589,s56,tongs,implement,Zange,aus Eisen
7590,s56,tower,building,Turm,eine Erhöhung von einem Haus
7591,s56,tower,building,Turm,eine Erhöhung von einem Haus
7592,s56,tower,building,Turm,eine Erhöhung von einer Kirche
7593,s56,tower,building,Turm,eine Erhöhung von einer Kirche
7594,s56,tower,building,Turm,schmal
7595,s56,tower,building,Turm,groß
7596,s56,tower,building,Turm,bei Kirchen
7597,s56,tower,building,Turm,bei Schlössern
7598,s56,dog,mammal,Hund,ein Haustier
7599,s56,dog,mammal,Hund,ein Haustier
7600,s56,dog,mammal,Hund,hat ein Fell
7601,s56,dog,mammal,Hund,bellt
7602,s56,dog,mammal,Hund,verschiedene Größen
7603,s56,bridge,building,Brücke,verbindet eine Straße mit der anderen
7604,s56,bridge,building,Brücke,über Flüssen gebaut
7605,s56,bridge,building,Brücke,über Flüssen gebaut
7606,s56,bridge,building,Brücke,darüber gehen
7607,s56,bridge,building,Brücke,darüber fahren
7608,s56,airplane,vehicle,Flugzeug,ein Verkehrsmittel
7609,s56,airplane,vehicle,Flugzeug,mit dem man durch die Lüfte fliegt
7610,s56,airplane,vehicle,Flugzeug,mit dem man durch die Lüfte fliegt
7611,s56,airplane,vehicle,Flugzeug,riesengroß
7612,s56,airplane,vehicle,Flugzeug,fliegt über weite Strecken
7613,s56,airplane,vehicle,Flugzeug,hat viele Passagiere Platz
7614,s56,airplane,vehicle,Flugzeug,hat viele Passagiere Platz
7615,s56,train,vehicle,Zug,fährt auf Schienen
7616,s56,train,vehicle,Zug,auf einer vorbestimmten Strecke
7617,s56,train,vehicle,Zug,hat viel Passagiere Platz
7618,s56,train,vehicle,Zug,hat viel Passagiere Platz
7619,s56,train,vehicle,Zug,lang
7620,s56,train,vehicle,Zug,Verkehrsmittel
7621,s56,sword,implement,Schwert,scharf
7622,s56,sword,implement,Schwert,eine Waffe
7623,s56,sword,implement,Schwert,früher zum Kämpfen
7624,s56,sword,implement,Schwert,aus Eisen
7625,s56,sword,implement,Schwert,aus anderem Metall gefertigt
7626,s56,sword,implement,Schwert,schwer
7627,s56,sword,implement,Schwert,scharfe Kanten
7628,s56,broom,implement,Besen,zum Wegputzen von Dreck
7629,s56,broom,implement,Besen,zum Wegputzen von Staub
7630,s56,broom,implement,Besen,hat Borsten aus Stroh oder anderem Material
7631,s56,broom,implement,Besen,hat jeder zu Hause
7632,s56,seagull,bird,Möwe,gefiedert
7633,s56,seagull,bird,Möwe,Lebewesen
7634,s56,seagull,bird,Möwe,fliegt durch die Lüfte
7635,s56,seagull,bird,Möwe,über dem Meer
7636,s56,seagull,bird,Möwe,lebt im Schnem [Scharen?] von mehreren
7637,s56,seagull,bird,Möwe,weißes Federkleid
7638,s56,jacket,clothing,Jacke,zieht man sich über
7639,s56,jacket,clothing,Jacke,zum Schutz vor Kälte
7640,s56,jacket,clothing,Jacke,bedeckt den Oberkörper
7641,s56,jacket,clothing,Jacke,trägt man im Winter
7642,s56,jacket,clothing,Jacke,kaufen im Geschäft
7643,s56,bus,vehicle,Bus,Verkehrsmittel
7644,s56,bus,vehicle,Bus,von einem Ort zum nächsten transportiert
7645,s56,bus,vehicle,Bus,von einem Ort zum nächsten transportiert
7646,s56,bus,vehicle,Bus,man muss dafür bezahlen
7647,s56,bus,vehicle,Bus,"es gibt einen Busfahrer, der den Bus steuert"
7648,s56,head,bodypart,Kopf,oberster Teil des menschlichen Körpers
7649,s56,head,bodypart,Kopf,oberster Teil des menschlichen Körpers
7650,s56,head,bodypart,Kopf,"beinhaltet das Gehirn, mit dem der Mensch denkt"
7651,s56,head,bodypart,Kopf,bedeckt von Haaren
7652,s56,head,bodypart,Kopf,Augen dort
7653,s56,head,bodypart,Kopf,Nase dort
7654,s56,head,bodypart,Kopf,Mund dort
7655,s56,owl,bird,Eule,ein Vogel
7656,s56,owl,bird,Eule,nachtaktiv
7657,s56,owl,bird,Eule,dickes Fell
7658,s56,owl,bird,Eule,macht Geräusche: huhu
7659,s56,owl,bird,Eule,hat große Augen
7660,s56,owl,bird,Eule,an Finsternis angepasst
7661,s56,table,furniture,Tisch,Gestell
7662,s56,table,furniture,Tisch,aus Holz
7663,s56,table,furniture,Tisch,man isst darauf
7664,s56,table,furniture,Tisch,man schreibt darauf
7665,s56,table,furniture,Tisch,man sitzt auf Stühlen um den Tisch herum
7666,s56,table,furniture,Tisch,man sitzt auf Stühlen um den Tisch herum
7667,s56,pear,fruit,Birne,Obst
7668,s56,pear,fruit,Birne,wächst auf dem Baum
7669,s56,pear,fruit,Birne,umgekehrt Form einer Glühbirne
7670,s56,pear,fruit,Birne,gelb
7671,s56,pear,fruit,Birne,grün
7672,s56,pear,fruit,Birne,schmeckt süßlich
7673,s56,sweater,clothing,Pullover,trägt man am Oberkörper
7674,s56,sweater,clothing,Pullover,Schutz vor Kälte
7675,s56,sweater,clothing,Pullover,verschiedene Farben
7676,s56,sweater,clothing,Pullover,im Geschäft zu kaufen
7677,s56,orange,fruit,Orange,orange
7678,s56,orange,fruit,Orange,kugelförmig
7679,s56,orange,fruit,Orange,Obst
7680,s56,orange,fruit,Orange,in Zehen unterteilt
7681,s56,orange,fruit,Orange,"hat eine Schale, die man nicht essen kann"
7682,s56,orange,fruit,Orange,schmeckt süß
7683,s56,onion,vegetable,Zwiebel,ein Gemüse
7684,s56,onion,vegetable,Zwiebel,wächst im Garten
7685,s56,onion,vegetable,Zwiebel,zum Kochen
7686,s56,onion,vegetable,Zwiebel,"wenn man es schneidet, muss man weinen"
7687,s56,finger,bodypart,Finger,auf einer Hand 5
7688,s56,finger,bodypart,Finger,zum Ertasten von Dingen
7689,s56,finger,bodypart,Finger,zum Fühlen von Dingen
7690,s56,finger,bodypart,Finger,hat Fingernägel
7691,s56,finger,bodypart,Finger,Mensch hat insgesamt 10
7692,s57,socks,clothing,Socken,zieht man an den Füßen an
7693,s57,socks,clothing,Socken,aus Stoff gefertigt
7694,s57,socks,clothing,Socken,wärmt Zehen
7695,s57,socks,clothing,Socken,wärmt den Fuß
7696,s57,socks,clothing,Socken,wärmt bis ober die Füße
7697,s57,sweater,clothing,Pullover,Kleidungsstück
7698,s57,sweater,clothing,Pullover,vom Hals bis zur Gürtellinie
7699,s57,sweater,clothing,Pullover,aus Stoff gefertigt
7700,s57,sweater,clothing,Pullover,aus Wolle gefertigt
7701,s57,sweater,clothing,Pullover,Ärmel
7702,s57,sweater,clothing,Pullover,wärmt den Körper
7703,s57,sweater,clothing,Pullover,im Winter
7704,s57,bus,vehicle,Bus,öffentliches Verkehrsmittel
7705,s57,bus,vehicle,Bus,öffentliches Verkehrsmittel
7706,s57,bus,vehicle,Bus,befördert Personen
7707,s57,bus,vehicle,Bus,befördert Personen
7708,s57,bus,vehicle,Bus,Buslinien
7709,s57,bus,vehicle,Bus,Buszeiten
7710,s57,bus,vehicle,Bus,Linienbusse
7711,s57,comb,implement,Kamm,damit kämmt man Haare
7712,s57,comb,implement,Kamm,befreit Haare von Knoten
7713,s57,comb,implement,Kamm,"Zacken, so dass man durchs Haar fahren kann"
7714,s57,leg,bodypart,Bein,von der Hüfte bis zum Fuß
7715,s57,leg,bodypart,Bein,man läuft damit
7716,s57,leg,bodypart,Bein,aus Knochen
7717,s57,leg,bodypart,Bein,Muskel
7718,s57,leg,bodypart,Bein,Haut
7719,s57,leg,bodypart,Bein,Nerven
7720,s57,leg,bodypart,Bein,Oberschenkel
7721,s57,leg,bodypart,Bein,Knie
7722,s57,leg,bodypart,Bein,Unterschenkel
7723,s57,seagull,bird,Möwe,Vogel
7724,s57,seagull,bird,Möwe,grau/weiß
7725,s57,seagull,bird,Möwe,in Städten
7726,s57,seagull,bird,Möwe,ernährt sich von Körnern
7727,s57,seagull,bird,Möwe,ernährt sich von Brot
7728,s57,seagull,bird,Möwe,leben in Löchern der Mauern
7729,s57,skyscraper,building,Wolkenkratzer,Haus
7730,s57,skyscraper,building,Wolkenkratzer,mit Stockwerken
7731,s57,skyscraper,building,Wolkenkratzer,hoch
7732,s57,skyscraper,building,Wolkenkratzer,Gebäude
7733,s57,skyscraper,building,Wolkenkratzer,in großen Städten
7734,s57,skyscraper,building,Wolkenkratzer,Menschen leben darin
7735,s57,skyscraper,building,Wolkenkratzer,Menschen leben darin
7736,s57,skyscraper,building,Wolkenkratzer,Menschen arbeiten darin
7737,s57,skyscraper,building,Wolkenkratzer,Menschen arbeiten darin
7738,s57,table,furniture,Tisch,man schreibt darauf
7739,s57,table,furniture,Tisch,man isst darauf
7740,s57,table,furniture,Tisch,in jedem Haus
7741,s57,table,furniture,Tisch,vier stabile Beine
7742,s57,bridge,building,Brücke,verbindet zwei Enden
7743,s57,bridge,building,Brücke,verbindet zwei Straßen
7744,s57,bridge,building,Brücke,um etwas zu überbrücken
7745,s57,bridge,building,Brücke,verschiedene Arten
7746,s57,monkey,mammal,Affe,Tier
7747,s57,monkey,mammal,Affe,dem Menschen ähnlich
7748,s57,monkey,mammal,Affe,"kann nicht sprechen, aber sich mit Lauten verständigen"
7749,s57,monkey,mammal,Affe,"kann nicht sprechen, aber sich mit Lauten verständigen"
7750,s57,monkey,mammal,Affe,lebt auf Bäumen
7751,s57,train,vehicle,Zug,Verkehrsmittel
7752,s57,train,vehicle,Zug,auf Gleise
7753,s57,train,vehicle,Zug,Menschen befördern
7754,s57,train,vehicle,Zug,Menschen befördern
7755,s57,train,vehicle,Zug,Wagone
7756,s57,truck,vehicle,Lastwagen,groß
7757,s57,truck,vehicle,Lastwagen,Fahrzeug
7758,s57,truck,vehicle,Lastwagen,für Transport zuständig
7759,s57,truck,vehicle,Lastwagen,fährt auf der Straße
7760,s57,truck,vehicle,Lastwagen,bis zu 3 Meter hoch
7761,s57,truck,vehicle,Lastwagen,8 Räder
7762,s57,closet,furniture,Schrank,Möbelstück
7763,s57,closet,furniture,Schrank,Kleider dort aufbewahrt
7764,s57,closet,furniture,Schrank,Schuhe dort aufbewahrt
7765,s57,closet,furniture,Schrank,in jedem Haus
7766,s57,potato,vegetable,Kartoffel,Gemüse
7767,s57,potato,vegetable,Kartoffel,eine Wurzel
7768,s57,potato,vegetable,Kartoffel,wächst unter der Erde
7769,s57,potato,vegetable,Kartoffel,lange im Wasser kochen um genießbar zu sein
7770,s57,jacket,clothing,Jacke,über den Pullover angezogen
7771,s57,jacket,clothing,Jacke,hält warm
7772,s57,jacket,clothing,Jacke,im Winter
7773,s57,jacket,clothing,Jacke,wird in Räumen ausgezogen
7774,s57,spinach,vegetable,Spinat,grün
7775,s57,spinach,vegetable,Spinat,Gemüse
7776,s57,spinach,vegetable,Spinat,wächst im Sommer
7777,s57,spinach,vegetable,Spinat,muss gekocht werden
7778,s57,spinach,vegetable,Spinat,gesund
7779,s57,spinach,vegetable,Spinat,bei Kindern unbeliebt
7780,s57,spinach,vegetable,Spinat,"schaut aus wie grüner Salat, dunkler"
7781,s57,cherry,fruit,Kirsche,Obst
7782,s57,cherry,fruit,Kirsche,wächst auf Bäumen
7783,s57,cherry,fruit,Kirsche,ca. 2 cm^3 groß
7784,s57,cherry,fruit,Kirsche,rund
7785,s57,cherry,fruit,Kirsche,rot
7786,s57,cherry,fruit,Kirsche,süß
7787,s57,cherry,fruit,Kirsche,muss im Sommer vom Baum geholt werden
7788,s57,finger,bodypart,Finger,Enden der Hand
7789,s57,finger,bodypart,Finger,eine Hand hat 5 Finger
7790,s57,finger,bodypart,Finger,können unterschiedlich bewegt werden
7791,s57,finger,bodypart,Finger,hilft Dinge aufzuheben
7792,s57,goose,bird,Gans,Tier
7793,s57,goose,bird,Gans,mit weißen Federn
7794,s57,goose,bird,Gans,oranger Schnabel
7795,s57,goose,bird,Gans,Weihnachtsgans ist beliebt
7796,s57,goose,bird,Gans,leben in kleinen Gruppen
7797,s57,goose,bird,Gans,leben bei Teichen
7798,s57,woodpecker,bird,Specht,bohrt Löcher in Bäume
7799,s57,woodpecker,bird,Specht,Vogel
7800,s57,woodpecker,bird,Specht,lebt in nördlichen Wäldern
7801,s57,woodpecker,bird,Specht,rot/schwarzes/weißes Gefieder
7802,s57,woodpecker,bird,Specht,macht Klopfgeräusche
7803,s57,bear,mammal,Bär,Tier
7804,s57,bear,mammal,Bär,lebt in nördlichen Wäldern
7805,s57,bear,mammal,Bär,braunes Fell
7806,s57,bear,mammal,Bär,weißes Fell
7807,s57,bear,mammal,Bär,Fleischfresser
7808,s57,bear,mammal,Bär,aggressiv
7809,s57,bear,mammal,Bär,gefährlich für Menschen
7810,s57,ship,vehicle,Schiff,Verkehrsmittel
7811,s57,ship,vehicle,Schiff,auf dem Wasser
7812,s57,ship,vehicle,Schiff,befördert Menschen
7813,s57,ship,vehicle,Schiff,befördert Menschen
7814,s57,ship,vehicle,Schiff,befördert Güter
7815,s57,ship,vehicle,Schiff,befördert Güter
7816,s57,ship,vehicle,Schiff,für Fischfang zuständig
7817,s57,ship,vehicle,Schiff,schwimmt
7818,s57,ship,vehicle,Schiff,kann untergehen
7819,s57,airplane,vehicle,Flugzeug,Verkehrsmittel
7820,s57,airplane,vehicle,Flugzeug,in der Luft
7821,s57,airplane,vehicle,Flugzeug,Beförderungsmittel
7822,s57,airplane,vehicle,Flugzeug,Angriffsmaschine
7823,s57,airplane,vehicle,Flugzeug,Angriffsmaschine
7824,s57,airplane,vehicle,Flugzeug,fliegt mit Treibstoff
7825,s57,airplane,vehicle,Flugzeug,fliegt mit Auftriebskraft
7826,s57,orange,fruit,Orange,Obst
7827,s57,orange,fruit,Orange,wächst in südlichen Gebieten
7828,s57,orange,fruit,Orange,orange Schale
7829,s57,orange,fruit,Orange,weich
7830,s57,orange,fruit,Orange,kann mit Händen geschält werden
7831,s57,orange,fruit,Orange,süß
7832,s57,rabbit,mammal,Hase,Tier
7833,s57,rabbit,mammal,Hase,ernährt sich von Gräsern
7834,s57,rabbit,mammal,Hase,ernährt sich von Karotten
7835,s57,rabbit,mammal,Hase,kann als Haustier gehalten werden
7836,s57,rabbit,mammal,Hase,kann als Haustier gehalten werden
7837,s57,rabbit,mammal,Hase,kann verspeist werden
7838,s57,rabbit,mammal,Hase,Fell
7839,s58,pineapple,fruit,Ananas,eine Frucht
7840,s58,pineapple,fruit,Ananas,kann man essen
7841,s58,pineapple,fruit,Ananas,schmeckt süßlich
7842,s58,pineapple,fruit,Ananas,gelbe Farbe
7843,s58,sword,implement,Schwert,Kampfwaffe
7844,s58,sword,implement,Schwert,Kampfwaffe
7845,s58,sword,implement,Schwert,heute nicht mehr verwendet
7846,s58,sword,implement,Schwert,silbrig glänzend
7847,s58,sword,implement,Schwert,aus Metall
7848,s58,church,building,Kirche,Treffpunkt von Menschen
7849,s58,church,building,Kirche,ruhig
7850,s58,church,building,Kirche,Ort
7851,s58,church,building,Kirche,religiöses Zentrum
7852,s58,church,building,Kirche,religiöses Zentrum
7853,s58,church,building,Kirche,groß
7854,s58,church,building,Kirche,Gebäude
7855,s58,church,building,Kirche,mit 1 Turm
7856,s58,church,building,Kirche,geschmückt
7857,s58,church,building,Kirche,bemalt
7858,s58,armchair,furniture,Sessel,darauf sitzen
7859,s58,armchair,furniture,Sessel,soll bequem sein
7860,s58,armchair,furniture,Sessel,4-eckige Form
7861,s58,armchair,furniture,Sessel,verschiedene Farben
7862,s58,armchair,furniture,Sessel,von Menschen geschaffen
7863,s58,shoes,clothing,Schuhe,zum Anziehen
7864,s58,shoes,clothing,Schuhe,schützt vor Kälte
7865,s58,shoes,clothing,Schuhe,schützt vor Nässe
7866,s58,shoes,clothing,Schuhe,dient heute auch als Modestück
7867,s58,shoes,clothing,Schuhe,verschiedene Formen
7868,s58,shoes,clothing,Schuhe,verschiedene Farben
7869,s58,sparrow,bird,Spatz,ein Vogel
7870,s58,sparrow,bird,Spatz,klein
7871,s58,sparrow,bird,Spatz,sieht man auf Stromleitungen sitzen
7872,s58,sparrow,bird,Spatz,streiten um Brot
7873,s58,apple,fruit,Apfel,rund
7874,s58,apple,fruit,Apfel,mit Stengel
7875,s58,apple,fruit,Apfel,verschiedene Sorten
7876,s58,apple,fruit,Apfel,wächst auf Bäumen
7877,s58,apple,fruit,Apfel,kann man essen
7878,s58,apple,fruit,Apfel,Saft machen
7879,s58,peas,vegetable,Erbsen,klein
7880,s58,peas,vegetable,Erbsen,rund
7881,s58,peas,vegetable,Erbsen,grün
7882,s58,peas,vegetable,Erbsen,Hülsenfrucht
7883,s58,hand,bodypart,Hand,jeder Mensch hat 2
7884,s58,hand,bodypart,Hand,je 1 hat 5 Finger
7885,s58,hand,bodypart,Hand,sind 1 Körperteil
7886,s58,hand,bodypart,Hand,um zu arbeiten
7887,s58,tongs,implement,Zange,ein Werkzeug
7888,s58,tongs,implement,Zange,aus Metall
7889,s58,tongs,implement,Zange,widerstandsfähig
7890,s58,tongs,implement,Zange,silber
7891,s58,tongs,implement,Zange,grau
7892,s58,dog,mammal,Hund,ein Tier
7893,s58,dog,mammal,Hund,4 Beine
7894,s58,dog,mammal,Hund,1 Kopf
7895,s58,dog,mammal,Hund,behaart
7896,s58,dog,mammal,Hund,verschiedene Rassen
7897,s58,dog,mammal,Hund,Begleiter des Menschen
7898,s58,eye,bodypart,Auge,im Gesicht des Menschen
7899,s58,eye,bodypart,Auge,dadurch kann man sehen
7900,s58,eye,bodypart,Auge,hat runden Kreis im Inneren
7901,s58,eye,bodypart,Auge,man hat 2
7902,s58,corn,vegetable,Mais,Gemüse
7903,s58,corn,vegetable,Mais,gelb
7904,s58,corn,vegetable,Mais,klein
7905,s58,corn,vegetable,Mais,weich
7906,s58,corn,vegetable,Mais,4-eckige Form
7907,s58,corn,vegetable,Mais,ungleichmäßig
7908,s58,head,bodypart,Kopf,hat ein Mensch
7909,s58,head,bodypart,Kopf,ober dem Hals
7910,s58,head,bodypart,Kopf,rundliche From
7911,s58,head,bodypart,Kopf,darin befindet sich sein Gehirn
7912,s58,head,bodypart,Kopf,Haare darauf
7913,s58,tower,building,Turm,hoch
7914,s58,tower,building,Turm,Bauwerk
7915,s58,tower,building,Turm,rund
7916,s58,tower,building,Turm,aus Stein
7917,s58,chemise,clothing,Hemd,zum Anziehen
7918,s58,chemise,clothing,Hemd,bedeckt Bauch
7919,s58,chemise,clothing,Hemd,bedeckt Rücken
7920,s58,chemise,clothing,Hemd,bedeckt Arme
7921,s58,chemise,clothing,Hemd,in vielen Farben
7922,s58,chemise,clothing,Hemd,aus sanftem Stoff
7923,s58,chemise,clothing,Hemd,mit Mustern
7924,s58,chemise,clothing,Hemd,einfarbig
7925,s58,horse,mammal,Pferd,ein Tier
7926,s58,horse,mammal,Pferd,4 Beine
7927,s58,horse,mammal,Pferd,langer Hals
7928,s58,horse,mammal,Pferd,Schweif
7929,s58,horse,mammal,Pferd,Mähne
7930,s58,paintbrush,implement,Pinsel,zum Malen
7931,s58,paintbrush,implement,Pinsel,aus Borsten
7932,s58,paintbrush,implement,Pinsel,und Hals
7933,s58,paintbrush,implement,Pinsel,viele Größen
7934,s58,paintbrush,implement,Pinsel,halten Wasser slend[stand?]
7935,s58,owl,bird,Eule,Tier
7936,s58,owl,bird,Eule,große Augen
7937,s58,owl,bird,Eule,grau-weiße Federn
7938,s58,owl,bird,Eule,2 Krallen
7939,s58,owl,bird,Eule,spitze Schnabel
7940,s58,owl,bird,Eule,frisst Mäuse
7941,s58,garage,building,Garage,zum Parken für Fahrzeuge
7942,s58,garage,building,Garage,unterirdisch
7943,s58,garage,building,Garage,4-eckig
7944,s58,garage,building,Garage,ein Raum
7945,s58,garage,building,Garage,mit großer Tür wodurch ein Auto passt
7946,s58,broom,implement,Besen,1 langen Stiel aus Holz
7947,s58,broom,implement,Besen,viele Borsten am unteren Ende
7948,s58,broom,implement,Besen,zum Wegmachen von Dreck
7949,s58,broom,implement,Besen,verwendet man mit Kehrschaufel
7950,s58,onion,vegetable,Zwiebel,ein Gemüse
7951,s58,onion,vegetable,Zwiebel,man bekommt Mundgeruch davon
7952,s58,onion,vegetable,Zwiebel,verwendet man für Gerichte zum Geschmackgeben
7953,s58,onion,vegetable,Zwiebel,beim Aufschneiden kommen Tränen
7954,s58,pear,fruit,Birne,Frucht
7955,s58,pear,fruit,Birne,gelb
7956,s58,pear,fruit,Birne,mit einem kurzen Stengel
7957,s58,pear,fruit,Birne,"unten rundlich, oben geht sie zusammen"
7958,s58,pear,fruit,Birne,wachsen auf Bäumen
7959,s58,chair,furniture,Stuhl,zum draufsitzen
7960,s58,chair,furniture,Stuhl,ursprünglich aus Holz
7961,s58,chair,furniture,Stuhl,wird auf dünnen Stützen gehalten
7962,s58,chair,furniture,Stuhl,in jedem Gebäude
7963,s58,chair,furniture,Stuhl,bei jedem Tisch
7964,s58,bed,furniture,Bett,4 eckig
7965,s58,bed,furniture,Bett,Gestell
7966,s58,bed,furniture,Bett,mit Matratze drin
7967,s58,bed,furniture,Bett,Polster drauf
7968,s58,bed,furniture,Bett,Decke drauf
7969,s58,bed,furniture,Bett,Schlafplatz von Menschen
7970,s58,bed,furniture,Bett,Schlafplatz von Menschen
7971,s58,bed,furniture,Bett,gemütlich
7972,s58,bed,furniture,Bett,"so groß, dass 1 o. 2 Menschen Platz haben"
7973,s59,owl,bird,Eule,ein Lebewesen
7974,s59,owl,bird,Eule,Vogel
7975,s59,owl,bird,Eule,Säugetier
7976,s59,owl,bird,Eule,mit 2 Augen
7977,s59,owl,bird,Eule,mit Schnabel
7978,s59,owl,bird,Eule,voller Federn
7979,s59,pear,fruit,Birne,gelb
7980,s59,pear,fruit,Birne,grün
7981,s59,pear,fruit,Birne,rund
7982,s59,pear,fruit,Birne,oval
7983,s59,pear,fruit,Birne,Obst
7984,s59,pear,fruit,Birne,Frucht
7985,s59,pear,fruit,Birne,gesund
7986,s59,pear,fruit,Birne,zum Essen
7987,s59,pear,fruit,Birne,wächst auf Baum
7988,s59,eye,bodypart,Auge,Teil eines Lebewesens
7989,s59,eye,bodypart,Auge,zum Sehen da
7990,s59,eye,bodypart,Auge,ovale Schlitze
7991,s59,eye,bodypart,Auge,im Gesicht eines z.B. Menschen
7992,s59,truck,vehicle,Lastwagen,Fahrzeug
7993,s59,truck,vehicle,Lastwagen,dient der Fortbewegung
7994,s59,truck,vehicle,Lastwagen,dient dem Transport von Dingen
7995,s59,truck,vehicle,Lastwagen,hat Räder
7996,s59,truck,vehicle,Lastwagen,hat Motor
7997,s59,sweater,clothing,Pullover,Kleidungsstück
7998,s59,sweater,clothing,Pullover,bedeckt Körperteile
7999,s59,sweater,clothing,Pullover,bedeckt Rumpf
8000,s59,sweater,clothing,Pullover,bedeckt Arme
8001,s59,sweater,clothing,Pullover,hält warm
8002,s59,sweater,clothing,Pullover,aus Stoff gemacht
8003,s59,sweater,clothing,Pullover,verschiedene Formen
8004,s59,sweater,clothing,Pullover,verschiedene Farben
8005,s59,shoes,clothing,Schuhe,Kleidungsstück
8006,s59,shoes,clothing,Schuhe,schützt vor Kälte
8007,s59,shoes,clothing,Schuhe,schützt vor Steinen
8008,s59,shoes,clothing,Schuhe,aus diversen Materialien
8009,s59,shoes,clothing,Schuhe,aus Sohle
8010,s59,shoes,clothing,Schuhe,und Obersohle
8011,s59,broom,implement,Besen,zum Reinigen eines Raumes
8012,s59,broom,implement,Besen,aus Holz
8013,s59,broom,implement,Besen,aus Stiel
8014,s59,broom,implement,Besen,aus Schrubber
8015,s59,broom,implement,Besen,man fegt
8016,s59,broom,implement,Besen,man kehrt
8017,s59,broom,implement,Besen,indem man den Schrubber auf dem Boden hin und her schiebt
8018,s59,broom,implement,Besen,indem man den Schrubber auf dem Boden hin und her schiebt
8019,s59,broom,implement,Besen,indem man den Schrubber auf dem Boden hin und her schiebt
8020,s59,corn,vegetable,Mais,Nahrungsmittel
8021,s59,corn,vegetable,Mais,wächst auf Feld
8022,s59,corn,vegetable,Mais,wächst auf Kolben
8023,s59,corn,vegetable,Mais,gelb
8024,s59,corn,vegetable,Mais,klein
8025,s59,corn,vegetable,Mais,rundlich
8026,s59,corn,vegetable,Mais,gesund
8027,s59,potato,vegetable,Kartoffel,Gemüse
8028,s59,potato,vegetable,Kartoffel,gesund
8029,s59,potato,vegetable,Kartoffel,Nahrungsmittel
8030,s59,potato,vegetable,Kartoffel,auf Feld
8031,s59,potato,vegetable,Kartoffel,ist Knolle
8032,s59,potato,vegetable,Kartoffel,unter der Erde
8033,s59,potato,vegetable,Kartoffel,"erst genießbar, wenn gekocht"
8034,s59,potato,vegetable,Kartoffel,gelb
8035,s59,potato,vegetable,Kartoffel,rund-oval
8036,s59,spinach,vegetable,Spinat,Nahrungsmittel
8037,s59,spinach,vegetable,Spinat,Gemüse
8038,s59,spinach,vegetable,Spinat,grün
8039,s59,spinach,vegetable,Spinat,gesund
8040,s59,spinach,vegetable,Spinat,Blätter
8041,s59,spinach,vegetable,Spinat,"genießbar, wenn gekocht"
8042,s59,spinach,vegetable,Spinat,bitterer Geschmack
8043,s59,closet,furniture,Schrank,"Teil einer Einrichtung, Hauses"
8044,s59,closet,furniture,Schrank,"Teil einer Einrichtung, Hauses"
8045,s59,closet,furniture,Schrank,aus Holz
8046,s59,closet,furniture,Schrank,eckig
8047,s59,closet,furniture,Schrank,Türen
8048,s59,closet,furniture,Schrank,"dazu da, etwas aufzubewahren"
8049,s59,sparrow,bird,Spatz,Vogel
8050,s59,sparrow,bird,Spatz,Lebewesen
8051,s59,sparrow,bird,Spatz,Flugobjekt
8052,s59,sparrow,bird,Spatz,Federn
8053,s59,sparrow,bird,Spatz,Schnabel
8054,s59,armchair,furniture,Sessel,Möbelstück
8055,s59,armchair,furniture,Sessel,gepolstert
8056,s59,armchair,furniture,Sessel,Lehne
8057,s59,armchair,furniture,Sessel,Beine
8058,s59,bus,vehicle,Bus,Fortbewegungsmittel
8059,s59,bus,vehicle,Bus,Fortbewegungsmittel
8060,s59,bus,vehicle,Bus,hat Fahrer
8061,s59,bus,vehicle,Bus,transportiert Personen
8062,s59,bus,vehicle,Bus,transportiert Personen
8063,s59,bus,vehicle,Bus,hat Sitze
8064,s59,bus,vehicle,Bus,hat Motor
8065,s59,bus,vehicle,Bus,hat Räder
8066,s59,hand,bodypart,Hand,Teil eines Lebewesens
8067,s59,hand,bodypart,Hand,greifen
8068,s59,hand,bodypart,Hand,hat Finger mit Nägeln
8069,s59,hand,bodypart,Hand,haltet etwas
8070,s59,hand,bodypart,Hand,weitere diverse Funktionen
8071,s59,orange,fruit,Orange,Obst
8072,s59,orange,fruit,Orange,Nahrungsmittel
8073,s59,orange,fruit,Orange,wächst auf Bäumen
8074,s59,orange,fruit,Orange,orange
8075,s59,orange,fruit,Orange,hat Blätter
8076,s59,orange,fruit,Orange,gesund
8077,s59,horse,mammal,Pferd,Tier
8078,s59,horse,mammal,Pferd,Lebewesen
8079,s59,horse,mammal,Pferd,wiehert
8080,s59,horse,mammal,Pferd,vier Beine
8081,s59,horse,mammal,Pferd,Menschen benutzen es zum Reiten
8082,s59,horse,mammal,Pferd,Menschen benutzen es zum Reiten
8083,s59,seagull,bird,Möwe,Vogel
8084,s59,seagull,bird,Möwe,Lebewesen
8085,s59,seagull,bird,Möwe,am Meer
8086,s59,seagull,bird,Möwe,weiß
8087,s59,seagull,bird,Möwe,fliegt
8088,s59,seagull,bird,Möwe,Schnabel
8089,s59,airplane,vehicle,Flugzeug,fliegt
8090,s59,airplane,vehicle,Flugzeug,künstlich
8091,s59,airplane,vehicle,Flugzeug,transportiert Menschen
8092,s59,airplane,vehicle,Flugzeug,transportiert Menschen
8093,s59,airplane,vehicle,Flugzeug,benötigt Pilot
8094,s59,airplane,vehicle,Flugzeug,muss aerodynamisch gebaut sein
8095,s59,table,furniture,Tisch,Möbelstück
8096,s59,table,furniture,Tisch,aus Holz
8097,s59,table,furniture,Tisch,Tischplatte
8098,s59,table,furniture,Tisch,mit Tischbeinen
8099,s59,table,furniture,Tisch,darauf legt man Dinge
8100,s59,bear,mammal,Bär,Lebewesen
8101,s59,bear,mammal,Bär,gefährlich für andere Lebewesen
8102,s59,bear,mammal,Bär,groß
8103,s59,bear,mammal,Bär,braun
8104,s59,comb,implement,Kamm,zur Körperpflege
8105,s59,comb,implement,Kamm,zur Bändigung von Haaren
8106,s59,comb,implement,Kamm,Schönheitspflege
8107,s59,comb,implement,Kamm,Schönheitspflege
8108,s59,chemise,clothing,Hemd,Kleidungsstück
8109,s59,chemise,clothing,Hemd,bedeckt Körperteile
8110,s59,chemise,clothing,Hemd,Schutz vor Wärme
8111,s59,chemise,clothing,Hemd,verschiedene Farben
8112,s59,chemise,clothing,Hemd,verschiedene Formen
8113,s59,woodpecker,bird,Specht,Vogel
8114,s59,woodpecker,bird,Specht,Lebewesen
8115,s59,woodpecker,bird,Specht,lebt auf Bäumen
8116,s59,woodpecker,bird,Specht,klopft Löcher in Bäume
8117,s59,woodpecker,bird,Specht,hat Federn
8118,s59,cherry,fruit,Kirsche,Frucht
8119,s59,cherry,fruit,Kirsche,gesund
8120,s59,cherry,fruit,Kirsche,hat Kerne
8121,s59,cherry,fruit,Kirsche,bei Reife rot
8122,s59,cherry,fruit,Kirsche,wächst auf Bäumen
8123,s60,sword,implement,Schwert,eine Waffe
8124,s60,sword,implement,Schwert,bis zum Mittelalter benutzt
8125,s60,sword,implement,Schwert,hat scharfe Klinge
8126,s60,sword,implement,Schwert,aus Metall
8127,s60,chair,furniture,Stuhl,darauf setzen
8128,s60,chair,furniture,Stuhl,für 1 Menschen
8129,s60,chair,furniture,Stuhl,stehen bei einem Tisch
8130,s60,chair,furniture,Stuhl,aus Holz
8131,s60,chair,furniture,Stuhl,aus Metall
8132,s60,chair,furniture,Stuhl,aus Plastik
8133,s60,train,vehicle,Zug,transportiert Leute über eine weite Strecke
8134,s60,train,vehicle,Zug,transportiert Leute über eine weite Strecke
8135,s60,train,vehicle,Zug,transportiert Leute über eine weite Strecke
8136,s60,train,vehicle,Zug,transportiert Waren über eine weite Strecke
8137,s60,train,vehicle,Zug,transportiert Waren über eine weite Strecke
8138,s60,train,vehicle,Zug,transportiert Waren über eine weite Strecke
8139,s60,train,vehicle,Zug,fährt auf Schienen
8140,s60,train,vehicle,Zug,fährt mit Strom
8141,s60,train,vehicle,Zug,eine Lok
8142,s60,train,vehicle,Zug,mit Waggons hintendran
8143,s60,bridge,building,Brücke,Weg über ein Hindernis
8144,s60,bridge,building,Brücke,Weg über ein Abgrund
8145,s60,bridge,building,Brücke,Weg über ein Tal
8146,s60,bridge,building,Brücke,Weg über ein Fluss
8147,s60,bridge,building,Brücke,für Autos
8148,s60,bridge,building,Brücke,für Menschen
8149,s60,bridge,building,Brücke,für Räder
8150,s60,bridge,building,Brücke,für Züge
8151,s60,paintbrush,implement,Pinsel,"besteht aus Haaren, die mit einem Holzstab gebunden sind"
8152,s60,paintbrush,implement,Pinsel,"besteht aus Haaren, die mit einem Holzstab gebunden sind"
8153,s60,paintbrush,implement,Pinsel,"zum Malen, indem man ihn in Farbe tunkt"
8154,s60,paintbrush,implement,Pinsel,"zum Malen, indem man ihn in Farbe tunkt"
8155,s60,skyscraper,building,Wolkenkratzer,hoch
8156,s60,skyscraper,building,Wolkenkratzer,ein Gebäude
8157,s60,skyscraper,building,Wolkenkratzer,selten
8158,s60,skyscraper,building,Wolkenkratzer,nur in großen Städten
8159,s60,skyscraper,building,Wolkenkratzer,viele Leute haben darin Platz
8160,s60,skyscraper,building,Wolkenkratzer,viele Leute haben darin Platz
8161,s60,socks,clothing,Socken,wärmen die Füße
8162,s60,socks,clothing,Socken,aus Stoff
8163,s60,socks,clothing,Socken,in mehreren Farben
8164,s60,socks,clothing,Socken,in allen Größen
8165,s60,apple,fruit,Apfel,Nahrung
8166,s60,apple,fruit,Apfel,Obst
8167,s60,apple,fruit,Apfel,wächst auf Bäumen
8168,s60,apple,fruit,Apfel,rot
8169,s60,apple,fruit,Apfel,grün
8170,s60,apple,fruit,Apfel,rot-gelb
8171,s60,apple,fruit,Apfel,saftig
8172,s60,apple,fruit,Apfel,vitmainreich
8173,s60,apple,fruit,Apfel,so groß wie ein Baseball
8174,s60,pineapple,fruit,Ananas,tropische Frucht
8175,s60,pineapple,fruit,Ananas,tropische Frucht
8176,s60,pineapple,fruit,Ananas,tropische Frucht
8177,s60,pineapple,fruit,Ananas,tropische Frucht
8178,s60,pineapple,fruit,Ananas,Fruchtkörper gelb
8179,s60,pineapple,fruit,Ananas,Fruchtkörper saftig
8180,s60,pineapple,fruit,Ananas,oben grüne Blätter
8181,s60,pineapple,fruit,Ananas,braune Schale
8182,s60,pineapple,fruit,Ananas,wächst auf Bäumen
8183,s60,bed,furniture,Bett,drin schlafen Menschen in der Nacht
8184,s60,bed,furniture,Bett,drin schlafen Menschen in der Nacht
8185,s60,bed,furniture,Bett,drin schlafen Menschen in der Nacht
8186,s60,bed,furniture,Bett,weich
8187,s60,bed,furniture,Bett,warm
8188,s60,bed,furniture,Bett,1/2 Meter hoch
8189,s60,bed,furniture,Bett,rechteckig
8190,s60,bed,furniture,Bett,so lang wie der Mensch
8191,s60,bed,furniture,Bett,1 1/2 m breit
8192,s60,bed,furniture,Bett,aus Holz
8193,s60,leg,bodypart,Bein,menschlicher Fuß
8194,s60,leg,bodypart,Bein,zwei unteren Ausläufer des Menschen
8195,s60,tongs,implement,Zange,um Schraufen herauszuschraufen
8196,s60,tongs,implement,Zange,aus Metall
8197,s60,tongs,implement,Zange,"zwei Metallstäbe, die man zusammendrückt"
8198,s60,tongs,implement,Zange,"zwei Metallstäbe, die man zusammendrückt"
8199,s60,head,bodypart,Kopf,bei den Wirbeltieren über dem Hals
8200,s60,head,bodypart,Kopf,drin Augen
8201,s60,head,bodypart,Kopf,darin Mund
8202,s60,head,bodypart,Kopf,darin Ohren
8203,s60,head,bodypart,Kopf,darin Nase
8204,s60,head,bodypart,Kopf,darin Gehirn
8205,s60,peas,vegetable,Erbsen,Gemüse
8206,s60,peas,vegetable,Erbsen,grün
8207,s60,peas,vegetable,Erbsen,so groß Luftdruckbällchen
8208,s60,ship,vehicle,Schiff,schwimmt auf dem Wasser
8209,s60,ship,vehicle,Schiff,mit Menschen beladen
8210,s60,ship,vehicle,Schiff,mit Waren beladen
8211,s60,ship,vehicle,Schiff,aus Metall
8212,s60,ship,vehicle,Schiff,aus Holz
8213,s60,ship,vehicle,Schiff,große Walnussschalenhälfte
8214,s60,jacket,clothing,Jacke,Stück Stoff
8215,s60,jacket,clothing,Jacke,das Menschen anziehen
8216,s60,jacket,clothing,Jacke,um sich zu wärmen
8217,s60,jacket,clothing,Jacke,zwei Ärmel
8218,s60,jacket,clothing,Jacke,"so wie Pullover, nur dicker oder dünner"
8219,s60,jacket,clothing,Jacke,mit Reißverschluss
8220,s60,dog,mammal,Hund,bester Freund des Menschen
8221,s60,dog,mammal,Hund,Säugetier
8222,s60,dog,mammal,Hund,mit langen Haaren
8223,s60,dog,mammal,Hund,von Menschen gehalten
8224,s60,garage,building,Garage,Raum unter der Erde
8225,s60,garage,building,Garage,Raum unter der Erde
8226,s60,garage,building,Garage,wo man ein oder mehrere Fahrzeuge parkt
8227,s60,monkey,mammal,Affe,etwa 1 m groß
8228,s60,monkey,mammal,Affe,behaart
8229,s60,monkey,mammal,Affe,turnt auf Bäumen herum
8230,s60,monkey,mammal,Affe,menschenähnlich
8231,s60,monkey,mammal,Affe,intelligent
8232,s60,monkey,mammal,Affe,Tier
8233,s60,goose,bird,Gans,weiß
8234,s60,goose,bird,Gans,Tier
8235,s60,goose,bird,Gans,größer als Ente
8236,s60,goose,bird,Gans,kann man essen
8237,s60,goose,bird,Gans,Säugetier
8238,s60,goose,bird,Gans,findet man bei Seen
8239,s60,church,building,Kirche,groß
8240,s60,church,building,Kirche,Tempel
8241,s60,church,building,Kirche,schön verziert
8242,s60,church,building,Kirche,vorne ein Altar
8243,s60,church,building,Kirche,hinten Bänke
8244,s60,church,building,Kirche,Gläubige der Christen Treffpunkt
8245,s60,church,building,Kirche,Gläubige der Christen Treffpunkt
8246,s60,rabbit,mammal,Hase,klein
8247,s60,rabbit,mammal,Hase,Tier
8248,s60,rabbit,mammal,Hase,schnell
8249,s60,rabbit,mammal,Hase,braun
8250,s60,rabbit,mammal,Hase,weiß
8251,s60,rabbit,mammal,Hase,schwarz
8252,s60,rabbit,mammal,Hase,gefleckt
8253,s60,rabbit,mammal,Hase,Säugetier
8254,s60,onion,vegetable,Zwiebel,Gemüse
8255,s60,onion,vegetable,Zwiebel,baseballmäßig groß
8256,s60,onion,vegetable,Zwiebel,rot
8257,s60,onion,vegetable,Zwiebel,grün
8258,s60,onion,vegetable,Zwiebel,zum Würzen beim Essen benutzt
8259,s60,finger,bodypart,Finger,Menschen haben 10
8260,s60,finger,bodypart,Finger,unterschiedlich lang
8261,s60,finger,bodypart,Finger,dünn
8262,s60,finger,bodypart,Finger,ca. 5-10 cm
8263,s60,finger,bodypart,Finger,3 gelenkig
8264,s60,tower,building,Turm,hoch
8265,s60,tower,building,Turm,Aussichtsposten
8266,s60,tower,building,Turm,Aussichtsposten
8267,s60,tower,building,Turm,aus Holz
8268,s60,tower,building,Turm,aus Stein
8269,s61,horse,mammal,Pferd,eine Tierart
8270,s61,horse,mammal,Pferd,besitzt vier Beine
8271,s61,horse,mammal,Pferd,hat einen länglichen Oberkörper
8272,s61,horse,mammal,Pferd,hat einen länglichen Kopf
8273,s61,horse,mammal,Pferd,stützt sich gleichzeitig auf alle vier Beine
8274,s61,finger,bodypart,Finger,ein Teil des menschlichen Körpers
8275,s61,finger,bodypart,Finger,jeder Mensch besitzt 10
8276,s61,finger,bodypart,Finger,benutzt sie um Sachen zu ertasten
8277,s61,finger,bodypart,Finger,benutzt sie um in Sachen einzudringen
8278,s61,paintbrush,implement,Pinsel,aus einem harten länglichen Stiel
8279,s61,paintbrush,implement,Pinsel,und einem oberen Teil aus Kunststoffhaaren
8280,s61,paintbrush,implement,Pinsel,um zu malen
8281,s61,paintbrush,implement,Pinsel,wird in Farbe getunkt
8282,s61,onion,vegetable,Zwiebel,ein Gemüse
8283,s61,onion,vegetable,Zwiebel,aus mehreren Schichten
8284,s61,onion,vegetable,Zwiebel,weiß
8285,s61,onion,vegetable,Zwiebel,braun
8286,s61,onion,vegetable,Zwiebel,rötlich
8287,s61,onion,vegetable,Zwiebel,starker Geschmack
8288,s61,onion,vegetable,Zwiebel,löst Tränen aus
8289,s61,airplane,vehicle,Flugzeug,ein Fortbewegungsmittel
8290,s61,airplane,vehicle,Flugzeug,steigt hoch in die Lüfte
8291,s61,airplane,vehicle,Flugzeug,hat zwei Flügel
8292,s61,airplane,vehicle,Flugzeug,erreicht hohe Geschwindigkeiten
8293,s61,dog,mammal,Hund,kleiner als ein Pferd
8294,s61,dog,mammal,Hund,hat vier Beine auf die er sich fortbewegt
8295,s61,dog,mammal,Hund,ein Fleischfresser
8296,s61,dog,mammal,Hund,Haustier
8297,s61,dog,mammal,Hund,Haustier
8298,s61,dog,mammal,Hund,Tier
8299,s61,dog,mammal,Hund,lebt mit Menschen
8300,s61,shoes,clothing,Schuhe,tragen die heutigen Menschen an den Füßen
8301,s61,shoes,clothing,Schuhe,tragen die heutigen Menschen an den Füßen
8302,s61,shoes,clothing,Schuhe,um sich schneller fortzubewegen
8303,s61,shoes,clothing,Schuhe,um sich nicht zu verletzen
8304,s61,shoes,clothing,Schuhe,aus Schamgefühl
8305,s61,peas,vegetable,Erbsen,grün
8306,s61,peas,vegetable,Erbsen,Gemüse
8307,s61,peas,vegetable,Erbsen,klein
8308,s61,peas,vegetable,Erbsen,rund
8309,s61,peas,vegetable,Erbsen,"in einer Art länglicher Frucht, die man sprengen kann und aus der sie dann herausfallen"
8310,s61,owl,bird,Eule,ein Tier
8311,s61,owl,bird,Eule,kann Kopf ganz drehen
8312,s61,owl,bird,Eule,jagt in der Nacht
8313,s61,bear,mammal,Bär,bescheuerte Erfindung des Menschen
8314,s61,bear,mammal,Bär,eine Tierart
8315,s61,bear,mammal,Bär,wird gefürchtet
8316,s61,comb,implement,Kamm,bescheuerte Erfindung des Menschen
8317,s61,comb,implement,Kamm,um sich die Haare zu pflegen
8318,s61,comb,implement,Kamm,um das eigene Äußere aufzuwerten
8319,s61,comb,implement,Kamm,keine Notwendigkeit
8320,s61,comb,implement,Kamm,nicht essbar
8321,s61,pear,fruit,Birne,eine Frucht
8322,s61,pear,fruit,Birne,wächst auf Bäumen
8323,s61,pear,fruit,Birne,"wenn gut gereift, schmeckt sie süßlich"
8324,s61,pear,fruit,Birne,leicht zu kauen
8325,s61,pear,fruit,Birne,mit dünner Schale versehen
8326,s61,hand,bodypart,Hand,Teil des menschlichen Körpers
8327,s61,hand,bodypart,Hand,Mensch besitzt 2
8328,s61,hand,bodypart,Hand,dank ihnen Dinge anfassen
8329,s61,hand,bodypart,Hand,Dinge aufheben
8330,s61,hand,bodypart,Hand,Dinge zudrücken
8331,s61,hand,bodypart,Hand,nützlich
8332,s61,sparrow,bird,Spatz,eine Tierart
8333,s61,sparrow,bird,Spatz,mit zwei Flügeln
8334,s61,sparrow,bird,Spatz,mit Federn
8335,s61,sparrow,bird,Spatz,mit einem Schnabel
8336,s61,sword,implement,Schwert,bescheuerte Erfindung des Menschen
8337,s61,sword,implement,Schwert,Sachen zerschneiden
8338,s61,sword,implement,Schwert,Menschen zerschneiden
8339,s61,sword,implement,Schwert,kann zweideutig aufgefasst werden
8340,s61,leg,bodypart,Bein,Teil des menschlichen Körpers
8341,s61,leg,bodypart,Bein,um sich fortzubewegen
8342,s61,leg,bodypart,Bein,Mensch hat 2
8343,s61,leg,bodypart,Bein,aus Muskeln
8344,s61,leg,bodypart,Bein,Gelenke
8345,s61,armchair,furniture,Sessel,nützlich
8346,s61,armchair,furniture,Sessel,Erfindung des Menschen
8347,s61,armchair,furniture,Sessel,um sich darauf zu setzen
8348,s61,armchair,furniture,Sessel,besteht deswegen aus feinem Stoff
8349,s61,tower,building,Turm,hoch
8350,s61,tower,building,Turm,Gebilde
8351,s61,tower,building,Turm,aus Stein
8352,s61,tower,building,Turm,aus anderem standhaften Material
8353,s61,tower,building,Turm,als Ausguck verwendet
8354,s61,tower,building,Turm,um Gebäude zu schmücken
8355,s61,woodpecker,bird,Specht,eine Tierart
8356,s61,woodpecker,bird,Specht,Gattung Vogel
8357,s61,sweater,clothing,Pullover,Kleidungsstück
8358,s61,sweater,clothing,Pullover,flauschig
8359,s61,sweater,clothing,Pullover,warm
8360,s61,sweater,clothing,Pullover,?leider ist auch Ausschnitt oder Farbe rilevant
8361,s61,sweater,clothing,Pullover,?leider ist auch Ausschnitt oder Farbe rilevant
8362,s61,sweater,clothing,Pullover,um Körperteile zu betonen
8363,s61,bed,furniture,Bett,ich will ins Bett mit Florian
8364,s61,train,vehicle,Zug,Fortbewegungsmittel
8365,s61,train,vehicle,Zug,vom Menschen kreiert
8366,s61,train,vehicle,Zug,kann hohe Geschwindigkeiten erreichen
8367,s61,train,vehicle,Zug,bewegt sich auf Gleisen fort (längliche Metallschienen)
8368,s61,chemise,clothing,Hemd,Kleidungsstück
8369,s61,chemise,clothing,Hemd,benutzt der Mensch
8370,s61,chemise,clothing,Hemd,um sich den Oberkörper zu bedecken
8371,s61,ship,vehicle,Schiff,Fortbewegungsmittel
8372,s61,ship,vehicle,Schiff,vom Menschen erfunden
8373,s61,ship,vehicle,Schiff,um Güter über das Wasser zu transportieren
8374,s61,ship,vehicle,Schiff,um Güter über das Wasser zu transportieren
8375,s61,ship,vehicle,Schiff,um Güter über das Wasser zu transportieren
8376,s61,ship,vehicle,Schiff,um Menschen über das Wasser zu transportieren
8377,s61,ship,vehicle,Schiff,um Menschen über das Wasser zu transportieren
8378,s61,ship,vehicle,Schiff,um Menschen über das Wasser zu transportieren
8379,s61,monkey,mammal,Affe,ein Lebewesen
8380,s61,monkey,mammal,Affe,findet seinen Lebensraum auf Bäumen
8381,s61,monkey,mammal,Affe,mehrere Arten
8382,s62,broom,implement,Besen,zum Putzen
8383,s62,broom,implement,Besen,hat einen Stiel
8384,s62,broom,implement,Besen,vorne eine Bürste
8385,s62,broom,implement,Besen,zum Wegschaben des Drecks
8386,s62,broom,implement,Besen,in jedem Haushalt
8387,s62,bridge,building,Brücke,Übergang über einen Fluss
8388,s62,bridge,building,Brücke,aus Holz
8389,s62,bridge,building,Brücke,aus Stein
8390,s62,bridge,building,Brücke,zum Gelangen auf die andere Seite
8391,s62,church,building,Kirche,heilig
8392,s62,church,building,Kirche,Ort
8393,s62,church,building,Kirche,man geht hin um zu beten
8394,s62,church,building,Kirche,verschiedene
8395,s62,church,building,Kirche,christliche
8396,s62,church,building,Kirche,orthodoxe
8397,s62,church,building,Kirche,Gebäude
8398,s62,church,building,Kirche,mit Turm
8399,s62,church,building,Kirche,mit Glasfenstern
8400,s62,bus,vehicle,Bus,öffentliches Verkehrsmittel
8401,s62,bus,vehicle,Bus,öffentliches Verkehrsmittel
8402,s62,bus,vehicle,Bus,bei uns in der Stadt orange
8403,s62,bus,vehicle,Bus,Stadtbusse
8404,s62,bus,vehicle,Bus,Busse die größere Reisen unternehmen
8405,s62,bus,vehicle,Bus,haben viele Leute Platz
8406,s62,bus,vehicle,Bus,haben viele Leute Platz
8407,s62,bus,vehicle,Bus,Doppeldecker
8408,s62,orange,fruit,Orange,Obstart
8409,s62,orange,fruit,Orange,hat eine dicke Schale
8410,s62,orange,fruit,Orange,aus mehreren Zehen
8411,s62,orange,fruit,Orange,Kerne
8412,s62,orange,fruit,Orange,schmeckt sauer
8413,s62,eye,bodypart,Auge,im Gesicht
8414,s62,eye,bodypart,Auge,immer zwei
8415,s62,eye,bodypart,Auge,Sinnesorgan
8416,s62,eye,bodypart,Auge,man sieht damit
8417,s62,eye,bodypart,Auge,Umgebung wahrnehmen
8418,s62,eye,bodypart,Auge,hat Regenbogenhaut (gefärbt)
8419,s62,eye,bodypart,Auge,hat Wimpern zum Schutz
8420,s62,cherry,fruit,Kirsche,Obstart
8421,s62,cherry,fruit,Kirsche,rot
8422,s62,cherry,fruit,Kirsche,auf Baum
8423,s62,cherry,fruit,Kirsche,rund
8424,s62,cherry,fruit,Kirsche,mit Kern
8425,s62,cherry,fruit,Kirsche,schmecken süß
8426,s62,cherry,fruit,Kirsche,als Zwillingspaar
8427,s62,chair,furniture,Stuhl,zum Sitzen
8428,s62,chair,furniture,Stuhl,aus Holz
8429,s62,chair,furniture,Stuhl,vier Beine
8430,s62,chair,furniture,Stuhl,eine Lehne zum anlehnen
8431,s62,chair,furniture,Stuhl,stehen um den Tisch
8432,s62,chair,furniture,Stuhl,zum rasten
8433,s62,skyscraper,building,Wolkenkratzer,hoch
8434,s62,skyscraper,building,Wolkenkratzer,Haus
8435,s62,skyscraper,building,Wolkenkratzer,viel Stöcke
8436,s62,skyscraper,building,Wolkenkratzer,für Büros errichtet
8437,s62,skyscraper,building,Wolkenkratzer,"heißen so, weil sie die Wolken kratzen"
8438,s62,skyscraper,building,Wolkenkratzer,mit Aufzug ausgerüstet
8439,s62,rabbit,mammal,Hase,Tier
8440,s62,rabbit,mammal,Hase,hat zwei Ohren
8441,s62,rabbit,mammal,Hase,läuft auf allen vier Beinen
8442,s62,rabbit,mammal,Hase,hoppelt über/durch die Wiese
8443,s62,rabbit,mammal,Hase,Feldhase lebt auf Feld
8444,s62,truck,vehicle,Lastwagen,Fahrzeug
8445,s62,truck,vehicle,Lastwagen,vorne drei Sitzplätze
8446,s62,truck,vehicle,Lastwagen,hinten lädt man Last auf
8447,s62,truck,vehicle,Lastwagen,auf Autobahn
8448,s62,truck,vehicle,Lastwagen,transportieren Waren
8449,s62,truck,vehicle,Lastwagen,transportieren Waren
8450,s62,spinach,vegetable,Spinat,Gemüse
8451,s62,spinach,vegetable,Spinat,grün
8452,s62,spinach,vegetable,Spinat,macht stark
8453,s62,spinach,vegetable,Spinat,als Beilage
8454,s62,spinach,vegetable,Spinat,isst man nachdem es gekocht wurde
8455,s62,head,bodypart,Kopf,Körperteil
8456,s62,head,bodypart,Kopf,sitzt auf dem Hals
8457,s62,head,bodypart,Kopf,darauf befinden sich Augen
8458,s62,head,bodypart,Kopf,darauf befindet sich Mund
8459,s62,head,bodypart,Kopf,mit dem Kopf denkt man
8460,s62,head,bodypart,Kopf,Gehirn ist drin
8461,s62,apple,fruit,Apfel,Obstart
8462,s62,apple,fruit,Apfel,rund
8463,s62,apple,fruit,Apfel,hat Stängel
8464,s62,apple,fruit,Apfel,knackig
8465,s62,apple,fruit,Apfel,saftig
8466,s62,apple,fruit,Apfel,verschiedene Arten
8467,s62,apple,fruit,Apfel,grün
8468,s62,apple,fruit,Apfel,rot
8469,s62,goose,bird,Gans,Tierart
8470,s62,goose,bird,Gans,weiß
8471,s62,goose,bird,Gans,Schnabel
8472,s62,goose,bird,Gans,zwei Schwimmfüße
8473,s62,goose,bird,Gans,lebt am Wasser
8474,s62,potato,vegetable,Kartoffel,Gemüse
8475,s62,potato,vegetable,Kartoffel,rund
8476,s62,potato,vegetable,Kartoffel,oval
8477,s62,potato,vegetable,Kartoffel,isst man nachdem man es gekocht hat
8478,s62,potato,vegetable,Kartoffel,gesund
8479,s62,potato,vegetable,Kartoffel,Schale
8480,s62,seagull,bird,Möwe,Vogel
8481,s62,seagull,bird,Möwe,weiß
8482,s62,seagull,bird,Möwe,auf Gardasee
8483,s62,seagull,bird,Möwe,orangenen Schnabel
8484,s62,seagull,bird,Möwe,groß
8485,s62,seagull,bird,Möwe,können schwimmen
8486,s62,corn,vegetable,Mais,Maiskolben
8487,s62,corn,vegetable,Mais,kleine Maiskörner
8488,s62,corn,vegetable,Mais,kleine Maiskörner
8489,s62,corn,vegetable,Mais,wächst auf Feld
8490,s62,corn,vegetable,Mais,ähnlich wie Schilf
8491,s62,corn,vegetable,Mais,gesund
8492,s62,corn,vegetable,Mais,zuerst kochen
8493,s62,garage,building,Garage,Ort
8494,s62,garage,building,Garage,wo man Auto parkt
8495,s62,garage,building,Garage,auch Abstellort
8496,s62,garage,building,Garage,auch Abstellort
8497,s62,garage,building,Garage,im Erdgeschoss
8498,s62,garage,building,Garage,Parkhaus: viele Garagen
8499,s62,tongs,implement,Zange,Werkzeug
8500,s62,tongs,implement,Zange,um Sachen herauszuziehen
8501,s62,tongs,implement,Zange,benutzt man mit der Hand
8502,s62,closet,furniture,Schrank,Möbelstück
8503,s62,closet,furniture,Schrank,Ort
8504,s62,closet,furniture,Schrank,wo man Kleider verstaut
8505,s62,closet,furniture,Schrank,steht im Schlafzimmer
8506,s62,jacket,clothing,Jacke,Kleidungsstück
8507,s62,jacket,clothing,Jacke,hält warm
8508,s62,jacket,clothing,Jacke,"zieht man an, wenn man ins Freie geht"
8509,s62,table,furniture,Tisch,Möbelstück
8510,s62,table,furniture,Tisch,vier Beine
8511,s62,table,furniture,Tisch,man isst drauf
8512,s62,table,furniture,Tisch,aus Holz
8513,s62,table,furniture,Tisch,rundherum stehen Stühle
8514,s62,pineapple,fruit,Ananas,Obst
8515,s62,pineapple,fruit,Ananas,hat Schale
8516,s62,pineapple,fruit,Ananas,Schale schneidet man weg
8517,s62,pineapple,fruit,Ananas,gesund
8518,s62,pineapple,fruit,Ananas,gelbes Fruchtfleisch
8519,s62,pineapple,fruit,Ananas,wächst in wärmeren Ländern
8520,s62,socks,clothing,Socken,zum Überziehen der Füße
8521,s62,socks,clothing,Socken,zum Warmhalten
8522,s62,socks,clothing,Socken,Kleidungsstück
8523,s62,socks,clothing,Socken,darüber zieht man Schuhe an
8524,s63,pineapple,fruit,Ananas,gut
8525,s63,pineapple,fruit,Ananas,hat Vitamine
8526,s63,pineapple,fruit,Ananas,exotisch
8527,s63,pineapple,fruit,Ananas,Frucht
8528,s63,pineapple,fruit,Ananas,versch. Größe
8529,s63,onion,vegetable,Zwiebel,ein Gemüse
8530,s63,onion,vegetable,Zwiebel,beim Schneiden der Zwiebel kommen die Tränen
8531,s63,onion,vegetable,Zwiebel,weiß
8532,s63,onion,vegetable,Zwiebel,mag ich nicht im Kebab
8533,s63,armchair,furniture,Sessel,bequem
8534,s63,armchair,furniture,Sessel,mit Stoff belegt
8535,s63,armchair,furniture,Sessel,bekommt man im Möbelgeschäft
8536,s63,armchair,furniture,Sessel,bekommt man im Möbelgeschäft
8537,s63,armchair,furniture,Sessel,im Wohnzimmer
8538,s63,goose,bird,Gans,ein Tier
8539,s63,goose,bird,Gans,weiß
8540,s63,goose,bird,Gans,Abbild der Schönheit
8541,s63,goose,bird,Gans,hat 2 Füße
8542,s63,train,vehicle,Zug,fährt auf Gleise
8543,s63,train,vehicle,Zug,in unterschiedlichen Größen
8544,s63,train,vehicle,Zug,besteht aus mehreren Wagonen
8545,s63,train,vehicle,Zug,zur Schule fahren
8546,s63,bear,mammal,Bär,hat ein dickes Fell
8547,s63,bear,mammal,Bär,viele Arten
8548,s63,bear,mammal,Bär,Fleischesser
8549,s63,bear,mammal,Bär,hat große Pratzen
8550,s63,bear,mammal,Bär,hat großen Kopf
8551,s63,spinach,vegetable,Spinat,Popeye
8552,s63,spinach,vegetable,Spinat,enthält Vitamine
8553,s63,spinach,vegetable,Spinat,von Kindern nicht gegessen
8554,s63,spinach,vegetable,Spinat,grün
8555,s63,broom,implement,Besen,hat einen Stiel
8556,s63,broom,implement,Besen,sauber machen
8557,s63,broom,implement,Besen,aus vielen Borsten
8558,s63,broom,implement,Besen,ist gelb
8559,s63,dog,mammal,Hund,Bewacher
8560,s63,dog,mammal,Hund,Menschen bester Freund
8561,s63,dog,mammal,Hund,Haustier
8562,s63,dog,mammal,Hund,Haustier
8563,s63,dog,mammal,Hund,braucht eine Leine
8564,s63,ship,vehicle,Schiff,schwimmt auf Wasser
8565,s63,ship,vehicle,Schiff,zur Fortbewegung
8566,s63,ship,vehicle,Schiff,teuer
8567,s63,ship,vehicle,Schiff,gibt es schon lange
8568,s63,cherry,fruit,Kirsche,rot
8569,s63,cherry,fruit,Kirsche,Frucht
8570,s63,cherry,fruit,Kirsche,hat einen Kern
8571,s63,cherry,fruit,Kirsche,eine Frucht
8572,s63,cherry,fruit,Kirsche,gut
8573,s63,sword,implement,Schwert,gefährlich
8574,s63,sword,implement,Schwert,hat eine Klinge
8575,s63,sword,implement,Schwert,wurde um Schlachten zu schlagen benutzt
8576,s63,sword,implement,Schwert,hat einen Holzgriff
8577,s63,bed,furniture,Bett,zum Schlafen
8578,s63,bed,furniture,Bett,steht auf vier Beinen
8579,s63,bed,furniture,Bett,hat ein Federbett
8580,s63,bed,furniture,Bett,ist warm
8581,s63,peas,vegetable,Erbsen,klein
8582,s63,peas,vegetable,Erbsen,rund
8583,s63,peas,vegetable,Erbsen,Frucht
8584,s63,peas,vegetable,Erbsen,grün
8585,s63,peas,vegetable,Erbsen,ein Gemüse
8586,s63,peas,vegetable,Erbsen,mag ich nicht
8587,s63,jacket,clothing,Jacke,bekommt man in versch. Größen
8588,s63,jacket,clothing,Jacke,hält warm
8589,s63,jacket,clothing,Jacke,gibt es mit Pelz
8590,s63,jacket,clothing,Jacke,aus Leder
8591,s63,pear,fruit,Birne,eine Frucht
8592,s63,pear,fruit,Birne,gelblich
8593,s63,pear,fruit,Birne,hat einen braunen Stiel
8594,s63,pear,fruit,Birne,süß
8595,s63,church,building,Kirche,antik
8596,s63,church,building,Kirche,Kunstwerk
8597,s63,church,building,Kirche,zum Beten da
8598,s63,church,building,Kirche,grau
8599,s63,church,building,Kirche,Gebetshaus der Christen
8600,s63,church,building,Kirche,Gebetshaus der Christen
8601,s63,church,building,Kirche,Gebetshaus der Christen
8602,s63,eye,bodypart,Auge,zum Sehen da
8603,s63,eye,bodypart,Auge,hat eine Linse
8604,s63,eye,bodypart,Auge,in versch. Farben
8605,s63,eye,bodypart,Auge,darüber liegen Wimpern
8606,s63,bridge,building,Brücke,über Wasser
8607,s63,bridge,building,Brücke,aus Stein
8608,s63,bridge,building,Brücke,aus Stahl
8609,s63,bridge,building,Brücke,Idealort für Selbstmörder
8610,s63,bridge,building,Brücke,?Baugegcaytng
8611,s63,chemise,clothing,Hemd,gehört zur Kleidung
8612,s63,chemise,clothing,Hemd,kariert
8613,s63,chemise,clothing,Hemd,aus leichtem Stoff
8614,s63,chemise,clothing,Hemd,hat einen Kragen
8615,s63,potato,vegetable,Kartoffel,gelb
8616,s63,potato,vegetable,Kartoffel,zu Püree gemacht
8617,s63,potato,vegetable,Kartoffel,wächst unter der Erde
8618,s63,potato,vegetable,Kartoffel,hat eine raue Schale
8619,s63,socks,clothing,Socken,halten warm
8620,s63,socks,clothing,Socken,aus Stoff
8621,s63,socks,clothing,Socken,besserer Halt in Schuhen
8622,s63,socks,clothing,Socken,gibt auch Stutzen
8623,s63,apple,fruit,Apfel,in Südtirol vorhanden
8624,s63,apple,fruit,Apfel,hat einen Stiel
8625,s63,apple,fruit,Apfel,eine Frucht
8626,s63,apple,fruit,Apfel,in Südtirol bewirtschaften viele Ausländer sie
8627,s63,apple,fruit,Apfel,in Südtirol bewirtschaften viele Ausländer sie
8628,s63,sweater,clothing,Pullover,von Oma gemacht
8629,s63,sweater,clothing,Pullover,aus Wolle gemacht
8630,s63,sweater,clothing,Pullover,anzuziehen
8631,s63,sweater,clothing,Pullover,auszuziehen
8632,s63,sweater,clothing,Pullover,hält warm
8633,s63,tower,building,Turm,aus Stein
8634,s63,tower,building,Turm,auf ihm Wachen postiert
8635,s63,tower,building,Turm,Aussichtspunkt
8636,s63,tower,building,Turm,ist im Schlern
8637,s64,closet,furniture,Schrank,Socken darin verstauen
8638,s64,closet,furniture,Schrank,hat Fächer
8639,s64,closet,furniture,Schrank,hat Türen
8640,s64,rabbit,mammal,Hase,ein Nagetier
8641,s64,rabbit,mammal,Hase,ein Nagetier
8642,s64,rabbit,mammal,Hase,lebt in Natur
8643,s64,rabbit,mammal,Hase,lebt als Haustier
8644,s64,rabbit,mammal,Hase,lebt als Haustier
8645,s64,rabbit,mammal,Hase,viele Arten
8646,s64,orange,fruit,Orange,eine Frucht
8647,s64,orange,fruit,Orange,orange
8648,s64,orange,fruit,Orange,rund
8649,s64,orange,fruit,Orange,daraus Saft gepresst
8650,s64,skyscraper,building,Wolkenkratzer,hoch
8651,s64,skyscraper,building,Wolkenkratzer,Haus
8652,s64,skyscraper,building,Wolkenkratzer,hat Stöcke
8653,s64,skyscraper,building,Wolkenkratzer,hat Zimmer
8654,s64,skyscraper,building,Wolkenkratzer,hat Wohnungen
8655,s64,skyscraper,building,Wolkenkratzer,in Großstädten
8656,s64,tongs,implement,Zange,ein Werkzeug
8657,s64,tongs,implement,Zange,damit leichter Dinge greifen
8658,s64,tongs,implement,Zange,benutzt man als Handwerker
8659,s64,tongs,implement,Zange,benutzt man im Haushalt
8660,s64,hand,bodypart,Hand,jeder Mensch hat 2
8661,s64,hand,bodypart,Hand,an jeder Hand 5 Finger
8662,s64,hand,bodypart,Hand,braucht eine Mensch um zu greifen
8663,s64,hand,bodypart,Hand,braucht eine Mensch um zu greifen
8664,s64,hand,bodypart,Hand,um zu fühlen
8665,s64,airplane,vehicle,Flugzeug,transportiert Personen
8666,s64,airplane,vehicle,Flugzeug,transportiert Personen
8667,s64,airplane,vehicle,Flugzeug,kann fliegen
8668,s64,airplane,vehicle,Flugzeug,Fortbewegung x Personen
8669,s64,airplane,vehicle,Flugzeug,Fortbewegung x Personen
8670,s64,corn,vegetable,Mais,etwas zu essen
8671,s64,corn,vegetable,Mais,gelb
8672,s64,corn,vegetable,Mais,aus Maiskolben
8673,s64,table,furniture,Tisch,man isst darauf
8674,s64,table,furniture,Tisch,etwas darauf legen
8675,s64,table,furniture,Tisch,als Arbeitsplatz verwenden
8676,s64,table,furniture,Tisch,hat vier Tischbeine
8677,s64,table,furniture,Tisch,hat eine Tischplatte
8678,s64,leg,bodypart,Bein,jeder Mensch hat 2
8679,s64,leg,bodypart,Bein,braucht man um zu gehen
8680,s64,leg,bodypart,Bein,zu jedem Bein ist ein Fuß
8681,s64,leg,bodypart,Bein,zu jedem Bein ist ein Fuß
8682,s64,truck,vehicle,Lastwagen,großes Auto
8683,s64,truck,vehicle,Lastwagen,transportieren von Ladungen
8684,s64,truck,vehicle,Lastwagen,fährt auf der Autobahn auf der rechten Seite
8685,s64,bus,vehicle,Bus,transportiert mehrere Personen zugleich
8686,s64,bus,vehicle,Bus,transportiert mehrere Personen zugleich
8687,s64,bus,vehicle,Bus,Stadtbusse
8688,s64,bus,vehicle,Bus,Stadtbusse
8689,s64,bus,vehicle,Bus,groß
8690,s64,bus,vehicle,Bus,lang
8691,s64,bus,vehicle,Bus,fahren langsam
8692,s64,owl,bird,Eule,1 Vogel
8693,s64,owl,bird,Eule,nachtaktiv
8694,s64,owl,bird,Eule,frisst Insekten
8695,s64,owl,bird,Eule,lebt in Wäldern
8696,s64,horse,mammal,Pferd,ein Säugetier
8697,s64,horse,mammal,Pferd,ein Haustier
8698,s64,horse,mammal,Pferd,ein Haustier
8699,s64,horse,mammal,Pferd,darauf reiten
8700,s64,horse,mammal,Pferd,versch. Rassen
8701,s64,woodpecker,bird,Specht,Vogel
8702,s64,woodpecker,bird,Specht,lebt in Wäldern
8703,s64,woodpecker,bird,Specht,klopft an Bäume mit Schnabel
8704,s64,woodpecker,bird,Specht,kann fliegen
8705,s64,finger,bodypart,Finger,jeder Mensch hat 10
8706,s64,finger,bodypart,Finger,damit fühlen
8707,s64,finger,bodypart,Finger,damit greifen
8708,s64,head,bodypart,Kopf,groß
8709,s64,head,bodypart,Kopf,klein
8710,s64,shoes,clothing,Schuhe,Frauen haben viele
8711,s64,shoes,clothing,Schuhe,zieht man an die Füße
8712,s64,shoes,clothing,Schuhe,versch. Farben
8713,s64,shoes,clothing,Schuhe,versch. Größen
8714,s64,shoes,clothing,Schuhe,es gibt viele verschiedene
8715,s64,garage,building,Garage,parkt darin Autos
8716,s64,garage,building,Garage,eine Räumlichkeit
8717,s64,comb,implement,Kamm,zum Haare kämmen
8718,s64,comb,implement,Kamm,hat Zacken
8719,s64,monkey,mammal,Affe,ein Tier
8720,s64,monkey,mammal,Affe,den Menschen am ähnlichsten
8721,s64,monkey,mammal,Affe,versch Arten
8722,s64,monkey,mammal,Affe,leben auf Bäumen
8723,s64,paintbrush,implement,Pinsel,man malt damit
8724,s64,paintbrush,implement,Pinsel,mit best. Farben
8725,s64,paintbrush,implement,Pinsel,aus Borsten/Haaren gemacht
8726,s64,paintbrush,implement,Pinsel,dünne
8727,s64,paintbrush,implement,Pinsel,dicke
8728,s64,chair,furniture,Stuhl,darauf setzen
8729,s64,chair,furniture,Stuhl,steht in jeder Wohnung
8730,s64,chair,furniture,Stuhl,man setzt sich damit an 1 Tisch
8731,s64,sparrow,bird,Spatz,ein Vogel
8732,s64,sparrow,bird,Spatz,klein
8733,s64,sparrow,bird,Spatz,kann fliegen
8734,s64,sparrow,bird,Spatz,bräunlich
8735,s64,seagull,bird,Möwe,Vogel
8736,s64,seagull,bird,Möwe,kann fliegen
8737,s64,seagull,bird,Möwe,lebt an Gewässern
8738,s64,seagull,bird,Möwe,frisst Fisch
8739,s65,monkey,mammal,Affe,ein Tier
8740,s65,monkey,mammal,Affe,Ähnlichkeiten mit dem Menschen
8741,s65,monkey,mammal,Affe,verwandt mit dem Menschen
8742,s65,monkey,mammal,Affe,lebt im Regenwald
8743,s65,monkey,mammal,Affe,verschiedene Arten
8744,s65,tongs,implement,Zange,ein Werkzeug
8745,s65,tongs,implement,Zange,aus Metall
8746,s65,tongs,implement,Zange,kann man zusammendrücken
8747,s65,tongs,implement,Zange,zum Greifen von Sachen
8748,s65,tongs,implement,Zange,zum Greifen von Nägeln
8749,s65,shoes,clothing,Schuhe,trägt sie an den Füßen
8750,s65,shoes,clothing,Schuhe,damit man sich nicht verletzt
8751,s65,shoes,clothing,Schuhe,mit Stöckel
8752,s65,shoes,clothing,Schuhe,ohne Stöckel
8753,s65,finger,bodypart,Finger,man hat sie an der Hand
8754,s65,finger,bodypart,Finger,man hat 10
8755,s65,finger,bodypart,Finger,Sachen angreifen
8756,s65,finger,bodypart,Finger,dünn
8757,s65,finger,bodypart,Finger,lang
8758,s65,onion,vegetable,Zwiebel,ein Gemüse
8759,s65,onion,vegetable,Zwiebel,wächst im Garten
8760,s65,onion,vegetable,Zwiebel,man gibt es wegen dem Geschmack zum Essen
8761,s65,onion,vegetable,Zwiebel,wächst unter der Erde
8762,s65,onion,vegetable,Zwiebel,starker Geruch
8763,s65,ship,vehicle,Schiff,zum Fortbewegen auf Wasser
8764,s65,ship,vehicle,Schiff,große
8765,s65,ship,vehicle,Schiff,kleine
8766,s65,ship,vehicle,Schiff,gibt es schon lang
8767,s65,woodpecker,bird,Specht,ein Vogel
8768,s65,woodpecker,bird,Specht,lebt im Wald
8769,s65,woodpecker,bird,Specht,peckt Löcher in den Stamm
8770,s65,woodpecker,bird,Specht,"hat harten, langen Schnabel"
8771,s65,woodpecker,bird,Specht,hat spitzen Schnabel
8772,s65,eye,bodypart,Auge,man hat zwei im Gesicht
8773,s65,eye,bodypart,Auge,man hat zwei im Gesicht
8774,s65,eye,bodypart,Auge,man sieht damit
8775,s65,eye,bodypart,Auge,verschiedene Farben
8776,s65,eye,bodypart,Auge,hat Linse
8777,s65,eye,bodypart,Auge,rund
8778,s65,pineapple,fruit,Ananas,eine Frucht
8779,s65,pineapple,fruit,Ananas,wächst in warmen Regionen
8780,s65,pineapple,fruit,Ananas,süß
8781,s65,pineapple,fruit,Ananas,gelb
8782,s65,pineapple,fruit,Ananas,hat oben grüne Blätter
8783,s65,pineapple,fruit,Ananas,komische Form
8784,s65,church,building,Kirche,groß
8785,s65,church,building,Kirche,Gebäude
8786,s65,church,building,Kirche,in allen christlichen Gemeinden
8787,s65,church,building,Kirche,geht man zum Beten hin
8788,s65,church,building,Kirche,am Sonntag gehen viele Leute
8789,s65,church,building,Kirche,am Sonntag gehen viele Leute
8790,s65,train,vehicle,Zug,zum Fortbewegen auf Land
8791,s65,train,vehicle,Zug,fährt auf Schienen
8792,s65,train,vehicle,Zug,sieht aus wie Schlange
8793,s65,train,vehicle,Zug,viele Leute können mitfahren
8794,s65,train,vehicle,Zug,viele Leute können mitfahren
8795,s65,hand,bodypart,Hand,1 Hand hat 5 Finger
8796,s65,hand,bodypart,Hand,man hat 2 Hände
8797,s65,hand,bodypart,Hand,zum Greifen
8798,s65,hand,bodypart,Hand,damit Sachen anfassen
8799,s65,spinach,vegetable,Spinat,ein Gemüse
8800,s65,spinach,vegetable,Spinat,grün
8801,s65,spinach,vegetable,Spinat,gibt ihn tiefgefroren
8802,s65,spinach,vegetable,Spinat,Kinder mögen ihn nicht gern
8803,s65,spinach,vegetable,Spinat,Vitamine
8804,s65,spinach,vegetable,Spinat,gesund
8805,s65,sparrow,bird,Spatz,ein Vogel
8806,s65,sparrow,bird,Spatz,klein
8807,s65,sparrow,bird,Spatz,singt
8808,s65,sparrow,bird,Spatz,kann fliegen
8809,s65,dog,mammal,Hund,ein Tier
8810,s65,dog,mammal,Hund,hat 4 Beine
8811,s65,dog,mammal,Hund,hat einen Schwanz
8812,s65,dog,mammal,Hund,ein Haustier von Menschen
8813,s65,dog,mammal,Hund,ein Haustier von Menschen
8814,s65,dog,mammal,Hund,zutraulich
8815,s65,owl,bird,Eule,ein Vogel
8816,s65,owl,bird,Eule,nachtaktiv
8817,s65,owl,bird,Eule,jagt Mäuse
8818,s65,owl,bird,Eule,lebt im Wald
8819,s65,owl,bird,Eule,hat gute Augen
8820,s65,owl,bird,Eule,braun
8821,s65,socks,clothing,Socken,trägt sie an den Füßen
8822,s65,socks,clothing,Socken,haben Löcher
8823,s65,socks,clothing,Socken,verschiedene Farben
8824,s65,socks,clothing,Socken,aus Stoff
8825,s65,pear,fruit,Birne,eine Frucht
8826,s65,pear,fruit,Birne,süß
8827,s65,pear,fruit,Birne,wächst auf einem Baum
8828,s65,pear,fruit,Birne,Birnenform
8829,s65,pear,fruit,Birne,braun-gelb
8830,s65,armchair,furniture,Sessel,ein Möbelstück
8831,s65,armchair,furniture,Sessel,zum Sitzen da
8832,s65,armchair,furniture,Sessel,steht im Wohnzimmer
8833,s65,armchair,furniture,Sessel,ähnliche Form wie Stuhl
8834,s65,armchair,furniture,Sessel,2 Armlehnen
8835,s65,truck,vehicle,Lastwagen,ein Fahrzeug
8836,s65,truck,vehicle,Lastwagen,hat einen Motor
8837,s65,truck,vehicle,Lastwagen,zum Transportieren von Sachen
8838,s65,truck,vehicle,Lastwagen,groß
8839,s65,seagull,bird,Möwe,ein Vogel
8840,s65,seagull,bird,Möwe,kann fliegen
8841,s65,seagull,bird,Möwe,lebt am Meer
8842,s65,seagull,bird,Möwe,weiß
8843,s65,peas,vegetable,Erbsen,ein Gemüse
8844,s65,peas,vegetable,Erbsen,klein
8845,s65,peas,vegetable,Erbsen,rund
8846,s65,peas,vegetable,Erbsen,grün
8847,s65,peas,vegetable,Erbsen,essen
8848,s65,peas,vegetable,Erbsen,Hülsenfrüchte
8849,s65,rabbit,mammal,Hase,ein Tier
8850,s65,rabbit,mammal,Hase,lebt in Wildnis
8851,s65,rabbit,mammal,Hase,lebt im Wald
8852,s65,rabbit,mammal,Hase,lebt auf Wiese
8853,s65,rabbit,mammal,Hase,flink
8854,s65,rabbit,mammal,Hase,braun
8855,s65,rabbit,mammal,Hase,klein
8856,s65,bridge,building,Brücke,gebaut
8857,s65,bridge,building,Brücke,zum Überbrücken von Hindernissen
8858,s65,bridge,building,Brücke,zum Überbrücken von Hindernissen
8859,s65,bridge,building,Brücke,zum drüberfahren
8860,s65,bridge,building,Brücke,zum drübergehen
8861,s65,bridge,building,Brücke,große
8862,s65,bridge,building,Brücke,kleine
8863,s65,bridge,building,Brücke,aus Holz
8864,s65,bridge,building,Brücke,aus Metall
8865,s65,paintbrush,implement,Pinsel,ein Werkzeug
8866,s65,paintbrush,implement,Pinsel,zum Malen
8867,s65,paintbrush,implement,Pinsel,hat Holzstiel
8868,s65,paintbrush,implement,Pinsel,hat Haare ganz vorne
8869,s65,paintbrush,implement,Pinsel,tunkt ihn in Farbe ein
8870,s66,sparrow,bird,Spatz,klein
8871,s66,sparrow,bird,Spatz,Vogel
8872,s66,sparrow,bird,Spatz,kann fliegen
8873,s66,sparrow,bird,Spatz,kann zwitschern
8874,s66,bus,vehicle,Bus,ein Fahrzeug
8875,s66,bus,vehicle,Bus,öffentlich zugänglich
8876,s66,bus,vehicle,Bus,gegen Bezahlung Transport einer Person gewährt
8877,s66,bus,vehicle,Bus,gegen Bezahlung Transport einer Person gewährt
8878,s66,bus,vehicle,Bus,gegen Bezahlung Transport einer Person gewährt
8879,s66,bus,vehicle,Bus,größeres Auto
8880,s66,bus,vehicle,Bus,größeres Auto
8881,s66,onion,vegetable,Zwiebel,essbar
8882,s66,onion,vegetable,Zwiebel,hat Schalen
8883,s66,onion,vegetable,Zwiebel,beim Aufschneiden bewirken Enzyme dass die Tränenflüssigkeit zunimmt
8884,s66,onion,vegetable,Zwiebel,zum Kochen geeignet
8885,s66,leg,bodypart,Bein,Körperteil
8886,s66,leg,bodypart,Bein,benutzt der Mensch zum Gehen
8887,s66,leg,bodypart,Bein,beginnt an der Hüfte
8888,s66,leg,bodypart,Bein,Mensch hat zwei davon
8889,s66,rabbit,mammal,Hase,klein
8890,s66,rabbit,mammal,Hase,ein Tier
8891,s66,rabbit,mammal,Hase,mit langen Ohren
8892,s66,rabbit,mammal,Hase,bevorzugt Karotten zum Essen
8893,s66,rabbit,mammal,Hase,bevorzugt Salat zum Essen
8894,s66,rabbit,mammal,Hase,hoppelt
8895,s66,rabbit,mammal,Hase,Menschen halten es als Haustier
8896,s66,rabbit,mammal,Hase,Menschen halten es als Haustier
8897,s66,table,furniture,Tisch,hölzern
8898,s66,table,furniture,Tisch,Möbelstück
8899,s66,table,furniture,Tisch,darauf essen
8900,s66,table,furniture,Tisch,vier Beine und eine Holzplatte bilden einen Tisch
8901,s66,table,furniture,Tisch,vier Beine und eine Holzplatte bilden einen Tisch
8902,s66,armchair,furniture,Sessel,Möbelstück
8903,s66,armchair,furniture,Sessel,gemütlich
8904,s66,armchair,furniture,Sessel,Sitzgelegenheit
8905,s66,armchair,furniture,Sessel,im Wohnzimmer anzutreffen
8906,s66,closet,furniture,Schrank,zur Aufbewahrung verschiedener Gegenstände
8907,s66,closet,furniture,Schrank,Möbelstück
8908,s66,closet,furniture,Schrank,hölzern
8909,s66,closet,furniture,Schrank,Kasten
8910,s66,bridge,building,Brücke,zur Überbrückung eine Flusses
8911,s66,bridge,building,Brücke,zur Überbrückung eine Flusses
8912,s66,bridge,building,Brücke,Verbindung zweier Landstellen
8913,s66,airplane,vehicle,Flugzeug,Transportmittel
8914,s66,airplane,vehicle,Flugzeug,zum Fliegen
8915,s66,airplane,vehicle,Flugzeug,Menschen benutzen es bevorzugt um große Strecken zu überfliegen
8916,s66,airplane,vehicle,Flugzeug,Menschen benutzen es bevorzugt um große Strecken zu überfliegen
8917,s66,corn,vegetable,Mais,gelb
8918,s66,corn,vegetable,Mais,Nahrungsmittel
8919,s66,corn,vegetable,Mais,nahrhaft
8920,s66,corn,vegetable,Mais,Maiskolben wächst auf Sträucher
8921,s66,pineapple,fruit,Ananas,Frucht
8922,s66,pineapple,fruit,Ananas,tropisch
8923,s66,pineapple,fruit,Ananas,wächst auf einem Strauch
8924,s66,cherry,fruit,Kirsche,rot
8925,s66,cherry,fruit,Kirsche,Frucht
8926,s66,cherry,fruit,Kirsche,innen ein Kern
8927,s66,cherry,fruit,Kirsche,wachsen auf Kirschbäumen
8928,s66,cherry,fruit,Kirsche,beliebt
8929,s66,cherry,fruit,Kirsche,Frucht
8930,s66,paintbrush,implement,Pinsel,Hilfsmittel bevorzugt zum Malen
8931,s66,paintbrush,implement,Pinsel,aus Holzstiel
8932,s66,paintbrush,implement,Pinsel,und Haaren
8933,s66,paintbrush,implement,Pinsel,zum Farbe auftragen
8934,s66,jacket,clothing,Jacke,wärmend
8935,s66,jacket,clothing,Jacke,Kleidungsstück
8936,s66,jacket,clothing,Jacke,schützt vor Kälte
8937,s66,jacket,clothing,Jacke,zieht Mensch über Oberkörper
8938,s66,truck,vehicle,Lastwagen,Transportmittel
8939,s66,truck,vehicle,Lastwagen,Transportmittel
8940,s66,truck,vehicle,Lastwagen,größeres Auto
8941,s66,truck,vehicle,Lastwagen,Waren von einem Ort zum anderen zu transportieren
8942,s66,truck,vehicle,Lastwagen,Waren von einem Ort zum anderen zu transportieren
8943,s66,chemise,clothing,Hemd,Kleidungsstück
8944,s66,chemise,clothing,Hemd,für männliche Menschen
8945,s66,chemise,clothing,Hemd,besonders für festliche Ereignisse
8946,s66,dog,mammal,Hund,Tier
8947,s66,dog,mammal,Hund,bellend
8948,s66,dog,mammal,Hund,Vierbeiner
8949,s66,dog,mammal,Hund,verteidigt sich durch beißen
8950,s66,dog,mammal,Hund,verschiedene Arten
8951,s66,dog,mammal,Hund,von Menschen als Haustiere gehalten
8952,s66,dog,mammal,Hund,von Menschen als Haustiere gehalten
8953,s66,dog,mammal,Hund,von Menschen als Haustiere gehalten
8954,s66,pear,fruit,Birne,Obst
8955,s66,pear,fruit,Birne,gelblich
8956,s66,pear,fruit,Birne,im Inneren sind kleine Kerne
8957,s66,pear,fruit,Birne,wachst auf Birnbäumen
8958,s66,pear,fruit,Birne,im Herbst geerntet
8959,s66,monkey,mammal,Affe,menschenähnlich
8960,s66,monkey,mammal,Affe,Tier
8961,s66,monkey,mammal,Affe,Vorfahre des Menschen
8962,s66,monkey,mammal,Affe,lieben Bananen
8963,s66,monkey,mammal,Affe,leben auf Bäume
8964,s66,horse,mammal,Pferd,Tier
8965,s66,horse,mammal,Pferd,auf ihm reitet der Mensch
8966,s66,horse,mammal,Pferd,auf ihm reitet der Mensch
8967,s66,horse,mammal,Pferd,früher als Ersatz für Autos verwendet
8968,s66,horse,mammal,Pferd,wiehert
8969,s66,horse,mammal,Pferd,isst Hafer
8970,s66,horse,mammal,Pferd,isst Karotten
8971,s66,horse,mammal,Pferd,hat Hufen
8972,s66,apple,fruit,Apfel,Obst
8973,s66,apple,fruit,Apfel,im Inneren Kerne
8974,s66,apple,fruit,Apfel,saftiges Fruchtfleisch
8975,s66,apple,fruit,Apfel,in Südtirol beliebtes Anbauobst
8976,s66,apple,fruit,Apfel,in Südtirol beliebtes Anbauobst
8977,s66,apple,fruit,Apfel,in Südtirol beliebtes Anbauobst
8978,s66,apple,fruit,Apfel,mehrere Arten
8979,s66,skyscraper,building,Wolkenkratzer,hoch
8980,s66,skyscraper,building,Wolkenkratzer,Gebäude
8981,s66,skyscraper,building,Wolkenkratzer,mehrstöckig
8982,s66,skyscraper,building,Wolkenkratzer,ragen in den Himmel
8983,s66,skyscraper,building,Wolkenkratzer,besonders in großen Städten anzutreffen
8984,s66,skyscraper,building,Wolkenkratzer,viele Fenster
8985,s66,hand,bodypart,Hand,Körperteil des Menschen
8986,s66,hand,bodypart,Hand,er besitzt zwei davon
8987,s66,hand,bodypart,Hand,um zu schreiben
8988,s66,hand,bodypart,Hand,um verschiedene Dinge auszuführen
8989,s66,hand,bodypart,Hand,komplexer Skelettbau
8990,s66,broom,implement,Besen,zur Säuberung
8991,s66,broom,implement,Besen,hölzerner Stiel
8992,s66,broom,implement,Besen,mit Haaren
8993,s66,broom,implement,Besen,zum Boden fegen
8994,s66,broom,implement,Besen,zum Boden fegen
8995,s67,peas,vegetable,Erbsen,rund
8996,s67,peas,vegetable,Erbsen,klein
8997,s67,peas,vegetable,Erbsen,hellgrün
8998,s67,peas,vegetable,Erbsen,ein Gemüse
8999,s67,peas,vegetable,Erbsen,?(man isst sie)
9000,s67,seagull,bird,Möwe,lebt am Meer
9001,s67,seagull,bird,Möwe,ein Vogel
9002,s67,seagull,bird,Möwe,weiß
9003,s67,seagull,bird,Möwe,mit gelben Schnabel
9004,s67,seagull,bird,Möwe,frisst Fische
9005,s67,seagull,bird,Möwe,geben einen komischen Laut von sich
9006,s67,sweater,clothing,Pullover,hält einen warm wenn es kalt ist
9007,s67,sweater,clothing,Pullover,zieht man über Arme an
9008,s67,sweater,clothing,Pullover,zieht man über Brust an
9009,s67,sweater,clothing,Pullover,zieht man über Bauch an
9010,s67,sweater,clothing,Pullover,zieht man über Rücken an
9011,s67,tongs,implement,Zange,damit Sachen herausziehen
9012,s67,tongs,implement,Zange,hat zwei Hebel die man zusammendrückt
9013,s67,tongs,implement,Zange,hat zwei Hebel die man zusammendrückt
9014,s67,woodpecker,bird,Specht,ein Vogel
9015,s67,woodpecker,bird,Specht,klopft Löcher in Bäume
9016,s67,woodpecker,bird,Specht,hat einen spitzen Schnabel
9017,s67,woodpecker,bird,Specht,buntes Gefieder
9018,s67,comb,implement,Kamm,man fährt sich durch die Haare damit sie gepflegt aussehen
9019,s67,comb,implement,Kamm,man fährt sich durch die Haare damit sie gepflegt aussehen
9020,s67,comb,implement,Kamm,hat Zacken
9021,s67,comb,implement,Kamm,hat Zähne
9022,s67,comb,implement,Kamm,aus Holz
9023,s67,socks,clothing,Socken,zieht man über Füße an
9024,s67,socks,clothing,Socken,halten Füße warm
9025,s67,socks,clothing,Socken,Bekleidungsstück
9026,s67,spinach,vegetable,Spinat,Gemüse
9027,s67,spinach,vegetable,Spinat,grüne Blätter
9028,s67,spinach,vegetable,Spinat,dunkelgrün
9029,s67,spinach,vegetable,Spinat,Kinder mögen es nicht gerne
9030,s67,spinach,vegetable,Spinat,man soll es essen damit man groß und stark wird
9031,s67,tower,building,Turm,Gebäude
9032,s67,tower,building,Turm,hoch
9033,s67,tower,building,Turm,schmal
9034,s67,bed,furniture,Bett,Möbelstück
9035,s67,bed,furniture,Bett,gute Schlafmögichkeit
9036,s67,bed,furniture,Bett,darin liegen
9037,s67,orange,fruit,Orange,Obst
9038,s67,orange,fruit,Orange,orange
9039,s67,orange,fruit,Orange,rund
9040,s67,orange,fruit,Orange,man kann es in einer Hand halten
9041,s67,orange,fruit,Orange,hat eine raue Schale
9042,s67,orange,fruit,Orange,Schale kann man nicht essen
9043,s67,orange,fruit,Orange,Frucht
9044,s67,orange,fruit,Orange,ist in viele Teile unterteilt
9045,s67,head,bodypart,Kopf,darin befindet sich das Gehirn
9046,s67,head,bodypart,Kopf,Körperteil
9047,s67,head,bodypart,Kopf,hat 2 Augen
9048,s67,head,bodypart,Kopf,hat 1 Nase
9049,s67,head,bodypart,Kopf,hat 1 Mund
9050,s67,head,bodypart,Kopf,hat 2 Ohren
9051,s67,head,bodypart,Kopf,hat Haare
9052,s67,ship,vehicle,Schiff,Verkehrsmittel
9053,s67,ship,vehicle,Schiff,mit Schlafmöglichkeiten
9054,s67,ship,vehicle,Schiff,fährt auf dem Wasser
9055,s67,ship,vehicle,Schiff,hat Kabine aus der Rauch steigt
9056,s67,eye,bodypart,Auge,dadurch nimmt man Dinge wahr
9057,s67,eye,bodypart,Auge,"Iris hat verschiedene Farben, hängt vom Menschen ab"
9058,s67,eye,bodypart,Auge,mandelförmig
9059,s67,shoes,clothing,Schuhe,Kleidungsstück
9060,s67,shoes,clothing,Schuhe,trägt man über die Füße
9061,s67,shoes,clothing,Schuhe,trägt man über die Socken
9062,s67,shoes,clothing,Schuhe,haben eine feste Sohle
9063,s67,shoes,clothing,Schuhe,schützen uns vor Verletzungen
9064,s67,garage,building,Garage,darin wird ein Fahrzeug aufbewahrt
9065,s67,garage,building,Garage,groß
9066,s67,garage,building,Garage,Raum
9067,s67,garage,building,Garage,mit einem Tor
9068,s67,garage,building,Garage,so groß wie eine Wand
9069,s67,finger,bodypart,Finger,Teil der Hand
9070,s67,finger,bodypart,Finger,Körperteil
9071,s67,finger,bodypart,Finger,wichtig bei vielen Handlungen
9072,s67,finger,bodypart,Finger,hat einen Nagel
9073,s67,owl,bird,Eule,Vogel
9074,s67,owl,bird,Eule,nachtaktiv
9075,s67,owl,bird,Eule,hat große Augen
9076,s67,owl,bird,Eule,spitze Ohren
9077,s67,owl,bird,Eule,dunkelbraune Federn
9078,s67,owl,bird,Eule,hellere Federn auf Vorderseite
9079,s67,owl,bird,Eule,frisst Mäuse
9080,s67,church,building,Kirche,Gebäude
9081,s67,church,building,Kirche,hat ein Haus
9082,s67,church,building,Kirche,hat einen Turm mit Glocke
9083,s67,church,building,Kirche,darin versammeln sich Leute
9084,s67,church,building,Kirche,darin versammeln sich Leute
9085,s67,church,building,Kirche,hat bunte Fenster
9086,s67,bear,mammal,Bär,Tier
9087,s67,bear,mammal,Bär,frisst Fische
9088,s67,bear,mammal,Bär,frisst Schafe
9089,s67,bear,mammal,Bär,gefährlich für Menschen
9090,s67,bear,mammal,Bär,groß
9091,s67,bear,mammal,Bär,schnell
9092,s67,sword,implement,Schwert,Kampfmittel
9093,s67,sword,implement,Schwert,hat scharfe Kante
9094,s67,sword,implement,Schwert,verwendete man im Mittelalter
9095,s67,train,vehicle,Zug,Verkehrsmittel
9096,s67,train,vehicle,Zug,läuft auf Schienen
9097,s67,train,vehicle,Zug,lang
9098,s67,train,vehicle,Zug,von Menschen geschaffen
9099,s67,train,vehicle,Zug,darin schlafen
9100,s67,train,vehicle,Zug,darin essen
9101,s67,train,vehicle,Zug,darin sitzen
9102,s67,goose,bird,Gans,Tier
9103,s67,goose,bird,Gans,hat einen langen Hals
9104,s67,goose,bird,Gans,gelbe Füße
9105,s67,goose,bird,Gans,weiße Federn
9106,s67,goose,bird,Gans,schnattert
9107,s67,potato,vegetable,Kartoffel,Gemüse
9108,s67,potato,vegetable,Kartoffel,wächst unter der Erde
9109,s67,potato,vegetable,Kartoffel,haben rote Schale
9110,s67,potato,vegetable,Kartoffel,haben gelbe Schale/Haut
9111,s67,potato,vegetable,Kartoffel,müssen gekocht werden bevor man sie isst
9112,s67,potato,vegetable,Kartoffel,müssen geschält werden bevor man sie isst
9113,s67,potato,vegetable,Kartoffel,das was man isst ist gelb
9114,s67,potato,vegetable,Kartoffel,das was man isst ist gelb
9115,s67,potato,vegetable,Kartoffel,roh ist sie hart
9116,s67,chair,furniture,Stuhl,Möbelstück
9117,s67,chair,furniture,Stuhl,darauf sitzen
9118,s67,chair,furniture,Stuhl,hat eine Lehne
9119,s67,chair,furniture,Stuhl,hat 4 Füße
9120,s67,chair,furniture,Stuhl,darauf ausruhen
9121,s68,eye,bodypart,Auge,Körperteil
9122,s68,eye,bodypart,Auge,Gesicht
9123,s68,eye,bodypart,Auge,zum sehen
9124,s68,eye,bodypart,Auge,jeder gesunde Mensch besitzt 2
9125,s68,eye,bodypart,Auge,"jedes Auge ist unterschiedlich (Augenfarbe, Sehstärke)"
9126,s68,eye,bodypart,Auge,"jedes Auge ist unterschiedlich (Augenfarbe, Sehstärke)"
9127,s68,ship,vehicle,Schiff,Transportmittel
9128,s68,ship,vehicle,Schiff,Transportmittel
9129,s68,ship,vehicle,Schiff,mit ihm auf Wasser fortbewegen
9130,s68,ship,vehicle,Schiff,mit Motor
9131,s68,ship,vehicle,Schiff,mit Rudern
9132,s68,onion,vegetable,Zwiebel,Nahrungsmittel
9133,s68,onion,vegetable,Zwiebel,wächst unter der Erde
9134,s68,onion,vegetable,Zwiebel,verschiedene Sorten
9135,s68,onion,vegetable,Zwiebel,"schneidet man sie in Stücken, brennen die Augen"
9136,s68,onion,vegetable,Zwiebel,rundlich
9137,s68,truck,vehicle,Lastwagen,Transportmittel
9138,s68,truck,vehicle,Lastwagen,Transportmittel
9139,s68,truck,vehicle,Lastwagen,besitzt mehr als 4 Räder
9140,s68,truck,vehicle,Lastwagen,dazu Waren zu transportieren
9141,s68,truck,vehicle,Lastwagen,dazu Waren zu transportieren
9142,s68,church,building,Kirche,religiöser Treffpunkt (katholische Kirche)
9143,s68,church,building,Kirche,verschiedene Bauten
9144,s68,church,building,Kirche,Ort
9145,s68,church,building,Kirche,wo sich Menschen aufhalten um zu beten
9146,s68,church,building,Kirche,wo sich Menschen aufhalten um zu beten
9147,s68,church,building,Kirche,wo sich Menschen aufhalten um zu sündigen
9148,s68,church,building,Kirche,wo sich Menschen aufhalten um zu sündigen
9149,s68,monkey,mammal,Affe,Tier
9150,s68,monkey,mammal,Affe,Menschen stammen von ihm ab
9151,s68,monkey,mammal,Affe,geht auf 4 Pfoten
9152,s68,monkey,mammal,Affe,lebt im Urwald
9153,s68,monkey,mammal,Affe,verschiedene Affenrassen
9154,s68,monkey,mammal,Affe,ernähren sich von Obst
9155,s68,bus,vehicle,Bus,Transportmittel
9156,s68,bus,vehicle,Bus,Transportmittel
9157,s68,bus,vehicle,Bus,für mehr Personen
9158,s68,bus,vehicle,Bus,jeder hat seine eigene Strecke
9159,s68,bus,vehicle,Bus,hält an vorgegebenen Haltestellen
9160,s68,bus,vehicle,Bus,wo Leute zu bzw. aussteigen können
9161,s68,bus,vehicle,Bus,wo Leute zu bzw. aussteigen können
9162,s68,shoes,clothing,Schuhe,Kleidungsstück
9163,s68,shoes,clothing,Schuhe,schützen Füße vor Kälte
9164,s68,shoes,clothing,Schuhe,schützen Füße vor Kälte
9165,s68,shoes,clothing,Schuhe,schützen Füße vor äußeren Eingriffen
9166,s68,shoes,clothing,Schuhe,schützen Füße vor äußeren Eingriffen
9167,s68,shoes,clothing,Schuhe,verschiedene Modelle
9168,s68,shoes,clothing,Schuhe,verschiedene Größen
9169,s68,socks,clothing,Socken,Kleidungsstück
9170,s68,socks,clothing,Socken,schützen Füße vor Kälte
9171,s68,socks,clothing,Socken,verschiedene Verarbeitungen
9172,s68,socks,clothing,Socken,verschiedene Größen
9173,s68,train,vehicle,Zug,Transportmittel
9174,s68,train,vehicle,Zug,Transportmittel
9175,s68,train,vehicle,Zug,fährt auf Schienen
9176,s68,train,vehicle,Zug,hält an Bahnhöfen
9177,s68,train,vehicle,Zug,wo Leute zu bzw. aussteigen können
9178,s68,train,vehicle,Zug,wo Leute zu bzw. aussteigen können
9179,s68,train,vehicle,Zug,aus mehreren Wagonen
9180,s68,train,vehicle,Zug,Personenzug
9181,s68,train,vehicle,Zug,Warenzug
9182,s68,cherry,fruit,Kirsche,klein
9183,s68,cherry,fruit,Kirsche,Früchte
9184,s68,cherry,fruit,Kirsche,rund
9185,s68,cherry,fruit,Kirsche,rot
9186,s68,cherry,fruit,Kirsche,wächst auf Bäumen
9187,s68,cherry,fruit,Kirsche,im Sommer
9188,s68,cherry,fruit,Kirsche,süßlichen Geschmack
9189,s68,finger,bodypart,Finger,Körperteile
9190,s68,finger,bodypart,Finger,Hand besteht aus 5 Fingern
9191,s68,finger,bodypart,Finger,dienen dazu Sachen ausführen zu können
9192,s68,finger,bodypart,Finger,jeder Finger unterscheidet sich von einem anderen
9193,s68,finger,bodypart,Finger,am vorderen Ende Fingernägel
9194,s68,pineapple,fruit,Ananas,Obst
9195,s68,pineapple,fruit,Ananas,rundlich
9196,s68,pineapple,fruit,Ananas,am oberen Ende mit grünen Blättern
9197,s68,pineapple,fruit,Ananas,innen gelb
9198,s68,pineapple,fruit,Ananas,?wächst auf
9199,s68,table,furniture,Tisch,Ablagefläche
9200,s68,table,furniture,Tisch,sog. Beine stützen die Ablagefläche
9201,s68,table,furniture,Tisch,verschiedene Modelle
9202,s68,table,furniture,Tisch,verschiedene Größen
9203,s68,table,furniture,Tisch,für verschiedene Zwecke genutzt
9204,s68,goose,bird,Gans,Tier
9205,s68,goose,bird,Gans,weiß
9206,s68,goose,bird,Gans,Schnabel
9207,s68,goose,bird,Gans,2 Schwimmfüße
9208,s68,goose,bird,Gans,lebt am Wasser
9209,s68,spinach,vegetable,Spinat,Gemüse
9210,s68,spinach,vegetable,Spinat,grün
9211,s68,spinach,vegetable,Spinat,man muss es kochen bevor es gegessen werden kann
9212,s68,spinach,vegetable,Spinat,gesund
9213,s68,spinach,vegetable,Spinat,wächst wie Salat
9214,s68,orange,fruit,Orange,Obst
9215,s68,orange,fruit,Orange,rund
9216,s68,orange,fruit,Orange,orange
9217,s68,orange,fruit,Orange,wächst auf Bäumen
9218,s68,dog,mammal,Hund,Tierart
9219,s68,dog,mammal,Hund,verschiedene Rassen
9220,s68,dog,mammal,Hund,bellt
9221,s68,dog,mammal,Hund,4 Pfoten
9222,s68,dog,mammal,Hund,1 Schwanz
9223,s68,dog,mammal,Hund,Haustier
9224,s68,dog,mammal,Hund,Haustier
9225,s68,dog,mammal,Hund,verschiedene Größen
9226,s68,pear,fruit,Birne,Obst
9227,s68,pear,fruit,Birne,wächst auf Bäumen
9228,s68,pear,fruit,Birne,wächst im Frühling
9229,s68,pear,fruit,Birne,rund-ovale Form
9230,s68,pear,fruit,Birne,gelb
9231,s68,pear,fruit,Birne,grün
9232,s68,pear,fruit,Birne,braun
9233,s68,rabbit,mammal,Hase,Tier
9234,s68,rabbit,mammal,Hase,4 Pfoten
9235,s68,rabbit,mammal,Hase,hoppelt auf 2 Pfoten
9236,s68,rabbit,mammal,Hase,ernährt sich von Grünzeug
9237,s68,rabbit,mammal,Hase,ernährt sich von Löwenzahn
9238,s68,rabbit,mammal,Hase,ernährt sich von Salat
9239,s68,rabbit,mammal,Hase,als Haustier gehalten
9240,s68,rabbit,mammal,Hase,als Haustier gehalten
9241,s68,apple,fruit,Apfel,Obst
9242,s68,apple,fruit,Apfel,rund
9243,s68,apple,fruit,Apfel,verschiedene Sorten
9244,s68,apple,fruit,Apfel,wächst auf Bäumen
9245,s68,apple,fruit,Apfel,wächst im Sommer
9246,s68,apple,fruit,Apfel,wächst im Herbst
9247,s68,apple,fruit,Apfel,rot
9248,s68,apple,fruit,Apfel,grün
9249,s68,bed,furniture,Bett,Möbelstück
9250,s68,bed,furniture,Bett,Schlafplatz
9251,s68,bed,furniture,Bett,Matratze
9252,s68,bed,furniture,Bett,Schlafzimmer
9253,s68,woodpecker,bird,Specht,Tierart
9254,s68,woodpecker,bird,Specht,Vogel
9255,s68,woodpecker,bird,Specht,lebt in Wäldern
9256,s68,woodpecker,bird,Specht,peckt an den Bäumen
9257,s68,woodpecker,bird,Specht,Schnabel
9258,s68,sparrow,bird,Spatz,Tierart
9259,s68,sparrow,bird,Spatz,Vogel
9260,s68,sparrow,bird,Spatz,klein
9261,s68,sparrow,bird,Spatz,rund
9262,s68,sparrow,bird,Spatz,?flieht
9263,s68,sparrow,bird,Spatz,Schnabel
9264,s68,chair,furniture,Stuhl,Möbelstück
9265,s68,chair,furniture,Stuhl,zum Sitzen
9266,s68,chair,furniture,Stuhl,steht meist um einen Tisch
9267,s68,chair,furniture,Stuhl,verschiedene Modelle
9268,s68,chair,furniture,Stuhl,vier Beine
9269,s68,chair,furniture,Stuhl,Lehne
9270,s69,corn,vegetable,Mais,Gemüse
9271,s69,corn,vegetable,Mais,besteht aus gelben Körnern
9272,s69,corn,vegetable,Mais,kann man roh essen
9273,s69,corn,vegetable,Mais,hat grüne Blätter
9274,s69,corn,vegetable,Mais,Maiskolben ca. 20 cm lang
9275,s69,corn,vegetable,Mais,Maiskolben ca. 20 cm lang
9276,s69,corn,vegetable,Mais,oval
9277,s69,corn,vegetable,Mais,Körner herunterpielen
9278,s69,bridge,building,Brücke,Verbindung
9279,s69,bridge,building,Brücke,über Fluss
9280,s69,bridge,building,Brücke,Architektur
9281,s69,bridge,building,Brücke,aus Stein
9282,s69,bridge,building,Brücke,aus Holz
9283,s69,bridge,building,Brücke,von Autos benutzt
9284,s69,bridge,building,Brücke,von Rädern benutzt
9285,s69,bridge,building,Brücke,von Fußgängern benutzt
9286,s69,peas,vegetable,Erbsen,Gemüse
9287,s69,peas,vegetable,Erbsen,grün
9288,s69,peas,vegetable,Erbsen,klein
9289,s69,peas,vegetable,Erbsen,rund
9290,s69,peas,vegetable,Erbsen,in Geflecht
9291,s69,peas,vegetable,Erbsen,Hülsenfrucht
9292,s69,peas,vegetable,Erbsen,roh essbar
9293,s69,peas,vegetable,Erbsen,Durchmesser 5 mm
9294,s69,tongs,implement,Zange,Werkzeug
9295,s69,tongs,implement,Zange,aus Metall
9296,s69,tongs,implement,Zange,zum Biegen von Metall
9297,s69,tongs,implement,Zange,zum Schneiden von Metall
9298,s69,tongs,implement,Zange,ähnlich wie Schere mit 2 Griffen
9299,s69,tongs,implement,Zange,grau
9300,s69,sweater,clothing,Pullover,Kleidungsstück
9301,s69,sweater,clothing,Pullover,Material Wolle
9302,s69,sweater,clothing,Pullover,Material Baumwolle
9303,s69,sweater,clothing,Pullover,zum Wärmen vom Körper
9304,s69,sweater,clothing,Pullover,langärmlig
9305,s69,sweater,clothing,Pullover,Loch für Kopf
9306,s69,sweater,clothing,Pullover,bis zum Bauchnabel lang
9307,s69,broom,implement,Besen,hat einen Holzstiel
9308,s69,broom,implement,Besen,"Ende voller Borsten, zum Stiel hin gebunden"
9309,s69,broom,implement,Besen,"Ende voller Halmen, zum Stiel hin gebunden"
9310,s69,broom,implement,Besen,zum Fegen
9311,s69,broom,implement,Besen,Staub entfernen
9312,s69,armchair,furniture,Sessel,Möbelstück
9313,s69,armchair,furniture,Sessel,Kleinformat zu Couch
9314,s69,armchair,furniture,Sessel,Sitzfläche
9315,s69,armchair,furniture,Sessel,mit Lehne
9316,s69,armchair,furniture,Sessel,mit Armlehne
9317,s69,armchair,furniture,Sessel,gepolstert
9318,s69,bear,mammal,Bär,Tier
9319,s69,bear,mammal,Bär,größer als Mensch
9320,s69,bear,mammal,Bär,ganzkörperbehaart
9321,s69,bear,mammal,Bär,teilweise aufrechter Gang
9322,s69,bear,mammal,Bär,Schnauze
9323,s69,bear,mammal,Bär,mit Raubszenen
9324,s69,bear,mammal,Bär,Braunbär
9325,s69,bear,mammal,Bär,in Wäldern
9326,s69,head,bodypart,Kopf,Teil des menschlichen Körpers
9327,s69,head,bodypart,Kopf,rund
9328,s69,head,bodypart,Kopf,Hinterteil behaart
9329,s69,head,bodypart,Kopf,Vorderteil Gesicht
9330,s69,head,bodypart,Kopf,innendrin Gehirn
9331,s69,head,bodypart,Kopf,"Gesicht = Nase, Augen, Mund"
9332,s69,head,bodypart,Kopf,"Gesicht = Nase, Augen, Mund"
9333,s69,head,bodypart,Kopf,"Gesicht = Nase, Augen, Mund"
9334,s69,sword,implement,Schwert,eine Waffe
9335,s69,sword,implement,Schwert,aus Metall
9336,s69,sword,implement,Schwert,aus Holz
9337,s69,sword,implement,Schwert,Griffel
9338,s69,sword,implement,Schwert,"lange, dünne Schneide"
9339,s69,sword,implement,Schwert,scharfe Kanten
9340,s69,sword,implement,Schwert,bei Ritterkämpfen benutzt
9341,s69,garage,building,Garage,eine Räumlichkeit
9342,s69,garage,building,Garage,dort stellt man das Auto unter
9343,s69,garage,building,Garage,dort stellt man andere Fahrzeuge unter
9344,s69,garage,building,Garage,3 Wände
9345,s69,garage,building,Garage,Dach
9346,s69,garage,building,Garage,"hat als 4. Wand Tor, wo man hineinfahren und herausfahren kann"
9347,s69,horse,mammal,Pferd,ein Tier
9348,s69,horse,mammal,Pferd,zum reiten
9349,s69,horse,mammal,Pferd,Mähne
9350,s69,horse,mammal,Pferd,Schweif
9351,s69,horse,mammal,Pferd,steht auf vier Beinen
9352,s69,horse,mammal,Pferd,auf dem Rücken reitet man
9353,s69,horse,mammal,Pferd,besitzt Hufen statt Füße
9354,s69,potato,vegetable,Kartoffel,ein Gemüse
9355,s69,potato,vegetable,Kartoffel,rund
9356,s69,potato,vegetable,Kartoffel,braun
9357,s69,potato,vegetable,Kartoffel,wächst in der Erde
9358,s69,potato,vegetable,Kartoffel,zu vielen Produkten verarbeitet
9359,s69,potato,vegetable,Kartoffel,Pommes Frittes
9360,s69,seagull,bird,Möwe,ein Vogel
9361,s69,seagull,bird,Möwe,lebt am Meer
9362,s69,seagull,bird,Möwe,großer Schnabel
9363,s69,seagull,bird,Möwe,weiße Federn
9364,s69,seagull,bird,Möwe,groß
9365,s69,jacket,clothing,Jacke,ein Kleidungsstück
9366,s69,jacket,clothing,Jacke,im Winter
9367,s69,jacket,clothing,Jacke,Ärmel
9368,s69,jacket,clothing,Jacke,verschieden lang
9369,s69,jacket,clothing,Jacke,mit Reißverschluss zum Öffnen
9370,s69,jacket,clothing,Jacke,sollte regenfest sein
9371,s69,jacket,clothing,Jacke,sollte schneefest sein
9372,s69,tower,building,Turm,Teil eines Schlosses
9373,s69,tower,building,Turm,Teil einer Kirche
9374,s69,tower,building,Turm,höher als Rest des Gebäudes
9375,s69,tower,building,Turm,höher als Rest des Gebäudes
9376,s69,tower,building,Turm,nicht breit
9377,s69,tower,building,Turm,im Kirchturm hängt Glocke
9378,s69,tower,building,Turm,bestehend aus Stein
9379,s69,leg,bodypart,Bein,Teil des menschlichen Körpers
9380,s69,leg,bodypart,Bein,wir besitzen zwei
9381,s69,leg,bodypart,Bein,wir gehen mit ihnen
9382,s69,leg,bodypart,Bein,am unteren Ende mit Füßen verbunden
9383,s69,leg,bodypart,Bein,am oberen Ende mit Becken verbunden
9384,s69,chemise,clothing,Hemd,Kleidungsstück
9385,s69,chemise,clothing,Hemd,der Männer
9386,s69,chemise,clothing,Hemd,besitzen Kragen
9387,s69,chemise,clothing,Hemd,am Armende (bei Händen) mit Manschettenknöpfen zu schließen
9388,s69,chemise,clothing,Hemd,mit Knöpfen zu öffnen
9389,s69,chemise,clothing,Hemd,dünnerer Stoff
9390,s69,owl,bird,Eule,ein Nachttier
9391,s69,owl,bird,Eule,ein Nachttier
9392,s69,owl,bird,Eule,Vogel
9393,s69,owl,bird,Eule,mit braunen Federn
9394,s69,owl,bird,Eule,mit großen Augen
9395,s69,owl,bird,Eule,sitzt auf Bäumen
9396,s69,hand,bodypart,Hand,ein Körperteil
9397,s69,hand,bodypart,Hand,wir besitzen 2
9398,s69,hand,bodypart,Hand,mit 5 Fingern
9399,s69,hand,bodypart,Hand,mit Fingernägeln
9400,s69,hand,bodypart,Hand,durch Handgelenk mit Arm verbunden
9401,s69,skyscraper,building,Wolkenkratzer,hoch
9402,s69,skyscraper,building,Wolkenkratzer,ein Haus
9403,s69,skyscraper,building,Wolkenkratzer,mit ca. mehr als 100 Stockwerken
9404,s69,skyscraper,building,Wolkenkratzer,modern
9405,s69,skyscraper,building,Wolkenkratzer,modern in New York
9406,s69,skyscraper,building,Wolkenkratzer,modern in New York
9407,s69,skyscraper,building,Wolkenkratzer,modern in Metropolen
9408,s69,skyscraper,building,Wolkenkratzer,modern in Metropolen
9409,s69,paintbrush,implement,Pinsel,benutzt man zum Malen
9410,s69,paintbrush,implement,Pinsel,mit Wasserfarben
9411,s69,paintbrush,implement,Pinsel,einen Stiel
9412,s69,paintbrush,implement,Pinsel,mit Borsten
9413,s69,paintbrush,implement,Pinsel,mit Haaren
9414,s69,paintbrush,implement,Pinsel,ca. 15 cm lang
9415,s69,airplane,vehicle,Flugzeug,Fortbewegungsmittel
9416,s69,airplane,vehicle,Flugzeug,Form eines riesigen Vogels
9417,s69,airplane,vehicle,Flugzeug,fliegt in der Luft
9418,s69,airplane,vehicle,Flugzeug,fliegt in der Luft
9419,s69,airplane,vehicle,Flugzeug,10000 km übern Meeresspiegel
9420,s69,airplane,vehicle,Flugzeug,je nach Größe wie viele Menschen transportiert werden
9421,s69,airplane,vehicle,Flugzeug,je nach Größe wie viele Menschen transportiert werden
9422,s69,airplane,vehicle,Flugzeug,je nach Größe wie viele Menschen transportiert werden
9423,s69,closet,furniture,Schrank,ein Möbelstück
9424,s69,closet,furniture,Schrank,viele Materialien aus denen gemacht
9425,s69,closet,furniture,Schrank,hat Fächer
9426,s69,closet,furniture,Schrank,Ablageanlage
9427,s69,closet,furniture,Schrank,Ablageanlage
9428,s69,comb,implement,Kamm,um Haare zu bürsten
9429,s69,comb,implement,Kamm,im Badezimmer
9430,s69,comb,implement,Kamm,aus Holz
9431,s69,comb,implement,Kamm,aus Plastik
9432,s70,bridge,building,Brücke,Verbindung zwischen 2 Städten
9433,s70,bridge,building,Brücke,Autos darüber gehen
9434,s70,bridge,building,Brücke,Autos darüber gehen
9435,s70,bridge,building,Brücke,Menschen darüber gehen
9436,s70,bridge,building,Brücke,Menschen darüber gehen
9437,s70,bridge,building,Brücke,damit Flüsse überqueren
9438,s70,sparrow,bird,Spatz,ein Vogel
9439,s70,sparrow,bird,Spatz,ein Tier
9440,s70,sparrow,bird,Spatz,lebt in der freien Natur
9441,s70,sparrow,bird,Spatz,unter Naturschutz
9442,s70,seagull,bird,Möwe,lebt am Meer
9443,s70,seagull,bird,Möwe,ein Tier
9444,s70,seagull,bird,Möwe,das fliegen kann
9445,s70,seagull,bird,Möwe,weiß
9446,s70,seagull,bird,Möwe,macht komische Laute
9447,s70,orange,fruit,Orange,Frucht
9448,s70,orange,fruit,Orange,rundlich
9449,s70,orange,fruit,Orange,orange
9450,s70,orange,fruit,Orange,etwas größer als Mandarine
9451,s70,orange,fruit,Orange,ca. gleich groß wie Tennisball
9452,s70,orange,fruit,Orange,süßlich
9453,s70,chair,furniture,Stuhl,darauf sitzen
9454,s70,chair,furniture,Stuhl,aus Holz
9455,s70,chair,furniture,Stuhl,kauft es zusammen mit einem Tisch
9456,s70,chair,furniture,Stuhl,kauft es zusammen mit einem Tisch
9457,s70,onion,vegetable,Zwiebel,Gemüse
9458,s70,onion,vegetable,Zwiebel,"muss weinen, wenn man ihn aufschneidet"
9459,s70,onion,vegetable,Zwiebel,kann ihn roh essen
9460,s70,onion,vegetable,Zwiebel,kann ihn gekocht essen
9461,s70,onion,vegetable,Zwiebel,weiß
9462,s70,horse,mammal,Pferd,groß
9463,s70,horse,mammal,Pferd,ein Tier
9464,s70,horse,mammal,Pferd,wiehert
9465,s70,horse,mammal,Pferd,auf ihr reiten
9466,s70,horse,mammal,Pferd,kann es schlachten
9467,s70,horse,mammal,Pferd,kann es essen
9468,s70,spinach,vegetable,Spinat,Gemüse
9469,s70,spinach,vegetable,Spinat,grün
9470,s70,spinach,vegetable,Spinat,"muss es kochen, um es essen zu können"
9471,s70,spinach,vegetable,Spinat,vitaminreich
9472,s70,armchair,furniture,Sessel,steht im Wohnzimmer
9473,s70,armchair,furniture,Sessel,gemütlich
9474,s70,armchair,furniture,Sessel,hat zwei Armlehnen
9475,s70,armchair,furniture,Sessel,man liest darin die Zeitung
9476,s70,armchair,furniture,Sessel,man ruht sich darin aus
9477,s70,bed,furniture,Bett,im Schlafzimmer
9478,s70,bed,furniture,Bett,2 m lang
9479,s70,bed,furniture,Bett,120 cm breit
9480,s70,bed,furniture,Bett,schläft darin
9481,s70,bed,furniture,Bett,gemütlich
9482,s70,eye,bodypart,Auge,eines der wichtigsten Sinnesorgane
9483,s70,eye,bodypart,Auge,eines der wichtigsten Sinnesorgane
9484,s70,eye,bodypart,Auge,ein Körperteil
9485,s70,eye,bodypart,Auge,damit sehen
9486,s70,eye,bodypart,Auge,verschiedene Farben
9487,s70,jacket,clothing,Jacke,etwas anziehen
9488,s70,jacket,clothing,Jacke,verschiedene Arten
9489,s70,jacket,clothing,Jacke,Winterjacken
9490,s70,jacket,clothing,Jacke,Sommerjacken
9491,s70,jacket,clothing,Jacke,kauft es im Geschäft
9492,s70,jacket,clothing,Jacke,alle Menschen tragen sie
9493,s70,chemise,clothing,Hemd,Für Männer
9494,s70,chemise,clothing,Hemd,für Frauen
9495,s70,chemise,clothing,Hemd,Kleidungsstück
9496,s70,chemise,clothing,Hemd,verschiedene Farben
9497,s70,comb,implement,Kamm,kämmt damit die Haare
9498,s70,comb,implement,Kamm,verschiedene Modelle
9499,s70,comb,implement,Kamm,aus Holz
9500,s70,ship,vehicle,Schiff,Transportmittel
9501,s70,ship,vehicle,Schiff,Transportmittel
9502,s70,ship,vehicle,Schiff,Leute zu transportieren
9503,s70,ship,vehicle,Schiff,Leute zu transportieren
9504,s70,ship,vehicle,Schiff,Waren zu transportieren
9505,s70,ship,vehicle,Schiff,Waren zu transportieren
9506,s70,ship,vehicle,Schiff,das Meer zu überqueren
9507,s70,cherry,fruit,Kirsche,Frucht
9508,s70,cherry,fruit,Kirsche,auf dem Kirschbaum
9509,s70,cherry,fruit,Kirsche,rot
9510,s70,cherry,fruit,Kirsche,hat zwei Kerne
9511,s70,cherry,fruit,Kirsche,eigentlich zwei Früchte
9512,s70,cherry,fruit,Kirsche,eigentlich zwei Früchte
9513,s70,bus,vehicle,Bus,Verkehrsmittel
9514,s70,bus,vehicle,Bus,transportiert Leute von einem Ort zum anderen
9515,s70,bus,vehicle,Bus,transportiert Leute von einem Ort zum anderen
9516,s70,bus,vehicle,Bus,transportiert Leute von einem Ort zum anderen
9517,s70,bus,vehicle,Bus,Stadtbusse
9518,s70,bus,vehicle,Bus,Reisebusse
9519,s70,woodpecker,bird,Specht,Vogel
9520,s70,woodpecker,bird,Specht,lebt im Wald
9521,s70,woodpecker,bird,Specht,hämmert gegen Baum
9522,s70,woodpecker,bird,Specht,bunt
9523,s70,woodpecker,bird,Specht,Federn
9524,s70,church,building,Kirche,Gebäude
9525,s70,church,building,Kirche,in jeder Stadt
9526,s70,church,building,Kirche,in jedem Dorf
9527,s70,church,building,Kirche,betet darin
9528,s70,hand,bodypart,Hand,Körperteil
9529,s70,hand,bodypart,Hand,man hat zwei davon
9530,s70,hand,bodypart,Hand,man braucht sie ständig
9531,s70,hand,bodypart,Hand,um Dinge zu machen
9532,s70,hand,bodypart,Hand,besteht aus 5 Fingern
9533,s70,hand,bodypart,Hand,Hautfarbe
9534,s70,hand,bodypart,Hand,man kann
9535,s70,pineapple,fruit,Ananas,Frucht
9536,s70,pineapple,fruit,Ananas,gelb
9537,s70,pineapple,fruit,Ananas,schneidet sie in Scheiben
9538,s70,pineapple,fruit,Ananas,importiert aus anderen Ländern
9539,s70,skyscraper,building,Wolkenkratzer,hoch
9540,s70,skyscraper,building,Wolkenkratzer,Haus
9541,s70,skyscraper,building,Wolkenkratzer,hat Fenster
9542,s70,skyscraper,building,Wolkenkratzer,flaches Dach
9543,s70,skyscraper,building,Wolkenkratzer,viele Wohnungen
9544,s70,apple,fruit,Apfel,bekannteste Frucht in Südtirol
9545,s70,apple,fruit,Apfel,bekannteste Frucht in Südtirol
9546,s70,apple,fruit,Apfel,grün/rot
9547,s70,apple,fruit,Apfel,gelb
9548,s70,apple,fruit,Apfel,wächst auf Bäumen
9549,s70,pear,fruit,Birne,Frucht
9550,s70,pear,fruit,Birne,gelb
9551,s70,pear,fruit,Birne,komische Form
9552,s70,pear,fruit,Birne,wächst auf Bäumen
9553,s70,dog,mammal,Hund,Tier
9554,s70,dog,mammal,Hund,Haustier
9555,s70,dog,mammal,Hund,Haustier
9556,s70,dog,mammal,Hund,Begleiter des Menschen
9557,s70,dog,mammal,Hund,"wuf, wuf - Laut"
9558,s70,dog,mammal,Hund,verschiedene Rassen
9559,s71,owl,bird,Eule,Tier
9560,s71,owl,bird,Eule,kann fliegen
9561,s71,owl,bird,Eule,Vogel
9562,s71,owl,bird,Eule,Nachtvogel
9563,s71,owl,bird,Eule,Nachtvogel
9564,s71,owl,bird,Eule,Ähnlichkeiten mit einem Uhu
9565,s71,owl,bird,Eule,auf der 1-Euro-Münze von Griechenland abgebildet
9566,s71,bed,furniture,Bett,dort verbringt man die Nacht
9567,s71,bed,furniture,Bett,wenn man schläft
9568,s71,bed,furniture,Bett,flach
9569,s71,bed,furniture,Bett,weich
9570,s71,bed,furniture,Bett,ca. 2 x 3
9571,s71,bed,furniture,Bett,aus Kissen
9572,s71,bed,furniture,Bett,Decke
9573,s71,tower,building,Turm,hoch
9574,s71,tower,building,Turm,schmal
9575,s71,tower,building,Turm,Gebäude
9576,s71,tower,building,Turm,mittelalterliches Aussehen
9577,s71,tower,building,Turm,gut sichtbar
9578,s71,train,vehicle,Zug,Transportmittel
9579,s71,train,vehicle,Zug,Transportmittel
9580,s71,train,vehicle,Zug,darin sitzen
9581,s71,train,vehicle,Zug,Personentransport
9582,s71,train,vehicle,Zug,Personentransport
9583,s71,train,vehicle,Zug,Gütertransport
9584,s71,train,vehicle,Zug,Gütertransport
9585,s71,train,vehicle,Zug,kann hohe Geschwindigkiten erzielen
9586,s71,onion,vegetable,Zwiebel,wird fein aufgehackt
9587,s71,onion,vegetable,Zwiebel,Gemüse
9588,s71,onion,vegetable,Zwiebel,um den Geschmack zu betonen
9589,s71,onion,vegetable,Zwiebel,bringt einen während des Aufhackens zum Weinen
9590,s71,rabbit,mammal,Hase,Tier
9591,s71,rabbit,mammal,Hase,hüpft
9592,s71,rabbit,mammal,Hase,Symbol zu Ostern
9593,s71,rabbit,mammal,Hase,kann man essen
9594,s71,rabbit,mammal,Hase,4-beinig
9595,s71,shoes,clothing,Schuhe,trägt man an den Füßen
9596,s71,shoes,clothing,Schuhe,Schutz vor Verletzungen
9597,s71,shoes,clothing,Schuhe,verschiedene Farben
9598,s71,shoes,clothing,Schuhe,verschiedene Größen
9599,s71,shoes,clothing,Schuhe,verschiedene Marken
9600,s71,shoes,clothing,Schuhe,muss oft gewechselt werden
9601,s71,corn,vegetable,Mais,Gemüse
9602,s71,corn,vegetable,Mais,schaut gelb aus
9603,s71,corn,vegetable,Mais,"lang, sowie schmal"
9604,s71,corn,vegetable,Mais,"lang, sowie schmal"
9605,s71,corn,vegetable,Mais,daraus Popcorn machen
9606,s71,corn,vegetable,Mais,wächst in warmen Gebieten
9607,s71,goose,bird,Gans,Tier
9608,s71,goose,bird,Gans,gleichwarm
9609,s71,goose,bird,Gans,hat einen Schnabel
9610,s71,goose,bird,Gans,männlich: Gänserich
9611,s71,leg,bodypart,Bein,Bestandteil des menschlichen Körpers
9612,s71,leg,bodypart,Bein,ermöglicht dem Menschen zu gehen
9613,s71,leg,bodypart,Bein,aus Wadenbein
9614,s71,leg,bodypart,Bein,Schienbein
9615,s71,leg,bodypart,Bein,hat einen Fuß
9616,s71,seagull,bird,Möwe,Vogel
9617,s71,seagull,bird,Möwe,fliegt
9618,s71,seagull,bird,Möwe,lebt am Meer
9619,s71,seagull,bird,Möwe,weiß und schwarz
9620,s71,seagull,bird,Möwe,orangenen Schnabel
9621,s71,paintbrush,implement,Pinsel,Gegenstand
9622,s71,paintbrush,implement,Pinsel,kann ihn in Farben eindunken
9623,s71,paintbrush,implement,Pinsel,damit malen
9624,s71,paintbrush,implement,Pinsel,aus Fell von Tieren
9625,s71,woodpecker,bird,Specht,Vogel
9626,s71,woodpecker,bird,Specht,fliegt
9627,s71,woodpecker,bird,Specht,frisst Insekten
9628,s71,woodpecker,bird,Specht,lebt auf Bäumen
9629,s71,woodpecker,bird,Specht,hat spitzen Schnabel
9630,s71,finger,bodypart,Finger,hat man 10
9631,s71,finger,bodypart,Finger,pro Hand 5
9632,s71,finger,bodypart,Finger,zum Erledigen von Arbeiten
9633,s71,finger,bodypart,Finger,damit schreibt man
9634,s71,cherry,fruit,Kirsche,eine Frucht
9635,s71,cherry,fruit,Kirsche,rot
9636,s71,cherry,fruit,Kirsche,herzförmig
9637,s71,cherry,fruit,Kirsche,kann mit einer 2. zusammenhängen
9638,s71,potato,vegetable,Kartoffel,1492 in Amerika entdeckt
9639,s71,potato,vegetable,Kartoffel,besteht fast nur aus Stärke
9640,s71,potato,vegetable,Kartoffel,gelb
9641,s71,potato,vegetable,Kartoffel,so groß wie eine Tomate
9642,s71,potato,vegetable,Kartoffel,wächst unter der Erde
9643,s71,bear,mammal,Bär,Tier
9644,s71,bear,mammal,Bär,Säugetier
9645,s71,bear,mammal,Bär,Säugetier
9646,s71,bear,mammal,Bär,braun
9647,s71,bear,mammal,Bär,weiß
9648,s71,bear,mammal,Bär,schwarz
9649,s71,bear,mammal,Bär,groß
9650,s71,bear,mammal,Bär,größer als Mensch
9651,s71,bear,mammal,Bär,gefährlich
9652,s71,sword,implement,Schwert,Gegenstand zum Kämpfen
9653,s71,sword,implement,Schwert,hat scharfe Kante
9654,s71,sword,implement,Schwert,hat einen Hebel
9655,s71,sword,implement,Schwert,haben Soldaten
9656,s71,bridge,building,Brücke,verbindet Territorien
9657,s71,bridge,building,Brücke,ein Aquädukt befindet sich unmittelbar darunter
9658,s71,bridge,building,Brücke,baut ein Ingenieur
9659,s71,bridge,building,Brücke,können Wahrzeichen sein
9660,s71,horse,mammal,Pferd,Säugetier
9661,s71,horse,mammal,Pferd,Unpaarhufer
9662,s71,horse,mammal,Pferd,galoppiert
9663,s71,horse,mammal,Pferd,damit Rennen gemacht
9664,s71,horse,mammal,Pferd,wie großer Hund
9665,s71,apple,fruit,Apfel,Obst
9666,s71,apple,fruit,Apfel,kann man essen
9667,s71,apple,fruit,Apfel,groß wie ein Tennisball
9668,s71,apple,fruit,Apfel,verschiedene Arten
9669,s71,sparrow,bird,Spatz,Vogel
9670,s71,sparrow,bird,Spatz,fliegt
9671,s71,sparrow,bird,Spatz,klein wie eine Amsel
9672,s71,sparrow,bird,Spatz,Musikgruppe Kastelruther Spatzen
9673,s71,pineapple,fruit,Ananas,gelb
9674,s71,pineapple,fruit,Ananas,Frucht
9675,s71,pineapple,fruit,Ananas,exotisch
9676,s71,pineapple,fruit,Ananas,wächst auf Bäumen
9677,s71,eye,bodypart,Auge,davon hat man 2
9678,s71,eye,bodypart,Auge,zum Sehen
9679,s71,eye,bodypart,Auge,verschiedene Augenfarben
9680,s71,pear,fruit,Birne,eine Frucht
9681,s71,pear,fruit,Birne,wächst im Herbst
9682,s71,pear,fruit,Birne,Form: Figur einer Frau
9683,s71,pear,fruit,Birne,grün
9684,s72,paintbrush,implement,Pinsel,Gegenstand
9685,s72,paintbrush,implement,Pinsel,hilft mit Farbe ein Gemälde zu malen
9686,s72,paintbrush,implement,Pinsel,aus Stiel
9687,s72,paintbrush,implement,Pinsel,"Haare am Ende, sogenannte Borsten"
9688,s72,paintbrush,implement,Pinsel,Haarpinsel
9689,s72,paintbrush,implement,Pinsel,weiche Haare
9690,s72,paintbrush,implement,Pinsel,Borstenpinsel
9691,s72,paintbrush,implement,Pinsel,steife Haare
9692,s72,paintbrush,implement,Pinsel,Maler benutzen so einen
9693,s72,church,building,Kirche,Gläubige des Christentums gehen in dieses
9694,s72,church,building,Kirche,Gebäude
9695,s72,church,building,Kirche,um zu beten
9696,s72,church,building,Kirche,"Pfarrer arbeitet dort, nimmt Beichten ab und haltet Messen"
9697,s72,church,building,Kirche,Gebäude
9698,s72,church,building,Kirche,"besitzt Glocken, die jede volle Stunde läuten"
9699,s72,church,building,Kirche,dort sind meist alte Gemälde
9700,s72,sparrow,bird,Spatz,ein Lebewesen
9701,s72,sparrow,bird,Spatz,ein Vogel
9702,s72,sparrow,bird,Spatz,hat Federn
9703,s72,sparrow,bird,Spatz,hat Schnabel
9704,s72,sparrow,bird,Spatz,zwitschert
9705,s72,sparrow,bird,Spatz,baut Nester für seine Jungtiere
9706,s72,sparrow,bird,Spatz,so groß wie eine Ratte
9707,s72,owl,bird,Eule,ein Lebewesen
9708,s72,owl,bird,Eule,nachtaktiv
9709,s72,owl,bird,Eule,Vogel
9710,s72,owl,bird,Eule,groß
9711,s72,owl,bird,Eule,hat Gulleraugen
9712,s72,owl,bird,Eule,kann seinen Kopf 180 Grad drehen
9713,s72,owl,bird,Eule,hat Federn
9714,s72,owl,bird,Eule,jagt Mäuse
9715,s72,comb,implement,Kamm,damit kämmt man Haare
9716,s72,comb,implement,Kamm,hat viele kleine Stäbe mit denen man Knoten im Haar lösen kann
9717,s72,comb,implement,Kamm,aus Holz gemacht
9718,s72,comb,implement,Kamm,hat viele kleine Stäbe mit denen man Knoten im Haar lösen kann
9719,s72,comb,implement,Kamm,aus Plastik gemacht
9720,s72,comb,implement,Kamm,an die Hand angepasst
9721,s72,onion,vegetable,Zwiebel,ein Gemüse
9722,s72,onion,vegetable,Zwiebel,rund
9723,s72,onion,vegetable,Zwiebel,rot
9724,s72,onion,vegetable,Zwiebel,weiß
9725,s72,onion,vegetable,Zwiebel,kann sie schälen
9726,s72,onion,vegetable,Zwiebel,"muss weinen, wenn man sie aufschneidet"
9727,s72,onion,vegetable,Zwiebel,wächst unter der Erde
9728,s72,onion,vegetable,Zwiebel,gibt man bei Gerichten dazu
9729,s72,onion,vegetable,Zwiebel,kann man essen
9730,s72,table,furniture,Tisch,darauf Sachen abstellen
9731,s72,table,furniture,Tisch,rechteckige Platte
9732,s72,table,furniture,Tisch,mit 4 Holzbeinen
9733,s72,table,furniture,Tisch,darauf isst man
9734,s72,table,furniture,Tisch,gehört zu den Möbeln
9735,s72,chair,furniture,Stuhl,stellt man mit einem Tisch zusammen
9736,s72,chair,furniture,Stuhl,hat eine Lehne
9737,s72,chair,furniture,Stuhl,mit einem Sitz
9738,s72,chair,furniture,Stuhl,von 4 Holzbeinen gestützt
9739,s72,chair,furniture,Stuhl,kann darauf sitzen
9740,s72,broom,implement,Besen,damit macht man sauber
9741,s72,broom,implement,Besen,kann allen Staub zusammenkehren
9742,s72,broom,implement,Besen,hat einen Stiel
9743,s72,broom,implement,Besen,hat unten Stäbe
9744,s72,broom,implement,Besen,hat unten Strohhalme
9745,s72,broom,implement,Besen,benutzt eine Putzfrau
9746,s72,broom,implement,Besen,nützlich wenn man schnell sauber machen muss
9747,s72,tower,building,Turm,hoch
9748,s72,tower,building,Turm,quadratisch
9749,s72,tower,building,Turm,rund
9750,s72,tower,building,Turm,Gebäude
9751,s72,tower,building,Turm,aus Stein
9752,s72,tower,building,Turm,"Funktion, alles um sich herum zu kontrollieren"
9753,s72,armchair,furniture,Sessel,darauf sitzen
9754,s72,armchair,furniture,Sessel,aus Stoff
9755,s72,armchair,furniture,Sessel,nicht wie ein Stuhl mit einem Sitzplatz - er hat zwei
9756,s72,armchair,furniture,Sessel,steht im Wohnzimmer
9757,s72,armchair,furniture,Sessel,nicht wie ein Stuhl mit einem Sitzplatz - er hat zwei
9758,s72,socks,clothing,Socken,tut man auf die Füße
9759,s72,socks,clothing,Socken,um die Füße zu wärmen
9760,s72,socks,clothing,Socken,gleiche Form wie der Fuß
9761,s72,socks,clothing,Socken,Größe wie die Schuhgröße
9762,s72,socks,clothing,Socken,stinken nach dem Benutzen
9763,s72,socks,clothing,Socken,aus Textilstoff
9764,s72,woodpecker,bird,Specht,ein Lebewesen
9765,s72,woodpecker,bird,Specht,ein Vogel
9766,s72,woodpecker,bird,Specht,mit spitzem Schnabel
9767,s72,woodpecker,bird,Specht,"?hämmert gegen den Baum, um oben Insekten zu fangen"
9768,s72,woodpecker,bird,Specht,bekommt beim Hämmern nicht Kopfweh
9769,s72,woodpecker,bird,Specht,bekommt beim Hämmern nicht Kopfweh
9770,s72,woodpecker,bird,Specht,hat Schnabel
9771,s72,woodpecker,bird,Specht,hat Federn
9772,s72,woodpecker,bird,Specht,lebt im Baum
9773,s72,potato,vegetable,Kartoffel,ein Gemüse
9774,s72,potato,vegetable,Kartoffel,wächst unter der Erde
9775,s72,potato,vegetable,Kartoffel,braun
9776,s72,potato,vegetable,Kartoffel,rund
9777,s72,potato,vegetable,Kartoffel,hart
9778,s72,potato,vegetable,Kartoffel,"muss vorher gekocht werden, um sie zu essen"
9779,s72,bear,mammal,Bär,groß
9780,s72,bear,mammal,Bär,Tier
9781,s72,bear,mammal,Bär,Raubtier
9782,s72,bear,mammal,Bär,Raubtier
9783,s72,bear,mammal,Bär,braunes Fell
9784,s72,bear,mammal,Bär,großes Maul
9785,s72,bear,mammal,Bär,fängt Fische mit Maul
9786,s72,bear,mammal,Bär,hält Winterschlaf
9787,s72,bear,mammal,Bär,dick
9788,s72,bear,mammal,Bär,beängstigend
9789,s72,bear,mammal,Bär,"stellt sich auf, wenn es angreifen will"
9790,s72,sword,implement,Schwert,eine Waffe
9791,s72,sword,implement,Schwert,scharf
9792,s72,sword,implement,Schwert,aus Eisen
9793,s72,sword,implement,Schwert,damit töten
9794,s72,sword,implement,Schwert,gehört einem Ritter
9795,s72,sword,implement,Schwert,wird heute nicht mehr gebraucht
9796,s72,jacket,clothing,Jacke,eine Kleidung
9797,s72,jacket,clothing,Jacke,hält einen warm
9798,s72,jacket,clothing,Jacke,zwei Ärmel
9799,s72,jacket,clothing,Jacke,aus Stoff
9800,s72,jacket,clothing,Jacke,gleiche Form wie Oberkörper
9801,s72,jacket,clothing,Jacke,aus Textilstoff
9802,s72,orange,fruit,Orange,ein Obst
9803,s72,orange,fruit,Orange,orange
9804,s72,orange,fruit,Orange,rund
9805,s72,orange,fruit,Orange,schälen bevor man sie isst
9806,s72,orange,fruit,Orange,hart
9807,s72,orange,fruit,Orange,Schale ist sauer
9808,s72,orange,fruit,Orange,Schale nicht essen
9809,s72,orange,fruit,Orange,wächst auf Baum
9810,s72,chemise,clothing,Hemd,eine Kleidung
9811,s72,chemise,clothing,Hemd,gleiche Form wie Oberkörper
9812,s72,chemise,clothing,Hemd,aus nicht dickem Stoff
9813,s72,chemise,clothing,Hemd,hat Knöpfe
9814,s72,chemise,clothing,Hemd,hat einen Kragen
9815,s72,chemise,clothing,Hemd,"tragen nur Männer, aber heutzutage auch Männer"
9816,s72,hand,bodypart,Hand,ein Körperteil
9817,s72,hand,bodypart,Hand,Glied eines Menschen
9818,s72,hand,bodypart,Hand,besitzt 5 Finger
9819,s72,hand,bodypart,Hand,Daumen
9820,s72,hand,bodypart,Hand,Zeigefinger
9821,s72,hand,bodypart,Hand,Mittelfinger
9822,s72,hand,bodypart,Hand,Ringfinger
9823,s72,hand,bodypart,Hand,kleiner Finger
9824,s72,hand,bodypart,Hand,um Sachen zu tasten
9825,s72,hand,bodypart,Hand,um Sachen greifen zu können
9826,s72,hand,bodypart,Hand,aus Fleisch
9827,s72,hand,bodypart,Hand,hat Nägel
9828,s72,skyscraper,building,Wolkenkratzer,groß
9829,s72,skyscraper,building,Wolkenkratzer,Gebäude
9830,s72,skyscraper,building,Wolkenkratzer,sind Büros
9831,s72,skyscraper,building,Wolkenkratzer,in Amerika
9832,s72,skyscraper,building,Wolkenkratzer,in großen Städten
9833,s72,monkey,mammal,Affe,ein Tier
9834,s72,monkey,mammal,Affe,ein Primat
9835,s72,monkey,mammal,Affe,davon stammen wir ab
9836,s72,monkey,mammal,Affe,"gleiches Aussehen wie Mensch, nur mit Haaren"
9837,s72,monkey,mammal,Affe,geht gebückt
9838,s72,airplane,vehicle,Flugzeug,Transportmittel
9839,s72,airplane,vehicle,Flugzeug,fliegt
9840,s72,airplane,vehicle,Flugzeug,schnell
9841,s72,airplane,vehicle,Flugzeug,hat zwei Flügel
9842,s72,airplane,vehicle,Flugzeug,trotz großen Gewichts hält es sich in der Luft
9843,s72,airplane,vehicle,Flugzeug,trotz großen Gewichts hält es sich in der Luft
9844,s72,cherry,fruit,Kirsche,ein Obst
9845,s72,cherry,fruit,Kirsche,rund
9846,s72,cherry,fruit,Kirsche,rot
9847,s72,cherry,fruit,Kirsche,klein
9848,s72,cherry,fruit,Kirsche,ein paar Kirschen hangen mit dem Stängel zusammen
9849,s72,cherry,fruit,Kirsche,süß
9850,s72,cherry,fruit,Kirsche,hat Kern
9851,s72,train,vehicle,Zug,Transportmittel
9852,s72,train,vehicle,Zug,Transportmittel
9853,s72,train,vehicle,Zug,schnell
9854,s72,train,vehicle,Zug,aus Waggons
9855,s72,train,vehicle,Zug,und Zug
9856,s72,train,vehicle,Zug,lang
9857,s72,train,vehicle,Zug,fährt auf Gleisen
9858,s73,sweater,clothing,Pullover,kann man anziehen
9859,s73,sweater,clothing,Pullover,wenn man zu kalt hat
9860,s73,sweater,clothing,Pullover,aus Stoff
9861,s73,sweater,clothing,Pullover,aus Wolle
9862,s73,sweater,clothing,Pullover,für den Oberkörper
9863,s73,sweater,clothing,Pullover,bedeckt Bauch
9864,s73,sweater,clothing,Pullover,bedeckt Arme
9865,s73,sweater,clothing,Pullover,bedeckt Rücken
9866,s73,orange,fruit,Orange,Südfrucht
9867,s73,orange,fruit,Orange,Südfrucht
9868,s73,orange,fruit,Orange,besteht aus Zehen
9869,s73,orange,fruit,Orange,saftig
9870,s73,orange,fruit,Orange,bisschen sauer
9871,s73,orange,fruit,Orange,Schale
9872,s73,eye,bodypart,Auge,man hat 2 am Kopf
9873,s73,eye,bodypart,Auge,man hat 2 am Kopf
9874,s73,eye,bodypart,Auge,ober der Nase
9875,s73,eye,bodypart,Auge,zum Erkennen
9876,s73,eye,bodypart,Auge,Farben
9877,s73,eye,bodypart,Auge,geschützt durch Lid
9878,s73,eye,bodypart,Auge,geschützt durch Wimpern
9879,s73,potato,vegetable,Kartoffel,Lebensmittel
9880,s73,potato,vegetable,Kartoffel,aus Wasser
9881,s73,potato,vegetable,Kartoffel,aus Stärke
9882,s73,potato,vegetable,Kartoffel,Bestandteil von vielen Gerichten
9883,s73,potato,vegetable,Kartoffel,kommt aus Amerika
9884,s73,potato,vegetable,Kartoffel,hart
9885,s73,potato,vegetable,Kartoffel,hat Schale
9886,s73,goose,bird,Gans,Schnabel
9887,s73,goose,bird,Gans,Federn
9888,s73,goose,bird,Gans,essbar
9889,s73,goose,bird,Gans,Tier
9890,s73,goose,bird,Gans,kann schwimmen
9891,s73,goose,bird,Gans,Landtier
9892,s73,goose,bird,Gans,Landtier
9893,s73,goose,bird,Gans,legt Eier
9894,s73,peas,vegetable,Erbsen,Gemüse
9895,s73,peas,vegetable,Erbsen,grün
9896,s73,peas,vegetable,Erbsen,klein Kugeln
9897,s73,peas,vegetable,Erbsen,klein Kugeln
9898,s73,peas,vegetable,Erbsen,in einer Schote sind mehrere vorhanden
9899,s73,shoes,clothing,Schuhe,schützen die Füße
9900,s73,shoes,clothing,Schuhe,schützen die Füße
9901,s73,shoes,clothing,Schuhe,haben harte Unterlage
9902,s73,shoes,clothing,Schuhe,Schulitzen
9903,s73,shoes,clothing,Schuhe,mehrere Formen
9904,s73,shoes,clothing,Schuhe,Frauen lieben sie
9905,s73,onion,vegetable,Zwiebel,bringt zum Weinen
9906,s73,onion,vegetable,Zwiebel,Gemüse
9907,s73,onion,vegetable,Zwiebel,hat mehrere Schichten
9908,s73,onion,vegetable,Zwiebel,Haut
9909,s73,onion,vegetable,Zwiebel,zum Kochen für den Geschmack
9910,s73,onion,vegetable,Zwiebel,helle Farbe
9911,s73,owl,bird,Eule,Nachttier
9912,s73,owl,bird,Eule,Nachttier
9913,s73,owl,bird,Eule,hat 2 große Augen
9914,s73,owl,bird,Eule,Vogel
9915,s73,owl,bird,Eule,dunkelbraune Federn
9916,s73,owl,bird,Eule,klein
9917,s73,owl,bird,Eule,man sieht sie meistens auf Ästen ruhen
9918,s73,woodpecker,bird,Specht,pickt Löcher in Bäumen
9919,s73,woodpecker,bird,Specht,Vogel
9920,s73,woodpecker,bird,Specht,bunte Federn
9921,s73,woodpecker,bird,Specht,klein
9922,s73,woodpecker,bird,Specht,Tier
9923,s73,woodpecker,bird,Specht,im Wald beheimatet
9924,s73,bear,mammal,Bär,groß
9925,s73,bear,mammal,Bär,braunes Fell
9926,s73,bear,mammal,Bär,lebt im Wald
9927,s73,bear,mammal,Bär,hat große Pratzen
9928,s73,sword,implement,Schwert,Ritter
9929,s73,sword,implement,Schwert,aus Eisen
9930,s73,sword,implement,Schwert,wie ein Messer
9931,s73,sword,implement,Schwert,kann töten
9932,s73,sword,implement,Schwert,schneidet verschiedene Materialien
9933,s73,sword,implement,Schwert,hat einen Griff
9934,s73,horse,mammal,Pferd,darauf reiten
9935,s73,horse,mammal,Pferd,Unpaarhufer
9936,s73,horse,mammal,Pferd,kann schnell laufen
9937,s73,horse,mammal,Pferd,Lieblingstier vieler Kinder
9938,s73,horse,mammal,Pferd,groß
9939,s73,horse,mammal,Pferd,hat ein Maul
9940,s73,horse,mammal,Pferd,mag gerne Zucker
9941,s73,monkey,mammal,Affe,liegt dem Menschen nahe
9942,s73,monkey,mammal,Affe,isst Bananen
9943,s73,monkey,mammal,Affe,geht auf 2 Beinen und stützt sich manchmal auf den Händen
9944,s73,ship,vehicle,Schiff,schwimmt auf dem Wasser
9945,s73,ship,vehicle,Schiff,transportiert Menschen
9946,s73,ship,vehicle,Schiff,transportiert Menschen
9947,s73,ship,vehicle,Schiff,hat Segel
9948,s73,ship,vehicle,Schiff,hat Motor
9949,s73,airplane,vehicle,Flugzeug,gleitet in der Luft
9950,s73,airplane,vehicle,Flugzeug,gleitet in der Luft
9951,s73,airplane,vehicle,Flugzeug,transportiert Menschen
9952,s73,airplane,vehicle,Flugzeug,transportiert Menschen
9953,s73,airplane,vehicle,Flugzeug,eine neuere Erfindung
9954,s73,airplane,vehicle,Flugzeug,funktioniert mit Treibstoff
9955,s73,airplane,vehicle,Flugzeug,produziert Abgase
9956,s73,airplane,vehicle,Flugzeug,hilft größere Distanzen zu bewältigen
9957,s73,broom,implement,Besen,damit putzen
9958,s73,broom,implement,Besen,hat einen Stiel
9959,s73,broom,implement,Besen,unteres Teil aus Stroh
9960,s73,church,building,Kirche,Symbol das Kreuz
9961,s73,church,building,Kirche,Treffpunkt der Christen
9962,s73,church,building,Kirche,Treffpunkt der Christen
9963,s73,church,building,Kirche,Gebäude
9964,s73,church,building,Kirche,mit einem Turm
9965,s73,church,building,Kirche,dort sitzen
9966,s73,church,building,Kirche,dort dem Pfarrer zuhören
9967,s73,church,building,Kirche,prachtvoll
9968,s73,bridge,building,Brücke,"verbindet 2 Landteile, welche durch Wasser oder einen Abgrund getrennt werden"
9969,s73,bridge,building,Brücke,ist ein Rundbogen
9970,s73,bridge,building,Brücke,aus Holz
9971,s73,bridge,building,Brücke,aus Stein
9972,s73,finger,bodypart,Finger,man hat 5 Finger - Hand
9973,s73,finger,bodypart,Finger,zum Ergreifen von Gegenständen
9974,s73,finger,bodypart,Finger,hat einen Nagel
9975,s73,finger,bodypart,Finger,aus Knochen
9976,s73,finger,bodypart,Finger,Haut
9977,s73,finger,bodypart,Finger,Gewebe
9978,s73,truck,vehicle,Lastwagen,größer als ein Auto
9979,s73,truck,vehicle,Lastwagen,transportiert Waren
9980,s73,truck,vehicle,Lastwagen,transportiert Waren
9981,s73,truck,vehicle,Lastwagen,hat 4 Räder
9982,s73,truck,vehicle,Lastwagen,braucht viel Treibstoff
9983,s73,truck,vehicle,Lastwagen,hat einen Fahrer
9984,s73,truck,vehicle,Lastwagen,großer Kofferraum
9985,s73,tower,building,Turm,hoch
9986,s73,tower,building,Turm,hat ein Dach
9987,s73,tower,building,Turm,Kirchturm
9988,s73,tower,building,Turm,Wolkenkratzer in Städten
9989,s73,tower,building,Turm,bei Burgen für Aussichtsstellertun
9990,s73,tower,building,Turm,bei Burgen für Aussichtsstellertun
9991,s73,table,furniture,Tisch,Ablage für Gegenstände
9992,s73,table,furniture,Tisch,hat 4 Füße
9993,s73,table,furniture,Tisch,und darauf große Platte
9994,s73,table,furniture,Tisch,aus Holz
9995,s73,table,furniture,Tisch,um neben zu sitzen Stühle
9996,s73,spinach,vegetable,Spinat,isst Popeye
9997,s73,spinach,vegetable,Spinat,macht stark
9998,s73,spinach,vegetable,Spinat,grün
9999,s73,spinach,vegetable,Spinat,enthält Eisen
10000,s73,spinach,vegetable,Spinat,Gemüse
10001,s73,spinach,vegetable,Spinat,Füllung für Schluzer
10002,s73,spinach,vegetable,Spinat,hassen viele Kinder
10003,s73,closet,furniture,Schrank,Ablage für Kleider
10004,s73,closet,furniture,Schrank,Kleiderhaken
10005,s73,closet,furniture,Schrank,Wände aus Holz
10006,s73,closet,furniture,Schrank,Wände aus Plastik
10007,s73,closet,furniture,Schrank,drinnen leer
10008,s73,closet,furniture,Schrank,Regale
10009,s73,closet,furniture,Schrank,Möbel fürs Haus
10010,s73,closet,furniture,Schrank,Möbel fürs Haus
