num,id,concept_en,category,concept,property
1,s74,hand,bodypart,mano,parte del corpo
2,s74,hand,bodypart,mano,composta da un polso
3,s74,hand,bodypart,mano,composta da 5 dita
4,s74,hand,bodypart,mano,serve a impugnare oggetti
5,s74,hand,bodypart,mano,serve a compiere azioni
6,s74,woodpecker,bird,picchio,uccello
7,s74,woodpecker,bird,picchio,ha piumaggio colorato
8,s74,woodpecker,bird,picchio,è di piccole dimensioni
9,s74,woodpecker,bird,picchio,ha l'abitudine di colpire il tronco degli alberi per utilizzare buco come tana
10,s74,orange,fruit,arancia,agrume
11,s74,orange,fruit,arancia,dal sapore agro-dolce
12,s74,orange,fruit,arancia,ha un colore arancione
13,s74,orange,fruit,arancia,importata dagli Arabi
14,s74,orange,fruit,arancia,contiene vitamina C
15,s74,bus,vehicle,autobus,mezzo
16,s74,bus,vehicle,autobus,di trasporto
17,s74,bus,vehicle,autobus,urbano
18,s74,bus,vehicle,autobus,viagga su ruote
19,s74,bus,vehicle,autobus,guidato da un autista specializzato
20,s74,bus,vehicle,autobus,ferma in precisi punti del suo tracciato
21,s74,corn,vegetable,mais,importato dall'America centrale
22,s74,corn,vegetable,mais,granaglia
23,s74,corn,vegetable,mais,sapore dolce
24,s74,corn,vegetable,mais,ridotte dimensioni
25,s74,bed,furniture,letto,pezzo di arredamento
26,s74,bed,furniture,letto,addetto al riposo
27,s74,bed,furniture,letto,composto da un materasso
28,s74,bed,furniture,letto,composto da un cuscino
29,s74,bed,furniture,letto,composto da un lenzuolo
30,s74,bed,furniture,letto,grande a seconda di chi deve occuparlo
31,s74,bed,furniture,letto,matrimoniale
32,s74,bed,furniture,letto,a castello
33,s74,rabbit,mammal,coniglio,roditore
34,s74,rabbit,mammal,coniglio,mammifero
35,s74,rabbit,mammal,coniglio,molto prolifico
36,s74,rabbit,mammal,coniglio,si nutre di ortaggi
37,s74,rabbit,mammal,coniglio,è agile
38,s74,peas,vegetable,piselli,legumi
39,s74,peas,vegetable,piselli,di colore verde chiaro
40,s74,peas,vegetable,piselli,di dimensioni ridotte
41,s74,peas,vegetable,piselli,crescono nell'orto
42,s74,peas,vegetable,piselli,li usò Mendel
43,s74,closet,furniture,armadio,pezzo d'arredamento
44,s74,closet,furniture,armadio,è di legno
45,s74,closet,furniture,armadio,serve a contenere oggetti ingombranti
46,s74,closet,furniture,armadio,di diverse dimensioni
47,s74,ship,vehicle,nave,mezzo
48,s74,ship,vehicle,nave,di trasporto
49,s74,ship,vehicle,nave,viaggia sull'acqua
50,s74,ship,vehicle,nave,adibita a diverse funzioni
51,s74,ship,vehicle,nave,pilotata da un uomo
52,s74,dog,mammal,cane,animale
53,s74,dog,mammal,cane,da compagnia
54,s74,dog,mammal,cane,i cinesi lo mangiano
55,s74,dog,mammal,cane,di indole aggressiva
56,s74,dog,mammal,cane,morde
57,s74,dog,mammal,cane,sbava
58,s74,dog,mammal,cane,puzza
59,s74,horse,mammal,cavallo,animale
60,s74,horse,mammal,cavallo,da traino
61,s74,horse,mammal,cavallo,raggiunge velocità notevoli
62,s74,horse,mammal,cavallo,usato fin dall'antichità
63,s74,horse,mammal,cavallo,di notevoli dimensioni
64,s74,tongs,implement,pinze,strumento
65,s74,tongs,implement,pinze,da lavoro
66,s74,tongs,implement,pinze,serve a tagliare cavi
67,s74,tongs,implement,pinze,serve a tagliare fili
68,s74,tongs,implement,pinze,variano in grandezza
69,s74,skyscraper,building,grattacielo,abitazione
70,s74,skyscraper,building,grattacielo,molto alto
71,s74,skyscraper,building,grattacielo,occupato da appartamenti
72,s74,skyscraper,building,grattacielo,occupato da uffici
73,s74,skyscraper,building,grattacielo,tipico delle città moderne
74,s74,eye,bodypart,occhio,parte del corpo umano
75,s74,eye,bodypart,occhio,serve a vedere
76,s74,eye,bodypart,occhio,composto da iride
77,s74,eye,bodypart,occhio,composto da pupilla
78,s74,eye,bodypart,occhio,di diversi colori
79,s74,truck,vehicle,camion,mezzo
80,s74,truck,vehicle,camion,di trasporto
81,s74,truck,vehicle,camion,adibito a trasporto merci
82,s74,truck,vehicle,camion,di dimensioni variabili
83,s74,truck,vehicle,camion,viaggia su 4 ruote
84,s74,finger,bodypart,dito,parte della mano
85,s74,finger,bodypart,dito,cresce con l'età
86,s74,apple,fruit,mela,frutto
87,s74,apple,fruit,mela,autunnale
88,s74,apple,fruit,mela,di diversi colori
89,s74,apple,fruit,mela,ha un sapore dolce
90,s74,tower,building,torre,costruzione
91,s74,tower,building,torre,ha una forma a cilindro
92,s74,tower,building,torre,costruita in muratura
93,s74,tower,building,torre,è di altezza variabile
94,s74,train,vehicle,treno,mezzo
95,s74,train,vehicle,treno,di trasporto
96,s74,train,vehicle,treno,suddiviso in vagoni
97,s74,train,vehicle,treno,viaggia su binari
98,s74,train,vehicle,treno,va a elettricità
99,s74,potato,vegetable,patata,tubero
100,s74,potato,vegetable,patata,commestibile
101,s74,potato,vegetable,patata,di colore marron chiaro
102,s74,potato,vegetable,patata,cresce sottoterra
103,s74,potato,vegetable,patata,buona fritta
104,s74,bridge,building,ponte,costruzione
105,s74,bridge,building,ponte,serve a congiungere due sponde
106,s74,bridge,building,ponte,in uso sin dall'antichità
107,s74,bridge,building,ponte,di mattoni
108,s74,bridge,building,ponte,di pietre
109,s74,sword,implement,spada,arma
110,s74,sword,implement,spada,arma bianca
111,s74,sword,implement,spada,in acciaio
112,s74,sword,implement,spada,usata nei tempi antichi
113,s74,sword,implement,spada,strumento di morte
114,s74,airplane,vehicle,aeroplano,mezzo
115,s74,airplane,vehicle,aeroplano,di trasporto
116,s74,airplane,vehicle,aeroplano,viaggia nei cieli
117,s74,airplane,vehicle,aeroplano,raggiunge velocità molto alte
118,s74,airplane,vehicle,aeroplano,trasporta persone
119,s74,airplane,vehicle,aeroplano,trasporta merci
120,s74,pineapple,fruit,ananas,frutto
121,s74,pineapple,fruit,ananas,tropicale
122,s74,pineapple,fruit,ananas,colore giallo
123,s74,pineapple,fruit,ananas,sapore dolce
124,s74,pineapple,fruit,ananas,ha una scorza molto dura
125,s75,leg,bodypart,gamba,è una delle 2 parti inferiori
126,s75,leg,bodypart,gamba,parti del corpo
127,s75,leg,bodypart,gamba,ha 2 giunture
128,s75,leg,bodypart,gamba,serve per consentire la deambulazione
129,s75,head,bodypart,testa,parte finale del corpo
130,s75,head,bodypart,testa,i capelli crescono su di essa
131,s75,head,bodypart,testa,è la sede del cervello
132,s75,head,bodypart,testa,è la sede degli occhi
133,s75,head,bodypart,testa,è la sede della bocca
134,s75,head,bodypart,testa,è la sede delle orecchie
135,s75,jacket,clothing,giacca,capo di vestiario
136,s75,jacket,clothing,giacca,dotato di 2 maniche
137,s75,jacket,clothing,giacca,serve per coprire il corpo
138,s75,jacket,clothing,giacca,serve per riscaldare il corpo
139,s75,armchair,furniture,poltrona,struttura
140,s75,armchair,furniture,poltrona,con 4 appoggi al terreno
141,s75,armchair,furniture,poltrona,serve per una seduta comoda
142,s75,chair,furniture,sedia,dotata di 4 appoggi
143,s75,chair,furniture,sedia,struttura semplice
144,s75,chair,furniture,sedia,struttura lineare
145,s75,chair,furniture,sedia,serve per consentire la seduta durante le attività
146,s75,garage,building,garage,luogo
147,s75,garage,building,garage,sotterraneo
148,s75,garage,building,garage,adiacente all'abitazione
149,s75,garage,building,garage,adibito al posteggio di auto
150,s75,garage,building,garage,adibito al posteggio di cicli
151,s75,garage,building,garage,adibito al posteggio di motocicli
152,s75,cherry,fruit,ciliegia,frutto
153,s75,cherry,fruit,ciliegia,rotondo
154,s75,cherry,fruit,ciliegia,piccolo
155,s75,cherry,fruit,ciliegia,colore rosso
156,s75,cherry,fruit,ciliegia,ha un nocciolo
157,s75,cherry,fruit,ciliegia,legata ad un'altra
158,s75,chemise,clothing,camicia,capo di vestiario
159,s75,chemise,clothing,camicia,tessuto leggero
160,s75,chemise,clothing,camicia,aperta sul davanti
161,s75,chemise,clothing,camicia,chiudibile con bottoni
162,s75,table,furniture,tavolo,struttura
163,s75,table,furniture,tavolo,con 4 gambe
164,s75,table,furniture,tavolo,utilizzato per l'appoggio di oggetti
165,s75,comb,implement,pettine,oggetto
166,s75,comb,implement,pettine,dalla dimensione media di 12 cm
167,s75,comb,implement,pettine,sottile
168,s75,comb,implement,pettine,con dei dentini
169,s75,comb,implement,pettine,usato per pettinare i capelli
170,s75,church,building,chiesa,struttura
171,s75,church,building,chiesa,adibita al culto religioso
172,s75,pear,fruit,pera,frutto
173,s75,pear,fruit,pera,verde
174,s75,pear,fruit,pera,forma tondeggiante
175,s75,pear,fruit,pera,gusto dolce
176,s75,monkey,mammal,scimmia,animale
177,s75,monkey,mammal,scimmia,è peloso
178,s75,monkey,mammal,scimmia,ha le dista prensili
179,s75,goose,bird,oca,animale
180,s75,goose,bird,oca,con becco
181,s75,goose,bird,oca,con zampe palmate
182,s75,goose,bird,oca,è un pennuto
183,s75,goose,bird,oca,sta negli stagni
184,s75,paintbrush,implement,pennello,strumento per la pittura
185,s75,paintbrush,implement,pennello,forma affusolata
186,s75,paintbrush,implement,pennello,manico rigido
187,s75,paintbrush,implement,pennello,punta fatta di crine
188,s75,sweater,clothing,pullover,indumento
189,s75,sweater,clothing,pullover,scaldare
190,s75,onion,vegetable,cipolla,ortaggio
191,s75,onion,vegetable,cipolla,si usa come aggiunta in cucina
192,s75,bear,mammal,orso,animale
193,s75,bear,mammal,orso,dalle grandi proporzioni
194,s75,bear,mammal,orso,peloso
195,s75,bear,mammal,orso,bianco
196,s75,bear,mammal,orso,nero
197,s75,sparrow,bird,passero,uccello
198,s75,sparrow,bird,passero,pennuto
199,s75,sparrow,bird,passero,piccolo
200,s75,shoes,clothing,scarpe,indumento
201,s75,shoes,clothing,scarpe,usato per i piedi
202,s75,shoes,clothing,scarpe,isola dal suolo
203,s75,shoes,clothing,scarpe,facilita il camminare
204,s75,spinach,vegetable,spinaci,verdura
205,s75,spinach,vegetable,spinaci,verdi
206,s75,spinach,vegetable,spinaci,cotti
207,s75,spinach,vegetable,spinaci,contengono ferro
208,s75,broom,implement,scopa,strumento
209,s75,broom,implement,scopa,per la pulizia
210,s75,broom,implement,scopa,bastone filiforme
211,s75,broom,implement,scopa,con serole in fondo
212,s75,socks,clothing,calzini,indumento
213,s75,socks,clothing,calzini,di tessuto
214,s75,socks,clothing,calzini,per i piedi
215,s75,owl,bird,gufo,animale
216,s75,owl,bird,gufo,conduce vita notturna
217,s75,owl,bird,gufo,è un pennuto
218,s75,owl,bird,gufo,simbolo di Atene
219,s75,seagull,bird,gabbiano,uccello
220,s75,seagull,bird,gabbiano,vive vicino al mare
221,s75,seagull,bird,gabbiano,si nutre di pesce
222,s76,hand,bodypart,mano,parte terminale del braccio
223,s76,hand,bodypart,mano,dotata di 5 dita
224,s76,hand,bodypart,mano,permette di maneggiare oggetti
225,s76,woodpecker,bird,picchio,animale
226,s76,woodpecker,bird,picchio,volatile
227,s76,woodpecker,bird,picchio,batte sugli alberi
228,s76,woodpecker,bird,picchio,fa buchi nei tronchi
229,s76,woodpecker,bird,picchio,non è un mammifero
230,s76,orange,fruit,arancia,frutto
231,s76,orange,fruit,arancia,rotondo
232,s76,orange,fruit,arancia,di colore arancione
233,s76,orange,fruit,arancia,ha una buccia
234,s76,orange,fruit,arancia,ha una polpa divisibile in spicchi
235,s76,bus,vehicle,autobus,mezzo
236,s76,bus,vehicle,autobus,di trasporto
237,s76,bus,vehicle,autobus,permette di portare un numero elevato di persone
238,s76,bus,vehicle,autobus,ha 4 ruote
239,s76,bus,vehicle,autobus,ha tanti sedili
240,s76,bus,vehicle,autobus,è guidato da un uomo
241,s76,corn,vegetable,mais,frutto
242,s76,corn,vegetable,mais,di colore giallo
243,s76,corn,vegetable,mais,di forma allungata
244,s76,corn,vegetable,mais,formato da tanti chicchi
245,s76,corn,vegetable,mais,è commestibile
246,s76,bed,furniture,letto,oggetto
247,s76,bed,furniture,letto,a 4 gambe
248,s76,bed,furniture,letto,su cui ci si può sdraiare
249,s76,bed,furniture,letto,serve per riposarsi
250,s76,bed,furniture,letto,è morbido
251,s76,rabbit,mammal,coniglio,animale
252,s76,rabbit,mammal,coniglio,mammifero
253,s76,rabbit,mammal,coniglio,con pelliccia
254,s76,rabbit,mammal,coniglio,piccolo
255,s76,rabbit,mammal,coniglio,orecchie lunghe
256,s76,rabbit,mammal,coniglio,coda corta
257,s76,rabbit,mammal,coniglio,erbivoro
258,s76,peas,vegetable,piselli,verdura
259,s76,peas,vegetable,piselli,verde
260,s76,peas,vegetable,piselli,legumi
261,s76,peas,vegetable,piselli,forma rotonda
262,s76,peas,vegetable,piselli,molto piccoli
263,s76,peas,vegetable,piselli,contenuti in baccelli
264,s76,peas,vegetable,piselli,studiati da Mendel
265,s76,closet,furniture,armadio,oggetto
266,s76,closet,furniture,armadio,capiente
267,s76,closet,furniture,armadio,vuoto all'interno
268,s76,closet,furniture,armadio,serve per contenere indumenti
269,s76,closet,furniture,armadio,ha delle ante apribili
270,s76,ship,vehicle,nave,mezzo
271,s76,ship,vehicle,nave,di trasporto
272,s76,ship,vehicle,nave,viaggia sull'acqua
273,s76,ship,vehicle,nave,traporta persone
274,s76,ship,vehicle,nave,trasporta merci
275,s76,ship,vehicle,nave,trasporta cose
276,s76,dog,mammal,cane,mammifero
277,s76,dog,mammal,cane,quadrupede
278,s76,dog,mammal,cane,pelliccia
279,s76,dog,mammal,cane,miglior amico dell'uomo
280,s76,dog,mammal,cane,di media grandezza
281,s76,horse,mammal,cavallo,mammifero
282,s76,horse,mammal,cavallo,di grandi dimensioni
283,s76,horse,mammal,cavallo,quadrupede
284,s76,horse,mammal,cavallo,peloso
285,s76,horse,mammal,cavallo,nitrisce
286,s76,horse,mammal,cavallo,si può cavalcare
287,s76,tongs,implement,pinze,oggetto
288,s76,tongs,implement,pinze,usato per piegare metalli
289,s76,tongs,implement,pinze,forma simile alla forbice
290,s76,skyscraper,building,grattacielo,edificio
291,s76,skyscraper,building,grattacielo,molto alto
292,s76,skyscraper,building,grattacielo,contiene appartamenti
293,s76,skyscraper,building,grattacielo,contiene uffici
294,s76,eye,bodypart,occhio,parte del corpo umano
295,s76,eye,bodypart,occhio,situato sul capo
296,s76,eye,bodypart,occhio,permette di vedere
297,s76,eye,bodypart,occhio,permette di distinguere colori
298,s76,eye,bodypart,occhio,può avere difetti di vista
299,s76,truck,vehicle,camion,mezzo
300,s76,truck,vehicle,camion,di locomozione
301,s76,truck,vehicle,camion,lungo
302,s76,truck,vehicle,camion,4 ruote
303,s76,truck,vehicle,camion,trasporta merci
304,s76,truck,vehicle,camion,guidato da 1 uomo
305,s76,finger,bodypart,dito,parte della mano
306,s76,finger,bodypart,dito,formato da falangi
307,s76,finger,bodypart,dito,è flessibile
308,s76,apple,fruit,mela,frutto
309,s76,apple,fruit,mela,dalla consistenza dura
310,s76,apple,fruit,mela,rotondo
311,s76,apple,fruit,mela,di vari colori
312,s76,apple,fruit,mela,commestibile
313,s76,tower,building,torre,parte di edifici antichi
314,s76,tower,building,torre,alta
315,s76,tower,building,torre,rotonda
316,s76,train,vehicle,treno,mezzo
317,s76,train,vehicle,treno,di locomozione
318,s76,train,vehicle,treno,su rotaie
319,s76,train,vehicle,treno,formato da vari vagoni
320,s76,train,vehicle,treno,può trasportare molte persone
321,s76,potato,vegetable,patata,tubero
322,s76,potato,vegetable,patata,di colore giallo all'interno
323,s76,potato,vegetable,patata,buccia di colore marrone
324,s76,potato,vegetable,patata,commestibile
325,s76,bridge,building,ponte,tratto di strada
326,s76,bridge,building,ponte,costruito dall'uomo
327,s76,bridge,building,ponte,permette di attraversare le acque senza utilizzare navi
328,s76,sword,implement,spada,oggetto
329,s76,sword,implement,spada,di metallo
330,s76,sword,implement,spada,ha lama affilata
331,s76,sword,implement,spada,può ferire
332,s76,sword,implement,spada,può uccidere
333,s76,airplane,vehicle,aeroplano,mezzo
334,s76,airplane,vehicle,aeroplano,di locomozione
335,s76,airplane,vehicle,aeroplano,viaggia in aria
336,s76,airplane,vehicle,aeroplano,può portare molte persone
337,s76,pineapple,fruit,ananas,frutto
338,s76,pineapple,fruit,ananas,tropicale
339,s76,pineapple,fruit,ananas,scorza dura
340,s76,pineapple,fruit,ananas,colore interno giallo
341,s76,pineapple,fruit,ananas,commestibile
342,s77,leg,bodypart,gamba,è una parte del nostro corpo
343,s77,leg,bodypart,gamba,ci permette di muoverci
344,s77,leg,bodypart,gamba,ogni essere umano è dotato di 2 gambe
345,s77,head,bodypart,testa,parte del corpo umano
346,s77,head,bodypart,testa,poggia sul collo
347,s77,head,bodypart,testa,costituita da una struttura ossea
348,s77,jacket,clothing,giacca,un capo d'abbigliamento
349,s77,jacket,clothing,giacca,si indossa per ultima
350,s77,jacket,clothing,giacca,serve per tenere caldo
351,s77,armchair,furniture,poltrona,è un oggetto d'arredamento
352,s77,armchair,furniture,poltrona,serve per permettere alle persone di sedersi
353,s77,armchair,furniture,poltrona,è presente nei salotti
354,s77,chair,furniture,sedia,"è un ""oggetto d'arredamento"""
355,s77,chair,furniture,sedia,è meno comoda rispetto ad una poltrona
356,s77,chair,furniture,sedia,permettere alle persone di sedersi
357,s77,garage,building,garage,è un luogo
358,s77,garage,building,garage,dove si ripongono i veicoli
359,s77,garage,building,garage,piccolo
360,s77,cherry,fruit,ciliegia,frutto
361,s77,cherry,fruit,ciliegia,rosso
362,s77,cherry,fruit,ciliegia,rotondo
363,s77,cherry,fruit,ciliegia,appaiatà con un'altra ciliegia
364,s77,chemise,clothing,camicia,capo d'abbigliamento
365,s77,chemise,clothing,camicia,indumento elegante
366,s77,chemise,clothing,camicia,non tiene molto caldo
367,s77,table,furniture,tavolo,oggetto d'arredamento
368,s77,table,furniture,tavolo,ha 4 gambe
369,s77,table,furniture,tavolo,permette alle persone di mangiare
370,s77,comb,implement,pettine,un utensile
371,s77,comb,implement,pettine,permette alle persone di modificare la propria acconciatura
372,s77,church,building,chiesa,edificio
373,s77,church,building,chiesa,religioso
374,s77,church,building,chiesa,dove si svologono le funzioni religiose
375,s77,church,building,chiesa,casa di Dio
376,s77,pear,fruit,pera,è un frutto
377,s77,pear,fruit,pera,ha un sapore dolce
378,s77,pear,fruit,pera,è di forma tondeggiante alla base
379,s77,pear,fruit,pera,è più allungata sopra
380,s77,monkey,mammal,scimmia,è un animale
381,s77,monkey,mammal,scimmia,selvatico
382,s77,monkey,mammal,scimmia,è pelosa
383,s77,monkey,mammal,scimmia,assomiglia ai nostri antenati
384,s77,goose,bird,oca,è un volatile
385,s77,goose,bird,oca,ha delle piume
386,s77,goose,bird,oca,è commestibile
387,s77,paintbrush,implement,pennello,utensile per la pittura
388,s77,paintbrush,implement,pennello,è composto da molti peli
389,s77,paintbrush,implement,pennello,è lo strumento degli artisti
390,s77,sweater,clothing,pullover,capo d'abbigliamento
391,s77,sweater,clothing,pullover,si mette sopra la camicia
392,s77,sweater,clothing,pullover,è più caldo di una camicia
393,s77,sweater,clothing,pullover,è meno caldo di una giacca
394,s77,onion,vegetable,cipolla,è un ortaggio
395,s77,onion,vegetable,cipolla,ha un odore sgradevole
396,s77,onion,vegetable,cipolla,fa lacrimare gli occhi
397,s77,bear,mammal,orso,è un animale
398,s77,bear,mammal,orso,selvatico
399,s77,bear,mammal,orso,pericoloso
400,s77,bear,mammal,orso,carnivoro
401,s77,sparrow,bird,passero,è un volatile
402,s77,sparrow,bird,passero,è di piccole dimensioni
403,s77,sparrow,bird,passero,sa volare
404,s77,shoes,clothing,scarpe,capo d'abbigliamento
405,s77,shoes,clothing,scarpe,coprono i piedi
406,s77,shoes,clothing,scarpe,sono sempre 2
407,s77,spinach,vegetable,spinaci,verdura
408,s77,spinach,vegetable,spinaci,contiene ferro
409,s77,spinach,vegetable,spinaci,verdi
410,s77,spinach,vegetable,spinaci,hanno un sapore amaro
411,s77,broom,implement,scopa,utensile
412,s77,broom,implement,scopa,per pulire
413,s77,broom,implement,scopa,ha un manico
414,s77,broom,implement,scopa,è lunga
415,s77,socks,clothing,calzini,capo d'abbigliamento
416,s77,socks,clothing,calzini,si mettono prima delle scarpe
417,s77,socks,clothing,calzini,vanno ai piedi
418,s77,owl,bird,gufo,è un volatile
419,s77,owl,bird,gufo,è un animale notturno
420,s77,owl,bird,gufo,vede di notte
421,s77,seagull,bird,gabbiano,è un volatile
422,s77,seagull,bird,gabbiano,vive presso i mari
423,s77,seagull,bird,gabbiano,vive presso gli oceani
424,s77,seagull,bird,gabbiano,è bianco
425,s78,hand,bodypart,mano,ha 5 dita
426,s78,hand,bodypart,mano,parte del corpo
427,s78,hand,bodypart,mano,serve per afferrare oggetto
428,s78,hand,bodypart,mano,è fatta di carne
429,s78,woodpecker,bird,picchio,batte sugli alberi
430,s78,woodpecker,bird,picchio,è rosso
431,s78,woodpecker,bird,picchio,è nero
432,s78,woodpecker,bird,picchio,è un volatile
433,s78,orange,fruit,arancia,oggetto
434,s78,orange,fruit,arancia,sferico
435,s78,orange,fruit,arancia,arancione
436,s78,orange,fruit,arancia,si mangia
437,s78,orange,fruit,arancia,ha un sapore aspro
438,s78,bus,vehicle,autobus,mezzo
439,s78,bus,vehicle,autobus,di trasporto
440,s78,bus,vehicle,autobus,che contiene un numero elevato di persone
441,s78,corn,vegetable,mais,chicchi gialli
442,s78,corn,vegetable,mais,di sapore insipido
443,s78,bed,furniture,letto,oggetto
444,s78,bed,furniture,letto,rettangolare
445,s78,bed,furniture,letto,morbido
446,s78,bed,furniture,letto,che serve per dormire
447,s78,rabbit,mammal,coniglio,mammifero
448,s78,rabbit,mammal,coniglio,peloso
449,s78,rabbit,mammal,coniglio,dotato di lunghe orecchie
450,s78,rabbit,mammal,coniglio,saltella
451,s78,peas,vegetable,piselli,palline
452,s78,peas,vegetable,piselli,verdi
453,s78,peas,vegetable,piselli,si mangiano
454,s78,closet,furniture,armadio,grande
455,s78,closet,furniture,armadio,parallelepipedo
456,s78,closet,furniture,armadio,di legno
457,s78,closet,furniture,armadio,usato per contenere oggetti
458,s78,ship,vehicle,nave,mezzo
459,s78,ship,vehicle,nave,di trasporto
460,s78,ship,vehicle,nave,usato per navigare
461,s78,dog,mammal,cane,mammifero
462,s78,dog,mammal,cane,peloso
463,s78,dog,mammal,cane,rumoroso
464,s78,dog,mammal,cane,animale
465,s78,dog,mammal,cane,domestico
466,s78,horse,mammal,cavallo,animale
467,s78,horse,mammal,cavallo,alto
468,s78,horse,mammal,cavallo,usato un tempo come mezzo di trasporto
469,s78,tongs,implement,pinze,oggetto
470,s78,tongs,implement,pinze,per stringere altri oggetti
471,s78,skyscraper,building,grattacielo,edificio
472,s78,skyscraper,building,grattacielo,con molti piani
473,s78,skyscraper,building,grattacielo,è molto alto
474,s78,skyscraper,building,grattacielo,c'è nelle grandi città
475,s78,eye,bodypart,occhio,parte del corpo umano
476,s78,eye,bodypart,occhio,usato per vedere
477,s78,truck,vehicle,camion,mezzo
478,s78,truck,vehicle,camion,di trasporto
479,s78,truck,vehicle,camion,che contiene merci
480,s78,finger,bodypart,dito,parte della mano
481,s78,finger,bodypart,dito,è articolato
482,s78,apple,fruit,mela,oggetto
483,s78,apple,fruit,mela,sferico
484,s78,apple,fruit,mela,commestibile
485,s78,apple,fruit,mela,verde
486,s78,apple,fruit,mela,rosso
487,s78,apple,fruit,mela,giallo
488,s78,tower,building,torre,alta
489,s78,tower,building,torre,costruzione
490,s78,tower,building,torre,di pietra
491,s78,tower,building,torre,usata nel medioevo
492,s78,tower,building,torre,ha poche finestre
493,s78,train,vehicle,treno,mezzo
494,s78,train,vehicle,treno,di trasporto
495,s78,train,vehicle,treno,che viaggia su rotaie
496,s78,train,vehicle,treno,alimentato a vapore
497,s78,train,vehicle,treno,alimentato dal diesel
498,s78,train,vehicle,treno,alimentato da corrente elettrica
499,s78,potato,vegetable,patata,tubero
500,s78,potato,vegetable,patata,marrone
501,s78,potato,vegetable,patata,commestibile
502,s78,bridge,building,ponte,costruzione
503,s78,bridge,building,ponte,consente di oltrepassare fiumi
504,s78,bridge,building,ponte,consente di oltrepassare burroni
505,s78,sword,implement,spada,arma
506,s78,sword,implement,spada,di metallo
507,s78,sword,implement,spada,usata in tempo remoto
508,s78,airplane,vehicle,aeroplano,mezzo
509,s78,airplane,vehicle,aeroplano,di trasporto
510,s78,airplane,vehicle,aeroplano,capace di volare
511,s78,airplane,vehicle,aeroplano,può contenere un numero elevato di persone
512,s78,airplane,vehicle,aeroplano,di dimensioni diverse
513,s78,pineapple,fruit,ananas,frutto
514,s78,pineapple,fruit,ananas,tropicale
515,s78,pineapple,fruit,ananas,dal colore marrone chiaro
516,s78,pineapple,fruit,ananas,con un ciuffo verde
517,s79,hand,bodypart,mano,estrema
518,s79,hand,bodypart,mano,parte del braccio umano
519,s79,hand,bodypart,mano,pensile
520,s79,woodpecker,bird,picchio,piccolo
521,s79,woodpecker,bird,picchio,uccello
522,s79,woodpecker,bird,picchio,caratterizzato dalla capacità di scavare nei tronchi col becco
523,s79,orange,fruit,arancia,agrume
524,s79,orange,fruit,arancia,frutto
525,s79,orange,fruit,arancia,dell'arancio
526,s79,orange,fruit,arancia,contiene vitamina C
527,s79,orange,fruit,arancia,divisa in spicchi
528,s79,orange,fruit,arancia,coperta da una buccia
529,s79,bus,vehicle,autobus,mezzo
530,s79,bus,vehicle,autobus,di trasporto
531,s79,bus,vehicle,autobus,porta più persone
532,s79,bus,vehicle,autobus,si muove secondo percorsi prestabiliti
533,s79,corn,vegetable,mais,verdura
534,s79,corn,vegetable,mais,gialla
535,s79,corn,vegetable,mais,cresce in pannocchie
536,s79,corn,vegetable,mais,ha un gusto dolce
537,s79,corn,vegetable,mais,esploso crea pop-corn
538,s79,bed,furniture,letto,dove ci si sdraia per dormire
539,s79,bed,furniture,letto,composto da una struttura
540,s79,bed,furniture,letto,composto da doghe
541,s79,bed,furniture,letto,composto da materasso
542,s79,bed,furniture,letto,composto da lenzuola
543,s79,rabbit,mammal,coniglio,mammifero
544,s79,rabbit,mammal,coniglio,erbivoro
545,s79,rabbit,mammal,coniglio,di piccole dimensioni
546,s79,rabbit,mammal,coniglio,si moltiplica molto velocemente
547,s79,peas,vegetable,piselli,ortaggio
548,s79,peas,vegetable,piselli,verde
549,s79,peas,vegetable,piselli,sotto una morbida scorza sta la verdura vera e propria
550,s79,closet,furniture,armadio,mobile
551,s79,closet,furniture,armadio,di grandi dimensioni
552,s79,closet,furniture,armadio,vi si ripongono oggetti
553,s79,closet,furniture,armadio,vi si ripongono vestiti
554,s79,ship,vehicle,nave,mezzo
555,s79,ship,vehicle,nave,di trasporto
556,s79,ship,vehicle,nave,via acqua
557,s79,ship,vehicle,nave,a vela
558,s79,ship,vehicle,nave,a motore
559,s79,dog,mammal,cane,mammifero
560,s79,dog,mammal,cane,di dimensioni variabili dal topo al pony
561,s79,dog,mammal,cane,carnivoro
562,s79,dog,mammal,cane,viene addomesticato come animale da compagnia
563,s79,dog,mammal,cane,viene addomesticato come animale da caccia
564,s79,dog,mammal,cane,viene addomesticato come animale da difesa
565,s79,horse,mammal,cavallo,mammifero
566,s79,horse,mammal,cavallo,quadrupede
567,s79,horse,mammal,cavallo,un tempo usato per gli spostamenti
568,s79,tongs,implement,pinze,strumento
569,s79,tongs,implement,pinze,a X
570,s79,tongs,implement,pinze,basato sul secondo principio delle leve
571,s79,skyscraper,building,grattacielo,grande
572,s79,skyscraper,building,grattacielo,edificio
573,s79,skyscraper,building,grattacielo,di altezza immane
574,s79,skyscraper,building,grattacielo,comune nelle metropoli
575,s79,eye,bodypart,occhio,organo
576,s79,eye,bodypart,occhio,della vista
577,s79,eye,bodypart,occhio,trasmette immagini al cervello
578,s79,truck,vehicle,camion,mezzo
579,s79,truck,vehicle,camion,di trasporto
580,s79,truck,vehicle,camion,usato per lo spostamento di cose molto pesanti
581,s79,finger,bodypart,dito,parte della mano
582,s79,apple,fruit,mela,frutto
583,s79,apple,fruit,mela,aspro
584,s79,apple,fruit,mela,di colore variabile
585,s79,tower,building,torre,costruzione verticale
586,s79,tower,building,torre,nelle fiabe vi si rinchiudono le principesse
587,s79,train,vehicle,treno,mezzo
588,s79,train,vehicle,treno,di locomozione
589,s79,train,vehicle,treno,su rotaia
590,s79,train,vehicle,treno,si diffuse nella seconda metà dell'ottocento
591,s79,potato,vegetable,patata,organo sessuale femminile
592,s79,potato,vegetable,patata,ortaggio
593,s79,bridge,building,ponte,arco
594,s79,bridge,building,ponte,di pietra
595,s79,bridge,building,ponte,d'acciaio
596,s79,bridge,building,ponte,consente di superare fiumi
597,s79,bridge,building,ponte,consente di superare burroni
598,s79,sword,implement,spada,iniezione di eroina
599,s79,sword,implement,spada,arma
600,s79,sword,implement,spada,da taglio
601,s79,airplane,vehicle,aeroplano,mezzo
602,s79,airplane,vehicle,aeroplano,di trasporto
603,s79,airplane,vehicle,aeroplano,via aria
604,s79,pineapple,fruit,ananas,frutto
605,s79,pineapple,fruit,ananas,tropicale
606,s79,pineapple,fruit,ananas,dotato di scorza dura
607,s79,pineapple,fruit,ananas,dotato di scorza pungente
608,s80,hand,bodypart,mano,parte del corpo
609,s80,hand,bodypart,mano,all'estremità delle braccia
610,s80,hand,bodypart,mano,che ha cinque dita
611,s80,hand,bodypart,mano,consente di afferrare oggetti
612,s80,woodpecker,bird,picchio,uccello
613,s80,woodpecker,bird,picchio,da becco rigido
614,s80,woodpecker,bird,picchio,che batte sui tronchi degli alberi
615,s80,orange,fruit,arancia,frutto
616,s80,orange,fruit,arancia,arancione
617,s80,orange,fruit,arancia,dalla buccia ruvida
618,s80,orange,fruit,arancia,dal sapore dolce-aspro
619,s80,bus,vehicle,autobus,mezzo
620,s80,bus,vehicle,autobus,di trasporto
621,s80,bus,vehicle,autobus,per le masse di persone
622,s80,bus,vehicle,autobus,con 4 ruote
623,s80,bus,vehicle,autobus,dalla forma a parallelepipedo
624,s80,corn,vegetable,mais,tipo di verdura
625,s80,corn,vegetable,mais,a chicci gialli
626,s80,corn,vegetable,mais,dal colore lucente
627,s80,bed,furniture,letto,piano
628,s80,bed,furniture,letto,a quattro gambe
629,s80,bed,furniture,letto,di legno
630,s80,bed,furniture,letto,con sopra un materasso
631,s80,bed,furniture,letto,sul quale si può riposare
632,s80,rabbit,mammal,coniglio,mammifero
633,s80,rabbit,mammal,coniglio,con le orecchie lunghe
634,s80,rabbit,mammal,coniglio,con il pelo su tutto il corpo
635,s80,rabbit,mammal,coniglio,con i denti lunghi
636,s80,peas,vegetable,piselli,tipo di verdura
637,s80,peas,vegetable,piselli,piccola
638,s80,peas,vegetable,piselli,rotonda
639,s80,peas,vegetable,piselli,di colore verde
640,s80,closet,furniture,armadio,struttura
641,s80,closet,furniture,armadio,di diversi materiali
642,s80,closet,furniture,armadio,con apertura a ante
643,s80,closet,furniture,armadio,con apertura a cassetti
644,s80,closet,furniture,armadio,con apertura a scorrimento
645,s80,closet,furniture,armadio,concava
646,s80,closet,furniture,armadio,per tenere le cose
647,s80,ship,vehicle,nave,mezzo
648,s80,ship,vehicle,nave,di trasporto
649,s80,ship,vehicle,nave,che viaggia sul mare
650,s80,ship,vehicle,nave,galleggiando
651,s80,ship,vehicle,nave,trasporta cose
652,s80,ship,vehicle,nave,trasporta persone
653,s80,dog,mammal,cane,animale
654,s80,dog,mammal,cane,mammifero
655,s80,dog,mammal,cane,dalla coda lunga
656,s80,dog,mammal,cane,dalla coda corta
657,s80,dog,mammal,cane,denti affilati
658,s80,dog,mammal,cane,muso allungato
659,s80,dog,mammal,cane,muso schiacciato
660,s80,dog,mammal,cane,cammina su quattro zampe
661,s80,horse,mammal,cavallo,mammifero
662,s80,horse,mammal,cavallo,dalle dimensioni maggiori di quelle umane
663,s80,horse,mammal,cavallo,su 4 zampe
664,s80,horse,mammal,cavallo,coda lunga
665,s80,horse,mammal,cavallo,muso allungato
666,s80,tongs,implement,pinze,strumento
667,s80,tongs,implement,pinze,di ferro
668,s80,tongs,implement,pinze,di acciaio
669,s80,tongs,implement,pinze,che consiste in 2 pezzi attacati da una parte
670,s80,tongs,implement,pinze,che possono essere strette
671,s80,tongs,implement,pinze,per afferrare le cose dall'altra parte
672,s80,skyscraper,building,grattacielo,edificio
673,s80,skyscraper,building,grattacielo,che si sviluppa molto verso l'alto
674,s80,skyscraper,building,grattacielo,con tanti piani
675,s80,eye,bodypart,occhio,parte del corpo
676,s80,eye,bodypart,occhio,che si trova nella testa
677,s80,eye,bodypart,occhio,a forma di tondo
678,s80,eye,bodypart,occhio,serve per vedere
679,s80,truck,vehicle,camion,mezzo
680,s80,truck,vehicle,camion,di trasporto
681,s80,truck,vehicle,camion,a 4 ruote
682,s80,truck,vehicle,camion,che serve al trasporto di cose sul retro
683,s80,finger,bodypart,dito,parte del corpo
684,s80,finger,bodypart,dito,che sta attaccata alla mano
685,s80,finger,bodypart,dito,a forma allungata
686,s80,finger,bodypart,dito,si piega
687,s80,apple,fruit,mela,frutto
688,s80,apple,fruit,mela,dalla forma tondeggiante
689,s80,apple,fruit,mela,dal colore verde
690,s80,apple,fruit,mela,dal colore giallo
691,s80,apple,fruit,mela,dal colore rosso
692,s80,apple,fruit,mela,dolce
693,s80,tower,building,torre,edificio
694,s80,tower,building,torre,che si sviluppa verso l'alto
695,s80,tower,building,torre,costruzione
696,s80,tower,building,torre,in mattoni
697,s80,tower,building,torre,del passato
698,s80,train,vehicle,treno,mezzo
699,s80,train,vehicle,treno,di trasporto
700,s80,train,vehicle,treno,fatto di tanti vagoni
701,s80,train,vehicle,treno,con la locomotiva davanti
702,s80,train,vehicle,treno,viaggia su rotaie
703,s80,potato,vegetable,patata,tubero
704,s80,potato,vegetable,patata,dal colore giallo
705,s80,bridge,building,ponte,costruzione
706,s80,bridge,building,ponte,che congiunge due parti di terra opposte
707,s80,bridge,building,ponte,in legno
708,s80,bridge,building,ponte,in materiali metallici
709,s80,sword,implement,spada,oggetto
710,s80,sword,implement,spada,appuntito
711,s80,sword,implement,spada,con un'impugnatura
712,s80,sword,implement,spada,con una lama d'acciaio
713,s80,sword,implement,spada,con una lama di ferro
714,s80,airplane,vehicle,aeroplano,mezzo
715,s80,airplane,vehicle,aeroplano,di trasporto
716,s80,airplane,vehicle,aeroplano,con le ali
717,s80,airplane,vehicle,aeroplano,con le ruote sotto
718,s80,pineapple,fruit,ananas,frutto
719,s80,pineapple,fruit,ananas,dalla buccia ruvida
720,s80,pineapple,fruit,ananas,dalla buccia appuntita
721,s80,pineapple,fruit,ananas,marrone
722,s80,pineapple,fruit,ananas,foglie sulla parte superiore
723,s81,leg,bodypart,gamba,arto inferiore
724,s81,leg,bodypart,gamba,arto del corpo umano
725,s81,leg,bodypart,gamba,utilizzato per il movimento dell'individuo
726,s81,head,bodypart,testa,parte del corpo umano
727,s81,head,bodypart,testa,sta in cima ad esso
728,s81,head,bodypart,testa,ha la forma ovale
729,s81,head,bodypart,testa,"fa da ""involucro"" al cervello"
730,s81,jacket,clothing,giacca,indumento
731,s81,jacket,clothing,giacca,pesante
732,s81,jacket,clothing,giacca,meno pesante
733,s81,jacket,clothing,giacca,serve a coprirsi dal freddo
734,s81,jacket,clothing,giacca,viene utilizzato in inverno
735,s81,armchair,furniture,poltrona,oggetto
736,s81,armchair,furniture,poltrona,che serve a sedersi
737,s81,armchair,furniture,poltrona,utilizzato per rilassarsi
738,s81,armchair,furniture,poltrona,imbottito
739,s81,chair,furniture,sedia,oggetto
740,s81,chair,furniture,sedia,utilizzato per sedersi
741,s81,chair,furniture,sedia,in legno
742,s81,chair,furniture,sedia,in metallo
743,s81,garage,building,garage,box
744,s81,garage,building,garage,per automobile
745,s81,garage,building,garage,può anche contenere altri oggetti
746,s81,cherry,fruit,ciliegia,frutto
747,s81,cherry,fruit,ciliegia,si mangia d'estate
748,s81,cherry,fruit,ciliegia,formato da un gambo
749,s81,cherry,fruit,ciliegia,formado dal frutto
750,s81,chemise,clothing,camicia,indumento
751,s81,chemise,clothing,camicia,per la parte superiore del corpo
752,s81,chemise,clothing,camicia,dotata di più bottoni sulla parte anteriore
753,s81,chemise,clothing,camicia,indumento elegante
754,s81,table,furniture,tavolo,sostegno
755,s81,table,furniture,tavolo,usato per i lavori quotidiani
756,s81,table,furniture,tavolo,usato per mangiare
757,s81,table,furniture,tavolo,ha 4 gambe e un ripiano
758,s81,comb,implement,pettine,oggetto
759,s81,comb,implement,pettine,usato per pettinare i capelli
760,s81,comb,implement,pettine,ha un manico
761,s81,comb,implement,pettine,ha tanti dentini
762,s81,church,building,chiesa,luogo
763,s81,church,building,chiesa,di ritrovo
764,s81,church,building,chiesa,dei credenti cristiani
765,s81,church,building,chiesa,a forma di casa
766,s81,church,building,chiesa,presenta un campanile
767,s81,pear,fruit,pera,frutto
768,s81,pear,fruit,pera,a forma di bottiglia di Jack Daniels
769,s81,pear,fruit,pera,dolce
770,s81,pear,fruit,pera,molto succosa
771,s81,pear,fruit,pera,mi piace
772,s81,monkey,mammal,scimmia,primati
773,s81,monkey,mammal,scimmia,appartenenti al mondo animale
774,s81,monkey,mammal,scimmia,va ghiotto di banane
775,s81,monkey,mammal,scimmia,vive nelle foreste africane
776,s81,monkey,mammal,scimmia,vive nelle foreste del Sud America
777,s81,monkey,mammal,scimmia,vive in Asia
778,s81,goose,bird,oca,uccello
779,s81,goose,bird,oca,di colore bianco
780,s81,goose,bird,oca,con becco
781,s81,goose,bird,oca,con zampe arancioni
782,s81,goose,bird,oca,vive negli stagni
783,s81,goose,bird,oca,usa migrare nelle stagioni fredde
784,s81,paintbrush,implement,pennello,oggetto
785,s81,paintbrush,implement,pennello,usato per dipingere
786,s81,paintbrush,implement,pennello,usato per colorare con colori
787,s81,paintbrush,implement,pennello,usato per colorare a tempera
788,s81,paintbrush,implement,pennello,usato per colorare ad olio
789,s81,paintbrush,implement,pennello,presenta un manico
790,s81,paintbrush,implement,pennello,presenta delle setole
791,s81,sweater,clothing,pullover,indumento
792,s81,sweater,clothing,pullover,utilizzato nella stagione invernale
793,s81,sweater,clothing,pullover,utilizzato per non avere freddo
794,s81,onion,vegetable,cipolla,verdura
795,s81,onion,vegetable,cipolla,provoca larime
796,s81,onion,vegetable,cipolla,usata per insaporire il cibo
797,s81,bear,mammal,orso,mammifero
798,s81,bear,mammal,orso,vive nei boschi
799,s81,bear,mammal,orso,è grosso
800,s81,bear,mammal,orso,è peloso
801,s81,sparrow,bird,passero,uccello
802,s81,sparrow,bird,passero,di piccole dimensioni
803,s81,sparrow,bird,passero,molto comune
804,s81,sparrow,bird,passero,si ciba di vermi
805,s81,sparrow,bird,passero,vola
806,s81,shoes,clothing,scarpe,indumento
807,s81,shoes,clothing,scarpe,per i piedi
808,s81,shoes,clothing,scarpe,servono per andare in giro
809,s81,shoes,clothing,scarpe,esistono di vari modelli
810,s81,shoes,clothing,scarpe,anche per lo sporto
811,s81,spinach,vegetable,spinaci,ortaggi
812,s81,spinach,vegetable,spinaci,utilizzati da Braccio di Ferro per diventare più forte
813,s81,broom,implement,scopa,oggetto
814,s81,broom,implement,scopa,per spazzolare per terra
815,s81,broom,implement,scopa,per mantanere di conseguenza l'ordine
816,s81,broom,implement,scopa,presenta un bastone
817,s81,broom,implement,scopa,presenta delle spazzole
818,s81,socks,clothing,calzini,si mettono sui piedi
819,s81,socks,clothing,calzini,per non farli sudare troppo con le scarpe
820,s81,owl,bird,gufo,rapace
821,s81,owl,bird,gufo,notturno
822,s81,owl,bird,gufo,ha le sembianze di un uccello
823,s81,owl,bird,gufo,si ciba di piccoli topi
824,s81,seagull,bird,gabbiano,uccello
825,s81,seagull,bird,gabbiano,marino
826,s81,seagull,bird,gabbiano,si ciba di pesce
827,s81,seagull,bird,gabbiano,è bianco
828,s82,hand,bodypart,mano,parte del corpo
829,s82,hand,bodypart,mano,parte estrema degli arti superiori
830,s82,hand,bodypart,mano,atta ad impugnare oggetti
831,s82,woodpecker,bird,picchio,volatile
832,s82,orange,fruit,arancia,frutto
833,s82,orange,fruit,arancia,contenente vitamina C
834,s82,orange,fruit,arancia,per spremute
835,s82,bus,vehicle,autobus,mezzo
836,s82,bus,vehicle,autobus,di trasporto
837,s82,bus,vehicle,autobus,con una capienza superiore alla media
838,s82,corn,vegetable,mais,cibo
839,s82,corn,vegetable,mais,poco saporito
840,s82,corn,vegetable,mais,non molto buono
841,s82,bed,furniture,letto,luogo
842,s82,bed,furniture,letto,atto al riposo
843,s82,bed,furniture,letto,molto soffice
844,s82,bed,furniture,letto,completo di lenzuolo
845,s82,bed,furniture,letto,completo di cuscino
846,s82,bed,furniture,letto,completo di federa
847,s82,bed,furniture,letto,completo di trapunta
848,s82,bed,furniture,letto,500 euro
849,s82,bed,furniture,letto,EMINFLEX
850,s82,rabbit,mammal,coniglio,animale
851,s82,rabbit,mammal,coniglio,in cartoni animati
852,s82,rabbit,mammal,coniglio,Bugs Bunny
853,s82,rabbit,mammal,coniglio,va ghiotto di carote
854,s82,rabbit,mammal,coniglio,molto buono col sugo
855,s82,rabbit,mammal,coniglio,zampa fortunata
856,s82,peas,vegetable,piselli,alimento
857,s82,peas,vegetable,piselli,vegetale
858,s82,peas,vegetable,piselli,famiglia dei legumi
859,s82,peas,vegetable,piselli,ograno genitale maschile
860,s82,ship,vehicle,nave,mezzo
861,s82,ship,vehicle,nave,di trasporto
862,s82,ship,vehicle,nave,in grado di solcare i sette mari
863,s82,dog,mammal,cane,quadrupede
864,s82,dog,mammal,cane,migliore amico dell'uomo
865,s82,dog,mammal,cane,(quando non ti morde)
866,s82,horse,mammal,cavallo,animale
867,s82,horse,mammal,cavallo,veloce
868,s82,horse,mammal,cavallo,utilizzato in esercito
869,s82,tongs,implement,pinze,strumento
870,s82,tongs,implement,pinze,atto ad afferrare un oggetto altrimenti impossibile da prendere
871,s82,skyscraper,building,grattacielo,palazzo
872,s82,skyscraper,building,grattacielo,alto
873,s82,skyscraper,building,grattacielo,sfiora il cielo
874,s82,eye,bodypart,occhio,organo
875,s82,eye,bodypart,occhio,fondamentale per la vista
876,s82,truck,vehicle,camion,vedi autobus
877,s82,finger,bodypart,dito,bastoncino osseo
878,s82,finger,bodypart,dito,attaccato al palmo
879,s82,finger,bodypart,dito,5 per mano
880,s82,apple,fruit,mela,frutto
881,s82,apple,fruit,mela,succoso
882,s82,apple,fruit,mela,una al giorno toglie il medico di torno
883,s82,tower,building,torre,costruzione
884,s82,tower,building,torre,alta
885,s82,tower,building,torre,sottile
886,s82,tower,building,torre,per garantire una visuale più ampia
887,s82,train,vehicle,treno,mezzo
888,s82,train,vehicle,treno,di trasporto
889,s82,train,vehicle,treno,molto veloce
890,s82,train,vehicle,treno,con enorme capienza
891,s82,potato,vegetable,patata,organo genitale femminile
892,s82,potato,vegetable,patata,ortaggio
893,s82,potato,vegetable,patata,molto buona
894,s82,bridge,building,ponte,esercizio fisico
895,s82,bridge,building,ponte,si inarca la schiena
896,s82,sword,implement,spada,arma
897,s82,sword,implement,spada,si taglia l'avversario
898,s82,sword,implement,spada,fa male
899,s82,airplane,vehicle,aeroplano,mezzo
900,s82,airplane,vehicle,aeroplano,di trasporto
901,s82,airplane,vehicle,aeroplano,in grado di librarsi in aria
902,s82,airplane,vehicle,aeroplano,come una rondine
903,s82,pineapple,fruit,ananas,frutto
904,s82,pineapple,fruit,ananas,esotico
905,s82,pineapple,fruit,ananas,afrodisiaco
906,s83,leg,bodypart,gamba,parte del corpo umano
907,s83,leg,bodypart,gamba,serve per la stabilità dell'uomo
908,s83,leg,bodypart,gamba,alle estremità ha i piedi
909,s83,leg,bodypart,gamba,all'altra il bacino
910,s83,leg,bodypart,gamba,composta da carne
911,s83,leg,bodypart,gamba,composta da ossa
912,s83,leg,bodypart,gamba,composta da muscoli
913,s83,head,bodypart,testa,parte del corpo
914,s83,head,bodypart,testa,parte superiore
915,s83,head,bodypart,testa,contiene il cervello
916,s83,head,bodypart,testa,sede dei pensieri
917,s83,head,bodypart,testa,vi sono occhi
918,s83,head,bodypart,testa,vi è la bocca
919,s83,head,bodypart,testa,vi è il naso
920,s83,head,bodypart,testa,vi sono orecchie
921,s83,head,bodypart,testa,vi sono capelli
922,s83,head,bodypart,testa,differiscono ognuna per forma e aspetto
923,s83,jacket,clothing,giacca,indumento
924,s83,jacket,clothing,giacca,utilizzato quando c'è freddo
925,s83,jacket,clothing,giacca,mantiene il corpo caldo
926,s83,jacket,clothing,giacca,può essere di materiali diversi
927,s83,armchair,furniture,poltrona,arredo
928,s83,armchair,furniture,poltrona,usato in casa
929,s83,armchair,furniture,poltrona,per sedersi
930,s83,armchair,furniture,poltrona,per riposare
931,s83,armchair,furniture,poltrona,di vari materiali
932,s83,armchair,furniture,poltrona,più o meno comodi
933,s83,armchair,furniture,poltrona,varia di colore
934,s83,chair,furniture,sedia,utilizzata per sedersi
935,s83,chair,furniture,sedia,serve per riposare le gambe
936,s83,chair,furniture,sedia,serve per la comodità casalinga
937,s83,chair,furniture,sedia,nei pasti
938,s83,chair,furniture,sedia,in salotto
939,s83,chair,furniture,sedia,composta da 4 gambe
940,s83,chair,furniture,sedia,composta da uno schienale
941,s83,garage,building,garage,posteggio
942,s83,garage,building,garage,per la macchina
943,s83,garage,building,garage,sotterraneo
944,s83,garage,building,garage,in cemento
945,s83,garage,building,garage,chiuso da uno sportello in ferro
946,s83,cherry,fruit,ciliegia,cibo
947,s83,cherry,fruit,ciliegia,piccolo
948,s83,cherry,fruit,ciliegia,rotondo
949,s83,cherry,fruit,ciliegia,rosso
950,s83,cherry,fruit,ciliegia,dolce
951,s83,cherry,fruit,ciliegia,periodo primaverile-estivo
952,s83,cherry,fruit,ciliegia,cresce sugli alberi
953,s83,chemise,clothing,camicia,indumento
954,s83,chemise,clothing,camicia,elegante
955,s83,chemise,clothing,camicia,rozzo
956,s83,chemise,clothing,camicia,usato dai manager
957,s83,chemise,clothing,camicia,usato dai contadini
958,s83,chemise,clothing,camicia,ha un colletto
959,s83,chemise,clothing,camicia,ha una taschina nella sinistra
960,s83,table,furniture,tavolo,oggetto d'arredamento
961,s83,table,furniture,tavolo,su cui si posano oggetti
962,s83,table,furniture,tavolo,su cui si mangia
963,s83,table,furniture,tavolo,utilizzato in qualsiasi ambiente
964,s83,table,furniture,tavolo,4 gambe
965,s83,table,furniture,tavolo,1 piano
966,s83,comb,implement,pettine,usato per sistemare i capelli
967,s83,comb,implement,pettine,fornito di denti
968,s83,comb,implement,pettine,costituito di plastica
969,s83,church,building,chiesa,luogo
970,s83,church,building,chiesa,di culto
971,s83,church,building,chiesa,per le religioni
972,s83,church,building,chiesa,architettura importante
973,s83,pear,fruit,pera,frutto
974,s83,pear,fruit,pera,dolce
975,s83,pear,fruit,pera,dal colore verde
976,s83,pear,fruit,pera,cresce sugli alberi
977,s83,monkey,mammal,scimmia,animale
978,s83,monkey,mammal,scimmia,tra i più intelligenti
979,s83,monkey,mammal,scimmia,da cui discende l'uomo
980,s83,monkey,mammal,scimmia,non dotato di pollice opponibile
981,s83,goose,bird,oca,volatile
982,s83,goose,bird,oca,spesso addomesticato
983,s83,goose,bird,oca,vive nelle aie
984,s83,goose,bird,oca,si trovano nei parchi pubblici
985,s83,paintbrush,implement,pennello,strumento
986,s83,paintbrush,implement,pennello,utilizzato per dipingere pareti
987,s83,paintbrush,implement,pennello,utilizzato per dipingere oggetti
988,s83,paintbrush,implement,pennello,utilizzato da pittori
989,s83,paintbrush,implement,pennello,per eseguire le loro opere
990,s83,paintbrush,implement,pennello,varie dimensioni
991,s83,sweater,clothing,pullover,indumento
992,s83,sweater,clothing,pullover,elegante
993,s83,sweater,clothing,pullover,in lana
994,s83,sweater,clothing,pullover,si porta sopra camicie
995,s83,onion,vegetable,cipolla,vegetale
996,s83,onion,vegetable,cipolla,composto a strati
997,s83,onion,vegetable,cipolla,usato come condimento
998,s83,onion,vegetable,cipolla,fa piangere se avvicinato agli occhi
999,s83,bear,mammal,orso,grosso
1000,s83,bear,mammal,orso,animale
1001,s83,bear,mammal,orso,silvestre
1002,s83,bear,mammal,orso,aggressivo
1003,s83,bear,mammal,orso,colore marrone
1004,s83,sparrow,bird,passero,piccolo
1005,s83,sparrow,bird,passero,volatile
1006,s83,sparrow,bird,passero,marrone
1007,s83,sparrow,bird,passero,si muove a stormi
1008,s83,sparrow,bird,passero,si muove da solo
1009,s83,sparrow,bird,passero,cinguetta
1010,s83,shoes,clothing,scarpe,usate per camminare
1011,s83,shoes,clothing,scarpe,evita che il piede nudo si ferisca
1012,s83,shoes,clothing,scarpe,comode
1013,s83,shoes,clothing,scarpe,esteticamente belle
1014,s83,spinach,vegetable,spinaci,verdure
1015,s83,spinach,vegetable,spinaci,contiene proteine utili al corpo
1016,s83,spinach,vegetable,spinaci,di colore verde
1017,s83,spinach,vegetable,spinaci,formato da filamenti
1018,s83,broom,implement,scopa,usata per pulire il terreno
1019,s83,broom,implement,scopa,formata da manico
1020,s83,broom,implement,scopa,formata da paglia
1021,s83,socks,clothing,calzini,indumento
1022,s83,socks,clothing,calzini,si porta ai piedi
1023,s83,socks,clothing,calzini,trattengono il sudore
1024,s83,owl,bird,gufo,animale
1025,s83,owl,bird,gufo,volatile
1026,s83,owl,bird,gufo,notturno
1027,s83,owl,bird,gufo,grasso
1028,s83,owl,bird,gufo,tondo
1029,s83,owl,bird,gufo,osserva
1030,s83,owl,bird,gufo,tace
1031,s83,seagull,bird,gabbiano,volatile
1032,s83,seagull,bird,gabbiano,bianco
1033,s83,seagull,bird,gabbiano,col becco arancione
1034,s83,seagull,bird,gabbiano,si trova al mare
1035,s83,seagull,bird,gabbiano,si trova sopra le discariche
1036,s84,hand,bodypart,mano,estremità del braccio
1037,s84,hand,bodypart,mano,5 dite
1038,s84,hand,bodypart,mano,pollice opponibile
1039,s84,hand,bodypart,mano,serve per afferrare gli oggetti
1040,s84,hand,bodypart,mano,senso del tatto
1041,s84,woodpecker,bird,picchio,volatile
1042,s84,woodpecker,bird,picchio,becco appuntito
1043,s84,woodpecker,bird,picchio,se ne serve per costruirsi la tana praticando un foro negli alberi
1044,s84,woodpecker,bird,picchio,piccole dimensioni
1045,s84,orange,fruit,arancia,frutto
1046,s84,orange,fruit,arancia,si mangia
1047,s84,orange,fruit,arancia,polpa succosa
1048,s84,orange,fruit,arancia,arancione
1049,s84,orange,fruit,arancia,profumata
1050,s84,orange,fruit,arancia,si spreme per ricavarne bevande
1051,s84,orange,fruit,arancia,cresce sugli alberi
1052,s84,orange,fruit,arancia,cresce sugli aranci
1053,s84,bus,vehicle,autobus,mezzo
1054,s84,bus,vehicle,autobus,di trasporto
1055,s84,bus,vehicle,autobus,pubblico
1056,s84,bus,vehicle,autobus,stradale
1057,s84,bus,vehicle,autobus,ci viaggiano più persone
1058,s84,bus,vehicle,autobus,si pagano le corse tramite il timbro di un biglietto
1059,s84,bus,vehicle,autobus,lungo
1060,s84,bus,vehicle,autobus,nella nostra città è arancione
1061,s84,bus,vehicle,autobus,capiente
1062,s84,bus,vehicle,autobus,effettua diverse fermate in vari luoghi della città
1063,s84,corn,vegetable,mais,cibo
1064,s84,corn,vegetable,mais,chicchi gialli
1065,s84,corn,vegetable,mais,si trova sulle pannocchie
1066,s84,corn,vegetable,mais,"se cotto, si ottengono pop-corn"
1067,s84,corn,vegetable,mais,vegetale
1068,s84,bed,furniture,letto,struttura
1069,s84,bed,furniture,letto,dove si dorme
1070,s84,bed,furniture,letto,dove si riposta
1071,s84,bed,furniture,letto,sostegno in legno
1072,s84,bed,furniture,letto,sostegno in altro materiale
1073,s84,bed,furniture,letto,materasso
1074,s84,bed,furniture,letto,coperte
1075,s84,bed,furniture,letto,cuscino
1076,s84,bed,furniture,letto,ci si sdraia
1077,s84,rabbit,mammal,coniglio,animale
1078,s84,rabbit,mammal,coniglio,mammifero
1079,s84,rabbit,mammal,coniglio,erbivoro
1080,s84,rabbit,mammal,coniglio,bianco
1081,s84,rabbit,mammal,coniglio,marrone
1082,s84,rabbit,mammal,coniglio,nero
1083,s84,rabbit,mammal,coniglio,piccole dimensioni
1084,s84,rabbit,mammal,coniglio,orecchie lunghe
1085,s84,rabbit,mammal,coniglio,coda batuffolosa
1086,s84,peas,vegetable,piselli,cibo
1087,s84,peas,vegetable,piselli,vegetali
1088,s84,peas,vegetable,piselli,verdure
1089,s84,peas,vegetable,piselli,colore verde
1090,s84,peas,vegetable,piselli,crescono dentro ad involucri
1091,s84,peas,vegetable,piselli,sferici
1092,s84,peas,vegetable,piselli,piccole dimensioni
1093,s84,closet,furniture,armadio,mobile
1094,s84,closet,furniture,armadio,grandi dimensioni
1095,s84,closet,furniture,armadio,fatto di legno
1096,s84,closet,furniture,armadio,serve da contenitore per i più svariati oggetti
1097,s84,closet,furniture,armadio,ce n'è uno in ogni casa
1098,s84,ship,vehicle,nave,mezzo
1099,s84,ship,vehicle,nave,di trasporto
1100,s84,ship,vehicle,nave,marino
1101,s84,ship,vehicle,nave,diversi tipi
1102,s84,ship,vehicle,nave,da crociera
1103,s84,ship,vehicle,nave,mercantili
1104,s84,ship,vehicle,nave,possono trasportare personi
1105,s84,ship,vehicle,nave,possono trasportare merci
1106,s84,ship,vehicle,nave,galleggiano sul mare
1107,s84,dog,mammal,cane,animale
1108,s84,dog,mammal,cane,mammifero
1109,s84,dog,mammal,cane,socievole
1110,s84,dog,mammal,cane,abbaia
1111,s84,dog,mammal,cane,dimensioni variabili
1112,s84,dog,mammal,cane,ne esistono diverse razze
1113,s84,dog,mammal,cane,orecchie
1114,s84,dog,mammal,cane,muso
1115,s84,dog,mammal,cane,coda
1116,s84,dog,mammal,cane,4 zampe
1117,s84,horse,mammal,cavallo,animale
1118,s84,horse,mammal,cavallo,mammifero
1119,s84,horse,mammal,cavallo,quadrupede
1120,s84,horse,mammal,cavallo,grande
1121,s84,horse,mammal,cavallo,coda
1122,s84,horse,mammal,cavallo,criniera
1123,s84,horse,mammal,cavallo,"usato come mezzo di trasporto, meno rispetto all'antichità"
1124,s84,horse,mammal,cavallo,lo si può sellare
1125,s84,horse,mammal,cavallo,lo si può cavalcare salendogli sul dorso
1126,s84,horse,mammal,cavallo,nitrisce
1127,s84,tongs,implement,pinze,attrezzo
1128,s84,tongs,implement,pinze,metallico
1129,s84,tongs,implement,pinze,utilizzato da fabbri
1130,s84,tongs,implement,pinze,utilizzato da falegnami
1131,s84,tongs,implement,pinze,utilizzato da altri artigiani
1132,s84,tongs,implement,pinze,si afferrano
1133,s84,tongs,implement,pinze,tengono fermi oggetti
1134,s84,tongs,implement,pinze,uso anche domestico
1135,s84,tongs,implement,pinze,dimensioni piccole
1136,s84,tongs,implement,pinze,si tengono in mano
1137,s84,skyscraper,building,grattacielo,edificio
1138,s84,skyscraper,building,grattacielo,molto alto
1139,s84,skyscraper,building,grattacielo,svariati piani
1140,s84,skyscraper,building,grattacielo,ci abitano persone
1141,s84,skyscraper,building,grattacielo,oppure ci lavorano
1142,s84,skyscraper,building,grattacielo,costruito con acciaio
1143,s84,skyscraper,building,grattacielo,costruito con calcestruzzo
1144,s84,skyscraper,building,grattacielo,costruito con cemento
1145,s84,skyscraper,building,grattacielo,costruito con vetro
1146,s84,skyscraper,building,grattacielo,nelle grandi metropoli ce ne sono moltissimi
1147,s84,eye,bodypart,occhio,organo
1148,s84,eye,bodypart,occhio,per la vista
1149,s84,eye,bodypart,occhio,ogni persona ne possiede 2
1150,s84,eye,bodypart,occhio,ogni animale ne possiede 2
1151,s84,eye,bodypart,occhio,diversi colori
1152,s84,eye,bodypart,occhio,gli uomini li hanno di ogni gradazione del verde
1153,s84,eye,bodypart,occhio,gli uomini li hanno di ogni gradazione del marrone
1154,s84,eye,bodypart,occhio,gli uomini li hanno di ogni gradazione del azzurro
1155,s84,eye,bodypart,occhio,gli uomini li hanno di ogni gradazione del nero
1156,s84,eye,bodypart,occhio,gli uomini li hanno di ogni gradazione del viola
1157,s84,eye,bodypart,occhio,si possono avere due diversi colori per i 2 occhi di una stessa persona
1158,s84,eye,bodypart,occhio,composto di acqua
1159,s84,truck,vehicle,camion,mezzo
1160,s84,truck,vehicle,camion,di trasporto
1161,s84,truck,vehicle,camion,ci si caricano merci
1162,s84,truck,vehicle,camion,grandi dimensioni
1163,s84,truck,vehicle,camion,viaggia su strada
1164,s84,finger,bodypart,dito,ce ne sono 5 in ogni mano
1165,s84,finger,bodypart,dito,ce ne sono 5 in ogni piede
1166,s84,finger,bodypart,dito,lungo in media 5cm
1167,s84,finger,bodypart,dito,funzione prensile
1168,s84,finger,bodypart,dito,rivestito di tessuto
1169,s84,finger,bodypart,dito,rivestito di epidermide
1170,s84,apple,fruit,mela,frutto
1171,s84,apple,fruit,mela,ha torsolo
1172,s84,apple,fruit,mela,ha picciolo
1173,s84,apple,fruit,mela,ha buccia
1174,s84,apple,fruit,mela,ha semi
1175,s84,apple,fruit,mela,ha polpa
1176,s84,apple,fruit,mela,se acerba è verde
1177,s84,apple,fruit,mela,se matura è gialla
1178,s84,apple,fruit,mela,se matura è rossa
1179,s84,apple,fruit,mela,grande quanto un pugno chiuso
1180,s84,tower,building,torre,costruzione
1181,s84,tower,building,torre,solitamente cilindrica
1182,s84,tower,building,torre,alta
1183,s84,tower,building,torre,nei castelli è quasi sempre merlata
1184,s84,tower,building,torre,finestre a apertura non troppo ampia
1185,s84,train,vehicle,treno,mezzo
1186,s84,train,vehicle,treno,di trasporto
1187,s84,train,vehicle,treno,viaggia su rotaie
1188,s84,train,vehicle,treno,trasporta persone
1189,s84,train,vehicle,treno,trasporta merci
1190,s84,train,vehicle,treno,composto da diversi vagoni
1191,s84,potato,vegetable,patata,tubero
1192,s84,potato,vegetable,patata,cresce sottoterra
1193,s84,potato,vegetable,patata,commestibile
1194,s84,potato,vegetable,patata,importato in Europa dopo il 1492
1195,s84,potato,vegetable,patata,dimensioni variabili
1196,s84,potato,vegetable,patata,dimensioni ridotte
1197,s84,potato,vegetable,patata,vi è dell'amido
1198,s84,bridge,building,ponte,costruzione edilistica
1199,s84,bridge,building,ponte,può collegare due luoghi tra loro separati da fiumi
1200,s84,bridge,building,ponte,può collegare due luoghi tra loro separati da dirupi
1201,s84,bridge,building,ponte,percorribile a piedi
1202,s84,bridge,building,ponte,percorribile tramite mezzi di trasporto
1203,s84,bridge,building,ponte,lunghezza variabile
1204,s84,sword,implement,spada,arma
1205,s84,sword,implement,spada,elsa
1206,s84,sword,implement,spada,lama
1207,s84,sword,implement,spada,si usava per combattere in guerra
1208,s84,sword,implement,spada,si usava per uccidere nemici
1209,s84,sword,implement,spada,lunga
1210,s84,sword,implement,spada,pesante
1211,s84,sword,implement,spada,di ferro
1212,s84,sword,implement,spada,di acciaio
1213,s84,airplane,vehicle,aeroplano,mezzo
1214,s84,airplane,vehicle,aeroplano,di trasporto
1215,s84,airplane,vehicle,aeroplano,aereo
1216,s84,airplane,vehicle,aeroplano,viaggia ad alta quota
1217,s84,airplane,vehicle,aeroplano,ci viaggiano uomini
1218,s84,airplane,vehicle,aeroplano,traporta merci
1219,s84,airplane,vehicle,aeroplano,utilizzato per raggiungere posti molto distanti
1220,s84,pineapple,fruit,ananas,frutto
1221,s84,pineapple,fruit,ananas,commestibile
1222,s84,pineapple,fruit,ananas,polpa verde
1223,s84,pineapple,fruit,ananas,polpa succosa
1224,s84,pineapple,fruit,ananas,ricoperto da una buccia legnosa
1225,s84,pineapple,fruit,ananas,ricoperto da una buccia non commestibile
1226,s84,pineapple,fruit,ananas,cresce con un clima caldo
1227,s85,leg,bodypart,gamba,arto del corpo umano
1228,s85,leg,bodypart,gamba,addetto alla locomozione
1229,s85,leg,bodypart,gamba,ogni essere umano ne ha 2
1230,s85,leg,bodypart,gamba,è composta da uno scheletro osseo
1231,s85,leg,bodypart,gamba,sul supporto del quale sono montati muscoli
1232,s85,leg,bodypart,gamba,sul supporto del quale sono montati tendini addetti al movimento
1233,s85,leg,bodypart,gamba,sul supporto del quale sono montate vene
1234,s85,leg,bodypart,gamba,sul supporto del quale sono montate arterie
1235,s85,head,bodypart,testa,"sede del cervello, organo dell'intelletto e di controllo"
1236,s85,head,bodypart,testa,sede degli occhi
1237,s85,head,bodypart,testa,sede della bocca
1238,s85,head,bodypart,testa,sede delle orecchie
1239,s85,jacket,clothing,giacca,capo d'abbigliamento
1240,s85,jacket,clothing,giacca,pesante
1241,s85,jacket,clothing,giacca,si indossa sopra a tutti gli altri capi del torso
1242,s85,armchair,furniture,poltrona,oggetto
1243,s85,armchair,furniture,poltrona,sul quale ci si può sedere
1244,s85,armchair,furniture,poltrona,sul quale ci si può sdraiare
1245,s85,armchair,furniture,poltrona,cerca di essere comoda
1246,s85,chair,furniture,sedia,oggetto
1247,s85,chair,furniture,sedia,che serve a sedersi
1248,s85,chair,furniture,sedia,ha 3 gambe
1249,s85,chair,furniture,sedia,ha 4 gambe
1250,s85,chair,furniture,sedia,ha più gambe
1251,s85,chair,furniture,sedia,ha uno schienale
1252,s85,chair,furniture,sedia,ha un piano orizzontale
1253,s85,garage,building,garage,autorimessa in francese
1254,s85,garage,building,garage,stanza
1255,s85,garage,building,garage,abbastanza ampia da contenere un auto
1256,s85,garage,building,garage,serve a contenere l'auto parcheggiata
1257,s85,cherry,fruit,ciliegia,frutto
1258,s85,cherry,fruit,ciliegia,rosso
1259,s85,cherry,fruit,ciliegia,piccolo
1260,s85,cherry,fruit,ciliegia,dolce
1261,s85,cherry,fruit,ciliegia,del ciliegio
1262,s85,cherry,fruit,ciliegia,di forma sferica
1263,s85,cherry,fruit,ciliegia,contiene un nocciolo duro
1264,s85,chemise,clothing,camicia,capo d'abbigliamento
1265,s85,chemise,clothing,camicia,si indossa sul torso
1266,s85,chemise,clothing,camicia,ha colletto
1267,s85,chemise,clothing,camicia,ha maniche
1268,s85,chemise,clothing,camicia,ha bottoni
1269,s85,table,furniture,tavolo,piano orizzontale
1270,s85,table,furniture,tavolo,di appoggio
1271,s85,table,furniture,tavolo,costituito da una superficie orizzontale
1272,s85,table,furniture,tavolo,in genere rettangolare
1273,s85,table,furniture,tavolo,da 3 gambe di eguale lunghezza
1274,s85,table,furniture,tavolo,da più gambe di eguale lunghezza
1275,s85,comb,implement,pettine,strumento
1276,s85,comb,implement,pettine,dotato di denti
1277,s85,comb,implement,pettine,serve a pettinarsi i capelli
1278,s85,church,building,chiesa,luogo
1279,s85,church,building,chiesa,di culto
1280,s85,church,building,chiesa,della religione cristiana
1281,s85,church,building,chiesa,è un tempio
1282,s85,church,building,chiesa,dalla pianta a croce latina
1283,s85,pear,fruit,pera,frutto
1284,s85,pear,fruit,pera,dolce
1285,s85,pear,fruit,pera,del pero
1286,s85,pear,fruit,pera,ha la stessa forma del Lago di Garda
1287,s85,monkey,mammal,scimmia,animale
1288,s85,monkey,mammal,scimmia,antropomorfo
1289,s85,monkey,mammal,scimmia,mammifero
1290,s85,monkey,mammal,scimmia,bipede
1291,s85,monkey,mammal,scimmia,quadrupede
1292,s85,monkey,mammal,scimmia,antenato dell'uomo
1293,s85,goose,bird,oca,uccello
1294,s85,goose,bird,oca,acquatico
1295,s85,goose,bird,oca,bianco
1296,s85,goose,bird,oca,vola
1297,s85,paintbrush,implement,pennello,strumento
1298,s85,paintbrush,implement,pennello,per l'applicazione di colore su una superficie
1299,s85,paintbrush,implement,pennello,per la distribuzione di colore su una superficie
1300,s85,paintbrush,implement,pennello,costituito da un manico
1301,s85,paintbrush,implement,pennello,"costituito da una ""testa"""
1302,s85,sweater,clothing,pullover,capo d'abbigliamento
1303,s85,sweater,clothing,pullover,si indossa sul torso
1304,s85,sweater,clothing,pullover,tiene molto caldo
1305,s85,sweater,clothing,pullover,si indossa infilandolo dalla testa
1306,s85,onion,vegetable,cipolla,ortaggio
1307,s85,onion,vegetable,cipolla,bianco
1308,s85,onion,vegetable,cipolla,molto saporito
1309,s85,onion,vegetable,cipolla,previene le malattie cardiache
1310,s85,onion,vegetable,cipolla,dà alito cattivo
1311,s85,bear,mammal,orso,mammifero
1312,s85,bear,mammal,orso,quadrupede
1313,s85,bear,mammal,orso,onnivoro
1314,s85,bear,mammal,orso,molto grande
1315,s85,sparrow,bird,passero,uccello
1316,s85,sparrow,bird,passero,comune
1317,s85,sparrow,bird,passero,piccolo
1318,s85,sparrow,bird,passero,vola
1319,s85,shoes,clothing,scarpe,capo d'abbigliamento
1320,s85,shoes,clothing,scarpe,per i piedi
1321,s85,shoes,clothing,scarpe,composto da una suola
1322,s85,shoes,clothing,scarpe,composto da lacci
1323,s85,spinach,vegetable,spinaci,verdura
1324,s85,spinach,vegetable,spinaci,contenente molto ferro
1325,s85,broom,implement,scopa,strumento
1326,s85,broom,implement,scopa,per la pulizia dei pavimenti
1327,s85,broom,implement,scopa,formato da un manico
1328,s85,broom,implement,scopa,"formato da una ""testa"""
1329,s85,socks,clothing,calzini,capo di abbigliamento
1330,s85,socks,clothing,calzini,per i piedi
1331,s85,owl,bird,gufo,uccello
1332,s85,owl,bird,gufo,notturno
1333,s85,owl,bird,gufo,chiara visione notturna
1334,s85,owl,bird,gufo,in grado di ruotare il collo a 260 gradi
1335,s85,owl,bird,gufo,rapace
1336,s85,seagull,bird,gabbiano,uccello
1337,s85,seagull,bird,gabbiano,marino
1338,s85,seagull,bird,gabbiano,si nutre di pesci
1339,s85,seagull,bird,gabbiano,si nutre di rifiuti
1340,s85,seagull,bird,gabbiano,vola
1341,s85,seagull,bird,gabbiano,bianco
1342,s85,seagull,bird,gabbiano,grigio
1343,s85,seagull,bird,gabbiano,nero
1344,s86,hand,bodypart,mano,parte del corpo umano
1345,s86,hand,bodypart,mano,in contatto con l'esterno
1346,s86,hand,bodypart,mano,tocca ogni cosa
1347,s86,hand,bodypart,mano,dotata di 5 dita
1348,s86,woodpecker,bird,picchio,razza di uccello
1349,s86,orange,fruit,arancia,agrume
1350,s86,orange,fruit,arancia,arancione
1351,s86,orange,fruit,arancia,contiene vitamine
1352,s86,orange,fruit,arancia,è tondo
1353,s86,orange,fruit,arancia,è usata per fare spremute
1354,s86,orange,fruit,arancia,è buona
1355,s86,orange,fruit,arancia,è un po' acida
1356,s86,bus,vehicle,autobus,mezzo
1357,s86,bus,vehicle,autobus,di trasporto
1358,s86,bus,vehicle,autobus,pubblico
1359,s86,bus,vehicle,autobus,in questa regione giallo
1360,s86,bus,vehicle,autobus,ha diverese fermate
1361,s86,bus,vehicle,autobus,in mezzo alla città
1362,s86,bus,vehicle,autobus,bisogna pagare il biglietto
1363,s86,corn,vegetable,mais,sembra un dentino
1364,s86,corn,vegetable,mais,giallo
1365,s86,corn,vegetable,mais,si mangia
1366,s86,corn,vegetable,mais,è una parte della pannocchia
1367,s86,corn,vegetable,mais,è geneticamente modificato
1368,s86,bed,furniture,letto,luogo
1369,s86,bed,furniture,letto,stupendo
1370,s86,bed,furniture,letto,complesso formato da sostegno
1371,s86,bed,furniture,letto,complesso formato da materasso
1372,s86,bed,furniture,letto,complesso formato da cuscini
1373,s86,bed,furniture,letto,complesso formato da coperte
1374,s86,bed,furniture,letto,usato per dormire
1375,s86,bed,furniture,letto,usato per riposare
1376,s86,bed,furniture,letto,usato per guardare la tv
1377,s86,bed,furniture,letto,usato per fare l'amore
1378,s86,bed,furniture,letto,centro della casa del medioevo
1379,s86,bed,furniture,letto,comodo
1380,s86,bed,furniture,letto,morbido
1381,s86,rabbit,mammal,coniglio,animale
1382,s86,rabbit,mammal,coniglio,peloso
1383,s86,rabbit,mammal,coniglio,simnboleggiante la codardia
1384,s86,rabbit,mammal,coniglio,simnboleggiante la Pasqua
1385,s86,rabbit,mammal,coniglio,molto tenero
1386,s86,rabbit,mammal,coniglio,di diversi colori
1387,s86,rabbit,mammal,coniglio,le sue feci sono minuscole palline
1388,s86,peas,vegetable,piselli,verdure
1389,s86,peas,vegetable,piselli,piccole
1390,s86,peas,vegetable,piselli,tondi
1391,s86,peas,vegetable,piselli,verdi
1392,s86,peas,vegetable,piselli,stanno in un bacccello
1393,s86,peas,vegetable,piselli,si mangiano
1394,s86,closet,furniture,armadio,struttura
1395,s86,closet,furniture,armadio,in legno
1396,s86,closet,furniture,armadio,serve a riporre i vestiti
1397,s86,closet,furniture,armadio,si trova nelle camere da letto
1398,s86,ship,vehicle,nave,mezzo
1399,s86,ship,vehicle,nave,di trasporto
1400,s86,ship,vehicle,nave,sull'acqua
1401,s86,ship,vehicle,nave,struttura in legno
1402,s86,ship,vehicle,nave,struttura in acciaio
1403,s86,ship,vehicle,nave,molto grande
1404,s86,ship,vehicle,nave,porta passeggeri
1405,s86,ship,vehicle,nave,naviga nel mare
1406,s86,ship,vehicle,nave,per tutto il mondo
1407,s86,dog,mammal,cane,goa
1408,s86,dog,mammal,cane,animale 
1409,s86,dog,mammal,cane,domestico
1410,s86,dog,mammal,cane,di compagnia
1411,s86,dog,mammal,cane,amico dell'uomo
1412,s86,dog,mammal,cane,puzzolente
1413,s86,dog,mammal,cane,tenero
1414,s86,dog,mammal,cane,da guardia
1415,s86,dog,mammal,cane,fedele
1416,s86,horse,mammal,cavallo,animale
1417,s86,horse,mammal,cavallo,in passato era usato per il trasporto di merci
1418,s86,horse,mammal,cavallo,in passato era usato per il trasporto di persone
1419,s86,horse,mammal,cavallo,molto grande
1420,s86,horse,mammal,cavallo,bello
1421,s86,horse,mammal,cavallo,veloce
1422,s86,tongs,implement,pinze,oggetto
1423,s86,tongs,implement,pinze,di metallo
1424,s86,tongs,implement,pinze,adatto a prendere oggetti molto piccoli
1425,s86,skyscraper,building,grattacielo,enorme
1426,s86,skyscraper,building,grattacielo,edificio
1427,s86,skyscraper,building,grattacielo,contenente uffici
1428,s86,skyscraper,building,grattacielo,costruiti nelle grandi città
1429,s86,skyscraper,building,grattacielo,tutti a vetrata
1430,s86,skyscraper,building,grattacielo,espressione di potenza economica
1431,s86,eye,bodypart,occhio,parte del corpo
1432,s86,eye,bodypart,occhio,legata alla vista
1433,s86,eye,bodypart,occhio,molto importante
1434,s86,eye,bodypart,occhio,di diversi colori
1435,s86,eye,bodypart,occhio,di diversi tagli
1436,s86,truck,vehicle,camion,macchina
1437,s86,truck,vehicle,camion,molto grande
1438,s86,truck,vehicle,camion,adibito al trasporto
1439,s86,finger,bodypart,dito,parrte della mano
1440,s86,finger,bodypart,dito,tocca moltissime cose
1441,s86,finger,bodypart,dito,dotata di polpastrello
1442,s86,apple,fruit,mela,frutto
1443,s86,apple,fruit,mela,verde
1444,s86,apple,fruit,mela,rosso
1445,s86,apple,fruit,mela,giallo
1446,s86,apple,fruit,mela,pieno di vitamine
1447,s86,apple,fruit,mela,molto diffuso
1448,s86,apple,fruit,mela,molto buono
1449,s86,tower,building,torre,alta
1450,s86,tower,building,torre,costruzione
1451,s86,tower,building,torre,medievale
1452,s86,tower,building,torre,c'erano rinchiuse le principesse delle favole
1453,s86,tower,building,torre,in pietra
1454,s86,tower,building,torre,con strette feritoie
1455,s86,train,vehicle,treno,mezzo
1456,s86,train,vehicle,treno,pubblico
1457,s86,train,vehicle,treno,mezzo di trasporto
1458,s86,train,vehicle,treno,a pagamento
1459,s86,train,vehicle,treno,assomiglia a un grande serpente di acciaio
1460,s86,train,vehicle,treno,viaggia sulle rotaie
1461,s86,potato,vegetable,patata,tubero
1462,s86,potato,vegetable,patata,molto buono
1463,s86,potato,vegetable,patata,giallo
1464,s86,potato,vegetable,patata,cucinata in moltissimi modi
1465,s86,potato,vegetable,patata,commestibile
1466,s86,bridge,building,ponte,struttura
1467,s86,bridge,building,ponte,attraversa sopra-elevato un fiume
1468,s86,bridge,building,ponte,legando una sponda all'altra
1469,s86,sword,implement,spada,arma
1470,s86,sword,implement,spada,medioevale
1471,s86,sword,implement,spada,usato dai cavalieri
1472,s86,sword,implement,spada,molto pesante
1473,s86,airplane,vehicle,aeroplano,mezzo
1474,s86,airplane,vehicle,aeroplano,di trasporto
1475,s86,airplane,vehicle,aeroplano,a imitazione degli uccelli
1476,s86,airplane,vehicle,aeroplano,vola
1477,s86,airplane,vehicle,aeroplano,copre grandissime distanze
1478,s86,pineapple,fruit,ananas,frutto
1479,s86,pineapple,fruit,ananas,tropicale
1480,s86,pineapple,fruit,ananas,punge all'esterno
1481,s86,pineapple,fruit,ananas,è giallo
1482,s87,leg,bodypart,gamba,arto del corpo
1483,s87,leg,bodypart,gamba,serve a camminare
1484,s87,leg,bodypart,gamba,serve a stare in piedi
1485,s87,leg,bodypart,gamba,ha una parte mobile
1486,s87,leg,bodypart,gamba,con delle articolazioni
1487,s87,leg,bodypart,gamba,c'è un piede in fondo
1488,s87,head,bodypart,testa,parte del corpo
1489,s87,head,bodypart,testa,nella quale è il cervello
1490,s87,head,bodypart,testa,vi sono capelli
1491,s87,head,bodypart,testa,vi sono orecchie
1492,s87,head,bodypart,testa,vi sono occhi
1493,s87,head,bodypart,testa,vi è bocca
1494,s87,head,bodypart,testa,vi è naso
1495,s87,head,bodypart,testa,diversa per ogni individuo
1496,s87,jacket,clothing,giacca,indumento
1497,s87,jacket,clothing,giacca,pesante
1498,s87,jacket,clothing,giacca,da mettere sopra a maglie
1499,s87,jacket,clothing,giacca,da mettere sopra a altri vestiti
1500,s87,jacket,clothing,giacca,serve per proteggere il corpo dal freddo
1501,s87,armchair,furniture,poltrona,sedia
1502,s87,armchair,furniture,poltrona,munita di cuscini
1503,s87,armchair,furniture,poltrona,grande
1504,s87,armchair,furniture,poltrona,comoda
1505,s87,armchair,furniture,poltrona,imbottito
1506,s87,armchair,furniture,poltrona,non ci si siede quando si mangia
1507,s87,armchair,furniture,poltrona,ci si siede quando si guarda la televisione
1508,s87,chair,furniture,sedia,oggetto
1509,s87,chair,furniture,sedia,che serve a sedersi
1510,s87,chair,furniture,sedia,ha 4 gambe
1511,s87,chair,furniture,sedia,ha uno schienale
1512,s87,garage,building,garage,luogo
1513,s87,garage,building,garage,in cui si parcheggia la macchina
1514,s87,garage,building,garage,dove si ripongono cose inutili
1515,s87,garage,building,garage,dove si ripongono cose utilizzate poco
1516,s87,cherry,fruit,ciliegia,frutto
1517,s87,cherry,fruit,ciliegia,rosso
1518,s87,cherry,fruit,ciliegia,con un gambo
1519,s87,cherry,fruit,ciliegia,con un nocciolo
1520,s87,cherry,fruit,ciliegia,buona
1521,s87,cherry,fruit,ciliegia,succosa
1522,s87,cherry,fruit,ciliegia,sporca i vestiti
1523,s87,chemise,clothing,camicia,indumento
1524,s87,chemise,clothing,camicia,leggero
1525,s87,chemise,clothing,camicia,con bottoni sul ventre
1526,s87,chemise,clothing,camicia,ha un colletto
1527,s87,chemise,clothing,camicia,ha un taschino sul petto
1528,s87,table,furniture,tavolo,ripiano orizzontale
1529,s87,table,furniture,tavolo,con 4 gambe
1530,s87,table,furniture,tavolo,arriva all'altezza del bacino
1531,s87,table,furniture,tavolo,è alla portata di un uomo seduto
1532,s87,table,furniture,tavolo,serve a mangiare
1533,s87,table,furniture,tavolo,serve a fare i compiti
1534,s87,table,furniture,tavolo,serve per un lavoro qualsiasi
1535,s87,table,furniture,tavolo,serve per scrivere
1536,s87,comb,implement,pettine,serve a pettinare i capelli
1537,s87,comb,implement,pettine,ha un manico
1538,s87,comb,implement,pettine,"ha tanti ""denti"""
1539,s87,church,building,chiesa,luogo
1540,s87,church,building,chiesa,di preghiera
1541,s87,church,building,chiesa,in cui si celebrano le messe
1542,s87,church,building,chiesa,ha tanti banconi al suo interno
1543,s87,church,building,chiesa,per far pregare i fedeli
1544,s87,church,building,chiesa,c'è un altare
1545,s87,church,building,chiesa,dove il prete parla
1546,s87,pear,fruit,pera,frutto
1547,s87,pear,fruit,pera,con buccia verde
1548,s87,pear,fruit,pera,con buccia marrone
1549,s87,pear,fruit,pera,è buona
1550,s87,pear,fruit,pera,ha dentro dei semini commestibili
1551,s87,monkey,mammal,scimmia,antenato dell'uomo
1552,s87,monkey,mammal,scimmia,pelosa
1553,s87,monkey,mammal,scimmia,ha un quoziente intellettivo più alto di alcuni uomini
1554,s87,monkey,mammal,scimmia,corpo simile a quello dell'uomo
1555,s87,monkey,mammal,scimmia,cammina a 4 zampe
1556,s87,monkey,mammal,scimmia,non cammina in posizione eretta
1557,s87,goose,bird,oca,uccello
1558,s87,goose,bird,oca,col collo lungo
1559,s87,goose,bird,oca,non vola più di tanto
1560,s87,goose,bird,oca,ha le piume bianche
1561,s87,goose,bird,oca,starnazza rumorosamente
1562,s87,paintbrush,implement,pennello,strumento
1563,s87,paintbrush,implement,pennello,per la pittura
1564,s87,paintbrush,implement,pennello,serve a prendere il colore dalla tavolozza
1565,s87,paintbrush,implement,pennello,serve a stendere il colore sulla tela
1566,s87,paintbrush,implement,pennello,ha un manico lungo
1567,s87,paintbrush,implement,pennello,ha un manico stretto
1568,s87,paintbrush,implement,pennello,ha un manico in legno
1569,s87,paintbrush,implement,pennello,ha una parte pelosa
1570,s87,paintbrush,implement,pennello,pare pelosa per stendere il colore
1571,s87,sweater,clothing,pullover,giacchetta
1572,s87,sweater,clothing,pullover,in cotone
1573,s87,sweater,clothing,pullover,serve a coprirsi
1574,s87,sweater,clothing,pullover,in primavera
1575,s87,sweater,clothing,pullover,in autunno
1576,s87,onion,vegetable,cipolla,alimento
1577,s87,onion,vegetable,cipolla,puzzolente
1578,s87,onion,vegetable,cipolla,mentre si taglia fa lacrimare
1579,s87,onion,vegetable,cipolla,bianca
1580,s87,onion,vegetable,cipolla,tonda
1581,s87,onion,vegetable,cipolla,ha un sapore acido
1582,s87,bear,mammal,orso,animale
1583,s87,bear,mammal,orso,grande
1584,s87,bear,mammal,orso,grasso
1585,s87,bear,mammal,orso,bianco
1586,s87,bear,mammal,orso,bruno
1587,s87,bear,mammal,orso,carnivoro
1588,s87,bear,mammal,orso,peloso
1589,s87,bear,mammal,orso,aggressivo
1590,s87,sparrow,bird,passero,uccellino
1591,s87,sparrow,bird,passero,si trova in città
1592,s87,sparrow,bird,passero,piccolo
1593,s87,sparrow,bird,passero,marrone
1594,s87,sparrow,bird,passero,si abitua alla presenza dell'uomo
1595,s87,sparrow,bird,passero,cerca cibo in continuazione
1596,s87,shoes,clothing,scarpe,serve a proteggere i piedi quando si cammina
1597,s87,shoes,clothing,scarpe,ce ne sono di tantissimi tipo
1598,s87,shoes,clothing,scarpe,oggetto di bellezza
1599,s87,shoes,clothing,scarpe,avvolgono il piede completamente
1600,s87,spinach,vegetable,spinaci,li mangiava Braccio di Ferro per diventare forte
1601,s87,spinach,vegetable,spinaci,verdura
1602,s87,spinach,vegetable,spinaci,filiforme
1603,s87,spinach,vegetable,spinaci,verde scuro
1604,s87,spinach,vegetable,spinaci,buoni
1605,s87,spinach,vegetable,spinaci,non piacciono a tutti
1606,s87,broom,implement,scopa,serve a pulire il pavimento
1607,s87,broom,implement,scopa,ha un manico
1608,s87,broom,implement,scopa,la parte finale ha delle spatole per spazzare per terra
1609,s87,socks,clothing,calzini,sono indumenti
1610,s87,socks,clothing,calzini,in cotone
1611,s87,socks,clothing,calzini,da mettere ai piedi
1612,s87,socks,clothing,calzini,di vari tipi
1613,s87,socks,clothing,calzini,di vari colori
1614,s87,owl,bird,gufo,uccello
1615,s87,owl,bird,gufo,con occhi grandi
1616,s87,owl,bird,gufo,vive di notte
1617,s87,owl,bird,gufo,carnivoro
1618,s87,owl,bird,gufo,grande
1619,s87,owl,bird,gufo,se ne vedono pochi
1620,s87,owl,bird,gufo,vola poco
1621,s87,seagull,bird,gabbiano,uccello
1622,s87,seagull,bird,gabbiano,vive nei pressi del mare
1623,s87,seagull,bird,gabbiano,mangia di tutto
1624,s87,seagull,bird,gabbiano,bianco
1625,s87,seagull,bird,gabbiano,grigio
1626,s87,seagull,bird,gabbiano,grande
1627,s87,seagull,bird,gabbiano,vola spesso in gruppo
1628,s87,seagull,bird,gabbiano,se ne vedono anche soli
1629,s88,hand,bodypart,mano,parte del corpo
1630,s88,hand,bodypart,mano,alla fine di ciascun braccio
1631,s88,hand,bodypart,mano,serve ad afferrare gli oggetti
1632,s88,hand,bodypart,mano,serve a fare qualsiasi azione manuale
1633,s88,hand,bodypart,mano,è dotata di 5 dita
1634,s88,hand,bodypart,mano,è dotata di dita
1635,s88,hand,bodypart,mano,dita usate per afferrare le cose
1636,s88,woodpecker,bird,picchio,volatile
1637,s88,woodpecker,bird,picchio,vive nei boschi
1638,s88,woodpecker,bird,picchio,perfora gli alberi
1639,s88,woodpecker,bird,picchio,ricava un'abitazione dagli alberi
1640,s88,woodpecker,bird,picchio,ricoperto di piume
1641,s88,woodpecker,bird,picchio,un becco
1642,s88,woodpecker,bird,picchio,le ali
1643,s88,orange,fruit,arancia,frutto
1644,s88,orange,fruit,arancia,arancione
1645,s88,orange,fruit,arancia,con buccia
1646,s88,orange,fruit,arancia,con interno commestibile
1647,s88,orange,fruit,arancia,con interno diviso in spicchi
1648,s88,orange,fruit,arancia,cresce sugli alberi
1649,s88,orange,fruit,arancia,in luoghi caldi
1650,s88,orange,fruit,arancia,contiene vitamina C
1651,s88,bus,vehicle,autobus,mezzo
1652,s88,bus,vehicle,autobus,di trasporto
1653,s88,bus,vehicle,autobus,pubblico
1654,s88,bus,vehicle,autobus,privato
1655,s88,bus,vehicle,autobus,usato per il trasporto delle persone
1656,s88,bus,vehicle,autobus,ha posti a sedere
1657,s88,bus,vehicle,autobus,ha un conducente
1658,s88,bus,vehicle,autobus,ha ruote
1659,s88,bus,vehicle,autobus,ha un abitacolo
1660,s88,bus,vehicle,autobus,compie delle fermate
1661,s88,bus,vehicle,autobus,fa salire le persone
1662,s88,bus,vehicle,autobus,fa scendere le persone
1663,s88,bus,vehicle,autobus,è a pagamento
1664,s88,corn,vegetable,mais,parte della pannocchia
1665,s88,corn,vegetable,mais,detto anche granturco
1666,s88,corn,vegetable,mais,piccolo seme
1667,s88,corn,vegetable,mais,di forma quadrata
1668,s88,corn,vegetable,mais,di colore giallo
1669,s88,corn,vegetable,mais,commestibile
1670,s88,corn,vegetable,mais,diventa farina
1671,s88,bed,furniture,letto,oggetto di arredamento
1672,s88,bed,furniture,letto,adibito al riposo
1673,s88,bed,furniture,letto,adibito a dormire
1674,s88,bed,furniture,letto,è formato dal materasso
1675,s88,bed,furniture,letto,è formato da una struttura che lo sorregge
1676,s88,bed,furniture,letto,ci si corica 
1677,s88,bed,furniture,letto,la notte
1678,s88,bed,furniture,letto,quando si sta male
1679,s88,bed,furniture,letto,quando si è stanchi
1680,s88,rabbit,mammal,coniglio,animale
1681,s88,rabbit,mammal,coniglio,salta
1682,s88,rabbit,mammal,coniglio,mammifero
1683,s88,rabbit,mammal,coniglio,selvatico
1684,s88,rabbit,mammal,coniglio,domestico
1685,s88,rabbit,mammal,coniglio,orecchie lunghe
1686,s88,rabbit,mammal,coniglio,pelliccia
1687,s88,rabbit,mammal,coniglio,commestibile
1688,s88,peas,vegetable,piselli,legume
1689,s88,peas,vegetable,piselli,contenuto in un bacello
1690,s88,peas,vegetable,piselli,è piccolo
1691,s88,peas,vegetable,piselli,è sferico
1692,s88,peas,vegetable,piselli,è verde
1693,s88,peas,vegetable,piselli,commestibile
1694,s88,peas,vegetable,piselli,cresce su una pianta
1695,s88,closet,furniture,armadio,mobile
1696,s88,closet,furniture,armadio,serve a contenere oggetti
1697,s88,closet,furniture,armadio,serve a contenere vestiti
1698,s88,closet,furniture,armadio,serve a contenere materiale vario
1699,s88,closet,furniture,armadio,ante
1700,s88,closet,furniture,armadio,cassetti
1701,s88,ship,vehicle,nave,mezzo
1702,s88,ship,vehicle,nave,di trasporto
1703,s88,ship,vehicle,nave,per mare
1704,s88,ship,vehicle,nave,per lago
1705,s88,ship,vehicle,nave,per fiume
1706,s88,ship,vehicle,nave,galleggia
1707,s88,ship,vehicle,nave,ha un motore
1708,s88,ship,vehicle,nave,trasporta cose
1709,s88,ship,vehicle,nave,trasporta persone
1710,s88,dog,mammal,cane,animale
1711,s88,dog,mammal,cane,a 4 zampe
1712,s88,dog,mammal,cane,domestico
1713,s88,dog,mammal,cane,mammifero
1714,s88,dog,mammal,cane,abbaia
1715,s88,dog,mammal,cane,puzza
1716,s88,dog,mammal,cane,fedele
1717,s88,horse,mammal,cavallo,mezzo
1718,s88,horse,mammal,cavallo,di trasporto
1719,s88,horse,mammal,cavallo,animale
1720,s88,horse,mammal,cavallo,4 zampe
1721,s88,horse,mammal,cavallo,criniera
1722,s88,horse,mammal,cavallo,cavaliere
1723,s88,horse,mammal,cavallo,stalla
1724,s88,tongs,implement,pinze,oggetto
1725,s88,tongs,implement,pinze,pre prendere le cose senza toccalre
1726,s88,tongs,implement,pinze,acciaio
1727,s88,tongs,implement,pinze,oggetto professionale
1728,s88,skyscraper,building,grattacielo,costruzione
1729,s88,skyscraper,building,grattacielo,di altezza notevole
1730,s88,skyscraper,building,grattacielo,ascensori
1731,s88,skyscraper,building,grattacielo,piani diversi
1732,s88,skyscraper,building,grattacielo,New York
1733,s88,eye,bodypart,occhio,organo
1734,s88,eye,bodypart,occhio,della faccia
1735,s88,eye,bodypart,occhio,senso vista
1736,s88,eye,bodypart,occhio,cornea
1737,s88,eye,bodypart,occhio,iride
1738,s88,eye,bodypart,occhio,pupilla
1739,s88,eye,bodypart,occhio,seduzione
1740,s88,truck,vehicle,camion,mezzo
1741,s88,truck,vehicle,camion,di trasporto
1742,s88,truck,vehicle,camion,trasporto merci
1743,s88,truck,vehicle,camion,veicolo
1744,s88,truck,vehicle,camion,pesante
1745,s88,truck,vehicle,camion,intralcia autostrade
1746,s88,finger,bodypart,dito,parte della mano
1747,s88,finger,bodypart,dito,parte del piede
1748,s88,finger,bodypart,dito,ha 3 falangi
1749,s88,finger,bodypart,dito,ha un unghia
1750,s88,finger,bodypart,dito,serve ad indicare le cose
1751,s88,finger,bodypart,dito,serve ad afferrare le cose
1752,s88,finger,bodypart,dito,ha 9 patelli
1753,s88,apple,fruit,mela,frutto
1754,s88,apple,fruit,mela,con buccia
1755,s88,apple,fruit,mela,con polpa
1756,s88,apple,fruit,mela,cresce sugli alberi
1757,s88,apple,fruit,mela,commestibile
1758,s88,apple,fruit,mela,strudel
1759,s88,tower,building,torre,costruzione separata
1760,s88,tower,building,torre,fa parte di un castello
1761,s88,tower,building,torre,più alta
1762,s88,tower,building,torre,medievo
1763,s88,tower,building,torre,vedetta
1764,s88,train,vehicle,treno,mezzo
1765,s88,train,vehicle,treno,di trasporto
1766,s88,train,vehicle,treno,trasporta cose
1767,s88,train,vehicle,treno,trasporta merci
1768,s88,train,vehicle,treno,su rotaie
1769,s88,train,vehicle,treno,stazione
1770,s88,train,vehicle,treno,binario
1771,s88,train,vehicle,treno,si sposta da un posto all'altro
1772,s88,train,vehicle,treno,passaggio a livello
1773,s88,potato,vegetable,patata,tubero
1774,s88,potato,vegetable,patata,cresce sottoterra
1775,s88,potato,vegetable,patata,America
1776,s88,potato,vegetable,patata,gnocchi
1777,s88,potato,vegetable,patata,fame
1778,s88,bridge,building,ponte,serve per collegare 2 aree non collegate
1779,s88,bridge,building,ponte,mare
1780,s88,bridge,building,ponte,lago
1781,s88,bridge,building,ponte,fiume
1782,s88,bridge,building,ponte,mobile
1783,s88,bridge,building,ponte,Brooklin
1784,s88,bridge,building,ponte,passaggio
1785,s88,sword,implement,spada,arma
1786,s88,sword,implement,spada,di taglio
1787,s88,sword,implement,spada,per uccidere
1788,s88,sword,implement,spada,manico
1789,s88,sword,implement,spada,lama
1790,s88,sword,implement,spada,scherma
1791,s88,sword,implement,spada,spadaccino
1792,s88,sword,implement,spada,battaglia
1793,s88,airplane,vehicle,aeroplano,mezzo
1794,s88,airplane,vehicle,aeroplano,di trasporto
1795,s88,airplane,vehicle,aeroplano,con motore
1796,s88,airplane,vehicle,aeroplano,vola
1797,s88,airplane,vehicle,aeroplano,ha 2 ali
1798,s88,airplane,vehicle,aeroplano,aereoporto
1799,s88,airplane,vehicle,aeroplano,viaggia lunghe distanze in poco tempo
1800,s88,pineapple,fruit,ananas,frutto
1801,s88,pineapple,fruit,ananas,esotico
1802,s88,pineapple,fruit,ananas,buccia
1803,s88,pineapple,fruit,ananas,polpa gialla
1804,s88,pineapple,fruit,ananas,India
1805,s88,pineapple,fruit,ananas,buono
1806,s89,leg,bodypart,gamba,è alta
1807,s89,leg,bodypart,gamba,tocca terra col piede
1808,s89,leg,bodypart,gamba,è muscolosa
1809,s89,leg,bodypart,gamba,si muove
1810,s89,leg,bodypart,gamba,serve a camminare
1811,s89,leg,bodypart,gamba,serve a pedalare
1812,s89,leg,bodypart,gamba,serve a premere l'acceleratore
1813,s89,head,bodypart,testa,pensa
1814,s89,head,bodypart,testa,è grossa nei bambini
1815,s89,head,bodypart,testa,è coperta da una folta peluria
1816,s89,head,bodypart,testa,"se non la hai, abbi almeno gambe"
1817,s89,jacket,clothing,giacca,tiene belli caldi
1818,s89,jacket,clothing,giacca,varia secondo il calore
1819,s89,jacket,clothing,giacca,ha 2 maniche
1820,s89,jacket,clothing,giacca,ha delle tasche
1821,s89,jacket,clothing,giacca,si infila nella parte superiore del corpo
1822,s89,jacket,clothing,giacca,si infila sotto la testa
1823,s89,armchair,furniture,poltrona,divano piccolo
1824,s89,armchair,furniture,poltrona,per un adulto
1825,s89,armchair,furniture,poltrona,per 2 bambini
1826,s89,armchair,furniture,poltrona,soffice
1827,s89,armchair,furniture,poltrona,comodosa
1828,s89,chair,furniture,sedia,poltrona scomoda
1829,s89,chair,furniture,sedia,si usa intorno ai tavoli
1830,s89,chair,furniture,sedia,alla cattedra ce n'è una sola
1831,s89,chair,furniture,sedia,spera di non spaccarla quando sei ospite
1832,s89,chair,furniture,sedia,impilabile
1833,s89,garage,building,garage,posto 
1834,s89,garage,building,garage,posto coperto
1835,s89,garage,building,garage,per la macchina
1836,s89,garage,building,garage,ci si possono tenere attrezzi vari
1837,s89,garage,building,garage,attento a far manovra
1838,s89,garage,building,garage,buio
1839,s89,cherry,fruit,ciliegia,frutto
1840,s89,cherry,fruit,ciliegia,del ciliego
1841,s89,cherry,fruit,ciliegia,una tira l'altra
1842,s89,cherry,fruit,ciliegia,rossa
1843,s89,cherry,fruit,ciliegia,dolce dolce
1844,s89,cherry,fruit,ciliegia,se la metti sulla torta hai completato una bella opera
1845,s89,chemise,clothing,camicia,come la giaccia
1846,s89,chemise,clothing,camicia,ma più fresca
1847,s89,chemise,clothing,camicia,maschile
1848,s89,chemise,clothing,camicia,gli uomini se ne cambiano anche diverse al giorno
1849,s89,chemise,clothing,camicia,a volte bella
1850,s89,chemise,clothing,camicia,sta sotto la cravatta
1851,s89,table,furniture,tavolo,circondato da sedie
1852,s89,table,furniture,tavolo,alto 90cm
1853,s89,table,furniture,tavolo,ha 4 gambe
1854,s89,table,furniture,tavolo,se ne vedono dapertutto
1855,s89,comb,implement,pettine,arricciaspiccia
1856,s89,comb,implement,pettine,per sciogliere i nodi nella peluria sulla testa
1857,s89,comb,implement,pettine,ha i denti
1858,s89,comb,implement,pettine,meglio usarlo
1859,s89,church,building,chiesa,posto
1860,s89,church,building,chiesa,fresco
1861,s89,church,building,chiesa,ce ne sono dapertutto
1862,s89,church,building,chiesa,grande
1863,s89,church,building,chiesa,bella quella di Roma col Papa dentro
1864,s89,pear,fruit,pera,frutto
1865,s89,pear,fruit,pera,cugina sfigata della mela
1866,s89,pear,fruit,pera,dolce
1867,s89,pear,fruit,pera,forma oblunga
1868,s89,monkey,mammal,scimmia,animale da cui discendi tu
1869,s89,monkey,mammal,scimmia,persona esagitata
1870,s89,monkey,mammal,scimmia,si arrampica
1871,s89,goose,bird,oca,uccello
1872,s89,goose,bird,oca,ragazza scema
1873,s89,goose,bird,oca,con le piume si fanno piumini e cappotti
1874,s89,goose,bird,oca,arrosto
1875,s89,paintbrush,implement,pennello,si usa per dipingere
1876,s89,paintbrush,implement,pennello,strumento
1877,s89,paintbrush,implement,pennello,di lavoro
1878,s89,paintbrush,implement,pennello,lungo
1879,s89,paintbrush,implement,pennello,stretto
1880,s89,sweater,clothing,pullover,maglia
1881,s89,sweater,clothing,pullover,lana
1882,s89,sweater,clothing,pullover,caldo
1883,s89,onion,vegetable,cipolla,attento perché si piange
1884,s89,onion,vegetable,cipolla,pettinatura
1885,s89,onion,vegetable,cipolla,alito cattivo
1886,s89,onion,vegetable,cipolla,bianca
1887,s89,bear,mammal,orso,animale
1888,s89,bear,mammal,orso,del bosco
1889,s89,bear,mammal,orso,yeti
1890,s89,bear,mammal,orso,grizzlie
1891,s89,bear,mammal,orso,procione
1892,s89,sparrow,bird,passero,uccello
1893,s89,sparrow,bird,passero,chiave dei misteri
1894,s89,shoes,clothing,scarpe,coprono le nudità inferiori
1895,s89,shoes,clothing,scarpe,sopra i calzini
1896,s89,spinach,vegetable,spinaci,Braccio di Ferro li mangia
1897,s89,socks,clothing,calzini,sotto le scarpe
1898,s89,owl,bird,gufo,uccello come il passero
1899,s89,owl,bird,gufo,sta sveglio di notte
1900,s89,seagull,bird,gabbiano,un altro uccello
1901,s89,seagull,bird,gabbiano,sta al mare
1902,s90,hand,bodypart,mano,parte del corpo umano
1903,s90,hand,bodypart,mano,permette di afferrare oggetti
1904,s90,hand,bodypart,mano,ha 5 dita
1905,s90,hand,bodypart,mano,è una delle parti estreme del nostro corpo
1906,s90,woodpecker,bird,picchio,uccello
1907,s90,woodpecker,bird,picchio,di grandezza media
1908,s90,woodpecker,bird,picchio,ha un becco lungo
1909,s90,woodpecker,bird,picchio,si diverte a fare buchi sugli alberi
1910,s90,woodpecker,bird,picchio,"il suono che emette martellando è ""tutututu"""
1911,s90,orange,fruit,arancia,tipo di frutta
1912,s90,orange,fruit,arancia,tonda
1913,s90,orange,fruit,arancia,con la buccia arancione
1914,s90,orange,fruit,arancia,succosa
1915,s90,orange,fruit,arancia,ottima per le spremute
1916,s90,bus,vehicle,autobus,mezzo
1917,s90,bus,vehicle,autobus,di trasporto
1918,s90,bus,vehicle,autobus,come se fosse un grande pulmino
1919,s90,bus,vehicle,autobus,con posti a sedere
1920,s90,bus,vehicle,autobus,con posti in piedi
1921,s90,bus,vehicle,autobus,per salire devi pagare il biglietto
1922,s90,bus,vehicle,autobus,si ferma a fermate stabilite
1923,s90,bus,vehicle,autobus,ha un numero
1924,s90,corn,vegetable,mais,chicco
1925,s90,corn,vegetable,mais,di grano
1926,s90,corn,vegetable,mais,giallo
1927,s90,corn,vegetable,mais,si usa per condire l'insalata
1928,s90,corn,vegetable,mais,c'è l'olio di mais
1929,s90,bed,furniture,letto,posto
1930,s90,bed,furniture,letto,comodo
1931,s90,bed,furniture,letto,dove dormire
1932,s90,bed,furniture,letto,lo trovi nelle stanze
1933,s90,bed,furniture,letto,ci sono delle coperte per riscaldarti
1934,s90,bed,furniture,letto,c'è il cuscino per appoggiare la testa
1935,s90,bed,furniture,letto,quando è buio ti corichi sopra il letto
1936,s90,bed,furniture,letto,quando è buio ti addormenti sopra il letto
1937,s90,rabbit,mammal,coniglio,animale
1938,s90,rabbit,mammal,coniglio,con le orecchie lunghe
1939,s90,rabbit,mammal,coniglio,è il simbolo della Pasqua
1940,s90,rabbit,mammal,coniglio,ha i dentoni lunghi
1941,s90,rabbit,mammal,coniglio,mangia le carote
1942,s90,peas,vegetable,piselli,piccole
1943,s90,peas,vegetable,piselli,palline
1944,s90,peas,vegetable,piselli,verdi
1945,s90,peas,vegetable,piselli,si mangiano
1946,s90,peas,vegetable,piselli,come contorno
1947,s90,peas,vegetable,piselli,si fanno in padella
1948,s90,peas,vegetable,piselli,mia mamma me li fa con le polpette
1949,s90,closet,furniture,armadio,posto
1950,s90,closet,furniture,armadio,dove poter riporre ordinatamente tutti i tuoi vestiti
1951,s90,closet,furniture,armadio,con grucce
1952,s90,closet,furniture,armadio,con cassetti
1953,s90,ship,vehicle,nave,mezzo
1954,s90,ship,vehicle,nave,di trasporto
1955,s90,ship,vehicle,nave,per andare sul mare
1956,s90,ship,vehicle,nave,ci sono navi grandi
1957,s90,ship,vehicle,nave,ci sono navi piccole
1958,s90,ship,vehicle,nave,navi per lo spazio
1959,s90,dog,mammal,cane,animale
1960,s90,dog,mammal,cane,fa bau bau
1961,s90,dog,mammal,cane,di diverse dimensioni
1962,s90,dog,mammal,cane,di diversi colori
1963,s90,horse,mammal,cavallo,animale
1964,s90,horse,mammal,cavallo,forte
1965,s90,horse,mammal,cavallo,grande
1966,s90,horse,mammal,cavallo,molto agile
1967,s90,horse,mammal,cavallo,mandibola grandissima
1968,s90,horse,mammal,cavallo,gli piace lo zucchero
1969,s90,horse,mammal,cavallo,si possono cavalcare
1970,s90,horse,mammal,cavallo,hanno gli zoccoli
1971,s90,horse,mammal,cavallo,4 zampe
1972,s90,tongs,implement,pinze,attrezzo
1973,s90,skyscraper,building,grattacielo,palazzo
1974,s90,skyscraper,building,grattacielo,molto alto
1975,s90,skyscraper,building,grattacielo,America
1976,s90,eye,bodypart,occhio,parte del corpo umano
1977,s90,eye,bodypart,occhio,utilizziamo per vedere le cose
1978,s90,truck,vehicle,camion,mezzo
1979,s90,truck,vehicle,camion,di trasporto
1980,s90,truck,vehicle,camion,per grandi quantità
1981,s90,truck,vehicle,camion,le ditte li usano
1982,s90,truck,vehicle,camion,per portare i prodotti in vari luoghi
1983,s90,truck,vehicle,camion,sull'autostrada non possono superare
1984,s90,finger,bodypart,dito,parte della mano
1985,s90,finger,bodypart,dito,ce ne sono 5 di dita
1986,s90,finger,bodypart,dito,pollice
1987,s90,finger,bodypart,dito,indice
1988,s90,finger,bodypart,dito,medio
1989,s90,finger,bodypart,dito,anulare
1990,s90,finger,bodypart,dito,mignolo
1991,s90,finger,bodypart,dito,l'indice serve per indicare cose o persone
1992,s90,apple,fruit,mela,frutto
1993,s90,apple,fruit,mela,tondo
1994,s90,apple,fruit,mela,con la buccia sottile
1995,s90,apple,fruit,mela,di diversi colori
1996,s90,apple,fruit,mela,gialla
1997,s90,apple,fruit,mela,verde
1998,s90,apple,fruit,mela,rossa
1999,s90,apple,fruit,mela,si fanno le torte
2000,s90,apple,fruit,mela,c'è il succo
2001,s90,tower,building,torre,posto
2002,s90,tower,building,torre,alto
2003,s90,tower,building,torre,di vedetta
2004,s90,tower,building,torre,nelle fiabe rinchiudono la principessa
2005,s90,train,vehicle,treno,mezzo
2006,s90,train,vehicle,treno,di trasporto
2007,s90,train,vehicle,treno,lungo
2008,s90,train,vehicle,treno,con tanti vagoni
2009,s90,potato,vegetable,patata,tubero
2010,s90,bridge,building,ponte,strada
2011,s90,bridge,building,ponte,che collega due posti
2012,s90,bridge,building,ponte,sospesa
2013,s90,sword,implement,spada,attrezzo
2014,s90,sword,implement,spada,appuntito
2015,s90,sword,implement,spada,per ferire altre persone
2016,s90,airplane,vehicle,aeroplano,vola
2017,s90,airplane,vehicle,aeroplano,lascia una scia bianca
2018,s90,pineapple,fruit,ananas,frutto
2019,s90,pineapple,fruit,ananas,esotico
2020,s90,pineapple,fruit,ananas,con un pennacchio verde
2021,s90,pineapple,fruit,ananas,dentro è giallo
2022,s91,leg,bodypart,gamba,arto inferiore
2023,s91,leg,bodypart,gamba,arto del corpo umano
2024,s91,leg,bodypart,gamba,costituita di coscia
2025,s91,leg,bodypart,gamba,costituita di gamba
2026,s91,leg,bodypart,gamba,ogni uomo ne possiede 2
2027,s91,leg,bodypart,gamba,serve per camminare
2028,s91,head,bodypart,testa,munita di cervello
2029,s91,head,bodypart,testa,apice del corpo
2030,s91,head,bodypart,testa,su di essa ci sono i capelli
2031,s91,head,bodypart,testa,con essa si pensa
2032,s91,jacket,clothing,giacca,capo d'abbigliamento
2033,s91,jacket,clothing,giacca,fatta per essere indossata nella parte superiore del corpo
2034,s91,jacket,clothing,giacca,indossata sul busto
2035,s91,jacket,clothing,giacca,indossata sulle braccia
2036,s91,armchair,furniture,poltrona,ci si può sedere sulla poltrona
2037,s91,armchair,furniture,poltrona,ad 1 posto
2038,s91,armchair,furniture,poltrona,verde pisello
2039,s91,chair,furniture,sedia,meno comoda della poltrona
2040,s91,chair,furniture,sedia,in legno
2041,s91,chair,furniture,sedia,in ferro battuto
2042,s91,chair,furniture,sedia,in plastica al bar
2043,s91,chair,furniture,sedia,attorno a un tavolo
2044,s91,garage,building,garage,box
2045,s91,garage,building,garage,in cui si parcheggia un veicolo
2046,s91,garage,building,garage,in cui si parcheggiano 2 veicoli
2047,s91,garage,building,garage,polifunzionale
2048,s91,garage,building,garage,sottoterra
2049,s91,cherry,fruit,ciliegia,frutto
2050,s91,cherry,fruit,ciliegia,color rosso scuro
2051,s91,cherry,fruit,ciliegia,molto dolce
2052,s91,cherry,fruit,ciliegia,munita di nocciolo
2053,s91,cherry,fruit,ciliegia,mi piacciono molto
2054,s91,chemise,clothing,camicia,indumento
2055,s91,chemise,clothing,camicia,indossato sotto giacca
2056,s91,chemise,clothing,camicia,con cravatta
2057,s91,chemise,clothing,camicia,per situazioni eleganti
2058,s91,table,furniture,tavolo,asse
2059,s91,table,furniture,tavolo,di legno
2060,s91,table,furniture,tavolo,munito di 4 gambe
2061,s91,table,furniture,tavolo,per mangiare
2062,s91,table,furniture,tavolo,per studiare
2063,s91,table,furniture,tavolo,attorno ad esso ci possono essere sedie
2064,s91,table,furniture,tavolo,è un elemento fondamentale
2065,s91,comb,implement,pettine,oggetto
2066,s91,comb,implement,pettine,per pettinare i capelli
2067,s91,comb,implement,pettine,usato da donne
2068,s91,comb,implement,pettine,lo usano tutti
2069,s91,comb,implement,pettine,calvi esclusi
2070,s91,church,building,chiesa,casa di Dio
2071,s91,church,building,chiesa,luogo
2072,s91,church,building,chiesa,sacro
2073,s91,church,building,chiesa,degno di rispetto
2074,s91,church,building,chiesa,all'interno navate
2075,s91,church,building,chiesa,all'interno altare
2076,s91,church,building,chiesa,all'interno crocifisso
2077,s91,church,building,chiesa,all'interno fedeli
2078,s91,pear,fruit,pera,meglio mangiarsi una pera
2079,s91,pear,fruit,pera,che farsi una pera
2080,s91,pear,fruit,pera,ottimo
2081,s91,pear,fruit,pera,frutto
2082,s91,pear,fruit,pera,dall'ambigua forma
2083,s91,monkey,mammal,scimmia,animale
2084,s91,monkey,mammal,scimmia,più vicino all'uomo
2085,s91,monkey,mammal,scimmia,vicino all'uomo per forma
2086,s91,monkey,mammal,scimmia,vicino all'uomo per intelligenza
2087,s91,monkey,mammal,scimmia,lo stimo moltissimo
2088,s91,goose,bird,oca,detto di ragazze non particolarmente intelligenti
2089,s91,goose,bird,oca,animale
2090,s91,goose,bird,oca,non mi piace proprio
2091,s91,paintbrush,implement,pennello,strumento
2092,s91,paintbrush,implement,pennello,con cui è possibile pitturare
2093,s91,paintbrush,implement,pennello,va immerso nella vernice
2094,s91,paintbrush,implement,pennello,si fa scorrere su una parete
2095,s91,sweater,clothing,pullover,brutti ricordi
2096,s91,sweater,clothing,pullover,indumento
2097,s91,sweater,clothing,pullover,per feste di paese
2098,s91,onion,vegetable,cipolla,ottimo
2099,s91,onion,vegetable,cipolla,ortaggio
2100,s91,onion,vegetable,cipolla,meglio non prima di vedere una ragazza
2101,s91,bear,mammal,orso,elegantissimo
2102,s91,bear,mammal,orso,animale
2103,s91,bear,mammal,orso,solitario
2104,s91,bear,mammal,orso,non ne conosco tanti
2105,s91,bear,mammal,orso,da piccolo ne conoscevo 1
2106,s91,sparrow,bird,passero,piccolo
2107,s91,sparrow,bird,passero,uccello
2108,s91,sparrow,bird,passero,si incontra in città
2109,s91,sparrow,bird,passero,subalterno del piccione
2110,s91,shoes,clothing,scarpe,per i piedi
2111,s91,spinach,vegetable,spinaci,Braccio di Ferro
2112,s91,spinach,vegetable,spinaci,all'asilo una volta ne ho mangiati 5 piatti per diventare forte come lui
2113,s91,broom,implement,scopa,attrezzo
2114,s91,broom,implement,scopa,per pulizie
2115,s91,broom,implement,scopa,film dove le scope ballano
2116,s91,socks,clothing,calzini,bianchi
2117,s91,socks,clothing,calzini,li cambio una volta al giorno
2118,s91,owl,bird,gufo,bruttissimo
2119,s91,owl,bird,gufo,animale
2120,s91,owl,bird,gufo,non mi piace
2121,s91,owl,bird,gufo,rapace
2122,s91,seagull,bird,gabbiano,uccello
2123,s91,seagull,bird,gabbiano,elegante
2124,s92,hand,bodypart,mano,parte del corpo umano
2125,s92,hand,bodypart,mano,adibita ad afferrare oggetti
2126,s92,woodpecker,bird,picchio,uccello
2127,s92,woodpecker,bird,picchio,con becco lungo
2128,s92,woodpecker,bird,picchio,con becco fino
2129,s92,woodpecker,bird,picchio,con movimento ondeggiatorio
2130,s92,woodpecker,bird,picchio,scava dei buchi nei tronichi degli alberi
2131,s92,orange,fruit,arancia,frutto
2132,s92,orange,fruit,arancia,arancione
2133,s92,orange,fruit,arancia,si mangia
2134,s92,orange,fruit,arancia,diviso in sezioni
2135,s92,orange,fruit,arancia,ricca di vitamina C
2136,s92,bus,vehicle,autobus,veicolo
2137,s92,bus,vehicle,autobus,lungo dai 10 ai 25m
2138,s92,bus,vehicle,autobus,si muove
2139,s92,bus,vehicle,autobus,su ruote gommate
2140,s92,bus,vehicle,autobus,porta delle persone
2141,s92,bus,vehicle,autobus,usato in città
2142,s92,bus,vehicle,autobus,usato fuori città
2143,s92,corn,vegetable,mais,oggetto
2144,s92,corn,vegetable,mais,piccolo
2145,s92,corn,vegetable,mais,giallo
2146,s92,corn,vegetable,mais,si mangia
2147,s92,corn,vegetable,mais,cresce nei campi di grano
2148,s92,corn,vegetable,mais,è una parte della pannocchia
2149,s92,bed,furniture,letto,oggetto
2150,s92,bed,furniture,letto,su cui si dorme
2151,s92,bed,furniture,letto,grande quanto un essere umano
2152,s92,bed,furniture,letto,doppio
2153,s92,bed,furniture,letto,vi sono cuscini
2154,s92,bed,furniture,letto,vi sono coperte
2155,s92,rabbit,mammal,coniglio,animale
2156,s92,rabbit,mammal,coniglio,piccolo
2157,s92,rabbit,mammal,coniglio,orecchie lunghe
2158,s92,rabbit,mammal,coniglio,denti incisivi grandi
2159,s92,rabbit,mammal,coniglio,denti incisivi sporgenti
2160,s92,rabbit,mammal,coniglio,si muove saltando
2161,s92,rabbit,mammal,coniglio,non supera i 40cm di lunghezza
2162,s92,peas,vegetable,piselli,verdura
2163,s92,peas,vegetable,piselli,commestibile
2164,s92,peas,vegetable,piselli,piccolo
2165,s92,peas,vegetable,piselli,piccole sfere
2166,s92,peas,vegetable,piselli,verdi
2167,s92,peas,vegetable,piselli,si mangiano caldi
2168,s92,closet,furniture,armadio,oggetto
2169,s92,closet,furniture,armadio,in legno
2170,s92,closet,furniture,armadio,grande quanto un uomo
2171,s92,closet,furniture,armadio,internamente vuoto
2172,s92,closet,furniture,armadio,contiene l'abbigliamento
2173,s92,ship,vehicle,nave,mezzo
2174,s92,ship,vehicle,nave,di trasporto
2175,s92,ship,vehicle,nave,si muove nell'acqua
2176,s92,ship,vehicle,nave,si usa per pescare
2177,s92,dog,mammal,cane,animale
2178,s92,dog,mammal,cane,domestico
2179,s92,dog,mammal,cane,4 zampe
2180,s92,dog,mammal,cane,è onnivoro
2181,s92,dog,mammal,cane,usa il naso per riconoscere le cose
2182,s92,horse,mammal,cavallo,animale
2183,s92,horse,mammal,cavallo,da fattoria
2184,s92,horse,mammal,cavallo,4 zampe
2185,s92,horse,mammal,cavallo,si usa per lavorare
2186,s92,horse,mammal,cavallo,lo si può cavalcare
2187,s92,tongs,implement,pinze,oggetto
2188,s92,tongs,implement,pinze,a V
2189,s92,tongs,implement,pinze,si usa per prendere cose solitamente piccole
2190,s92,tongs,implement,pinze,di ferro
2191,s92,skyscraper,building,grattacielo,edificio
2192,s92,skyscraper,building,grattacielo,altissimo
2193,s92,skyscraper,building,grattacielo,abitano le persone
2194,s92,skyscraper,building,grattacielo,lavorano le persone
2195,s92,skyscraper,building,grattacielo,ci sono diversi piani
2196,s92,eye,bodypart,occhio,parte del corpo
2197,s92,eye,bodypart,occhio,nella parte frontale della testa
2198,s92,eye,bodypart,occhio,si usa per vedere
2199,s92,eye,bodypart,occhio,la parte interna è di colori diversi
2200,s92,truck,vehicle,camion,veicolo
2201,s92,truck,vehicle,camion,grande
2202,s92,truck,vehicle,camion,si ua per trasportare mezzi
2203,s92,truck,vehicle,camion,fa lunghi tragitti
2204,s92,finger,bodypart,dito,parte della mano
2205,s92,finger,bodypart,dito,si piega in 3 parti
2206,s92,finger,bodypart,dito,all'estremità c'è l'unghia
2207,s92,apple,fruit,mela,frutto
2208,s92,apple,fruit,mela,commestibile
2209,s92,apple,fruit,mela,buccia
2210,s92,apple,fruit,mela,diversi colori
2211,s92,apple,fruit,mela,per Biancaneve era avvelenata
2212,s92,tower,building,torre,edificio
2213,s92,tower,building,torre,in muratura
2214,s92,tower,building,torre,alto
2215,s92,tower,building,torre,circolare
2216,s92,tower,building,torre,di forma cilindrica
2217,s92,tower,building,torre,costruito in antichità
2218,s92,tower,building,torre,in cemento
2219,s92,tower,building,torre,in ferro
2220,s92,train,vehicle,treno,mezzo
2221,s92,train,vehicle,treno,di trasporto
2222,s92,train,vehicle,treno,si muove
2223,s92,train,vehicle,treno,su rotaie
2224,s92,train,vehicle,treno,sono tanti vagoni
2225,s92,train,vehicle,treno,tirati da una locomotiva
2226,s92,potato,vegetable,patata,tubero
2227,s92,potato,vegetable,patata,cresce sottoterra
2228,s92,potato,vegetable,patata,commestibile
2229,s92,potato,vegetable,patata,ha la buccia gialla
2230,s92,bridge,building,ponte,forma ad arco
2231,s92,bridge,building,ponte,unisce 2 terre
2232,s92,bridge,building,ponte,passa sotto un fiume
2233,s92,sword,implement,spada,la vendono su media shopping
2234,s92,sword,implement,spada,oggetto
2235,s92,sword,implement,spada,di ferro
2236,s92,sword,implement,spada,di bronzo
2237,s92,sword,implement,spada,di rame
2238,s92,sword,implement,spada,si utilizza per combattere
2239,s92,sword,implement,spada,forma di una croce
2240,s92,airplane,vehicle,aeroplano,mezzo
2241,s92,airplane,vehicle,aeroplano,di trasporto
2242,s92,airplane,vehicle,aeroplano,vola
2243,s92,airplane,vehicle,aeroplano,ad elica
2244,s92,airplane,vehicle,aeroplano,a turbina
2245,s92,airplane,vehicle,aeroplano,forma di uccello
2246,s92,pineapple,fruit,ananas,frutto
2247,s92,pineapple,fruit,ananas,giallo dentro
2248,s92,pineapple,fruit,ananas,foglie a palma
2249,s92,pineapple,fruit,ananas,esotico
2250,s93,leg,bodypart,gamba,parte del corpo
2251,s93,leg,bodypart,gamba,ne possediamo 2
2252,s93,leg,bodypart,gamba,necessaria per camminare
2253,s93,head,bodypart,testa,parte del corpo di un essere umano
2254,s93,head,bodypart,testa,parte del corpo di un animale
2255,s93,head,bodypart,testa,retta dal collo
2256,s93,jacket,clothing,giacca,indumento
2257,s93,jacket,clothing,giacca,necessario nel momento in cui fa freddo
2258,s93,jacket,clothing,giacca,"è l'ultimo indumento che si indossa, dopo maglia, ecc."
2259,s93,armchair,furniture,poltrona,è una sorta di sedia
2260,s93,armchair,furniture,poltrona,per riposarsi
2261,s93,chair,furniture,sedia,oggetto
2262,s93,chair,furniture,sedia,utile per sedersi a tavola
2263,s93,chair,furniture,sedia,utile per sedersi a scuola
2264,s93,garage,building,garage,per parcheggiare la propria auto
2265,s93,garage,building,garage,per parcheggiare la propria moto
2266,s93,garage,building,garage,sotterraneo
2267,s93,cherry,fruit,ciliegia,frutto
2268,s93,cherry,fruit,ciliegia,rosso
2269,s93,cherry,fruit,ciliegia,con il nocciolo
2270,s93,chemise,clothing,camicia,indumento
2271,s93,chemise,clothing,camicia,ha dei bottoni
2272,s93,chemise,clothing,camicia,non tiene molto caldo
2273,s93,table,furniture,tavolo,oggetto
2274,s93,table,furniture,tavolo,utile per mangiare
2275,s93,table,furniture,tavolo,utile per appoggiare i piatti
2276,s93,table,furniture,tavolo,utile per appoggiare i bicchieri
2277,s93,table,furniture,tavolo,utile per scrivere
2278,s93,comb,implement,pettine,oggetto
2279,s93,comb,implement,pettine,utile per eliminare nodi ai capelli
2280,s93,church,building,chiesa,luogo
2281,s93,church,building,chiesa,in cui si prega
2282,s93,church,building,chiesa,dove si celebra la messa
2283,s93,pear,fruit,pera,frutto
2284,s93,pear,fruit,pera,verde
2285,s93,pear,fruit,pera,giallo
2286,s93,monkey,mammal,scimmia,animale
2287,s93,monkey,mammal,scimmia,il più simile all'uomo
2288,s93,goose,bird,oca,animale
2289,s93,goose,bird,oca,con becco
2290,s93,goose,bird,oca,con delle zampe
2291,s93,goose,bird,oca,con piume
2292,s93,paintbrush,implement,pennello,oggetto
2293,s93,paintbrush,implement,pennello,simile ad una penna
2294,s93,paintbrush,implement,pennello,con le setole ad un'estremità
2295,s93,paintbrush,implement,pennello,per dipingere
2296,s93,sweater,clothing,pullover,indumento
2297,s93,sweater,clothing,pullover,si indossa quando fa freddo
2298,s93,sweater,clothing,pullover,tiene caldo
2299,s93,sweater,clothing,pullover,di vari colori
2300,s93,onion,vegetable,cipolla,verdura
2301,s93,onion,vegetable,cipolla,con molti strati di buccia
2302,s93,onion,vegetable,cipolla,fa lacrimare gli occhi
2303,s93,bear,mammal,orso,animale
2304,s93,bear,mammal,orso,grande
2305,s93,bear,mammal,orso,vive al freddo
2306,s93,sparrow,bird,passero,uccello
2307,s93,sparrow,bird,passero,di piccole dimensioni
2308,s93,sparrow,bird,passero,vola
2309,s93,shoes,clothing,scarpe,oggetto
2310,s93,shoes,clothing,scarpe,per i piedi
2311,s93,shoes,clothing,scarpe,necessario per camminare fuori casa
2312,s93,spinach,vegetable,spinaci,verdura
2313,s93,spinach,vegetable,spinaci,verde
2314,s93,broom,implement,scopa,lungo
2315,s93,broom,implement,scopa,bastone
2316,s93,broom,implement,scopa,con spatole ad un'estremità
2317,s93,broom,implement,scopa,per pulire per terra
2318,s93,socks,clothing,calzini,indumenti
2319,s93,socks,clothing,calzini,per piedi
2320,s93,socks,clothing,calzini,contro il freddo
2321,s93,socks,clothing,calzini,vanno messi prima delle scarpe
2322,s93,owl,bird,gufo,animale
2323,s93,owl,bird,gufo,notturno
2324,s93,owl,bird,gufo,uccello
2325,s93,seagull,bird,gabbiano,uccello
2326,s93,seagull,bird,gabbiano,bianco
2327,s93,seagull,bird,gabbiano,si trova al mare
2328,s94,hand,bodypart,mano,parte del corpo
2329,s94,hand,bodypart,mano,estrema degli arti superiori
2330,s94,hand,bodypart,mano,serve per afferrare gli oggetti
2331,s94,hand,bodypart,mano,serve per scrivere
2332,s94,woodpecker,bird,picchio,uccello
2333,s94,woodpecker,bird,picchio,munito di un becco molto robusto
2334,s94,orange,fruit,arancia,frutto
2335,s94,orange,fruit,arancia,invernale
2336,s94,orange,fruit,arancia,di colore arancione
2337,s94,orange,fruit,arancia,di forma sferica
2338,s94,bus,vehicle,autobus,mezzo
2339,s94,bus,vehicle,autobus,di trasporto
2340,s94,bus,vehicle,autobus,pubblico
2341,s94,corn,vegetable,mais,verdura
2342,s94,corn,vegetable,mais,di colore giallo
2343,s94,corn,vegetable,mais,di dimensioni ridotte
2344,s94,bed,furniture,letto,mobile
2345,s94,bed,furniture,letto,su cui si dorme
2346,s94,rabbit,mammal,coniglio,roditore
2347,s94,rabbit,mammal,coniglio,di piccole dimensioni
2348,s94,rabbit,mammal,coniglio,ha la caratteristica di correre velocemente
2349,s94,peas,vegetable,piselli,verdure
2350,s94,peas,vegetable,piselli,verdi
2351,s94,peas,vegetable,piselli,sferiche
2352,s94,closet,furniture,armadio,mobile
2353,s94,closet,furniture,armadio,funge da contenitore per indumenti
2354,s94,closet,furniture,armadio,funge da contenitore per oggetti
2355,s94,ship,vehicle,nave,mezzo
2356,s94,ship,vehicle,nave,di trasporto
2357,s94,ship,vehicle,nave,si muove sull'acqua
2358,s94,dog,mammal,cane,quadrupede
2359,s94,dog,mammal,cane,può essere di differenti razze
2360,s94,horse,mammal,cavallo,quadrupede
2361,s94,horse,mammal,cavallo,con elevate capacità motorie
2362,s94,tongs,implement,pinze,attrezzo
2363,s94,skyscraper,building,grattacielo,altissimo
2364,s94,skyscraper,building,grattacielo,edificio
2365,s94,skyscraper,building,grattacielo,presente nelle grandi città
2366,s94,eye,bodypart,occhio,vista
2367,s94,truck,vehicle,camion,mezzo
2368,s94,truck,vehicle,camion,di trasporto
2369,s94,truck,vehicle,camion,ingombrante
2370,s94,truck,vehicle,camion,ha la funzione di trasportare oggetti di grandi dimensioni
2371,s94,finger,bodypart,dito,compone con altri 4 il palmo
2372,s94,finger,bodypart,dito,compone con altri 4 la mano
2373,s94,apple,fruit,mela,frutto
2374,s94,apple,fruit,mela,rosso
2375,s94,apple,fruit,mela,verde
2376,s94,apple,fruit,mela,giallo
2377,s94,apple,fruit,mela,sferico
2378,s94,tower,building,torre,alto
2379,s94,tower,building,torre,edificio
2380,s94,train,vehicle,treno,mezzo
2381,s94,train,vehicle,treno,di trasporto
2382,s94,train,vehicle,treno,pubblico
2383,s94,train,vehicle,treno,si muove per mezzo di rotaie
2384,s94,potato,vegetable,patata,ortaggio
2385,s94,potato,vegetable,patata,cresce sotto terra
2386,s94,bridge,building,ponte,artificale
2387,s94,sword,implement,spada,ogetto
2388,s94,sword,implement,spada,serve per combattere contro l'avversario
2389,s94,sword,implement,spada,appuntito
2390,s94,sword,implement,spada,di ferro
2391,s94,sword,implement,spada,munito di manico
2392,s94,airplane,vehicle,aeroplano,mezzo
2393,s94,airplane,vehicle,aeroplano,di trasporto
2394,s94,airplane,vehicle,aeroplano,volante
2395,s94,airplane,vehicle,aeroplano,serve per percorrere grandi distanze in poche ore
2396,s94,pineapple,fruit,ananas,frutto
2397,s94,pineapple,fruit,ananas,esotico
2398,s94,pineapple,fruit,ananas,giallo
2399,s94,pineapple,fruit,ananas,ovale
2400,s95,leg,bodypart,gamba,pezzo di corpo umano
2401,s95,leg,bodypart,gamba,si usa per stare in piedi
2402,s95,leg,bodypart,gamba,è composta da ossa
2403,s95,leg,bodypart,gamba,è composta da carne
2404,s95,leg,bodypart,gamba,è composta da peli
2405,s95,head,bodypart,testa,parte del corpo umano
2406,s95,head,bodypart,testa,racchiude il cervello
2407,s95,head,bodypart,testa,viene usata per pensare
2408,s95,head,bodypart,testa,lato posteriore di una moneta
2409,s95,jacket,clothing,giacca,oggetto di abbbigliamento
2410,s95,jacket,clothing,giacca,copre il busto umano
2411,s95,jacket,clothing,giacca,può essere lunga
2412,s95,jacket,clothing,giacca,abbinata a una cravatta
2413,s95,armchair,furniture,poltrona,oggetto d'arredamento
2414,s95,armchair,furniture,poltrona,serve per sedersi
2415,s95,armchair,furniture,poltrona,è dotata di cuscini
2416,s95,armchair,furniture,poltrona,per stare più comodi
2417,s95,armchair,furniture,poltrona,è la metà di un divano
2418,s95,chair,furniture,sedia,oggetto d'arredamento
2419,s95,chair,furniture,sedia,serve per sedersi
2420,s95,chair,furniture,sedia,a un tavolo
2421,s95,chair,furniture,sedia,può essere comoda
2422,s95,garage,building,garage,luogo
2423,s95,garage,building,garage,in cui vengono parcheggiate le auto
2424,s95,garage,building,garage,posto sotto il livello del terreno
2425,s95,garage,building,garage,sala prove di band
2426,s95,cherry,fruit,ciliegia,frutto
2427,s95,cherry,fruit,ciliegia,del ciliegio
2428,s95,cherry,fruit,ciliegia,è di colore rosso scuro
2429,s95,cherry,fruit,ciliegia,ha un sapore molto dolce
2430,s95,cherry,fruit,ciliegia,contiene un nocciolo
2431,s95,chemise,clothing,camicia,oggetto d'abbigliamento
2432,s95,chemise,clothing,camicia,maschile
2433,s95,chemise,clothing,camicia,femminile
2434,s95,chemise,clothing,camicia,copre il busto
2435,s95,chemise,clothing,camicia,a maniche lunghe
2436,s95,chemise,clothing,camicia,a maniche corte
2437,s95,chemise,clothing,camicia,non tiene molto caldo
2438,s95,table,furniture,tavolo,oggetto d'arredamento
2439,s95,table,furniture,tavolo,serve come appoggio per lavorare manualmente
2440,s95,table,furniture,tavolo,serve come appoggio per per scrivere
2441,s95,table,furniture,tavolo,serve come appoggio per per mangiare
2442,s95,table,furniture,tavolo,si utilizza seduti
2443,s95,table,furniture,tavolo,ha 4 gambe
2444,s95,comb,implement,pettine,oggetto
2445,s95,comb,implement,pettine,utilizzato per pettinare i capelli
2446,s95,comb,implement,pettine,di legno
2447,s95,comb,implement,pettine,composto da vari denti
2448,s95,church,building,chiesa,luogo
2449,s95,church,building,chiesa,di culto
2450,s95,church,building,chiesa,della religione cristiana
2451,s95,church,building,chiesa,contiene un crocifisso
2452,s95,church,building,chiesa,contiene una vasca battesimale
2453,s95,pear,fruit,pera,frutto
2454,s95,pear,fruit,pera,del pero
2455,s95,pear,fruit,pera,di colore giallo
2456,s95,pear,fruit,pera,di forma allungata
2457,s95,monkey,mammal,scimmia,mammifero
2458,s95,monkey,mammal,scimmia,antenato comune con l'uomo
2459,s95,monkey,mammal,scimmia,coperto di peli
2460,s95,monkey,mammal,scimmia,si muove
2461,s95,monkey,mammal,scimmia,su 2 gambe
2462,s95,monkey,mammal,scimmia,ha il pollice apponibile
2463,s95,goose,bird,oca,uccello
2464,s95,goose,bird,oca,popola gli stagni
2465,s95,goose,bird,oca,è di colore bianco
2466,s95,goose,bird,oca,è capace di nuotare
2467,s95,goose,bird,oca,emette un verso caratteristico
2468,s95,paintbrush,implement,pennello,oggetto
2469,s95,paintbrush,implement,pennello,utilizzato per dipingere
2470,s95,paintbrush,implement,pennello,composto da un manico
2471,s95,paintbrush,implement,pennello,composto da crini
2472,s95,paintbrush,implement,pennello,che vengono intinti nel colore
2473,s95,sweater,clothing,pullover,oggetto di abbigliamento
2474,s95,sweater,clothing,pullover,è fatto di lana
2475,s95,sweater,clothing,pullover,punge
2476,s95,sweater,clothing,pullover,tiene caldo
2477,s95,onion,vegetable,cipolla,ortaggio
2478,s95,onion,vegetable,cipolla,dal sapore pungente
2479,s95,onion,vegetable,cipolla,di colore biancastro
2480,s95,onion,vegetable,cipolla,di colore rosso
2481,s95,bear,mammal,orso,mammifero
2482,s95,bear,mammal,orso,carnivoro
2483,s95,bear,mammal,orso,feroce
2484,s95,bear,mammal,orso,peloso
2485,s95,bear,mammal,orso,di colore bianco
2486,s95,bear,mammal,orso,di colore nero
2487,s95,bear,mammal,orso,di colore bruno
2488,s95,bear,mammal,orso,si muove a quattro zampe
2489,s95,bear,mammal,orso,si erge su due per impressionare
2490,s95,sparrow,bird,passero,solitario
2491,s95,sparrow,bird,passero,uccello
2492,s95,sparrow,bird,passero,di piccole dimensioni
2493,s95,shoes,clothing,scarpe,calzatura
2494,s95,shoes,clothing,scarpe,si indossa ai piedi
2495,s95,shoes,clothing,scarpe,è composta da suola
2496,s95,shoes,clothing,scarpe,è composta da lacci
2497,s95,shoes,clothing,scarpe,è composta da una struttura
2498,s95,spinach,vegetable,spinaci,verdura
2499,s95,spinach,vegetable,spinaci,di colore verde
2500,s95,spinach,vegetable,spinaci,viene mangiata
2501,s95,spinach,vegetable,spinaci,viene cotta
2502,s95,spinach,vegetable,spinaci,contiene ferro
2503,s95,spinach,vegetable,spinaci,in Braccio di Ferro
2504,s95,broom,implement,scopa,oggeto
2505,s95,broom,implement,scopa,utilizzato per spazzare
2506,s95,broom,implement,scopa,è composto da un manico
2507,s95,broom,implement,scopa,è composto da un insieme di crini
2508,s95,broom,implement,scopa,utilizzata dalle streghe per volare
2509,s95,broom,implement,scopa,utilizzata con una paletta 
2510,s95,socks,clothing,calzini,oggetto di abbigliamento
2511,s95,socks,clothing,calzini,si indossano ai piedi
2512,s95,socks,clothing,calzini,di varie stoffe
2513,s95,socks,clothing,calzini,di vari colori
2514,s95,owl,bird,gufo,uccello
2515,s95,owl,bird,gufo,notturno
2516,s95,owl,bird,gufo,carnivoro
2517,s95,seagull,bird,gabbiano,uccello
2518,s95,seagull,bird,gabbiano,bianco
2519,s95,seagull,bird,gabbiano,vive sul mare
2520,s95,seagull,bird,gabbiano,emigra
2521,s95,seagull,bird,gabbiano,mangia pesce
2522,s96,hand,bodypart,mano,parte del corpo umano
2523,s96,hand,bodypart,mano,consente alle persone di afferrare gli oggetti
2524,s96,hand,bodypart,mano,consente alle persone di scrivere
2525,s96,hand,bodypart,mano,composta da 5 dita
2526,s96,hand,bodypart,mano,ogni persona ne ha 2
2527,s96,woodpecker,bird,picchio,uccello
2528,s96,woodpecker,bird,picchio,sbatte il becco contro gli alberi
2529,s96,woodpecker,bird,picchio,grande becco
2530,s96,woodpecker,bird,picchio,vive sugli alberi
2531,s96,orange,fruit,arancia,frutto
2532,s96,orange,fruit,arancia,arancione
2533,s96,orange,fruit,arancia,composto da spicchi
2534,s96,orange,fruit,arancia,ricco di vitamina C
2535,s96,orange,fruit,arancia,necessario togliere la buccia
2536,s96,orange,fruit,arancia,per mangiarla
2537,s96,bus,vehicle,autobus,mezzo
2538,s96,bus,vehicle,autobus,di trasporto
2539,s96,bus,vehicle,autobus,molto grande
2540,s96,bus,vehicle,autobus,munito di molti posti
2541,s96,bus,vehicle,autobus,riesce a trasportare molte persone
2542,s96,bus,vehicle,autobus,sono presenti in tutte le città
2543,s96,corn,vegetable,mais,granoturco
2544,s96,corn,vegetable,mais,piccoli chicchi gialli
2545,s96,bed,furniture,letto,usato dalle persone per dormire
2546,s96,bed,furniture,letto,presente in ogni casa
2547,s96,bed,furniture,letto,varie tipologie
2548,s96,bed,furniture,letto,matrimoniale
2549,s96,bed,furniture,letto,singolo
2550,s96,bed,furniture,letto,una piazza e mezza
2551,s96,rabbit,mammal,coniglio,animale
2552,s96,rabbit,mammal,coniglio,di terra
2553,s96,rabbit,mammal,coniglio,piccolo
2554,s96,rabbit,mammal,coniglio,grandi orecchie
2555,s96,rabbit,mammal,coniglio,coda a battufolo
2556,s96,rabbit,mammal,coniglio,morbido
2557,s96,peas,vegetable,piselli,ortaggio
2558,s96,peas,vegetable,piselli,legume
2559,s96,peas,vegetable,piselli,piccoli
2560,s96,peas,vegetable,piselli,verdi
2561,s96,peas,vegetable,piselli,necessario cuocerli
2562,s96,peas,vegetable,piselli,per mangiarli
2563,s96,closet,furniture,armadio,mobile
2564,s96,closet,furniture,armadio,dove è possibile metterci i vestiti
2565,s96,closet,furniture,armadio,dove è possibile metterci cose
2566,s96,closet,furniture,armadio,grande
2567,s96,closet,furniture,armadio,a 2 ante
2568,s96,closet,furniture,armadio,con molti ripiani
2569,s96,ship,vehicle,nave,mezzo
2570,s96,ship,vehicle,nave,di navigazione
2571,s96,ship,vehicle,nave,varie tipologie
2572,s96,ship,vehicle,nave,a motore
2573,s96,ship,vehicle,nave,a vela
2574,s96,ship,vehicle,nave,grandi
2575,s96,ship,vehicle,nave,piccole
2576,s96,dog,mammal,cane,animale
2577,s96,dog,mammal,cane,di terra
2578,s96,dog,mammal,cane,4 zampe
2579,s96,dog,mammal,cane,munito di una coda
2580,s96,dog,mammal,cane,fedele
2581,s96,dog,mammal,cane,amico dell'uomo
2582,s96,dog,mammal,cane,varie razze
2583,s96,horse,mammal,cavallo,quadrupede
2584,s96,horse,mammal,cavallo,molto grande
2585,s96,horse,mammal,cavallo,criniera
2586,s96,horse,mammal,cavallo,zoccoli
2587,s96,horse,mammal,cavallo,difficile da cavalcare
2588,s96,horse,mammal,cavallo,trasporta carri
2589,s96,horse,mammal,cavallo,trasporta carrozze
2590,s96,tongs,implement,pinze,attrezzo
2591,s96,tongs,implement,pinze,usato per tagliare cose
2592,s96,tongs,implement,pinze,costituito di 2 parti
2593,s96,tongs,implement,pinze,usato dai dentisti
2594,s96,tongs,implement,pinze,usato dai medici
2595,s96,tongs,implement,pinze,usato dai meccanici
2596,s96,skyscraper,building,grattacielo,edificio
2597,s96,skyscraper,building,grattacielo,imponente
2598,s96,skyscraper,building,grattacielo,moltissimi piani
2599,s96,skyscraper,building,grattacielo,molte abitazioni al suo interno
2600,s96,skyscraper,building,grattacielo,altissimo
2601,s96,skyscraper,building,grattacielo,150m
2602,s96,eye,bodypart,occhio,parte del corpo
2603,s96,eye,bodypart,occhio,consente di vedere
2604,s96,truck,vehicle,camion,macchina
2605,s96,truck,vehicle,camion,da trasporto
2606,s96,truck,vehicle,camion,molto grande
2607,s96,truck,vehicle,camion,carica di cose
2608,s96,truck,vehicle,camion,difficile da guidare
2609,s96,truck,vehicle,camion,ingombrante
2610,s96,finger,bodypart,dito,parte del corpo
2611,s96,finger,bodypart,dito,fa parte della mano
2612,s96,finger,bodypart,dito,fa parte del piede
2613,s96,finger,bodypart,dito,tutti nascono con 10 dita per le mani
2614,s96,finger,bodypart,dito,tutti nascono con 10 dita per i piedi
2615,s96,finger,bodypart,dito,3 falangi
2616,s96,apple,fruit,mela,frutta
2617,s96,apple,fruit,mela,rossa
2618,s96,apple,fruit,mela,verde
2619,s96,apple,fruit,mela,non occorre togliere la buccia
2620,s96,apple,fruit,mela,piccola
2621,s96,apple,fruit,mela,sana
2622,s96,apple,fruit,mela,tonda
2623,s96,apple,fruit,mela,crescono sugli alberi
2624,s96,tower,building,torre,costruzione
2625,s96,tower,building,torre,usata nei castelli
2626,s96,tower,building,torre,alta
2627,s96,tower,building,torre,fortificata
2628,s96,tower,building,torre,munita di piccole finestre
2629,s96,train,vehicle,treno,mezzo
2630,s96,train,vehicle,treno,di trasporto
2631,s96,train,vehicle,treno,su rotaie
2632,s96,train,vehicle,treno,munito di vari vagoni
2633,s96,train,vehicle,treno,veloce
2634,s96,train,vehicle,treno,lungo
2635,s96,train,vehicle,treno,bisogna avere il biglietto per salirci
2636,s96,potato,vegetable,patata,ortaggio
2637,s96,potato,vegetable,patata,tubero
2638,s96,potato,vegetable,patata,cresce nella terra
2639,s96,potato,vegetable,patata,ne esistono di vari tipi
2640,s96,potato,vegetable,patata,fritte
2641,s96,potato,vegetable,patata,bollite
2642,s96,potato,vegetable,patata,al forno
2643,s96,bridge,building,ponte,ti permette di attraversare un fiume
2644,s96,bridge,building,ponte,costruzione
2645,s96,bridge,building,ponte,imponente
2646,s96,bridge,building,ponte,costruita sui laghi
2647,s96,bridge,building,ponte,costruita sui fiumi
2648,s96,sword,implement,spada,attrezzo
2649,s96,sword,implement,spada,veniva usato per uccidere
2650,s96,sword,implement,spada,affilato
2651,s96,sword,implement,spada,tagliente
2652,s96,sword,implement,spada,usata dai cavalieri
2653,s96,airplane,vehicle,aeroplano,mezzo
2654,s96,airplane,vehicle,aeroplano,di trasporto
2655,s96,airplane,vehicle,aeroplano,vola
2656,s96,airplane,vehicle,aeroplano,ali
2657,s96,airplane,vehicle,aeroplano,ti permette di fare viaggi lunghissimi in poco tempo
2658,s96,airplane,vehicle,aeroplano,tantissimi tipi
2659,s96,airplane,vehicle,aeroplano,diverse compagnie
2660,s96,pineapple,fruit,ananas,frutto
2661,s96,pineapple,fruit,ananas,tropicale
2662,s96,pineapple,fruit,ananas,cresce sugli alberi
2663,s96,pineapple,fruit,ananas,molto dolce
2664,s96,pineapple,fruit,ananas,difficile da tagliare
2665,s97,leg,bodypart,gamba,parte del corpo
2666,s97,leg,bodypart,gamba,ci permette di camminare
2667,s97,leg,bodypart,gamba,ci permette di correre
2668,s97,leg,bodypart,gamba,ci permette di saltare
2669,s97,leg,bodypart,gamba,ci permette di compiere movimenti
2670,s97,leg,bodypart,gamba,sono due
2671,s97,head,bodypart,testa,è parte del corpo
2672,s97,head,bodypart,testa,parte più alta
2673,s97,head,bodypart,testa,collegata dal collo
2674,s97,head,bodypart,testa,centro di comando del corpo
2675,s97,jacket,clothing,giacca,indumento
2676,s97,jacket,clothing,giacca,comodo
2677,s97,jacket,clothing,giacca,ci protegge dal freddo
2678,s97,armchair,furniture,poltrona,sedile
2679,s97,armchair,furniture,poltrona,comodo
2680,s97,armchair,furniture,poltrona,imbottito
2681,s97,armchair,furniture,poltrona,per sedersi
2682,s97,chair,furniture,sedia,per sedersi
2683,s97,garage,building,garage,recente
2684,s97,garage,building,garage,protegge l'automobile dalle intemperie
2685,s97,garage,building,garage,situato sotto terra
2686,s97,garage,building,garage,cementato
2687,s97,cherry,fruit,ciliegia,frutto
2688,s97,cherry,fruit,ciliegia,dolce
2689,s97,cherry,fruit,ciliegia,si sviluppa dal ciliegio
2690,s97,cherry,fruit,ciliegia,commestibile
2691,s97,cherry,fruit,ciliegia,nelle prime fasi dell'estate
2692,s97,chemise,clothing,camicia,indumento
2693,s97,chemise,clothing,camicia,leggero
2694,s97,chemise,clothing,camicia,dotato di bottoni
2695,s97,chemise,clothing,camicia,ha lunghe maniche
2696,s97,chemise,clothing,camicia,ha corte maniche
2697,s97,table,furniture,tavolo,mobile
2698,s97,table,furniture,tavolo,utilizzato per mangiare
2699,s97,table,furniture,tavolo,utilizzato per svolgere funzioni
2700,s97,comb,implement,pettine,ci permette di sistemare i capelli
2701,s97,comb,implement,pettine,è fatto di tanti piccoli denti lunghi
2702,s97,church,building,chiesa,luogo
2703,s97,church,building,chiesa,dove si predica un culto
2704,s97,church,building,chiesa,ce ne sono vari tipi
2705,s97,church,building,chiesa,tempio
2706,s97,pear,fruit,pera,frutto
2707,s97,pear,fruit,pera,succoso
2708,s97,pear,fruit,pera,di colore verde
2709,s97,pear,fruit,pera,di colore giallo
2710,s97,monkey,mammal,scimmia,animale
2711,s97,monkey,mammal,scimmia,mammifero
2712,s97,monkey,mammal,scimmia,abitatore di foreste tropicali
2713,s97,monkey,mammal,scimmia,abitatore di clima caldo
2714,s97,goose,bird,oca,volatile
2715,s97,goose,bird,oca,dal lungo collo
2716,s97,goose,bird,oca,col becco arancione
2717,s97,goose,bird,oca,dotato di piume
2718,s97,goose,bird,oca,effettua grandi spostamenti migratori
2719,s97,paintbrush,implement,pennello,strumento
2720,s97,paintbrush,implement,pennello,ci permette di dipingere
2721,s97,paintbrush,implement,pennello,ci permette di dare colore su una superficie
2722,s97,paintbrush,implement,pennello,viene intinto nel colore
2723,s97,sweater,clothing,pullover,indumento
2724,s97,sweater,clothing,pullover,piuttosto caldo
2725,s97,sweater,clothing,pullover,atto a ripararci dal freddo più intenso
2726,s97,onion,vegetable,cipolla,ortaggio
2727,s97,onion,vegetable,cipolla,commestibile
2728,s97,onion,vegetable,cipolla,usato in cucina
2729,s97,onion,vegetable,cipolla,per contornare una pietanza
2730,s97,bear,mammal,orso,grosso
2731,s97,bear,mammal,orso,animale
2732,s97,bear,mammal,orso,onnivoro
2733,s97,bear,mammal,orso,peloso
2734,s97,bear,mammal,orso,dotato di grandi denti
2735,s97,bear,mammal,orso,in tutto il pianeta
2736,s97,bear,mammal,orso,esistono varie specie
2737,s97,bear,mammal,orso,mutano il pelo
2738,s97,sparrow,bird,passero,piccolo
2739,s97,sparrow,bird,passero,pennuto
2740,s97,sparrow,bird,passero,di colore nero
2741,s97,sparrow,bird,passero,abita in ambienti fortemente antropizzati
2742,s97,shoes,clothing,scarpe,indumento
2743,s97,shoes,clothing,scarpe,ci permette di camminare con più comodità
2744,s97,spinach,vegetable,spinaci,ortaggio
2745,s97,spinach,vegetable,spinaci,di colore verde scuro
2746,s97,spinach,vegetable,spinaci,usato in cucina
2747,s97,broom,implement,scopa,arnese
2748,s97,broom,implement,scopa,ci permette di pulire l'ambiente
2749,s97,socks,clothing,calzini,indumento
2750,s97,socks,clothing,calzini,si abbina all'utilizzo di scarpe
2751,s97,owl,bird,gufo,grande
2752,s97,owl,bird,gufo,pennuto
2753,s97,owl,bird,gufo,vive durante la notte
2754,s97,owl,bird,gufo,dotato di grandi occhi
2755,s97,owl,bird,gufo,dotato di occhi gialli
2756,s97,seagull,bird,gabbiano,grande
2757,s97,seagull,bird,gabbiano,pennuto
2758,s97,seagull,bird,gabbiano,abita tutte le aree costiere del pianeta
2759,s97,seagull,bird,gabbiano,vi sono varie specie
2760,s97,seagull,bird,gabbiano,si ciba di tutto
2761,s98,hand,bodypart,mano,parte del corpo umano
2762,s98,hand,bodypart,mano,con 5 dita
2763,s98,hand,bodypart,mano,ci permette di afferare gli oggetti
2764,s98,hand,bodypart,mano,grazie al pollice opponibile
2765,s98,hand,bodypart,mano,ogni persona ne ha 2
2766,s98,woodpecker,bird,picchio,animale
2767,s98,woodpecker,bird,picchio,volatile
2768,s98,woodpecker,bird,picchio,uccello
2769,s98,woodpecker,bird,picchio,picchietta col becco sul tronco degli alberi
2770,s98,woodpecker,bird,picchio,vive nei boschi
2771,s98,woodpecker,bird,picchio,becco lungo
2772,s98,orange,fruit,arancia,frutto
2773,s98,orange,fruit,arancia,ha una forma sferica
2774,s98,orange,fruit,arancia,colore arancione
2775,s98,orange,fruit,arancia,per mangiarla
2776,s98,orange,fruit,arancia,si toglie la buccia
2777,s98,orange,fruit,arancia,si divide in spicchi
2778,s98,bus,vehicle,autobus,mezzo
2779,s98,bus,vehicle,autobus,di trasporto
2780,s98,bus,vehicle,autobus,pubblico
2781,s98,bus,vehicle,autobus,grande
2782,s98,bus,vehicle,autobus,veicolo
2783,s98,bus,vehicle,autobus,su ruote
2784,s98,bus,vehicle,autobus,guidato da un autista
2785,s98,bus,vehicle,autobus,autista deve seguire percorso ben definito
2786,s98,bus,vehicle,autobus,ce ne sono diversi
2787,s98,bus,vehicle,autobus,di vari colori
2788,s98,bus,vehicle,autobus,ci sono più linee
2789,s98,bus,vehicle,autobus,numeri a seconda del tragitto
2790,s98,bus,vehicle,autobus,si ferma in fermate ben precise
2791,s98,corn,vegetable,mais,verdura
2792,s98,corn,vegetable,mais,piccoli chicchi gialli
2793,s98,corn,vegetable,mais,si trovano in barattoli
2794,s98,corn,vegetable,mais,si trovano sulle pannocchie
2795,s98,corn,vegetable,mais,si condisce con olio e sale
2796,s98,bed,furniture,letto,piattaforma
2797,s98,bed,furniture,letto,di legno
2798,s98,bed,furniture,letto,di plastica
2799,s98,bed,furniture,letto,ricoperto da un materasso per morbidezza
2800,s98,bed,furniture,letto,ci si distende sopra per dormire
2801,s98,bed,furniture,letto,può essere di varie dimensioni
2802,s98,rabbit,mammal,coniglio,animale
2803,s98,rabbit,mammal,coniglio,piccola taglia
2804,s98,rabbit,mammal,coniglio,vari colori
2805,s98,rabbit,mammal,coniglio,marrone
2806,s98,rabbit,mammal,coniglio,bianco
2807,s98,rabbit,mammal,coniglio,nero
2808,s98,rabbit,mammal,coniglio,grigio
2809,s98,rabbit,mammal,coniglio,morbidi
2810,s98,peas,vegetable,piselli,legume
2811,s98,peas,vegetable,piselli,ortaggio
2812,s98,peas,vegetable,piselli,piccole palline verdi
2813,s98,peas,vegetable,piselli,necessario che siano cucinate
2814,s98,closet,furniture,armadio,attrezzo
2815,s98,closet,furniture,armadio,di varie dimensioni
2816,s98,closet,furniture,armadio,diviso in scompartimenti
2817,s98,closet,furniture,armadio,contiene vestiti
2818,s98,closet,furniture,armadio,costituito da scaffali
2819,s98,closet,furniture,armadio,costituito da cassetti
2820,s98,closet,furniture,armadio,costituito da ante
2821,s98,ship,vehicle,nave,mezzo
2822,s98,ship,vehicle,nave,di navigazione
2823,s98,ship,vehicle,nave,varie dimensioni
2824,s98,ship,vehicle,nave,procede a remi
2825,s98,ship,vehicle,nave,procede a vela
2826,s98,ship,vehicle,nave,procede a motore
2827,s98,dog,mammal,cane,animale
2828,s98,dog,mammal,cane,domestico
2829,s98,dog,mammal,cane,4 zampe
2830,s98,dog,mammal,cane,1 coda
2831,s98,dog,mammal,cane,2 occhi
2832,s98,dog,mammal,cane,1 naso
2833,s98,dog,mammal,cane,1 bocca
2834,s98,dog,mammal,cane,2 orecchie
2835,s98,dog,mammal,cane,peloso
2836,s98,dog,mammal,cane,utilizzato come animale di compagnia
2837,s98,dog,mammal,cane,utilizzato per difendere le case
2838,s98,dog,mammal,cane,abbaia
2839,s98,horse,mammal,cavallo,animale
2840,s98,horse,mammal,cavallo,a 4 zampe
2841,s98,horse,mammal,cavallo,in grado di trainare i carri
2842,s98,horse,mammal,cavallo,trasporta persone
2843,s98,horse,mammal,cavallo,nitrisce
2844,s98,horse,mammal,cavallo,veloce
2845,s98,horse,mammal,cavallo,grande
2846,s98,horse,mammal,cavallo,pesante
2847,s98,tongs,implement,pinze,attrezzo
2848,s98,tongs,implement,pinze,da meccanico
2849,s98,tongs,implement,pinze,da dentista
2850,s98,tongs,implement,pinze,svitare un bullone
2851,s98,tongs,implement,pinze,avvitare un bullone
2852,s98,tongs,implement,pinze,ferro
2853,s98,skyscraper,building,grattacielo,enorme
2854,s98,skyscraper,building,grattacielo,costruzione
2855,s98,skyscraper,building,grattacielo,edificio
2856,s98,skyscraper,building,grattacielo,a tantissimi piani
2857,s98,skyscraper,building,grattacielo,altezza di circa 150cm
2858,s98,eye,bodypart,occhio,parte del corpo
2859,s98,eye,bodypart,occhio,vari colori
2860,s98,eye,bodypart,occhio,marrone
2861,s98,eye,bodypart,occhio,nero
2862,s98,eye,bodypart,occhio,azzurro
2863,s98,eye,bodypart,occhio,verde
2864,s98,eye,bodypart,occhio,servono per vedere
2865,s98,eye,bodypart,occhio,ogni persona ne ha 2
2866,s98,truck,vehicle,camion,mezzo
2867,s98,truck,vehicle,camion,di trasporto
2868,s98,truck,vehicle,camion,trasporto merci
2869,s98,truck,vehicle,camion,mezzi di locomozione su ruote
2870,s98,truck,vehicle,camion,grandi
2871,s98,truck,vehicle,camion,pesanti
2872,s98,finger,bodypart,dito,parte del corpo
2873,s98,finger,bodypart,dito,parte di mano
2874,s98,finger,bodypart,dito,si possono muovere
2875,s98,finger,bodypart,dito,si possono piegare
2876,s98,finger,bodypart,dito,ci permettono di toccare oggetti
2877,s98,finger,bodypart,dito,ci permettono di prendere oggetti
2878,s98,apple,fruit,mela,frutto
2879,s98,apple,fruit,mela,cresce sugli alberi
2880,s98,apple,fruit,mela,verde
2881,s98,apple,fruit,mela,gialla
2882,s98,apple,fruit,mela,rossa
2883,s98,apple,fruit,mela,una mela al giorno toglie il medico di torno
2884,s98,tower,building,torre,costruzione
2885,s98,tower,building,torre,alta
2886,s98,tower,building,torre,per vedere intorno
2887,s98,train,vehicle,treno,mezzo
2888,s98,train,vehicle,treno,di locomozione
2889,s98,train,vehicle,treno,a pagamento
2890,s98,train,vehicle,treno,seguono i binari
2891,s98,train,vehicle,treno,orari fissi
2892,s98,train,vehicle,treno,veloci
2893,s98,train,vehicle,treno,non incontrano traffico
2894,s98,potato,vegetable,patata,verdura
2895,s98,potato,vegetable,patata,gialla
2896,s98,potato,vegetable,patata,cresce nell'orto
2897,s98,potato,vegetable,patata,buona bollita
2898,s98,potato,vegetable,patata,buona fritta
2899,s98,bridge,building,ponte,strada
2900,s98,bridge,building,ponte,sopraelevata
2901,s98,bridge,building,ponte,appoggia su piloni
2902,s98,bridge,building,ponte,sopra fiumi
2903,s98,bridge,building,ponte,legno
2904,s98,bridge,building,ponte,cemento
2905,s98,bridge,building,ponte,ferro
2906,s98,sword,implement,spada,arma
2907,s98,sword,implement,spada,ferro
2908,s98,sword,implement,spada,cavallieri
2909,s98,sword,implement,spada,pericoloso
2910,s98,airplane,vehicle,aeroplano,mezzo
2911,s98,airplane,vehicle,aeroplano,che vola
2912,s98,airplane,vehicle,aeroplano,grande
2913,s98,airplane,vehicle,aeroplano,dotato di ali
2914,s98,airplane,vehicle,aeroplano,dotato di motore
2915,s98,airplane,vehicle,aeroplano,serve per fare viaggi lunghi in breve tempo
2916,s98,airplane,vehicle,aeroplano,viaggia in cielo
2917,s98,airplane,vehicle,aeroplano,viagia sopra le nuvole
2918,s98,pineapple,fruit,ananas,frutto
2919,s98,pineapple,fruit,ananas,tropicale
2920,s98,pineapple,fruit,ananas,giallo
2921,s98,pineapple,fruit,ananas,buono
2922,s98,pineapple,fruit,ananas,duro
2923,s99,leg,bodypart,gamba,parte del corpo umano
2924,s99,leg,bodypart,gamba,che serve per camminare
2925,s99,leg,bodypart,gamba,arto
2926,s99,leg,bodypart,gamba,arto inferiore
2927,s99,leg,bodypart,gamba,che termina con il piede
2928,s99,head,bodypart,testa,fa parte del corpo umano
2929,s99,head,bodypart,testa,si appoggia sul collo
2930,s99,jacket,clothing,giacca,indumento
2931,s99,jacket,clothing,giacca,di inverno
2932,s99,jacket,clothing,giacca,si usa per non patire il freddo
2933,s99,jacket,clothing,giacca,fatta da materiali diversi
2934,s99,jacket,clothing,giacca,forma cambia a seconda del tipo
2935,s99,jacket,clothing,giacca,colore cambia a seconda del tipo
2936,s99,armchair,furniture,poltrona,fa parte dell'arredamento
2937,s99,armchair,furniture,poltrona,del soggiorno
2938,s99,armchair,furniture,poltrona,si usa per starci seduti
2939,s99,armchair,furniture,poltrona,comodi
2940,s99,armchair,furniture,poltrona,rilassarsi
2941,s99,chair,furniture,sedia,mobile
2942,s99,chair,furniture,sedia,su cui ci si siede
2943,s99,chair,furniture,sedia,presente a scuola
2944,s99,chair,furniture,sedia,serve per sedersi
2945,s99,chair,furniture,sedia,materiali differenti
2946,s99,chair,furniture,sedia,forma differente
2947,s99,garage,building,garage,luogo
2948,s99,garage,building,garage,dove si parcheggia un veicolo
2949,s99,garage,building,garage,sotterraneo
2950,s99,cherry,fruit,ciliegia,frutto
2951,s99,cherry,fruit,ciliegia,estivo
2952,s99,cherry,fruit,ciliegia,colore rosso
2953,s99,cherry,fruit,ciliegia,a coppia
2954,s99,cherry,fruit,ciliegia,piccolo
2955,s99,cherry,fruit,ciliegia,rotondo
2956,s99,cherry,fruit,ciliegia,con il nocciolo
2957,s99,chemise,clothing,camicia,indumento
2958,s99,chemise,clothing,camicia,maschile
2959,s99,chemise,clothing,camicia,femminile
2960,s99,chemise,clothing,camicia,poco pesante
2961,s99,chemise,clothing,camicia,colori diversi
2962,s99,chemise,clothing,camicia,materiali diversi
2963,s99,chemise,clothing,camicia,lunghezza delle maniche variabili
2964,s99,table,furniture,tavolo,piattaforma
2965,s99,table,furniture,tavolo,in legno
2966,s99,table,furniture,tavolo,serve per mangiare
2967,s99,table,furniture,tavolo,serve per altre attività
2968,s99,table,furniture,tavolo,ha 4 gambe
2969,s99,table,furniture,tavolo,che poggiano per terra
2970,s99,comb,implement,pettine,per sistemarsi i capelli
2971,s99,comb,implement,pettine,per districarsi i capelli
2972,s99,comb,implement,pettine,denti larghi
2973,s99,comb,implement,pettine,denti stretti
2974,s99,comb,implement,pettine,di plastica
2975,s99,church,building,chiesa,luogo
2976,s99,church,building,chiesa,sacro
2977,s99,church,building,chiesa,dotato di altare
2978,s99,church,building,chiesa,dotato di campanile
2979,s99,church,building,chiesa,luogo di raccolta dei fedeli
2980,s99,pear,fruit,pera,frutto
2981,s99,pear,fruit,pera,colore giallo
2982,s99,pear,fruit,pera,colore verde
2983,s99,pear,fruit,pera,ha il picciolo
2984,s99,pear,fruit,pera,è succosa
2985,s99,monkey,mammal,scimmia,animale
2986,s99,monkey,mammal,scimmia,mammifero
2987,s99,monkey,mammal,scimmia,peloso
2988,s99,monkey,mammal,scimmia,somiglia all'uomo
2989,s99,monkey,mammal,scimmia,vive nella giungla
2990,s99,goose,bird,oca,uccello
2991,s99,goose,bird,oca,che nuota
2992,s99,goose,bird,oca,piume
2993,s99,goose,bird,oca,zampe palmate
2994,s99,paintbrush,implement,pennello,per truccarsi
2995,s99,paintbrush,implement,pennello,per dipingere
2996,s99,paintbrush,implement,pennello,costituito da un manico
2997,s99,paintbrush,implement,pennello,costituito da peli alla fine
2998,s99,sweater,clothing,pullover,indumento
2999,s99,sweater,clothing,pullover,invernale
3000,s99,sweater,clothing,pullover,tiene caldo
3001,s99,sweater,clothing,pullover,per tutti
3002,s99,sweater,clothing,pullover,colorato
3003,s99,sweater,clothing,pullover,multiforme
3004,s99,onion,vegetable,cipolla,verdura
3005,s99,onion,vegetable,cipolla,se a contatto con gli occhi provoca le lacrime
3006,s99,onion,vegetable,cipolla,per insaporire i pasti
3007,s99,bear,mammal,orso,mammifero
3008,s99,bear,mammal,orso,è grande
3009,s99,bear,mammal,orso,vive nei boschi
3010,s99,bear,mammal,orso,può spaventare se si arrabbia
3011,s99,sparrow,bird,passero,uccello
3012,s99,sparrow,bird,passero,cittadino
3013,s99,sparrow,bird,passero,colore marrone
3014,s99,sparrow,bird,passero,colore grigio
3015,s99,shoes,clothing,scarpe,si indossano
3016,s99,shoes,clothing,scarpe,ai piedi
3017,s99,shoes,clothing,scarpe,servono per camminare
3018,s99,shoes,clothing,scarpe,diversi tipi
3019,s99,spinach,vegetable,spinaci,verdura
3020,s99,spinach,vegetable,spinaci,cotta
3021,s99,spinach,vegetable,spinaci,li mangia Braccio di Ferro
3022,s99,spinach,vegetable,spinaci,verdi
3023,s99,broom,implement,scopa,per pulire
3024,s99,broom,implement,scopa,dotato di manica
3025,s99,broom,implement,scopa,dotato di spatole
3026,s99,socks,clothing,calzini,si mettono ai piedi
3027,s99,socks,clothing,calzini,prima delle scarpe
3028,s99,socks,clothing,calzini,materiale differente
3029,s99,socks,clothing,calzini,indumento
3030,s99,owl,bird,gufo,uccello
3031,s99,owl,bird,gufo,notturno
3032,s99,owl,bird,gufo,simbolo di paura
3033,s99,seagull,bird,gabbiano,uccello
3034,s99,seagull,bird,gabbiano,si trova al mare
3035,s99,seagull,bird,gabbiano,sono bianchi
3036,s99,seagull,bird,gabbiano,hanno il becco
3037,s100,hand,bodypart,mano,arto del corpo degli esseri umani
3038,s100,hand,bodypart,mano,dotata di 5 dita
3039,s100,hand,bodypart,mano,tra cui un pollice opponibile
3040,s100,woodpecker,bird,picchio,un uccello
3041,s100,woodpecker,bird,picchio,che grazie al becco appuntito picchia sulla corteccia degli alberi per trovare insetti
3042,s100,orange,fruit,arancia,frutto
3043,s100,orange,fruit,arancia,dell'arancio
3044,s100,orange,fruit,arancia,commestibile
3045,s100,bus,vehicle,autobus,veicolo
3046,s100,bus,vehicle,autobus,di circa 15 metri
3047,s100,bus,vehicle,autobus,utile al trasporto di molte persone
3048,s100,corn,vegetable,mais,cereale
3049,s100,corn,vegetable,mais,importato dall'America
3050,s100,corn,vegetable,mais,commestibile
3051,s100,bed,furniture,letto,materasso
3052,s100,bed,furniture,letto,rete
3053,s100,bed,furniture,letto,ci si dorme sopra
3054,s100,rabbit,mammal,coniglio,animale
3055,s100,rabbit,mammal,coniglio,di dimensioni piccole
3056,s100,rabbit,mammal,coniglio,commestibile
3057,s100,peas,vegetable,piselli,legumi
3058,s100,peas,vegetable,piselli,commestibili
3059,s100,peas,vegetable,piselli,verdi
3060,s100,closet,furniture,armadio,mobile
3061,s100,closet,furniture,armadio,contenitore di oggetti
3062,s100,ship,vehicle,nave,mezzo
3063,s100,ship,vehicle,nave,di trasporto
3064,s100,ship,vehicle,nave,marino
3065,s100,dog,mammal,cane,animale
3066,s100,dog,mammal,cane,a 4 zampe
3067,s100,horse,mammal,cavallo,animale
3068,s100,horse,mammal,cavallo,commestibile
3069,s100,tongs,implement,pinze,attrezzo
3070,s100,tongs,implement,pinze,da lavoro
3071,s100,tongs,implement,pinze,usato per unire
3072,s100,skyscraper,building,grattacielo,edificio
3073,s100,skyscraper,building,grattacielo,costruito in alto
3074,s100,eye,bodypart,occhio,ferita aperta
3075,s100,eye,bodypart,occhio,del viso
3076,s100,truck,vehicle,camion,mezzo
3077,s100,truck,vehicle,camion,di trasporto
3078,s100,truck,vehicle,camion,pesante
3079,s100,finger,bodypart,dito,arto
3080,s100,finger,bodypart,dito,della mano
3081,s100,apple,fruit,mela,frutto
3082,s100,apple,fruit,mela,del melo
3083,s100,apple,fruit,mela,commestibile
3084,s100,tower,building,torre,edificio
3085,s100,tower,building,torre,costruito verso l'alto
3086,s100,train,vehicle,treno,mezzo
3087,s100,train,vehicle,treno,di trasporto
3088,s100,potato,vegetable,patata,tubero
3089,s100,potato,vegetable,patata,commestibile
3090,s100,potato,vegetable,patata,giallastro
3091,s100,bridge,building,ponte,passaggio
3092,s100,bridge,building,ponte,obbligato
3093,s100,sword,implement,spada,uccide persone
3094,s100,airplane,vehicle,aeroplano,mezzo
3095,s100,airplane,vehicle,aeroplano,di trasporto
3096,s100,pineapple,fruit,ananas,frutto
3097,s100,pineapple,fruit,ananas,esotico
3098,s101,leg,bodypart,gamba,arto
3099,s101,leg,bodypart,gamba,arto inferiore
3100,s101,leg,bodypart,gamba,serve per camminare
3101,s101,head,bodypart,testa,parte del corpo
3102,s101,head,bodypart,testa,parte più importante del corpo
3103,s101,head,bodypart,testa,al suo interno c'è il cervello
3104,s101,head,bodypart,testa,ricoperta da capelli
3105,s101,jacket,clothing,giacca,indumento
3106,s101,jacket,clothing,giacca,serve per proteggere dal freddo
3107,s101,jacket,clothing,giacca,ci sono vari modelli
3108,s101,armchair,furniture,poltrona,serve per sedersi
3109,s101,armchair,furniture,poltrona,è morbida
3110,s101,armchair,furniture,poltrona,serve per riposarsi
3111,s101,armchair,furniture,poltrona,è comoda
3112,s101,chair,furniture,sedia,serve per sedersi
3113,s101,chair,furniture,sedia,di vari materiali
3114,s101,garage,building,garage,serve per parcheggiare la macchina
3115,s101,garage,building,garage,al coperto
3116,s101,cherry,fruit,ciliegia,rossa
3117,s101,cherry,fruit,ciliegia,alimento
3118,s101,cherry,fruit,ciliegia,di dimensione piccola
3119,s101,cherry,fruit,ciliegia,cresce negli alberi
3120,s101,chemise,clothing,camicia,un indumento
3121,s101,chemise,clothing,camicia,leggero
3122,s101,chemise,clothing,camicia,vari colori
3123,s101,chemise,clothing,camicia,vari tessuti
3124,s101,table,furniture,tavolo,un mobile
3125,s101,table,furniture,tavolo,si usa per appoggiare sopra le cose
3126,s101,table,furniture,tavolo,necessario nella casa
3127,s101,comb,implement,pettine,serve per pettinarsi i capelli
3128,s101,comb,implement,pettine,di plastica
3129,s101,comb,implement,pettine,ha un manico
3130,s101,comb,implement,pettine,ha varie forme
3131,s101,church,building,chiesa,luogo
3132,s101,church,building,chiesa,di culto
3133,s101,church,building,chiesa,edificio
3134,s101,pear,fruit,pera,alimento
3135,s101,pear,fruit,pera,frutto
3136,s101,pear,fruit,pera,di media dimensione
3137,s101,pear,fruit,pera,cresce sugli alberi
3138,s101,monkey,mammal,scimmia,animale
3139,s101,monkey,mammal,scimmia,mammifero
3140,s101,monkey,mammal,scimmia,si trova nella giungla
3141,s101,monkey,mammal,scimmia,mangia banane
3142,s101,goose,bird,oca,animale
3143,s101,goose,bird,oca,uccello
3144,s101,goose,bird,oca,ha le ali
3145,s101,goose,bird,oca,ha un becco
3146,s101,paintbrush,implement,pennello,serve per pitturare
3147,s101,paintbrush,implement,pennello,ha un manico
3148,s101,paintbrush,implement,pennello,si tiene in mano
3149,s101,paintbrush,implement,pennello,di medie dimensioni
3150,s101,sweater,clothing,pullover,indumento
3151,s101,sweater,clothing,pullover,serve per ripararsi dal freddo
3152,s101,onion,vegetable,cipolla,alimento
3153,s101,onion,vegetable,cipolla,verdura
3154,s101,onion,vegetable,cipolla,ha un sapore forte
3155,s101,onion,vegetable,cipolla,fa lacrimare gli occhi
3156,s101,bear,mammal,orso,animale
3157,s101,bear,mammal,orso,mammifero
3158,s101,bear,mammal,orso,goloso di miele
3159,s101,bear,mammal,orso,peloso
3160,s101,sparrow,bird,passero,animale
3161,s101,sparrow,bird,passero,un uccello
3162,s101,sparrow,bird,passero,piccolo
3163,s101,sparrow,bird,passero,ha le piume
3164,s101,shoes,clothing,scarpe,servono per camminare
3165,s101,shoes,clothing,scarpe,servono per proteggere i piedi
3166,s101,shoes,clothing,scarpe,si mettono ai piedi
3167,s101,spinach,vegetable,spinaci,alimento
3168,s101,spinach,vegetable,spinaci,verdura
3169,s101,spinach,vegetable,spinaci,sono di colore verde
3170,s101,spinach,vegetable,spinaci,bisogna cucinarli
3171,s101,spinach,vegetable,spinaci,prima di mangiarli
3172,s101,broom,implement,scopa,serve per spazzare la polvere
3173,s101,broom,implement,scopa,di grandi dimensioni
3174,s101,broom,implement,scopa,ha un manico
3175,s101,owl,bird,gufo,animale
3176,s101,owl,bird,gufo,uccello
3177,s101,owl,bird,gufo,vive di notte
3178,s101,seagull,bird,gabbiano,animale
3179,s101,seagull,bird,gabbiano,uccello
3180,s101,seagull,bird,gabbiano,ha le ali
3181,s102,bear,mammal,orso,animale
3182,s102,bear,mammal,orso,vive nel bosco
3183,s102,bear,mammal,orso,molto grande
3184,s102,peas,vegetable,piselli,legumi
3185,s102,peas,vegetable,piselli,verdi
3186,s102,peas,vegetable,piselli,commestibili
3187,s102,peas,vegetable,piselli,piccoli
3188,s102,peas,vegetable,piselli,tondi
3189,s102,paintbrush,implement,pennello,serve a dipingere
3190,s102,paintbrush,implement,pennello,usato per colorare delle pareti
3191,s102,paintbrush,implement,pennello,usato per colorare dei fogli
3192,s102,shoes,clothing,scarpe,per i piedi
3193,s102,shoes,clothing,scarpe,colorate
3194,s102,shoes,clothing,scarpe,hanno una sola
3195,s102,shoes,clothing,scarpe,hanno i lacci
3196,s102,shoes,clothing,scarpe,servono per non sporcarsi i piedi
3197,s102,shoes,clothing,scarpe,quando si cammina
3198,s102,shoes,clothing,scarpe,tengono caldo ai piedi
3199,s102,ship,vehicle,nave,mezzo
3200,s102,ship,vehicle,nave,di trasporto
3201,s102,ship,vehicle,nave,per attraversare il mare
3202,s102,ship,vehicle,nave,molto grande
3203,s102,ship,vehicle,nave,porta molti passeggeri
3204,s102,sparrow,bird,passero,animale
3205,s102,sparrow,bird,passero,piccolo
3206,s102,sparrow,bird,passero,con le ali
3207,s102,sparrow,bird,passero,grigio
3208,s102,sparrow,bird,passero,vive in un nido
3209,s102,onion,vegetable,cipolla,verdura
3210,s102,onion,vegetable,cipolla,non si mangia da sola
3211,s102,onion,vegetable,cipolla,usata per condire
3212,s102,sword,implement,spada,arma
3213,s102,sword,implement,spada,usata nel medioevo
3214,s102,sword,implement,spada,lunga
3215,s102,sword,implement,spada,appuntita
3216,s102,sword,implement,spada,tagliente
3217,s102,sword,implement,spada,di ferro
3218,s102,sword,implement,spada,con un manico
3219,s102,airplane,vehicle,aeroplano,mezzo
3220,s102,airplane,vehicle,aeroplano,di trasporto
3221,s102,airplane,vehicle,aeroplano,vola
3222,s102,airplane,vehicle,aeroplano,ha delle ali
3223,s102,airplane,vehicle,aeroplano,ha un motore
3224,s102,airplane,vehicle,aeroplano,molti passeggeri
3225,s102,closet,furniture,armadio,contiene gli abiti
3226,s102,closet,furniture,armadio,grande
3227,s102,closet,furniture,armadio,piccolo
3228,s102,closet,furniture,armadio,si appendono i vestiti
3229,s102,chair,furniture,sedia,si usa per sedersi
3230,s102,chair,furniture,sedia,comoda
3231,s102,chair,furniture,sedia,con 4 gambe
3232,s102,armchair,furniture,poltrona,più comoda della sedia
3233,s102,armchair,furniture,poltrona,più grande della sedia
3234,s102,armchair,furniture,poltrona,imbottito
3235,s102,armchair,furniture,poltrona,ci si riposa
3236,s102,horse,mammal,cavallo,animale
3237,s102,horse,mammal,cavallo,con la criniera
3238,s102,horse,mammal,cavallo,con la coda
3239,s102,horse,mammal,cavallo,può portare delle persone in groppa
3240,s102,horse,mammal,cavallo,corre veloce
3241,s102,broom,implement,scopa,per pulire per terra
3242,s102,broom,implement,scopa,bastone
3243,s102,broom,implement,scopa,con delle setole
3244,s102,garage,building,garage,posto
3245,s102,garage,building,garage,in cui si parcheggia la macchina
3246,s102,garage,building,garage,buio
3247,s102,garage,building,garage,freddo
3248,s102,garage,building,garage,sottoterra
3249,s102,garage,building,garage,più posti macchina
3250,s102,orange,fruit,arancia,frutto
3251,s102,orange,fruit,arancia,commestibile
3252,s102,orange,fruit,arancia,si trova sull'albero
3253,s102,orange,fruit,arancia,arancione
3254,s102,orange,fruit,arancia,a spicchi
3255,s102,cherry,fruit,ciliegia,frutto
3256,s102,cherry,fruit,ciliegia,piccolo
3257,s102,cherry,fruit,ciliegia,rossa
3258,s102,cherry,fruit,ciliegia,sugli alberi
3259,s102,cherry,fruit,ciliegia,col gambo lungo
3260,s102,comb,implement,pettine,per sistemare i capelli spettinati
3261,s102,dog,mammal,cane,animale
3262,s102,dog,mammal,cane,piccolo
3263,s102,dog,mammal,cane,grande
3264,s102,dog,mammal,cane,4 zampe
3265,s102,dog,mammal,cane,vivace
3266,s102,dog,mammal,cane,miglior amico dell'uomo
3267,s102,eye,bodypart,occhio,per vedere
3268,s102,eye,bodypart,occhio,2
3269,s102,eye,bodypart,occhio,colore e forme diverse
3270,s102,eye,bodypart,occhio,parte più sensibile
3271,s102,eye,bodypart,occhio,del viso
3272,s102,monkey,mammal,scimmia,animale
3273,s102,monkey,mammal,scimmia,vive nella giungla
3274,s102,monkey,mammal,scimmia,mangia banane
3275,s102,monkey,mammal,scimmia,si arrampica sugli alberi
3276,s102,woodpecker,bird,picchio,uccello
3277,s102,woodpecker,bird,picchio,colorato
3278,s102,woodpecker,bird,picchio,col becco fa buchi sugli alberi
3279,s102,goose,bird,oca,uccello
3280,s102,goose,bird,oca,bianca
3281,s102,goose,bird,oca,col collo lungo
3282,s102,train,vehicle,treno,mezzo
3283,s102,train,vehicle,treno,di trasporto
3284,s102,train,vehicle,treno,molti vagoni
3285,s102,train,vehicle,treno,porta molti passeggeri
3286,s102,train,vehicle,treno,viaggia su rotaie
3287,s102,corn,vegetable,mais,giallo
3288,s102,corn,vegetable,mais,piccoli
3289,s102,corn,vegetable,mais,cereale
3290,s102,corn,vegetable,mais,dalla pannocchia
3291,s103,apple,fruit,mela,si mangia
3292,s103,apple,fruit,mela,è un frutto
3293,s103,apple,fruit,mela,cresce sugli alberi
3294,s103,apple,fruit,mela,contiene molte vitamine
3295,s103,apple,fruit,mela,fa bene alla salute
3296,s103,chemise,clothing,camicia,è un vestito
3297,s103,chemise,clothing,camicia,si usa per coprirsi
3298,s103,chemise,clothing,camicia,ha i bottoni
3299,s103,chemise,clothing,camicia,ha 3 maniche
3300,s103,bus,vehicle,autobus,mezzo
3301,s103,bus,vehicle,autobus,di trasporto
3302,s103,bus,vehicle,autobus,pubblico
3303,s103,bus,vehicle,autobus,serve a spostare le persone
3304,s103,bus,vehicle,autobus,per usarlo bisogna pagare un biglietto
3305,s103,seagull,bird,gabbiano,animale
3306,s103,seagull,bird,gabbiano,uccello
3307,s103,seagull,bird,gabbiano,vive in zone costiere
3308,s103,seagull,bird,gabbiano,lo si vede al mare
3309,s103,seagull,bird,gabbiano,lo si vede sulle spiagge
3310,s103,seagull,bird,gabbiano,mangia pesci
3311,s103,owl,bird,gufo,uccello
3312,s103,owl,bird,gufo,vive di notte
3313,s103,owl,bird,gufo,mangia i topi
3314,s103,owl,bird,gufo,ha 2 ali
3315,s103,tower,building,torre,è una costruzione
3316,s103,tower,building,torre,dell'uomo
3317,s103,tower,building,torre,può avere diverse funzioni
3318,s103,tower,building,torre,è alta
3319,s103,tower,building,torre,è di pietra
3320,s103,tower,building,torre,è di cemento
3321,s103,tower,building,torre,è di altri materiali resistenti
3322,s103,potato,vegetable,patata,si mangia
3323,s103,potato,vegetable,patata,è una verdura
3324,s103,potato,vegetable,patata,la si mangia fritta
3325,s103,potato,vegetable,patata,la si mangia lessa
3326,s103,potato,vegetable,patata,la si mangia cotta al forno
3327,s103,potato,vegetable,patata,non la si mangia cruda
3328,s103,finger,bodypart,dito,è una parte della mano
3329,s103,finger,bodypart,dito,è flessibile
3330,s103,finger,bodypart,dito,è diviso in 3 falangi
3331,s103,finger,bodypart,dito,ne abbiamo 5 per mano
3332,s103,skyscraper,building,grattacielo,è un edificio
3333,s103,skyscraper,building,grattacielo,molto alto
3334,s103,skyscraper,building,grattacielo,ce ne sono molti in America
3335,s103,skyscraper,building,grattacielo,la gente ci lavora
3336,s103,skyscraper,building,grattacielo,la gente ci vive
3337,s103,hand,bodypart,mano,è una parte del nostro corpo
3338,s103,hand,bodypart,mano,ne abbiamo 2
3339,s103,hand,bodypart,mano,molto utile per fare tante cose
3340,s103,socks,clothing,calzini,sono indumenti
3341,s103,socks,clothing,calzini,si mettono sui piedi
3342,s103,socks,clothing,calzini,proteggono dal freddo
3343,s103,socks,clothing,calzini,possono essere di tutti i colori
3344,s103,jacket,clothing,giacca,è un vestito
3345,s103,jacket,clothing,giacca,lo si usa per proteggersi dal freddo
3346,s103,jacket,clothing,giacca,ne esistono di diversi colori e taglie
3347,s103,jacket,clothing,giacca,fatta di diversi materiali
3348,s103,table,furniture,tavolo,è fatto di legno
3349,s103,table,furniture,tavolo,lo si trova nelle case
3350,s103,table,furniture,tavolo,lo si trova negli uffici
3351,s103,table,furniture,tavolo,usato per mangiare
3352,s103,table,furniture,tavolo,usato per lavorare
3353,s103,table,furniture,tavolo,usato per studiare
3354,s103,table,furniture,tavolo,ha 4 gambe
3355,s103,sweater,clothing,pullover,è un vestito
3356,s103,sweater,clothing,pullover,è un maglione
3357,s103,sweater,clothing,pullover,lo si usa in inverno
3358,s103,sweater,clothing,pullover,protegge dal freddo
3359,s103,sweater,clothing,pullover,fatto di lana
3360,s103,rabbit,mammal,coniglio,un animale
3361,s103,rabbit,mammal,coniglio,ha 4 zampe
3362,s103,rabbit,mammal,coniglio,di piccole dimensioni
3363,s103,rabbit,mammal,coniglio,curato come animale domestico
3364,s103,church,building,chiesa,un posto
3365,s103,church,building,chiesa,dove si va per pregare
3366,s103,church,building,chiesa,edificio pubblico
3367,s103,church,building,chiesa,è il gruppo di persone che pregano
3368,s103,head,bodypart,testa,una parte del nostro corpo
3369,s103,head,bodypart,testa,la parte dpiù importante
3370,s103,head,bodypart,testa,ha forma ovale
3371,s103,head,bodypart,testa,sorretta dalla spina dorsale
3372,s103,truck,vehicle,camion,automobile
3373,s103,truck,vehicle,camion,usata per il trasporto di merci
3374,s103,truck,vehicle,camion,più grande di un'auto
3375,s103,truck,vehicle,camion,funziona a benzina
3376,s103,bed,furniture,letto,è presente in tutte le case
3377,s103,bed,furniture,letto,è il posto
3378,s103,bed,furniture,letto,dove dormiamo
3379,s103,bed,furniture,letto,è costituito da una base in legno
3380,s103,bed,furniture,letto,è costituito dal materasso
3381,s103,bed,furniture,letto,è costituito dalle coperte
3382,s103,pineapple,fruit,ananas,è un frutto
3383,s103,pineapple,fruit,ananas,tropicale
3384,s103,pineapple,fruit,ananas,cresce nei paesi caldi
3385,s103,pineapple,fruit,ananas,ha un sapore dolce
3386,s103,pineapple,fruit,ananas,gialla
3387,s103,pineapple,fruit,ananas,ruvida
3388,s103,pear,fruit,pera,un frutto
3389,s103,pear,fruit,pera,cresce sugli alberi
3390,s103,pear,fruit,pera,verde
3391,s103,pear,fruit,pera,giallo
3392,s103,pear,fruit,pera,dolce
3393,s103,leg,bodypart,gamba,una parte del corpo
3394,s103,leg,bodypart,gamba,costituita da muscoli
3395,s103,leg,bodypart,gamba,ne abbiamo 2
3396,s103,bridge,building,ponte,collega 2 luoghi divisi da un fiume
3397,s103,bridge,building,ponte,fatto di cemento
3398,s103,bridge,building,ponte,fatto di legno
3399,s103,bridge,building,ponte,fatto di asfalto
3400,s103,bridge,building,ponte,fatto di altri materiali
3401,s103,bridge,building,ponte,lo costruiscono gli uomini
3402,s103,tongs,implement,pinze,servono a prendere un oggetto senza toccarlo direttamente
3403,s103,tongs,implement,pinze,sono fatte di ferro
3404,s103,tongs,implement,pinze,sono usate in medicina
3405,s103,spinach,vegetable,spinaci,sono una verdura
3406,s103,spinach,vegetable,spinaci,sono verdi
3407,s103,spinach,vegetable,spinaci,fanno bene alla salute
3408,s103,spinach,vegetable,spinaci,si cuociono
3409,s104,bear,mammal,orso,animale
3410,s104,bear,mammal,orso,feroce
3411,s104,bear,mammal,orso,di grandi dimensioni
3412,s104,bear,mammal,orso,ha una pelliccia marrone
3413,s104,bear,mammal,orso,in via d'estinzione
3414,s104,peas,vegetable,piselli,una verdura
3415,s104,peas,vegetable,piselli,a forma di pallina
3416,s104,peas,vegetable,piselli,di colore verde
3417,s104,peas,vegetable,piselli,non velenosa
3418,s104,peas,vegetable,piselli,non viene mangiata cruda
3419,s104,paintbrush,implement,pennello,un oggetto
3420,s104,paintbrush,implement,pennello,costituito da un bastoncino
3421,s104,paintbrush,implement,pennello,alla fine del quale vi sono delle spatole
3422,s104,paintbrush,implement,pennello,che servono per disegnare
3423,s104,shoes,clothing,scarpe,oggetti
3424,s104,shoes,clothing,scarpe,molto utili
3425,s104,shoes,clothing,scarpe,servono per camminare
3426,s104,shoes,clothing,scarpe,sono una sorta di protezione per il piede
3427,s104,shoes,clothing,scarpe,lo riveste completamente
3428,s104,ship,vehicle,nave,oggetto
3429,s104,ship,vehicle,nave,grande
3430,s104,ship,vehicle,nave,oggetto complesso
3431,s104,ship,vehicle,nave,serve per navigare
3432,s104,ship,vehicle,nave,costituito da un timone che serve per pilotare
3433,s104,sparrow,bird,passero,animale
3434,s104,sparrow,bird,passero,facente parte della sfera degli uccelli
3435,s104,sparrow,bird,passero,molto comune in natura
3436,s104,onion,vegetable,cipolla,verdura
3437,s104,onion,vegetable,cipolla,se tagliata ti fa piangere
3438,s104,onion,vegetable,cipolla,costituita da vari strati
3439,s104,onion,vegetable,cipolla,di colore bianco
3440,s104,onion,vegetable,cipolla,di colore viola
3441,s104,sword,implement,spada,un'arma
3442,s104,sword,implement,spada,pericolosa
3443,s104,sword,implement,spada,usata nel Medioevo
3444,s104,sword,implement,spada,costituita da una lama
3445,s104,sword,implement,spada,costituita da un'impugnatura
3446,s104,airplane,vehicle,aeroplano,un oggetto
3447,s104,airplane,vehicle,aeroplano,ha permesso all'uomo di volare
3448,s104,airplane,vehicle,aeroplano,forma simile a quella di un uccello
3449,s104,closet,furniture,armadio,serve per organizzare i propri vestiti
3450,s104,chair,furniture,sedia,oggetto
3451,s104,chair,furniture,sedia,ci consente di sederci
3452,s104,chair,furniture,sedia,costituito da 4 gambe
3453,s104,chair,furniture,sedia,che sorreggono una seggiola
3454,s104,chair,furniture,sedia,più o meno confortevole
3455,s104,armchair,furniture,poltrona,è una sedia molto confortevole
3456,s104,armchair,furniture,poltrona,permette di rilassarsi
3457,s104,horse,mammal,cavallo,animale
3458,s104,horse,mammal,cavallo,affascinante
3459,s104,horse,mammal,cavallo,costituito da 4 lunghe gambe
3460,s104,horse,mammal,cavallo,costituito da un corpo snello che gli consente di correre
3461,s104,horse,mammal,cavallo,facente parte dell'insieme dei mammiferi
3462,s104,broom,implement,scopa,è un pennello di dimensioni più grandi
3463,s104,broom,implement,scopa,serve per pulire per terra
3464,s104,garage,building,garage,una camera
3465,s104,garage,building,garage,serve per parcheggiare la propria macchina
3466,s104,garage,building,garage,serve per parcheggiare altri mezzi di trasporto
3467,s104,orange,fruit,arancia,frutto
3468,s104,orange,fruit,arancia,contiene tanta vitamina C
3469,s104,orange,fruit,arancia,molto salutare
3470,s104,orange,fruit,arancia,di colore arancione
3471,s104,orange,fruit,arancia,di forma sferica
3472,s104,orange,fruit,arancia,si trova su alberi chiamati aranci
3473,s104,cherry,fruit,ciliegia,un altro frutto
3474,s104,cherry,fruit,ciliegia,di colore rosso
3475,s104,cherry,fruit,ciliegia,con un nocciolo al suo interno
3476,s104,cherry,fruit,ciliegia,si trova su alberi chiamati ciliegi
3477,s104,comb,implement,pettine,oggetto
3478,s104,comb,implement,pettine,serve per sembrare più presentabili
3479,s104,dog,mammal,cane,animale
3480,s104,dog,mammal,cane,comune
3481,s104,dog,mammal,cane,che si trova anche in villa
3482,s104,dog,mammal,cane,dicono sia il migliore amico dell'uomo
3483,s104,eye,bodypart,occhio,ti consente di vedere ciò che ti circonda
3484,s104,monkey,mammal,scimmia,animale
3485,s104,monkey,mammal,scimmia,che assomiglia vagamente all'uomo
3486,s104,monkey,mammal,scimmia,dall'intelligenza inferiore
3487,s104,monkey,mammal,scimmia,mangia banane
3488,s104,monkey,mammal,scimmia,si trova nella giungla
3489,s104,woodpecker,bird,picchio,un uccello
3490,s104,woodpecker,bird,picchio,si chiama così perché è solito picchiare con il suo lungo becco sulla corteccia degli alberi
3491,s104,goose,bird,oca,animale
3492,s104,goose,bird,oca,simile ad un uccello
3493,s104,goose,bird,oca,però con il becco più grande
3494,s104,goose,bird,oca,incapace di volare
3495,s104,goose,bird,oca,comune
3496,s104,goose,bird,oca,presente nei laghi
3497,s104,train,vehicle,treno,mezzo
3498,s104,train,vehicle,treno,di trasporto
3499,s104,train,vehicle,treno,simile ad una macchina
3500,s104,train,vehicle,treno,viaggia su dei binari
3501,s104,corn,vegetable,mais,verdura
3502,s104,corn,vegetable,mais,importata dall'America
3503,s104,corn,vegetable,mais,di sapore dolce
3504,s104,corn,vegetable,mais,di piccole dimensioni
3505,s104,corn,vegetable,mais,si trova su pannocchie
3506,s105,apple,fruit,mela,frutto
3507,s105,apple,fruit,mela,commestibile
3508,s105,apple,fruit,mela,vari colori
3509,s105,apple,fruit,mela,dura al tatto
3510,s105,chemise,clothing,camicia,indumento
3511,s105,chemise,clothing,camicia,serve per coprire una parte del corpo
3512,s105,chemise,clothing,camicia,può essere di vari tessuti
3513,s105,bus,vehicle,autobus,mezzo
3514,s105,bus,vehicle,autobus,di trasporto
3515,s105,bus,vehicle,autobus,utilizzato da molte persone
3516,s105,bus,vehicle,autobus,per spostarsi da un posto all'altro
3517,s105,bus,vehicle,autobus,molto grande
3518,s105,bus,vehicle,autobus,c'è una persona che lo guida
3519,s105,bus,vehicle,autobus,ci sono delle sedie per sedersi
3520,s105,seagull,bird,gabbiano,è un animale
3521,s105,seagull,bird,gabbiano,è un uccello
3522,s105,seagull,bird,gabbiano,è bianco
3523,s105,seagull,bird,gabbiano,ha le ali
3524,s105,seagull,bird,gabbiano,vola
3525,s105,seagull,bird,gabbiano,vive soprattutto vicino al mare
3526,s105,seagull,bird,gabbiano,fa le uova che contengono i piccoli
3527,s105,owl,bird,gufo,è un animale
3528,s105,owl,bird,gufo,è un uccello
3529,s105,owl,bird,gufo,ha un piumaggio morbido
3530,s105,owl,bird,gufo,è di colore marrone
3531,s105,owl,bird,gufo,è di colore bianco
3532,s105,owl,bird,gufo,è di colore grigio
3533,s105,owl,bird,gufo,vive di notte
3534,s105,owl,bird,gufo,caccia
3535,s105,owl,bird,gufo,si ciba di topi
3536,s105,owl,bird,gufo,si ciba di altri piccoli animali
3537,s105,owl,bird,gufo,non è aggressivo
3538,s105,owl,bird,gufo,vive nei boschi
3539,s105,tower,building,torre,una costruzione
3540,s105,tower,building,torre,alta
3541,s105,tower,building,torre,di mattone
3542,s105,tower,building,torre,di pietra
3543,s105,tower,building,torre,solida
3544,s105,potato,vegetable,patata,un cibo
3545,s105,potato,vegetable,patata,un tubero
3546,s105,potato,vegetable,patata,commestibile
3547,s105,potato,vegetable,patata,cresce nel suolo
3548,s105,potato,vegetable,patata,è un ortaggio
3549,s105,potato,vegetable,patata,è tonda
3550,s105,potato,vegetable,patata,è di colore giallo
3551,s105,potato,vegetable,patata,è di colore rosso
3552,s105,potato,vegetable,patata,è dura al tatto
3553,s105,potato,vegetable,patata,si mangia cotta
3554,s105,finger,bodypart,dito,parte del corpo umano
3555,s105,finger,bodypart,dito,fa parte delle mani
3556,s105,finger,bodypart,dito,fa parte dei piedid
3557,s105,finger,bodypart,dito,di colore rosa
3558,s105,finger,bodypart,dito,costituito da ossa
3559,s105,finger,bodypart,dito,viene utilizzato per afferrare oggetti
3560,s105,finger,bodypart,dito,si può muovere
3561,s105,skyscraper,building,grattacielo,è una costruzione
3562,s105,skyscraper,building,grattacielo,molto alto
3563,s105,skyscraper,building,grattacielo,ha vari piani
3564,s105,skyscraper,building,grattacielo,può contenere delle abitazioni
3565,s105,skyscraper,building,grattacielo,può contenere degli uffici
3566,s105,hand,bodypart,mano,parte del corpo umano
3567,s105,hand,bodypart,mano,costituita da dita
3568,s105,hand,bodypart,mano,serve per afferrare oggetti
3569,s105,hand,bodypart,mano,serve per compiere varie cose
3570,s105,socks,clothing,calzini,indumento
3571,s105,socks,clothing,calzini,serve all'uomo per coprire i piedi
3572,s105,socks,clothing,calzini,tengono i piedi al caldo
3573,s105,socks,clothing,calzini,sono di un tessuto morbido
3574,s105,socks,clothing,calzini,di varie lunghezze
3575,s105,socks,clothing,calzini,di vari colori
3576,s105,jacket,clothing,giacca,abito
3577,s105,jacket,clothing,giacca,indumento
3578,s105,jacket,clothing,giacca,si indossa per ripararsi
3579,s105,jacket,clothing,giacca,si indossa per coprirsi
3580,s105,jacket,clothing,giacca,può essere di vari tessuti
3581,s105,jacket,clothing,giacca,si può chiudere
3582,s105,jacket,clothing,giacca,può avere bottoni
3583,s105,jacket,clothing,giacca,ha delle maniche dove si infilano le braccia
3584,s105,table,furniture,tavolo,duro
3585,s105,table,furniture,tavolo,di legno
3586,s105,table,furniture,tavolo,di altro materiale
3587,s105,table,furniture,tavolo,ha una forma rettangolare
3588,s105,table,furniture,tavolo,ha una forma cirolare
3589,s105,table,furniture,tavolo,ha 4 gambe
3590,s105,table,furniture,tavolo,non è un vivente
3591,s105,table,furniture,tavolo,si usa per mangiare
3592,s105,table,furniture,tavolo,si usa per appoggiare varie cose
3593,s105,table,furniture,tavolo,su può costruire
3594,s105,sweater,clothing,pullover,è un indumento
3595,s105,sweater,clothing,pullover,viene utilizzato per coprirsi
3596,s105,sweater,clothing,pullover,è caldo
3597,s105,sweater,clothing,pullover,è di vari tessuti
3598,s105,sweater,clothing,pullover,si usa quando fa freddo
3599,s105,rabbit,mammal,coniglio,è un animale
3600,s105,rabbit,mammal,coniglio,è un mammifero
3601,s105,rabbit,mammal,coniglio,fa i cuccioli
3602,s105,rabbit,mammal,coniglio,è di colore bianco
3603,s105,rabbit,mammal,coniglio,è di colore nero
3604,s105,rabbit,mammal,coniglio,è di altri colori
3605,s105,rabbit,mammal,coniglio,salta
3606,s105,rabbit,mammal,coniglio,vive nei boschi
3607,s105,rabbit,mammal,coniglio,mangia vegetali
3608,s105,church,building,chiesa,costruzione
3609,s105,church,building,chiesa,le persone si riuniscono per pregaare un Dio
3610,s105,church,building,chiesa,all'interno ci sono delle sedie per sedersi
3611,s105,church,building,chiesa,c'è uno spazio dedicato al prete
3612,s105,church,building,chiesa,ci possono essere delle statue di santi
3613,s105,church,building,chiesa,vengono condotte le messe
3614,s105,head,bodypart,testa,parte del corpo umano
3615,s105,head,bodypart,testa,posta in cima
3616,s105,head,bodypart,testa,molto delicata
3617,s105,head,bodypart,testa,ricoperta di capelli
3618,s105,truck,vehicle,camion,mezzo
3619,s105,truck,vehicle,camion,di trasporto
3620,s105,truck,vehicle,camion,ha le ruote
3621,s105,truck,vehicle,camion,ha un motore
3622,s105,truck,vehicle,camion,viene guidato da una persona
3623,s105,truck,vehicle,camion,viene utilizzato per carichi pesanti
3624,s105,bed,furniture,letto,costruzione
3625,s105,bed,furniture,letto,ci si sdraia sopra
3626,s105,bed,furniture,letto,ci si siede sopra
3627,s105,bed,furniture,letto,si usa per dormire
3628,s105,bed,furniture,letto,è duro
3629,s105,pineapple,fruit,ananas,è un frutto
3630,s105,pineapple,fruit,ananas,cresce sugli alberi
3631,s105,pineapple,fruit,ananas,è molto dolce
3632,s105,pineapple,fruit,ananas,all'interno è di colore giallo
3633,s105,pineapple,fruit,ananas,fuori ha le scaglie
3634,s105,pineapple,fruit,ananas,è commestibile
3635,s105,pineapple,fruit,ananas,cresce nei paesi caldi
3636,s105,pear,fruit,pera,è un frutto
3637,s105,pear,fruit,pera,è molto dolce
3638,s105,pear,fruit,pera,ha una forma quasi tonda
3639,s105,pear,fruit,pera,ha una buccia
3640,s105,pear,fruit,pera,è commestibile
3641,s105,pear,fruit,pera,la polpa è bianco-giallastra
3642,s105,leg,bodypart,gamba,parte del corpo umano
3643,s105,leg,bodypart,gamba,l'uomo ne possiede 2
3644,s105,leg,bodypart,gamba,servono per camminare
3645,s105,leg,bodypart,gamba,servono per stare in piedi
3646,s105,leg,bodypart,gamba,arti
3647,s105,bridge,building,ponte,costruzione
3648,s105,bridge,building,ponte,viene costruito su un fiume
3649,s105,bridge,building,ponte,resistente
3650,s105,bridge,building,ponte,le persone possono passarci sopra
3651,s105,bridge,building,ponte,fatta di mattoni
3652,s105,bridge,building,ponte,ha una forma ad arco
3653,s105,tongs,implement,pinze,utensile
3654,s105,tongs,implement,pinze,strumento resistente
3655,s105,tongs,implement,pinze,viene utilizzato manualmente
3656,s105,tongs,implement,pinze,è di un materiale resistente
3657,s105,tongs,implement,pinze,sono piccole
3658,s105,tongs,implement,pinze,sono costituite da 2 parti
3659,s105,spinach,vegetable,spinaci,verdura
3660,s105,spinach,vegetable,spinaci,di colore verde
3661,s105,spinach,vegetable,spinaci,si possono mangiare
3662,s105,spinach,vegetable,spinaci,crudi
3663,s105,spinach,vegetable,spinaci,si possono mangiare cotti
3664,s105,spinach,vegetable,spinaci,di consistenza morbida
3665,s105,spinach,vegetable,spinaci,di consistenza molle
3666,s105,spinach,vegetable,spinaci,dal sapore non troppo amaro
3667,s106,bear,mammal,orso,animale
3668,s106,bear,mammal,orso,mammifero
3669,s106,bear,mammal,orso,ha le dimensioni leggermente più piccole dell'uomo
3670,s106,bear,mammal,orso,abita nella foresta
3671,s106,peas,vegetable,piselli,sono tondi
3672,s106,peas,vegetable,piselli,sono piccoli
3673,s106,peas,vegetable,piselli,sono verdi
3674,s106,peas,vegetable,piselli,sono legumi
3675,s106,paintbrush,implement,pennello,si usa per dipingere
3676,s106,paintbrush,implement,pennello,si usa per scrivere
3677,s106,paintbrush,implement,pennello,è longilineo
3678,s106,paintbrush,implement,pennello,si usa con l'acqua
3679,s106,paintbrush,implement,pennello,si usa con l'inchiostro
3680,s106,paintbrush,implement,pennello,ha una parte dura
3681,s106,paintbrush,implement,pennello,ha una parte morbida
3682,s106,shoes,clothing,scarpe,si indossano ai piedi
3683,s106,shoes,clothing,scarpe,proteggono dal freddo
3684,s106,shoes,clothing,scarpe,proteggono dallo sporco
3685,s106,shoes,clothing,scarpe,proteggono da oggetti contundenti
3686,s106,shoes,clothing,scarpe,alcune si legano con i lacci
3687,s106,ship,vehicle,nave,è un mezzo
3688,s106,ship,vehicle,nave,di trasporto
3689,s106,ship,vehicle,nave,va sull'acqua
3690,s106,ship,vehicle,nave,è grande
3691,s106,ship,vehicle,nave,per commercio
3692,s106,ship,vehicle,nave,per passeggeri
3693,s106,sparrow,bird,passero,un uccello
3694,s106,sparrow,bird,passero,piccolo
3695,s106,sparrow,bird,passero,cinguetta
3696,s106,sparrow,bird,passero,ha un nido
3697,s106,onion,vegetable,cipolla,è una verdura
3698,s106,onion,vegetable,cipolla,viene usata per evidenziare i sapori
3699,s106,onion,vegetable,cipolla,ha vari strati
3700,s106,sword,implement,spada,arma
3701,s106,sword,implement,spada,formata da un manico
3702,s106,sword,implement,spada,formata da una lama
3703,s106,sword,implement,spada,usata nel passato
3704,s106,sword,implement,spada,usata da guerrieri
3705,s106,airplane,vehicle,aeroplano,mezzo
3706,s106,airplane,vehicle,aeroplano,di trasporto
3707,s106,airplane,vehicle,aeroplano,si muove ad alta velocità
3708,s106,airplane,vehicle,aeroplano,si sposta in cielo
3709,s106,airplane,vehicle,aeroplano,si sposta ad una grande distanza dal suolo
3710,s106,airplane,vehicle,aeroplano,è uno dei mezzi più recenti
3711,s106,closet,furniture,armadio,serve per contenere vestiti
3712,s106,closet,furniture,armadio,serve per contenere scatole
3713,s106,closet,furniture,armadio,serve per contenere scarpe
3714,s106,closet,furniture,armadio,serve per contenere oggetti
3715,s106,closet,furniture,armadio,si usa in casa
3716,s106,closet,furniture,armadio,si usa in ufficio
3717,s106,closet,furniture,armadio,si usa in classe
3718,s106,closet,furniture,armadio,ha più ripiani
3719,s106,chair,furniture,sedia,ci si siede sopra
3720,s106,chair,furniture,sedia,si trova dapertutto
3721,s106,chair,furniture,sedia,si trova in casa
3722,s106,chair,furniture,sedia,si trova a scuola
3723,s106,chair,furniture,sedia,si trova in uffici
3724,s106,chair,furniture,sedia,si trova in sale d'aspetto
3725,s106,chair,furniture,sedia,si trova in stanze
3726,s106,chair,furniture,sedia,è formata da 4 gambe
3727,s106,chair,furniture,sedia,è formata fa un poggiaschiena
3728,s106,armchair,furniture,poltrona,serve per sedersi sopra
3729,s106,armchair,furniture,poltrona,rivestita di pelle
3730,s106,armchair,furniture,poltrona,rivestita di stoffa
3731,s106,armchair,furniture,poltrona,è morbida
3732,s106,horse,mammal,cavallo,animale
3733,s106,horse,mammal,cavallo,mammifero
3734,s106,horse,mammal,cavallo,ha 4 zampe
3735,s106,horse,mammal,cavallo,ha una criniera
3736,s106,horse,mammal,cavallo,usato per trasportare
3737,s106,horse,mammal,cavallo,usato per spostarsi
3738,s106,broom,implement,scopa,utensile
3739,s106,broom,implement,scopa,serve per pulire il pavimento
3740,s106,broom,implement,scopa,formato da un bastone lungo
3741,s106,broom,implement,scopa,formato da una parte morbida
3742,s106,broom,implement,scopa,si usa in casa
3743,s106,garage,building,garage,stanza chiusa
3744,s106,garage,building,garage,deposito di auto
3745,s106,garage,building,garage,deposito di utensili
3746,s106,garage,building,garage,sottoterra
3747,s106,orange,fruit,arancia,frutto
3748,s106,orange,fruit,arancia,arancione
3749,s106,orange,fruit,arancia,ha una buccia
3750,s106,orange,fruit,arancia,è dissetante
3751,s106,orange,fruit,arancia,proviene dall'oriente
3752,s106,orange,fruit,arancia,proviene dal Mediterraneo
3753,s106,cherry,fruit,ciliegia,frutto
3754,s106,cherry,fruit,ciliegia,rosso
3755,s106,cherry,fruit,ciliegia,ha un nocciolo
3756,s106,cherry,fruit,ciliegia,si trova su alberi di ciliegio
3757,s106,comb,implement,pettine,è un utensile
3758,s106,comb,implement,pettine,per pettinare i capelli
3759,s106,comb,implement,pettine,"ha molti ""denti"" intervallati da spazio"
3760,s106,dog,mammal,cane,animale
3761,s106,dog,mammal,cane,mammifero
3762,s106,dog,mammal,cane,ritenuto il migliore amico dell'uomo
3763,s106,dog,mammal,cane,ha 4 zampe
3764,s106,dog,mammal,cane,si trova ovunque
3765,s106,eye,bodypart,occhio,organo umano
3766,s106,eye,bodypart,occhio,tutti gli uomini ne hanno 2
3767,s106,eye,bodypart,occhio,servono per vedere
3768,s106,eye,bodypart,occhio,sono tondi o ovali
3769,s106,monkey,mammal,scimmia,animale
3770,s106,monkey,mammal,scimmia,mammifero
3771,s106,monkey,mammal,scimmia,l'antenato dell'uomo
3772,s106,monkey,mammal,scimmia,ha 4 zampe
3773,s106,monkey,mammal,scimmia,spesso sta solo su 2 zampe
3774,s106,woodpecker,bird,picchio,uccello
3775,s106,woodpecker,bird,picchio,si trova sugli alberi
3776,s106,woodpecker,bird,picchio,batte il becco sulle cortecce degli alberi
3777,s106,goose,bird,oca,animale
3778,s106,goose,bird,oca,bianco
3779,s106,goose,bird,oca,ha 2 zampe
3780,s106,goose,bird,oca,ha un becco arancione
3781,s106,train,vehicle,treno,mezzo
3782,s106,train,vehicle,treno,di trasporto
3783,s106,train,vehicle,treno,si sposta su binari
3784,s106,train,vehicle,treno,è a più carrozze
3785,s106,corn,vegetable,mais,è un cereale
3786,s106,corn,vegetable,mais,è formato in pannocchie
3787,s106,corn,vegetable,mais,cresce sulle piante
3788,s106,corn,vegetable,mais,proviene dall'America
3789,s107,apple,fruit,mela,frutto
3790,s107,apple,fruit,mela,diversi colori
3791,s107,apple,fruit,mela,cresce su un albero chiamato melo
3792,s107,apple,fruit,mela,di forma rotonda
3793,s107,chemise,clothing,camicia,indumento
3794,s107,chemise,clothing,camicia,maschile
3795,s107,chemise,clothing,camicia,femminile
3796,s107,chemise,clothing,camicia,si chiude
3797,s107,chemise,clothing,camicia,attraverso bottoni posti sul fronte
3798,s107,chemise,clothing,camicia,attraverso bottoni posti ai polsi
3799,s107,bus,vehicle,autobus,mezzo
3800,s107,bus,vehicle,autobus,di trasporto
3801,s107,bus,vehicle,autobus,pubblico
3802,s107,bus,vehicle,autobus,a pagamento
3803,s107,bus,vehicle,autobus,di grandi dimensioni
3804,s107,bus,vehicle,autobus,viagia a 4 ruote
3805,s107,bus,vehicle,autobus,trasporta molte persone
3806,s107,seagull,bird,gabbiano,volatile
3807,s107,seagull,bird,gabbiano,con piumaggio bianco
3808,s107,seagull,bird,gabbiano,vive in zone prossime al mare
3809,s107,seagull,bird,gabbiano,si nutre di pesce
3810,s107,seagull,bird,gabbiano,di medie dimensioni
3811,s107,owl,bird,gufo,volatile
3812,s107,owl,bird,gufo,notturno
3813,s107,owl,bird,gufo,di dimensioni grandi
3814,s107,owl,bird,gufo,dal piumaggio vario
3815,s107,owl,bird,gufo,con 2 grandi occhi
3816,s107,tower,building,torre,edificio
3817,s107,tower,building,torre,a più piani
3818,s107,tower,building,torre,molto alto
3819,s107,tower,building,torre,a pianta circolare
3820,s107,tower,building,torre,a pianta quadrata
3821,s107,potato,vegetable,patata,tubero
3822,s107,potato,vegetable,patata,commestibile
3823,s107,potato,vegetable,patata,di colore giallo
3824,s107,potato,vegetable,patata,ricoperto da una buccia più scura
3825,s107,potato,vegetable,patata,cresce sottoterra
3826,s107,finger,bodypart,dito,parte del corpo umano
3827,s107,finger,bodypart,dito,parte della mano
3828,s107,finger,bodypart,dito,costituita da falangi
3829,s107,finger,bodypart,dito,di lunghezza variabile
3830,s107,skyscraper,building,grattacielo,edificio
3831,s107,skyscraper,building,grattacielo,molto alto
3832,s107,skyscraper,building,grattacielo,presente nelle grandi metropoli
3833,s107,skyscraper,building,grattacielo,con finestre a specchio
3834,s107,hand,bodypart,mano,parte del corpo umano
3835,s107,hand,bodypart,mano,attaccata al polso
3836,s107,hand,bodypart,mano,permette di afferrare oggetti
3837,s107,hand,bodypart,mano,costituita da altre parti
3838,s107,socks,clothing,calzini,indumenti
3839,s107,socks,clothing,calzini,si indossano ai piedi
3840,s107,socks,clothing,calzini,fatti di diversi tessuti
3841,s107,jacket,clothing,giacca,indumento
3842,s107,jacket,clothing,giacca,copre la parte superiore del corpo
3843,s107,jacket,clothing,giacca,si chiude
3844,s107,jacket,clothing,giacca,tramite bottoni sul davanti
3845,s107,jacket,clothing,giacca,si chiude tramite cerniera sul davanti
3846,s107,jacket,clothing,giacca,fatta in vari tessuti
3847,s107,table,furniture,tavolo,mobile
3848,s107,table,furniture,tavolo,fatto da un'asse
3849,s107,table,furniture,tavolo,sospesa su 4 sostegni verticali
3850,s107,table,furniture,tavolo,può essere utilizzato in più modi come appoggio
3851,s107,sweater,clothing,pullover,indumento
3852,s107,sweater,clothing,pullover,fatto
3853,s107,sweater,clothing,pullover,in vari tessuti
3854,s107,sweater,clothing,pullover,ricopre la parte superiore del corpo
3855,s107,sweater,clothing,pullover,si mette in inverno
3856,s107,rabbit,mammal,coniglio,animale
3857,s107,rabbit,mammal,coniglio,di piccola taglia
3858,s107,rabbit,mammal,coniglio,ricoperto da pelliccia
3859,s107,rabbit,mammal,coniglio,con lunghe orecchie
3860,s107,rabbit,mammal,coniglio,con orecchie verticali
3861,s107,church,building,chiesa,edificio
3862,s107,church,building,chiesa,adibito a riti religiosi cristiani
3863,s107,church,building,chiesa,di grandi dimensioni
3864,s107,head,bodypart,testa,parte del corpo umano
3865,s107,head,bodypart,testa,costituito da varie parti
3866,s107,head,bodypart,testa,costituito da capelli
3867,s107,head,bodypart,testa,costituito da cervello
3868,s107,head,bodypart,testa,posta sopra al collo
3869,s107,truck,vehicle,camion,mezzo
3870,s107,truck,vehicle,camion,di trasporto
3871,s107,truck,vehicle,camion,pesa molto
3872,s107,truck,vehicle,camion,molto grande
3873,s107,truck,vehicle,camion,si muove su 4 ruote
3874,s107,truck,vehicle,camion,si muove su più di 4 ruote
3875,s107,bed,furniture,letto,mobile
3876,s107,bed,furniture,letto,si usa per dormie
3877,s107,bed,furniture,letto,costituito da un telaio
3878,s107,bed,furniture,letto,costituito da testata
3879,s107,bed,furniture,letto,costituito da gambe
3880,s107,bed,furniture,letto,costituito dal materasso
3881,s107,pineapple,fruit,ananas,frutto
3882,s107,pineapple,fruit,ananas,tropicale
3883,s107,pineapple,fruit,ananas,con scorza dura
3884,s107,pineapple,fruit,ananas,di colore giallo
3885,s107,pineapple,fruit,ananas,con foglie verdi poste in cima
3886,s107,pear,fruit,pera,frutto
3887,s107,pear,fruit,pera,di piccole dimensioni
3888,s107,pear,fruit,pera,di colore giallo
3889,s107,pear,fruit,pera,con buccia più scura
3890,s107,leg,bodypart,gamba,arto
3891,s107,leg,bodypart,gamba,arto inferiore
3892,s107,leg,bodypart,gamba,parte di un corpo
3893,s107,leg,bodypart,gamba,serve per muoversi
3894,s107,leg,bodypart,gamba,costituita da varie parti
3895,s107,leg,bodypart,gamba,costituita da coscia
3896,s107,leg,bodypart,gamba,costituita da ginocchio
3897,s107,leg,bodypart,gamba,costituita da polpaccio
3898,s107,bridge,building,ponte,struttura
3899,s107,bridge,building,ponte,in cemento
3900,s107,bridge,building,ponte,in altri materiali resistenti
3901,s107,bridge,building,ponte,serve per il transito di persone da una parte all'altra di un fiume
3902,s107,tongs,implement,pinze,strumento
3903,s107,tongs,implement,pinze,di lavoro manuale
3904,s107,tongs,implement,pinze,in acciaio
3905,s107,spinach,vegetable,spinaci,ortaggio
3906,s107,spinach,vegetable,spinaci,commestibile
3907,s107,spinach,vegetable,spinaci,di colore verde
3908,s107,spinach,vegetable,spinaci,dalle foglie piccole
3909,s108,bear,mammal,orso,animale
3910,s108,bear,mammal,orso,aggressivo
3911,s108,bear,mammal,orso,adora il miele
3912,s108,bear,mammal,orso,molto grosso
3913,s108,peas,vegetable,piselli,legumi
3914,s108,peas,vegetable,piselli,molto piccoli
3915,s108,peas,vegetable,piselli,verdi
3916,s108,peas,vegetable,piselli,si mangiano
3917,s108,paintbrush,implement,pennello,strumento
3918,s108,paintbrush,implement,pennello,formato da un bastoncino
3919,s108,paintbrush,implement,pennello,formato da peli
3920,s108,paintbrush,implement,pennello,si usa per pitturare
3921,s108,paintbrush,implement,pennello,lo usano gli artisti
3922,s108,shoes,clothing,scarpe,sono oggetti
3923,s108,shoes,clothing,scarpe,utili
3924,s108,shoes,clothing,scarpe,si usano per camminare
3925,s108,shoes,clothing,scarpe,possono essere di diverse forme
3926,s108,ship,vehicle,nave,un mezzo
3927,s108,ship,vehicle,nave,di trasporto
3928,s108,ship,vehicle,nave,marittimo
3929,s108,ship,vehicle,nave,ce ne sono di diversi tipi
3930,s108,ship,vehicle,nave,possono avere grandezze diverse
3931,s108,ship,vehicle,nave,ci permette di viaggiare per mare
3932,s108,sparrow,bird,passero,un volatile
3933,s108,sparrow,bird,passero,molto comune
3934,s108,sparrow,bird,passero,si ciba di vermi
3935,s108,sparrow,bird,passero,si ciba di insetti
3936,s108,sparrow,bird,passero,non è un mammifero
3937,s108,onion,vegetable,cipolla,un ortaggio
3938,s108,onion,vegetable,cipolla,commestibile
3939,s108,onion,vegetable,cipolla,usata in molte ricette
3940,s108,onion,vegetable,cipolla,si trova sottoterra
3941,s108,sword,implement,spada,strumento
3942,s108,sword,implement,spada,appuntito
3943,s108,sword,implement,spada,era usata anticamente
3944,s108,sword,implement,spada,può essere pericolosa
3945,s108,sword,implement,spada,era usata come arma da guerra
3946,s108,airplane,vehicle,aeroplano,mezzo
3947,s108,airplane,vehicle,aeroplano,di trasporto
3948,s108,airplane,vehicle,aeroplano,ci permette di percorrere lunghe distanze in breve tempo
3949,s108,airplane,vehicle,aeroplano,molto grande
3950,s108,airplane,vehicle,aeroplano,"permette all'uomo di ""volare"""
3951,s108,closet,furniture,armadio,un mobile
3952,s108,closet,furniture,armadio,molto comune
3953,s108,closet,furniture,armadio,usato come luogo dove riporre i nostri vestiti
3954,s108,closet,furniture,armadio,molto grande
3955,s108,closet,furniture,armadio,di legno
3956,s108,chair,furniture,sedia,un oggetto
3957,s108,chair,furniture,sedia,usato per sedersi
3958,s108,chair,furniture,sedia,è comunissimo nelle aule scolastiche
3959,s108,chair,furniture,sedia,molto utile
3960,s108,armchair,furniture,poltrona,un mobile
3961,s108,armchair,furniture,poltrona,confortevole
3962,s108,armchair,furniture,poltrona,fatta di pelle
3963,s108,armchair,furniture,poltrona,si trova nel soggiorno
3964,s108,horse,mammal,cavallo,un animale
3965,s108,horse,mammal,cavallo,molto grande
3966,s108,horse,mammal,cavallo,quadrupede
3967,s108,horse,mammal,cavallo,"usato nell'antichità come ""mezzo di trasporto"""
3968,s108,horse,mammal,cavallo,vegetariano
3969,s108,broom,implement,scopa,formato da un bastone
3970,s108,broom,implement,scopa,formato da una spazzola
3971,s108,broom,implement,scopa,serve per pulire
3972,s108,broom,implement,scopa,di legno
3973,s108,broom,implement,scopa,si trova nelle case
3974,s108,garage,building,garage,luogo
3975,s108,garage,building,garage,usato per parcheggiare macchine
3976,s108,garage,building,garage,usato per parcheggiare motorini
3977,s108,garage,building,garage,usato per parcheggiare altri mezzi di trasporto
3978,s108,garage,building,garage,molto utile
3979,s108,garage,building,garage,molto costoso
3980,s108,garage,building,garage,ti permette di non girare a vuoto in cerca di un posto dove mettere la macchina
3981,s108,orange,fruit,arancia,un frutto
3982,s108,orange,fruit,arancia,aspra
3983,s108,orange,fruit,arancia,arancione
3984,s108,orange,fruit,arancia,rotonda
3985,s108,cherry,fruit,ciliegia,frutto
3986,s108,cherry,fruit,ciliegia,ha il nocciolo
3987,s108,cherry,fruit,ciliegia,è rosa
3988,s108,cherry,fruit,ciliegia,cresce sui ciliegi
3989,s108,comb,implement,pettine,strumento
3990,s108,comb,implement,pettine,usato dalle donne
3991,s108,comb,implement,pettine,utile per pettinarsi i capelli
3992,s108,comb,implement,pettine,in legno
3993,s108,comb,implement,pettine,in plastica
3994,s108,comb,implement,pettine,si trova in bagno
3995,s108,dog,mammal,cane,animale
3996,s108,dog,mammal,cane,da compagnia
3997,s108,dog,mammal,cane,"è detto ""il migliore amico dell'uomo"""
3998,s108,dog,mammal,cane,un mammifero
3999,s108,dog,mammal,cane,vi sono diverse razze
4000,s108,eye,bodypart,occhio,un organo
4001,s108,eye,bodypart,occhio,ci permette di vedere
4002,s108,eye,bodypart,occhio,composto da diverse parti
4003,s108,eye,bodypart,occhio,molto utile
4004,s108,eye,bodypart,occhio,senza gli occhi non potremmo vedere
4005,s108,monkey,mammal,scimmia,animali
4006,s108,monkey,mammal,scimmia,simili agli uomini
4007,s108,monkey,mammal,scimmia,sono intelligenti
4008,s108,monkey,mammal,scimmia,sono mammiferi
4009,s108,monkey,mammal,scimmia,noi discendiamo dalle scimmie
4010,s108,woodpecker,bird,picchio,un volatile
4011,s108,woodpecker,bird,picchio,vive sugli alberi
4012,s108,woodpecker,bird,picchio,si ciba di insetti
4013,s108,woodpecker,bird,picchio,non è un mammifero
4014,s108,goose,bird,oca,un volatile
4015,s108,goose,bird,oca,non sa volare
4016,s108,goose,bird,oca,non è un mammifero
4017,s108,goose,bird,oca,depone le uova
4018,s108,train,vehicle,treno,è un mezzo
4019,s108,train,vehicle,treno,di trasporto
4020,s108,train,vehicle,treno,viaggia sui binari
4021,s108,train,vehicle,treno,si paga il biglietto per salirci
4022,s108,train,vehicle,treno,è molto veloce
4023,s108,corn,vegetable,mais,è un cereale
4024,s108,corn,vegetable,mais,è giallo
4025,s108,corn,vegetable,mais,è molto piccolo
4026,s108,corn,vegetable,mais,è commestibile
4027,s109,apple,fruit,mela,è un frutto
4028,s109,apple,fruit,mela,è commestibile
4029,s109,apple,fruit,mela,di colore rosso
4030,s109,apple,fruit,mela,di colore verde
4031,s109,apple,fruit,mela,di colore giallo
4032,s109,apple,fruit,mela,ha una forma circolare
4033,s109,chemise,clothing,camicia,è un indumento
4034,s109,chemise,clothing,camicia,viene chiusa con dei bottoni
4035,s109,chemise,clothing,camicia,si indossa nella parte alta del corpo
4036,s109,chemise,clothing,camicia,copre busto
4037,s109,chemise,clothing,camicia,copre braccia
4038,s109,bus,vehicle,autobus,è un mezzo
4039,s109,bus,vehicle,autobus,di trasporto
4040,s109,bus,vehicle,autobus,ti permette di spostarti da un posto all'altro
4041,s109,bus,vehicle,autobus,rapidamente
4042,s109,bus,vehicle,autobus,ha le ruote
4043,s109,bus,vehicle,autobus,permette di trasportare più persone alla volta
4044,s109,bus,vehicle,autobus,va a motore
4045,s109,seagull,bird,gabbiano,è un animale
4046,s109,seagull,bird,gabbiano,è un volatile
4047,s109,seagull,bird,gabbiano,è bianco
4048,s109,seagull,bird,gabbiano,è di media grandezza
4049,s109,owl,bird,gufo,è un animale
4050,s109,owl,bird,gufo,è un volatile
4051,s109,owl,bird,gufo,notturno
4052,s109,owl,bird,gufo,si nutre di piccoli roditori
4053,s109,owl,bird,gufo,è di media grandezza
4054,s109,tower,building,torre,è una costruzione
4055,s109,tower,building,torre,di mattone
4056,s109,tower,building,torre,è molto alta
4057,s109,potato,vegetable,patata,è un tubero
4058,s109,potato,vegetable,patata,è commestibile
4059,s109,potato,vegetable,patata,può essere cucinata in vari modi
4060,s109,potato,vegetable,patata,non ha grandi dimensioni
4061,s109,finger,bodypart,dito,è una parte del corpo
4062,s109,finger,bodypart,dito,si trova alla fine della mano
4063,s109,finger,bodypart,dito,è utile per maneggiare degli oggetti
4064,s109,finger,bodypart,dito,nella parte finale ha l'unghia
4065,s109,skyscraper,building,grattacielo,è una costruzione
4066,s109,skyscraper,building,grattacielo,è un'abitazione
4067,s109,skyscraper,building,grattacielo,è molto alto
4068,s109,skyscraper,building,grattacielo,ospita tante persone
4069,s109,hand,bodypart,mano,è una parte del corpo
4070,s109,hand,bodypart,mano,serve a maneggiare gli oggetti
4071,s109,hand,bodypart,mano,si trova alla fine delle braccia
4072,s109,hand,bodypart,mano,è composta da 5 dite
4073,s109,socks,clothing,calzini,è un indumento
4074,s109,socks,clothing,calzini,servono per tener caldo il piede
4075,s109,socks,clothing,calzini,possono essere di vari colori
4076,s109,socks,clothing,calzini,hanno varie misure per adattarsi alla grandezza del piede
4077,s109,jacket,clothing,giacca,è un indumento
4078,s109,jacket,clothing,giacca,si indossa sulla parte superiore del corpo
4079,s109,jacket,clothing,giacca,di vari colori
4080,s109,jacket,clothing,giacca,di vari misure
4081,s109,jacket,clothing,giacca,serve a tener caldo braccia
4082,s109,jacket,clothing,giacca,serve a tener caldo busto
4083,s109,table,furniture,tavolo,è un oggetto
4084,s109,table,furniture,tavolo,piano
4085,s109,table,furniture,tavolo,sopra ci si può mangiare
4086,s109,table,furniture,tavolo,serve ad appoggiare altri oggetti
4087,s109,table,furniture,tavolo,di varie misure
4088,s109,table,furniture,tavolo,di vari colori
4089,s109,table,furniture,tavolo,di vari materiali
4090,s109,sweater,clothing,pullover,è un indumento
4091,s109,sweater,clothing,pullover,si indossa
4092,s109,sweater,clothing,pullover,sulla parte superiore del corpo
4093,s109,sweater,clothing,pullover,serve a tener calde braccia
4094,s109,sweater,clothing,pullover,serve a tener calde busto
4095,s109,sweater,clothing,pullover,di varie misure
4096,s109,sweater,clothing,pullover,di vari colori
4097,s109,rabbit,mammal,coniglio,è un animale
4098,s109,rabbit,mammal,coniglio,ha delle orecchie lunghe
4099,s109,rabbit,mammal,coniglio,è un roditore
4100,s109,rabbit,mammal,coniglio,è di piccola taglia
4101,s109,rabbit,mammal,coniglio,mangiato
4102,s109,church,building,chiesa,una struttura
4103,s109,church,building,chiesa,dove si va a pregare
4104,s109,church,building,chiesa,simbolo di Dio
4105,s109,church,building,chiesa,ornata da affreschi
4106,s109,church,building,chiesa,ha all'interno un altare
4107,s109,church,building,chiesa,dove si celebra un rito (messa)
4108,s109,head,bodypart,testa,è una parte del corpo
4109,s109,head,bodypart,testa,si trova nella parte superiore del corpo
4110,s109,head,bodypart,testa,è attaccato al collo
4111,s109,head,bodypart,testa,contiene il cervello
4112,s109,truck,vehicle,camion,è un mezzo
4113,s109,truck,vehicle,camion,di trasporto
4114,s109,truck,vehicle,camion,è molto grande
4115,s109,truck,vehicle,camion,ha le ruote
4116,s109,truck,vehicle,camion,va a motore
4117,s109,truck,vehicle,camion,si usa per trasportare varie merci
4118,s109,bed,furniture,letto,è un oggetto
4119,s109,bed,furniture,letto,sul quale si può dormire
4120,s109,bed,furniture,letto,è formato da una parte in legno che sostiene il materasso
4121,s109,bed,furniture,letto,è in forma orizzontale
4122,s109,bed,furniture,letto,ti permette di dormire
4123,s109,pineapple,fruit,ananas,è un frutto
4124,s109,pineapple,fruit,ananas,è commestibile
4125,s109,pineapple,fruit,ananas,cresce sugli alberi
4126,s109,pineapple,fruit,ananas,è succoso
4127,s109,pear,fruit,pera,è un frutto
4128,s109,pear,fruit,pera,è commestibile
4129,s109,pear,fruit,pera,cresce sugli alberi
4130,s109,pear,fruit,pera,ha una forma un po' allungata
4131,s109,pear,fruit,pera,ha una forma un po' allargata verso la fine
4132,s109,leg,bodypart,gamba,è una parte del corpo
4133,s109,leg,bodypart,gamba,si trova nella parte inferiore del corpo
4134,s109,leg,bodypart,gamba,permette il sostegno del busto
4135,s109,leg,bodypart,gamba,serve per camminare
4136,s109,bridge,building,ponte,è una costruzione
4137,s109,bridge,building,ponte,collega un posto con un altro
4138,s109,bridge,building,ponte,ci passano i mezzi di trasporto
4139,s109,bridge,building,ponte,ci passano le persone
4140,s109,bridge,building,ponte,è molto grande
4141,s109,tongs,implement,pinze,è uno strumento
4142,s109,tongs,implement,pinze,è piccolo
4143,s109,spinach,vegetable,spinaci,è una verdura
4144,s109,spinach,vegetable,spinaci,sono verdi
4145,s109,spinach,vegetable,spinaci,sono commestibili
4146,s109,spinach,vegetable,spinaci,fanno bene all'organismo
4147,s110,bear,mammal,orso,animale
4148,s110,bear,mammal,orso,peloso
4149,s110,bear,mammal,orso,goloso di miele
4150,s110,bear,mammal,orso,mammifero
4151,s110,peas,vegetable,piselli,tipo di verdura
4152,s110,peas,vegetable,piselli,di colore verde
4153,s110,peas,vegetable,piselli,commestibile
4154,s110,peas,vegetable,piselli,molto piccoli
4155,s110,paintbrush,implement,pennello,serve per pitturare
4156,s110,paintbrush,implement,pennello,serve per disegnare
4157,s110,paintbrush,implement,pennello,oggetto
4158,s110,paintbrush,implement,pennello,di medie dimensioni
4159,s110,paintbrush,implement,pennello,va tenuto in mano
4160,s110,paintbrush,implement,pennello,ha un manico
4161,s110,shoes,clothing,scarpe,si mettono ai piedi
4162,s110,shoes,clothing,scarpe,servono per proteggere i piedi
4163,s110,shoes,clothing,scarpe,utili per camminare
4164,s110,shoes,clothing,scarpe,varie dimensioni
4165,s110,ship,vehicle,nave,si usa per muoversi sull'acqua
4166,s110,ship,vehicle,nave,mezzo
4167,s110,ship,vehicle,nave,di trasporto
4168,s110,ship,vehicle,nave,imbarcazione
4169,s110,ship,vehicle,nave,veloce
4170,s110,ship,vehicle,nave,crociera
4171,s110,ship,vehicle,nave,per intrattenimento
4172,s110,sparrow,bird,passero,volatile
4173,s110,sparrow,bird,passero,tipo di uccello
4174,s110,sparrow,bird,passero,molto piccolo
4175,s110,sparrow,bird,passero,cinguetta
4176,s110,onion,vegetable,cipolla,tipo di verdura
4177,s110,onion,vegetable,cipolla,commestibile
4178,s110,onion,vegetable,cipolla,media grandezza
4179,s110,onion,vegetable,cipolla,fa lacrimare gli occhi
4180,s110,sword,implement,spada,è un'arma
4181,s110,sword,implement,spada,pericolosa
4182,s110,sword,implement,spada,strumento per uccidere
4183,s110,sword,implement,spada,usata nel passato
4184,s110,airplane,vehicle,aeroplano,mezzo
4185,s110,airplane,vehicle,aeroplano,di trasporto
4186,s110,airplane,vehicle,aeroplano,areo
4187,s110,airplane,vehicle,aeroplano,molto veloce
4188,s110,airplane,vehicle,aeroplano,ricopre grandi distanze in breve tempo
4189,s110,airplane,vehicle,aeroplano,porta i passeggeri
4190,s110,closet,furniture,armadio,mobile
4191,s110,closet,furniture,armadio,contiene vestiti
4192,s110,closet,furniture,armadio,contiene altro
4193,s110,closet,furniture,armadio,grandi dimensioni
4194,s110,chair,furniture,sedia,si usa per sedersi
4195,s110,chair,furniture,sedia,ha 4 gambe
4196,s110,chair,furniture,sedia,vari materiali
4197,s110,armchair,furniture,poltrona,si usa per sedersi
4198,s110,armchair,furniture,poltrona,comoda
4199,s110,armchair,furniture,poltrona,morbida
4200,s110,armchair,furniture,poltrona,fa parte dell'arredamento
4201,s110,horse,mammal,cavallo,è un animale
4202,s110,horse,mammal,cavallo,è un mammifero
4203,s110,horse,mammal,cavallo,mezzo di trasporto per gli uomini
4204,s110,horse,mammal,cavallo,di grandi dimensioni
4205,s110,broom,implement,scopa,serve per spazzare il pavimento
4206,s110,broom,implement,scopa,ha un lungo manico
4207,s110,garage,building,garage,luogo
4208,s110,garage,building,garage,interno
4209,s110,garage,building,garage,dove si parcheggia la macchina
4210,s110,garage,building,garage,sotterraneo
4211,s110,garage,building,garage,usato come ripostiglio
4212,s110,orange,fruit,arancia,frutto
4213,s110,orange,fruit,arancia,cresce sugli alberi
4214,s110,orange,fruit,arancia,fa parte degli agrumi
4215,s110,orange,fruit,arancia,di colore arancione
4216,s110,cherry,fruit,ciliegia,frutto
4217,s110,cherry,fruit,ciliegia,cresce sugli alberi
4218,s110,cherry,fruit,ciliegia,piccolo
4219,s110,cherry,fruit,ciliegia,rosso
4220,s110,cherry,fruit,ciliegia,molto dolce
4221,s110,comb,implement,pettine,serve per pettinare i capelli
4222,s110,comb,implement,pettine,districa i capelli
4223,s110,comb,implement,pettine,scioglie i nodi
4224,s110,comb,implement,pettine,strumento
4225,s110,comb,implement,pettine,dotato di dentini
4226,s110,dog,mammal,cane,animale
4227,s110,dog,mammal,cane,mammifero
4228,s110,dog,mammal,cane,migliore amico dell'uomo
4229,s110,dog,mammal,cane,fedele
4230,s110,eye,bodypart,occhio,parte del corpo
4231,s110,eye,bodypart,occhio,organo visivo
4232,s110,eye,bodypart,occhio,serve per vedere
4233,s110,eye,bodypart,occhio,protetto dalle ciglia
4234,s110,eye,bodypart,occhio,di colori diversi
4235,s110,monkey,mammal,scimmia,animale
4236,s110,monkey,mammal,scimmia,mammifero
4237,s110,monkey,mammal,scimmia,vive sugli alberi
4238,s110,monkey,mammal,scimmia,mangia le banane
4239,s110,woodpecker,bird,picchio,animale
4240,s110,woodpecker,bird,picchio,volatile
4241,s110,woodpecker,bird,picchio,vola
4242,s110,woodpecker,bird,picchio,fa i buchi nei tronchi degli alberi
4243,s110,goose,bird,oca,volatile
4244,s110,goose,bird,oca,ha un becco
4245,s110,goose,bird,oca,ha le ali
4246,s110,goose,bird,oca,non vola
4247,s110,goose,bird,oca,fa le uova
4248,s110,train,vehicle,treno,mezzo
4249,s110,train,vehicle,treno,di trasporto
4250,s110,train,vehicle,treno,molto grande
4251,s110,train,vehicle,treno,diverse carrozze
4252,s110,corn,vegetable,mais,è un cereale
4253,s110,corn,vegetable,mais,giallo
4254,s110,corn,vegetable,mais,commestibile
4255,s110,corn,vegetable,mais,corn-flakes
4256,s110,corn,vegetable,mais,pop-corn
4257,s111,apple,fruit,mela,il frutto del melo
4258,s111,apple,fruit,mela,grandezza variabile
4259,s111,apple,fruit,mela,rosso
4260,s111,apple,fruit,mela,verde
4261,s111,apple,fruit,mela,commestibile
4262,s111,chemise,clothing,camicia,indumento
4263,s111,chemise,clothing,camicia,di tessuto leggero
4264,s111,chemise,clothing,camicia,indossato sulla pelle nuda
4265,s111,chemise,clothing,camicia,dotata di bottoni di chiusura al centro
4266,s111,chemise,clothing,camicia,dotata di bottoni di chiusura sui polsini
4267,s111,bus,vehicle,autobus,mezzo
4268,s111,bus,vehicle,autobus,di trasporto
4269,s111,bus,vehicle,autobus,pubblico
4270,s111,bus,vehicle,autobus,a motore
4271,s111,bus,vehicle,autobus,15-20m di lunghezza
4272,s111,bus,vehicle,autobus,su ruote
4273,s111,seagull,bird,gabbiano,uccello
4274,s111,seagull,bird,gabbiano,biancastro
4275,s111,seagull,bird,gabbiano,comune sulle coste
4276,s111,seagull,bird,gabbiano,comune nei territori acquatici
4277,s111,owl,bird,gufo,uccello
4278,s111,owl,bird,gufo,notturno
4279,s111,owl,bird,gufo,con grandi occhi risplendenti nell'oscurità
4280,s111,owl,bird,gufo,dimensioni ridotte
4281,s111,tower,building,torre,elemento architettonico
4282,s111,tower,building,torre,svetta perpendicolarmente al terreno
4283,s111,potato,vegetable,patata,tubero
4284,s111,potato,vegetable,patata,giallastro
4285,s111,potato,vegetable,patata,commestibile
4286,s111,potato,vegetable,patata,originario dell'America
4287,s111,potato,vegetable,patata,sapore dolciastro
4288,s111,finger,bodypart,dito,una delle 5 appendici che compongono la parte inferiore della mano
4289,s111,finger,bodypart,dito,utili per afferrare oggetti
4290,s111,skyscraper,building,grattacielo,edificio
4291,s111,skyscraper,building,grattacielo,moderno
4292,s111,skyscraper,building,grattacielo,contemporaneo
4293,s111,skyscraper,building,grattacielo,forma parallelepipedoidale
4294,s111,skyscraper,building,grattacielo,alto fino a 4-400m
4295,s111,skyscraper,building,grattacielo,slanciato
4296,s111,hand,bodypart,mano,formazione innestata nell'avambraccio
4297,s111,hand,bodypart,mano,si usa per prendere le cose
4298,s111,socks,clothing,calzini,come i calzetti
4299,s111,jacket,clothing,giacca,indumento
4300,s111,jacket,clothing,giacca,di tessuto variabile
4301,s111,jacket,clothing,giacca,indossato sopra a tutto il resto
4302,s111,table,furniture,tavolo,4 gambe
4303,s111,table,furniture,tavolo,che sostengono un piano
4304,s111,table,furniture,tavolo,materiale variabile
4305,s111,sweater,clothing,pullover,indumento
4306,s111,sweater,clothing,pullover,posto sopra la camicia
4307,s111,sweater,clothing,pullover,posto sopra la maglietta
4308,s111,sweater,clothing,pullover,in lana morbida
4309,s111,rabbit,mammal,coniglio,fa le uova di Pasqua
4310,s111,church,building,chiesa,tempio
4311,s111,church,building,chiesa,cristiano
4312,s111,head,bodypart,testa,arto
4313,s111,head,bodypart,testa,sormontante il resto del corpo
4314,s111,head,bodypart,testa,sostenuta dal collo
4315,s111,truck,vehicle,camion,autotreno
4316,s111,truck,vehicle,camion,usato per i trasporti
4317,s111,bed,furniture,letto,posto
4318,s111,bed,furniture,letto,dove si dorme
4319,s111,bed,furniture,letto,composto da testata
4320,s111,bed,furniture,letto,composto da materasso
4321,s111,pineapple,fruit,ananas,frutto
4322,s111,pineapple,fruit,ananas,tropicale
4323,s111,pineapple,fruit,ananas,dalla polpa gialla
4324,s111,pineapple,fruit,ananas,ricoperto da una scorza ruvida
4325,s111,pear,fruit,pera,frutto
4326,s111,pear,fruit,pera,del pero
4327,s111,pear,fruit,pera,giallo-verde
4328,s111,pear,fruit,pera,dimensione di un palmo
4329,s111,leg,bodypart,gamba,arto dei bipedi
4330,s111,leg,bodypart,gamba,arto inferiore
4331,s111,bridge,building,ponte,costruzione
4332,s111,bridge,building,ponte,sopraelevata
4333,s111,bridge,building,ponte,consente il passaggio dove altrimenti sarebbe impossibile
4334,s111,tongs,implement,pinze,strumento
4335,s111,tongs,implement,pinze,a tenaglia
4336,s111,spinach,vegetable,spinaci,verdura
4337,s111,spinach,vegetable,spinaci,verde
4338,s112,bear,mammal,orso,animale
4339,s112,bear,mammal,orso,quadrupede
4340,s112,bear,mammal,orso,grosso
4341,s112,bear,mammal,orso,onnivoro
4342,s112,bear,mammal,orso,vive nei pressi di montagne
4343,s112,bear,mammal,orso,vive nelle distese del Polo Nord
4344,s112,peas,vegetable,piselli,è un tipo di verdura
4345,s112,peas,vegetable,piselli,sono verdi
4346,s112,peas,vegetable,piselli,sono come piccole paline
4347,s112,peas,vegetable,piselli,si mangiano
4348,s112,paintbrush,implement,pennello,serve a dipingere
4349,s112,paintbrush,implement,pennello,ad un'estremità ha una specie di piccola spazzola
4350,s112,paintbrush,implement,pennello,è fatto con il legno
4351,s112,paintbrush,implement,pennello,è fino
4352,s112,shoes,clothing,scarpe,servono a camminare
4353,s112,shoes,clothing,scarpe,si mettono ai piedi
4354,s112,shoes,clothing,scarpe,hanno una suola di gomma
4355,s112,shoes,clothing,scarpe,sono di cuoio
4356,s112,shoes,clothing,scarpe,sono di tela
4357,s112,ship,vehicle,nave,è un mezzo
4358,s112,ship,vehicle,nave,per navigare
4359,s112,ship,vehicle,nave,galleggia sull'acqua
4360,s112,ship,vehicle,nave,è grande
4361,s112,ship,vehicle,nave,di legno
4362,s112,ship,vehicle,nave,di metallo
4363,s112,ship,vehicle,nave,di plastica
4364,s112,sparrow,bird,passero,un uccello
4365,s112,sparrow,bird,passero,piccolo
4366,s112,sparrow,bird,passero,marrone
4367,s112,sparrow,bird,passero,colori simili
4368,s112,sparrow,bird,passero,cinguetta
4369,s112,onion,vegetable,cipolla,è un tipo di verdura
4370,s112,onion,vegetable,cipolla,ha tanti strati
4371,s112,onion,vegetable,cipolla,è bianca
4372,s112,onion,vegetable,cipolla,è rossa
4373,s112,onion,vegetable,cipolla,puzza
4374,s112,sword,implement,spada,è un pezzo di metallo lavorato
4375,s112,sword,implement,spada,è affilata
4376,s112,sword,implement,spada,si può impugnare ad un'estremità
4377,s112,sword,implement,spada,è pesante
4378,s112,airplane,vehicle,aeroplano,serve a volare
4379,s112,airplane,vehicle,aeroplano,ha motori a jet
4380,s112,airplane,vehicle,aeroplano,ha motori a elica
4381,s112,airplane,vehicle,aeroplano,ha i flop
4382,s112,airplane,vehicle,aeroplano,ha una cloche
4383,s112,closet,furniture,armadio,ha una forma squadrata
4384,s112,closet,furniture,armadio,serve a riporci dentro qualcosa
4385,s112,closet,furniture,armadio,ha due ante
4386,s112,closet,furniture,armadio,sta fermo
4387,s112,chair,furniture,sedia,serve a sedersi
4388,s112,chair,furniture,sedia,ha un poggiaschiena
4389,s112,chair,furniture,sedia,è in presenza di una tavola
4390,s112,armchair,furniture,poltrona,serve a sedersi
4391,s112,armchair,furniture,poltrona,serve a stare più comodi
4392,s112,armchair,furniture,poltrona,ha due appoggia-bracci
4393,s112,horse,mammal,cavallo,è un quadrupede
4394,s112,horse,mammal,cavallo,suda
4395,s112,horse,mammal,cavallo,nitrisce
4396,s112,horse,mammal,cavallo,ha gli zoccoli
4397,s112,broom,implement,scopa,serve a pulire
4398,s112,broom,implement,scopa,ha una spazzola
4399,s112,broom,implement,scopa,ha un manico
4400,s112,garage,building,garage,è un posto
4401,s112,garage,building,garage,dove si mette la macchina
4402,s112,garage,building,garage,è coperto
4403,s112,garage,building,garage,sta sotto le case
4404,s112,garage,building,garage,sta di fianco alle case
4405,s112,garage,building,garage,è di forma squadrata
4406,s112,orange,fruit,arancia,è un frutto
4407,s112,orange,fruit,arancia,è tondeggiante
4408,s112,orange,fruit,arancia,è arancione
4409,s112,orange,fruit,arancia,ha la vitamina C
4410,s112,cherry,fruit,ciliegia,è un frutto
4411,s112,cherry,fruit,ciliegia,è di colore scuro
4412,s112,cherry,fruit,ciliegia,è tondeggiante
4413,s112,comb,implement,pettine,serve a pettinarsi
4414,s112,comb,implement,pettine,ha delle punte vicine tra loro
4415,s112,comb,implement,pettine,è di plastica
4416,s112,comb,implement,pettine,si usa con la mano
4417,s112,dog,mammal,cane,è un quadrupede
4418,s112,dog,mammal,cane,si può addomesticare
4419,s112,dog,mammal,cane,è il miglior amico dell'uomo
4420,s112,dog,mammal,cane,ha i canini
4421,s112,eye,bodypart,occhio,serve a vedere
4422,s112,eye,bodypart,occhio,ha la pupilla
4423,s112,eye,bodypart,occhio,ha l'iride
4424,s112,eye,bodypart,occhio,di vari colori
4425,s112,monkey,mammal,scimmia,un animale
4426,s112,monkey,mammal,scimmia,vive sugli alberi
4427,s112,monkey,mammal,scimmia,onnivoro
4428,s112,monkey,mammal,scimmia,intelligente in confronto agli altri animali
4429,s112,woodpecker,bird,picchio,è un uccello
4430,s112,woodpecker,bird,picchio,fa dei buchi sugli alberi
4431,s112,woodpecker,bird,picchio,per mangiare i vermi al loro intorno
4432,s112,woodpecker,bird,picchio,batte con il becco per fare i buchi
4433,s112,woodpecker,bird,picchio,è piccolo
4434,s112,goose,bird,oca,è un uccello
4435,s112,goose,bird,oca,migra
4436,s112,goose,bird,oca,"migrando formano una ""freccia"""
4437,s112,train,vehicle,treno,mezzo
4438,s112,train,vehicle,treno,di trasporto
4439,s112,train,vehicle,treno,va sui binari
4440,s112,train,vehicle,treno,va a gasolio
4441,s112,train,vehicle,treno,va a elettricità
4442,s112,train,vehicle,treno,ha i vagoni
4443,s112,corn,vegetable,mais,è un cereale
4444,s112,corn,vegetable,mais,è giallo o nero
4445,s112,corn,vegetable,mais,deriva dalla pannocchie
4446,s112,corn,vegetable,mais,la sua pianta è alta circa 2 metri
4447,s113,apple,fruit,mela,frutto
4448,s113,apple,fruit,mela,tondeggiante
4449,s113,apple,fruit,mela,ha un torsolo
4450,s113,apple,fruit,mela,rossa
4451,s113,apple,fruit,mela,gialla
4452,s113,apple,fruit,mela,ha pochi semi all'interno
4453,s113,chemise,clothing,camicia,la usi per vestirti
4454,s113,chemise,clothing,camicia,ha i bottoni
4455,s113,chemise,clothing,camicia,ha il colletto
4456,s113,bus,vehicle,autobus,ha 4 ruote
4457,s113,bus,vehicle,autobus,è lungo
4458,s113,bus,vehicle,autobus,lo usi per muoverti
4459,s113,bus,vehicle,autobus,rispetta un percorso prestabilito
4460,s113,bus,vehicle,autobus,ci sono fermate dove puoi salirci
4461,s113,seagull,bird,gabbiano,volatile
4462,s113,seagull,bird,gabbiano,ha 2 ali
4463,s113,seagull,bird,gabbiano,sta vicino al mare
4464,s113,seagull,bird,gabbiano,ha un becco giallo
4465,s113,seagull,bird,gabbiano,ha un becco arancione
4466,s113,seagull,bird,gabbiano,ha colore bianco
4467,s113,seagull,bird,gabbiano,ha colore grigio
4468,s113,seagull,bird,gabbiano,mangia pesce
4469,s113,seagull,bird,gabbiano,mangia carne
4470,s113,owl,bird,gufo,volatile
4471,s113,owl,bird,gufo,ha 2 grandi occhi
4472,s113,owl,bird,gufo,vive di notte
4473,s113,owl,bird,gufo,ha la testa che si gira fino a 180 gradi
4474,s113,owl,bird,gufo,ha 2 ali
4475,s113,tower,building,torre,è alto
4476,s113,tower,building,torre,può trovarsi nei castelli
4477,s113,tower,building,torre,fortificata
4478,s113,tower,building,torre,inclinata come quella di Pisa
4479,s113,tower,building,torre,ha un'entrata
4480,s113,potato,vegetable,patata,ortaggio
4481,s113,potato,vegetable,patata,sta sottoterra
4482,s113,potato,vegetable,patata,ricca di amido
4483,s113,finger,bodypart,dito,è 1 delle 5 cose della mia mano
4484,s113,finger,bodypart,dito,la usi per indicare
4485,s113,finger,bodypart,dito,la usi per dire ok
4486,s113,finger,bodypart,dito,la usi per fare brutti segni
4487,s113,skyscraper,building,grattacielo,è molto alto
4488,s113,skyscraper,building,grattacielo,ha tante finestre
4489,s113,skyscraper,building,grattacielo,sembra una torre
4490,s113,skyscraper,building,grattacielo,sembra toccare il cielo
4491,s113,skyscraper,building,grattacielo,ha un'entrata
4492,s113,hand,bodypart,mano,è fatta dalle 5 dita
4493,s113,hand,bodypart,mano,la usi per scrivere
4494,s113,hand,bodypart,mano,la usi per giocare a basket
4495,s113,hand,bodypart,mano,la usi per salutare
4496,s113,socks,clothing,calzini,servono a coprire i piedi
4497,s113,socks,clothing,calzini,sono come delle piccole calze
4498,s113,socks,clothing,calzini,si mettono quando indossi le scarpe
4499,s113,jacket,clothing,giacca,la usi per coprirti
4500,s113,jacket,clothing,giacca,non copre tutto
4501,s113,jacket,clothing,giacca,prende tutto il busto
4502,s113,jacket,clothing,giacca,prende tutte le braccia
4503,s113,jacket,clothing,giacca,prende tutte le spalle
4504,s113,jacket,clothing,giacca,non prende le gambe
4505,s113,jacket,clothing,giacca,non prende la testa
4506,s113,jacket,clothing,giacca,si apre
4507,s113,jacket,clothing,giacca,si chiude
4508,s113,table,furniture,tavolo,solido
4509,s113,table,furniture,tavolo,lo usi come supporto rigido per scrivere
4510,s113,table,furniture,tavolo,lo usi quando mangi
4511,s113,table,furniture,tavolo,ci appoggi sopra i piatti
4512,s113,table,furniture,tavolo,ci appoggi sopra le posate
4513,s113,sweater,clothing,pullover,lo usi per coprirti
4514,s113,sweater,clothing,pullover,non è una giacca perché non si apre e non si chiude
4515,s113,sweater,clothing,pullover,di lana
4516,s113,sweater,clothing,pullover,di cotone
4517,s113,sweater,clothing,pullover,lo usi quando c'è freddo
4518,s113,rabbit,mammal,coniglio,animale
4519,s113,rabbit,mammal,coniglio,ha 4 zampe
4520,s113,rabbit,mammal,coniglio,orecchie lunghe
4521,s113,rabbit,mammal,coniglio,è pauroso
4522,s113,rabbit,mammal,coniglio,alcuni lo mangiano
4523,s113,rabbit,mammal,coniglio,mangia erba
4524,s113,church,building,chiesa,è il luogo
4525,s113,church,building,chiesa,dove vai a pregare
4526,s113,church,building,chiesa,ha un'entrata
4527,s113,church,building,chiesa,ha un campanile vicino
4528,s113,church,building,chiesa,dentro ci sono delle panche
4529,s113,church,building,chiesa,c'è un altare
4530,s113,church,building,chiesa,ci sono le cappelle
4531,s113,head,bodypart,testa,la usi per pensare
4532,s113,head,bodypart,testa,comprende il viso
4533,s113,head,bodypart,testa,comprende le orecchie
4534,s113,head,bodypart,testa,comprende i capelli
4535,s113,head,bodypart,testa,sta sopra al collo
4536,s113,head,bodypart,testa,è pesante
4537,s113,truck,vehicle,camion,ha 4 ruote
4538,s113,truck,vehicle,camion,è grande
4539,s113,truck,vehicle,camion,è pesante
4540,s113,truck,vehicle,camion,trasporta merci
4541,s113,truck,vehicle,camion,lo usi per muovere merci da una parte all'altra
4542,s113,truck,vehicle,camion,lo usi per muovere cose da una parte all'altra
4543,s113,bed,furniture,letto,ci dormi
4544,s113,bed,furniture,letto,ti ci stendi sopra
4545,s113,bed,furniture,letto,c'è il cuscino
4546,s113,bed,furniture,letto,ci sono le coperte
4547,s113,bed,furniture,letto,rettangolare
4548,s113,bed,furniture,letto,a castello
4549,s113,pineapple,fruit,ananas,è un frutto
4550,s113,pineapple,fruit,ananas,cresce solo in zone particolari
4551,s113,pineapple,fruit,ananas,si mangia
4552,s113,pineapple,fruit,ananas,ha una buccia dura
4553,s113,pear,fruit,pera,frutto
4554,s113,pear,fruit,pera,si mangia
4555,s113,pear,fruit,pera,ha un torsolo
4556,s113,pear,fruit,pera,è morbida
4557,s113,leg,bodypart,gamba,sono 2 negli uomini
4558,s113,leg,bodypart,gamba,la usi per muoverti
4559,s113,leg,bodypart,gamba,sono più in basso del busto
4560,s113,leg,bodypart,gamba,sono più muscolose delle braccia
4561,s113,bridge,building,ponte,connette 2 posti
4562,s113,bridge,building,ponte,vicino ai fiumi
4563,s113,bridge,building,ponte,ce ne sono molto lunghi
4564,s113,tongs,implement,pinze,le usi per fare pressione
4565,s113,tongs,implement,pinze,assomigliano a delle forbici
4566,s113,tongs,implement,pinze,le usano i meccanici
4567,s113,spinach,vegetable,spinaci,li mangi
4568,s113,spinach,vegetable,spinaci,sono ortaggi
4569,s113,spinach,vegetable,spinaci,verdi
4570,s113,spinach,vegetable,spinaci,danno forza
4571,s114,apple,fruit,mela,si mangia
4572,s114,apple,fruit,mela,di vari colori
4573,s114,apple,fruit,mela,di varie qualità
4574,s114,apple,fruit,mela,rotonda
4575,s114,apple,fruit,mela,proviene dal melo
4576,s114,chemise,clothing,camicia,si indossa
4577,s114,chemise,clothing,camicia,copre la parte superiore del corpo
4578,s114,chemise,clothing,camicia,copre il busto
4579,s114,chemise,clothing,camicia,maniche corte
4580,s114,chemise,clothing,camicia,maniche lunghe
4581,s114,chemise,clothing,camicia,ha il colletto
4582,s114,bus,vehicle,autobus,mezzo
4583,s114,bus,vehicle,autobus,pubblico
4584,s114,bus,vehicle,autobus,a 4 ruote
4585,s114,bus,vehicle,autobus,a più di 4 ruote
4586,s114,bus,vehicle,autobus,si paga per andare
4587,s114,bus,vehicle,autobus,è di colore arancione
4588,s114,bus,vehicle,autobus,può trasportare molte persone
4589,s114,seagull,bird,gabbiano,uccello
4590,s114,seagull,bird,gabbiano,vive vicino al mare
4591,s114,seagull,bird,gabbiano,particolarmente aggressivo
4592,s114,seagull,bird,gabbiano,bianco
4593,s114,seagull,bird,gabbiano,con le ali che tendono al grigio
4594,s114,owl,bird,gufo,volatile
4595,s114,owl,bird,gufo,notturno
4596,s114,owl,bird,gufo,dorme di giorno
4597,s114,owl,bird,gufo,ha una vista molto potente
4598,s114,owl,bird,gufo,gira il collo di 360 gradi
4599,s114,tower,building,torre,costruzione
4600,s114,tower,building,torre,di difesa
4601,s114,tower,building,torre,ornamentale
4602,s114,tower,building,torre,si estende verso l'alto
4603,s114,potato,vegetable,patata,tubero
4604,s114,potato,vegetable,patata,giallastro
4605,s114,potato,vegetable,patata,proviene dall'America
4606,s114,potato,vegetable,patata,si usa come contorno
4607,s114,potato,vegetable,patata,si lessa
4608,s114,finger,bodypart,dito,parte della mano
4609,s114,finger,bodypart,dito,dotato di 3 falangi
4610,s114,finger,bodypart,dito,serve per la manualità
4611,s114,finger,bodypart,dito,serve a indicare
4612,s114,skyscraper,building,grattacielo,edificio
4613,s114,skyscraper,building,grattacielo,si estende in altezza
4614,s114,skyscraper,building,grattacielo,abitazione
4615,s114,skyscraper,building,grattacielo,luogo
4616,s114,skyscraper,building,grattacielo,di lavoro
4617,s114,skyscraper,building,grattacielo,ha molti piani
4618,s114,hand,bodypart,mano,parte del corpo
4619,s114,hand,bodypart,mano,serve per scrivere
4620,s114,hand,bodypart,mano,serve per indicare
4621,s114,hand,bodypart,mano,serve per afferrare
4622,s114,hand,bodypart,mano,importante
4623,s114,socks,clothing,calzini,si indossano sopra ai piedi
4624,s114,socks,clothing,calzini,di vari colori
4625,s114,socks,clothing,calzini,di spugna
4626,s114,socks,clothing,calzini,di seta
4627,s114,socks,clothing,calzini,di filo di Scozia
4628,s114,socks,clothing,calzini,proteggono i piedi
4629,s114,jacket,clothing,giacca,si indossa
4630,s114,jacket,clothing,giacca,copre la parte superiore del busto
4631,s114,jacket,clothing,giacca,di vari tipi
4632,s114,jacket,clothing,giacca,protegge dal freddo
4633,s114,table,furniture,tavolo,base di materiali vari
4634,s114,table,furniture,tavolo,serve per appoggiare le cose
4635,s114,table,furniture,tavolo,ci si mangia
4636,s114,table,furniture,tavolo,ci si lavora
4637,s114,table,furniture,tavolo,è sopraelevato da terra
4638,s114,sweater,clothing,pullover,maglione
4639,s114,sweater,clothing,pullover,pesante
4640,s114,sweater,clothing,pullover,si indossa con temperature rigide
4641,s114,sweater,clothing,pullover,tiene caldo
4642,s114,sweater,clothing,pullover,copre il busto
4643,s114,rabbit,mammal,coniglio,animale
4644,s114,rabbit,mammal,coniglio,selvatico
4645,s114,rabbit,mammal,coniglio,domestico
4646,s114,rabbit,mammal,coniglio,si mangia
4647,s114,rabbit,mammal,coniglio,di vari colori
4648,s114,church,building,chiesa,luogo
4649,s114,church,building,chiesa,consacrato
4650,s114,church,building,chiesa,viene celebrata la messa
4651,s114,church,building,chiesa,dotata di campanile
4652,s114,church,building,chiesa,si recano i fedeli per pregare
4653,s114,head,bodypart,testa,parte superiore del corpo
4654,s114,head,bodypart,testa,parte del corpo
4655,s114,head,bodypart,testa,ci sono occhi
4656,s114,head,bodypart,testa,c'è bocca
4657,s114,head,bodypart,testa,ci sono orecchie
4658,s114,head,bodypart,testa,ci sono capelli
4659,s114,head,bodypart,testa,c'è naso
4660,s114,head,bodypart,testa,c'è cervello
4661,s114,truck,vehicle,camion,mezzo
4662,s114,truck,vehicle,camion,mezzo commerciale
4663,s114,truck,vehicle,camion,su 4 ruote
4664,s114,truck,vehicle,camion,su più di 4 ruote
4665,s114,truck,vehicle,camion,formato da rimorchiatore
4666,s114,truck,vehicle,camion,formato da rimorchio
4667,s114,truck,vehicle,camion,guidato da un autista
4668,s114,truck,vehicle,camion,di grosse dimensioni
4669,s114,bed,furniture,letto,ci si dorme
4670,s114,bed,furniture,letto,dotato di materasso
4671,s114,bed,furniture,letto,comodo
4672,s114,bed,furniture,letto,posizionato orizzontalmente
4673,s114,pineapple,fruit,ananas,frutto
4674,s114,pineapple,fruit,ananas,tropicale
4675,s114,pineapple,fruit,ananas,giallo
4676,s114,pineapple,fruit,ananas,a forma di pallone da rugby
4677,s114,pineapple,fruit,ananas,fresco
4678,s114,pineapple,fruit,ananas,saporito
4679,s114,pineapple,fruit,ananas,si mangia
4680,s114,pear,fruit,pera,frutto
4681,s114,pear,fruit,pera,proviene dal pero
4682,s114,pear,fruit,pera,di colore giallastro
4683,s114,pear,fruit,pera,si mangia
4684,s114,leg,bodypart,gamba,arto inferiore
4685,s114,leg,bodypart,gamba,arto del corpo
4686,s114,leg,bodypart,gamba,serve per camminare
4687,s114,leg,bodypart,gamba,importante
4688,s114,leg,bodypart,gamba,ne si ha 2 per persona
4689,s114,bridge,building,ponte,struttura
4690,s114,bridge,building,ponte,permette di attraversare fiumi
4691,s114,bridge,building,ponte,permette di attraversare laghi
4692,s114,bridge,building,ponte,permette di attraversare corsi d'acqua
4693,s114,bridge,building,ponte,si estende in lunghezza
4694,s114,bridge,building,ponte,dotato di pilastri
4695,s114,tongs,implement,pinze,strumento
4696,s114,tongs,implement,pinze,permette di afferrare oggetti
4697,s114,tongs,implement,pinze,si maneggiano con le mani
4698,s114,tongs,implement,pinze,di ferro
4699,s114,tongs,implement,pinze,"formano una ""morsa"""
4700,s114,spinach,vegetable,spinaci,verdura
4701,s114,spinach,vegetable,spinaci,di contorno
4702,s114,spinach,vegetable,spinaci,Braccio di Ferro
4703,s114,spinach,vegetable,spinaci,più forte
4704,s114,spinach,vegetable,spinaci,di colore verde scuro
4705,s115,bear,mammal,orso,si sta estinguendo
4706,s115,bear,mammal,orso,di varie specie
4707,s115,bear,mammal,orso,bruno
4708,s115,bear,mammal,orso,polare
4709,s115,bear,mammal,orso,onnivoro
4710,s115,bear,mammal,orso,va in letargo
4711,s115,peas,vegetable,piselli,verdura
4712,s115,peas,vegetable,piselli,un legume
4713,s115,peas,vegetable,piselli,verde
4714,s115,peas,vegetable,piselli,si mangia
4715,s115,peas,vegetable,piselli,come contorno
4716,s115,peas,vegetable,piselli,cotto
4717,s115,peas,vegetable,piselli,al vapore
4718,s115,peas,vegetable,piselli,si coltiva
4719,s115,paintbrush,implement,pennello,utilizzato per dipingere
4720,s115,paintbrush,implement,pennello,utilizzato per imbiancare
4721,s115,paintbrush,implement,pennello,costituito da una stanghetta di legno
4722,s115,paintbrush,implement,pennello,costituito da una punta
4723,s115,paintbrush,implement,pennello,punta si impregna nel colore
4724,s115,paintbrush,implement,pennello,punta distribuisce colore
4725,s115,shoes,clothing,scarpe,normali
4726,s115,shoes,clothing,scarpe,estive
4727,s115,shoes,clothing,scarpe,di molteplici tipi
4728,s115,shoes,clothing,scarpe,di molteplici misure
4729,s115,shoes,clothing,scarpe,di molteplici colori
4730,s115,shoes,clothing,scarpe,si mettono ai piedi
4731,s115,shoes,clothing,scarpe,si allacciano coi lacci
4732,s115,shoes,clothing,scarpe,si allacciano con elastici
4733,s115,ship,vehicle,nave,di vari tipi
4734,s115,ship,vehicle,nave,pesca
4735,s115,ship,vehicle,nave,viaggia sul mare
4736,s115,ship,vehicle,nave,a vela
4737,s115,ship,vehicle,nave,a motore
4738,s115,ship,vehicle,nave,trasporta merci
4739,s115,ship,vehicle,nave,trasporta passeggeri
4740,s115,sparrow,bird,passero,piccolo
4741,s115,sparrow,bird,passero,uccello
4742,s115,sparrow,bird,passero,vive di insetti
4743,s115,sparrow,bird,passero,vive di semi
4744,s115,sparrow,bird,passero,nutre i piccoli portando al nido il cibo
4745,s115,onion,vegetable,cipolla,se la tagli ti lacrimano gli occhi
4746,s115,onion,vegetable,cipolla,fa puzzare l'alito
4747,s115,onion,vegetable,cipolla,cotta
4748,s115,onion,vegetable,cipolla,è un ottimo condimento
4749,s115,onion,vegetable,cipolla,formata da sfere concentriche che si rimpiccioliscono verso il centro
4750,s115,sword,implement,spada,arma
4751,s115,sword,implement,spada,a pesce
4752,s115,sword,implement,spada,utilizzata per difendersi nei tempi antichi
4753,s115,sword,implement,spada,utilizzata per attaccare nei tempi antichi
4754,s115,sword,implement,spada,molteplici forme
4755,s115,sword,implement,spada,molteplici dimensioni
4756,s115,sword,implement,spada,forgiata dai fabbri
4757,s115,airplane,vehicle,aeroplano,da guerra
4758,s115,airplane,vehicle,aeroplano,da merci
4759,s115,airplane,vehicle,aeroplano,da trasporto passeggeri
4760,s115,airplane,vehicle,aeroplano,veloce
4761,s115,airplane,vehicle,aeroplano,serve per percorrere lunghe distanze in poco tempo
4762,s115,airplane,vehicle,aeroplano,grande
4763,s115,airplane,vehicle,aeroplano,piccolo
4764,s115,airplane,vehicle,aeroplano,medio
4765,s115,airplane,vehicle,aeroplano,per pilotarlo ci vuole una patente
4766,s115,closet,furniture,armadio,di legno
4767,s115,closet,furniture,armadio,serve a contenere vestiti
4768,s115,closet,furniture,armadio,serve a contenere oggetti
4769,s115,closet,furniture,armadio,grande
4770,s115,closet,furniture,armadio,piccolo
4771,s115,closet,furniture,armadio,molto utile
4772,s115,chair,furniture,sedia,di molteplici forme
4773,s115,chair,furniture,sedia,di molteplici dimensioni
4774,s115,chair,furniture,sedia,ci si siede sopra
4775,s115,chair,furniture,sedia,per riposare
4776,s115,chair,furniture,sedia,per mangiare
4777,s115,chair,furniture,sedia,per stare comodi
4778,s115,chair,furniture,sedia,di legno
4779,s115,armchair,furniture,poltrona,simile alla sedia
4780,s115,armchair,furniture,poltrona,più comoda della sedia
4781,s115,armchair,furniture,poltrona,si trova nei salotti
4782,s115,armchair,furniture,poltrona,confortevole
4783,s115,armchair,furniture,poltrona,rilassante
4784,s115,armchair,furniture,poltrona,con programma di massaggio
4785,s115,armchair,furniture,poltrona,con poggiapiedi
4786,s115,horse,mammal,cavallo,animale
4787,s115,horse,mammal,cavallo,equino
4788,s115,horse,mammal,cavallo,quadrupede
4789,s115,horse,mammal,cavallo,utile per trainare carri
4790,s115,horse,mammal,cavallo,di profitto nelle gare
4791,s115,horse,mammal,cavallo,ci si può scommettere sopra
4792,s115,horse,mammal,cavallo,ha gli zoccoli
4793,s115,horse,mammal,cavallo,la bresaola equina è ottima
4794,s115,horse,mammal,cavallo,la bresaola equina si mangia
4795,s115,broom,implement,scopa,serve per pulire
4796,s115,broom,implement,scopa,ha le spatole che raccolgono polvere
4797,s115,broom,implement,scopa,ha le spatole che raccolgono sporcizia
4798,s115,broom,implement,scopa,di plastica
4799,s115,broom,implement,scopa,di legno
4800,s115,garage,building,garage,ai piani inferiori della casa
4801,s115,garage,building,garage,di varie dimensioni
4802,s115,garage,building,garage,di vari costi
4803,s115,garage,building,garage,serve per immetterci oggetti
4804,s115,garage,building,garage,serve per immetterci veicoli
4805,s115,orange,fruit,arancia,frutto
4806,s115,orange,fruit,arancia,arancione
4807,s115,orange,fruit,arancia,ricca di vitamina C
4808,s115,orange,fruit,arancia,ottime quelle siciliane
4809,s115,orange,fruit,arancia,ci si fa l'aranciata
4810,s115,orange,fruit,arancia,ci si fa la spremuta d'arancia
4811,s115,orange,fruit,arancia,ha la buccia
4812,s115,orange,fruit,arancia,è dolce
4813,s115,cherry,fruit,ciliegia,frutto
4814,s115,cherry,fruit,ciliegia,piccolo
4815,s115,cherry,fruit,ciliegia,rosso
4816,s115,cherry,fruit,ciliegia,col nocciolo
4817,s115,cherry,fruit,ciliegia,ci si fanno marmellate
4818,s115,cherry,fruit,ciliegia,ci si fanno sciroppi
4819,s115,cherry,fruit,ciliegia,dolce
4820,s115,cherry,fruit,ciliegia,costoso
4821,s115,cherry,fruit,ciliegia,se sporca i vestiti è difficile smacchiarli
4822,s115,comb,implement,pettine,oggetto
4823,s115,comb,implement,pettine,di plastica
4824,s115,comb,implement,pettine,di acciaio
4825,s115,comb,implement,pettine,di varie forme
4826,s115,comb,implement,pettine,di varie dimensioni
4827,s115,comb,implement,pettine,serve per sistemare i capelli
4828,s115,comb,implement,pettine,è formato da dentini
4829,s115,dog,mammal,cane,animale
4830,s115,dog,mammal,cane,appartiene ai canidi
4831,s115,dog,mammal,cane,quadrupede
4832,s115,dog,mammal,cane,onnivoro
4833,s115,dog,mammal,cane,si dice che sia il miglior amico dell'uomo
4834,s115,dog,mammal,cane,fedele
4835,s115,dog,mammal,cane,di svariate razze
4836,s115,dog,mammal,cane,di svariate forme
4837,s115,eye,bodypart,occhio,organo del corpo
4838,s115,eye,bodypart,occhio,attraverso il quale osserviamo
4839,s115,eye,bodypart,occhio,manda messaggi al cervello
4840,s115,eye,bodypart,occhio,di vari colori
4841,s115,eye,bodypart,occhio,di varie forme
4842,s115,monkey,mammal,scimmia,animale
4843,s115,monkey,mammal,scimmia,simile all'uomo
4844,s115,monkey,mammal,scimmia,banane
4845,s115,monkey,mammal,scimmia,di svariate razze
4846,s115,monkey,mammal,scimmia,di svariate dimensioni
4847,s115,monkey,mammal,scimmia,vive nella giungla
4848,s115,woodpecker,bird,picchio,uccello
4849,s115,woodpecker,bird,picchio,per costruire la tana picchia col suo becco appuntito
4850,s115,woodpecker,bird,picchio,fa un rumore simile a quello del bussare
4851,s115,goose,bird,oca,uccello
4852,s115,goose,bird,oca,starnazzante
4853,s115,goose,bird,oca,vive nei laghi
4854,s115,goose,bird,oca,si nutre di pesce
4855,s115,goose,bird,oca,vola
4856,s115,train,vehicle,treno,insieme di vagoni
4857,s115,train,vehicle,treno,trainati da una locomotiva
4858,s115,train,vehicle,treno,viagia sui binari
4859,s115,train,vehicle,treno,trasporta merci
4860,s115,train,vehicle,treno,trasporta persone
4861,s115,corn,vegetable,mais,giallo
4862,s115,corn,vegetable,mais,commestibile
4863,s115,corn,vegetable,mais,cresce nelle piantagioni
4864,s116,apple,fruit,mela,frutto
4865,s116,apple,fruit,mela,commestibile
4866,s116,apple,fruit,mela,cresce dagli alberi
4867,s116,apple,fruit,mela,di colore rosso
4868,s116,apple,fruit,mela,di colore giallo
4869,s116,chemise,clothing,camicia,indumento
4870,s116,chemise,clothing,camicia,si indossa sul busto
4871,s116,chemise,clothing,camicia,elegante
4872,s116,bus,vehicle,autobus,mezzo
4873,s116,bus,vehicle,autobus,di trasporto
4874,s116,bus,vehicle,autobus,si muove per terra
4875,s116,bus,vehicle,autobus,con 4 ruote
4876,s116,bus,vehicle,autobus,costruito per essere usato da parecchie persone
4877,s116,seagull,bird,gabbiano,volatile
4878,s116,seagull,bird,gabbiano,si trova al mare
4879,s116,seagull,bird,gabbiano,emette dei versi acuti
4880,s116,seagull,bird,gabbiano,bianco
4881,s116,owl,bird,gufo,volatile
4882,s116,owl,bird,gufo,dorme di giorno
4883,s116,owl,bird,gufo,vive nei boschi
4884,s116,tower,building,torre,struttura
4885,s116,tower,building,torre,di pietra
4886,s116,tower,building,torre,in cima ha dei merli
4887,s116,potato,vegetable,patata,cresce sottoterra
4888,s116,potato,vegetable,patata,commestibile
4889,s116,potato,vegetable,patata,di colore giallo
4890,s116,finger,bodypart,dito,una delle 5 estremità della mano
4891,s116,finger,bodypart,dito,una delle 5 estremità del piede
4892,s116,finger,bodypart,dito,si usa per toccare
4893,s116,finger,bodypart,dito,si usa per prendere
4894,s116,skyscraper,building,grattacielo,edificio
4895,s116,skyscraper,building,grattacielo,molto più alto delle case
4896,s116,skyscraper,building,grattacielo,presente nelle città molto abitate
4897,s116,hand,bodypart,mano,l'estremità del braccio
4898,s116,hand,bodypart,mano,ha 5 dita nell'uomo
4899,s116,hand,bodypart,mano,serve per toccare
4900,s116,hand,bodypart,mano,serve per prendere oggetti
4901,s116,socks,clothing,calzini,indumento
4902,s116,socks,clothing,calzini,si indossano sui piedi
4903,s116,socks,clothing,calzini,servono a tenere caldo ai piedi
4904,s116,socks,clothing,calzini,servono a proteggere i piedi
4905,s116,jacket,clothing,giacca,un indumento
4906,s116,jacket,clothing,giacca,si usa di inverno
4907,s116,jacket,clothing,giacca,mantiene il calore del corpo
4908,s116,table,furniture,tavolo,punto di appoggio per vari oggetti
4909,s116,table,furniture,tavolo,composto da 4 gambe
4910,s116,table,furniture,tavolo,ci si mangia sopra
4911,s116,sweater,clothing,pullover,indumento
4912,s116,sweater,clothing,pullover,serve a mantenere il calore
4913,s116,sweater,clothing,pullover,si usa quando fa freddo
4914,s116,rabbit,mammal,coniglio,animale
4915,s116,rabbit,mammal,coniglio,ha delle orecchie lunghe
4916,s116,rabbit,mammal,coniglio,roditore
4917,s116,rabbit,mammal,coniglio,abile nei salti
4918,s116,church,building,chiesa,edificio
4919,s116,church,building,chiesa,luogo
4920,s116,church,building,chiesa,di culto
4921,s116,church,building,chiesa,ha un campanile
4922,s116,church,building,chiesa,ha delle vetrate colorate
4923,s116,head,bodypart,testa,contiene il cervello
4924,s116,head,bodypart,testa,ha occhi
4925,s116,head,bodypart,testa,ha bocca
4926,s116,head,bodypart,testa,ha naso
4927,s116,head,bodypart,testa,ha orecchie
4928,s116,truck,vehicle,camion,mezzo
4929,s116,truck,vehicle,camion,di trasporto
4930,s116,truck,vehicle,camion,trasporto merci
4931,s116,truck,vehicle,camion,ha più di 4 ruote
4932,s116,truck,vehicle,camion,più grande delle automobili
4933,s116,bed,furniture,letto,si usa per dormire
4934,s116,bed,furniture,letto,ha un cuscino
4935,s116,bed,furniture,letto,ha un materasso
4936,s116,pineapple,fruit,ananas,frutto
4937,s116,pineapple,fruit,ananas,commestibile
4938,s116,pineapple,fruit,ananas,cresce nelle zone tropicali
4939,s116,pineapple,fruit,ananas,cresce sugli alberi
4940,s116,pineapple,fruit,ananas,succoso
4941,s116,pear,fruit,pera,frutto
4942,s116,pear,fruit,pera,commestibile
4943,s116,pear,fruit,pera,succoso
4944,s116,leg,bodypart,gamba,arto
4945,s116,leg,bodypart,gamba,serve per muoversi
4946,s116,leg,bodypart,gamba,termina col piede
4947,s116,bridge,building,ponte,costruzione
4948,s116,bridge,building,ponte,sospesa
4949,s116,bridge,building,ponte,ha colonne
4950,s116,bridge,building,ponte,serve per far passare auto
4951,s116,bridge,building,ponte,serve per attraversare fiumi
4952,s116,bridge,building,ponte,serve per attraversare burroni
4953,s116,tongs,implement,pinze,servono per prendere oggetti in modo più delicato
4954,s116,tongs,implement,pinze,sono di ferro
4955,s116,tongs,implement,pinze,hanno 2 estremità
4956,s116,spinach,vegetable,spinaci,sono delle verdure
4957,s116,spinach,vegetable,spinaci,sono verdi
4958,s116,spinach,vegetable,spinaci,sono commestibili
4959,s116,spinach,vegetable,spinaci,crescono dalla terra
4960,s117,bear,mammal,orso,mammifero
4961,s117,bear,mammal,orso,peloso
4962,s117,bear,mammal,orso,molto grande
4963,s117,bear,mammal,orso,onnivoro
4964,s117,bear,mammal,orso,vive nei boschi
4965,s117,bear,mammal,orso,vive in montagna
4966,s117,bear,mammal,orso,ce ne sono di tante specie
4967,s117,bear,mammal,orso,orso bianco
4968,s117,bear,mammal,orso,orso bruno
4969,s117,peas,vegetable,piselli,verdure
4970,s117,peas,vegetable,piselli,verdi
4971,s117,peas,vegetable,piselli,piccoli
4972,s117,peas,vegetable,piselli,tondi
4973,s117,peas,vegetable,piselli,nascono dalla terra
4974,s117,peas,vegetable,piselli,sono buoni da mangiare
4975,s117,peas,vegetable,piselli,cotti
4976,s117,paintbrush,implement,pennello,strumento
4977,s117,paintbrush,implement,pennello,usato per disegnare
4978,s117,paintbrush,implement,pennello,usato per dipingere
4979,s117,paintbrush,implement,pennello,ha delle spatole sulla cima che permettono di espandere il colore
4980,s117,paintbrush,implement,pennello,simile a un bastoncino
4981,s117,paintbrush,implement,pennello,di diverse grandezze
4982,s117,shoes,clothing,scarpe,si indossano ai piedi
4983,s117,shoes,clothing,scarpe,servono per camminare
4984,s117,shoes,clothing,scarpe,sono fatte di cuoio
4985,s117,shoes,clothing,scarpe,hanno una suola
4986,s117,shoes,clothing,scarpe,hanno i lacci
4987,s117,shoes,clothing,scarpe,ne esistono molti tipi
4988,s117,shoes,clothing,scarpe,sportive
4989,s117,shoes,clothing,scarpe,eleganti
4990,s117,shoes,clothing,scarpe,da montagna
4991,s117,ship,vehicle,nave,mezzo
4992,s117,ship,vehicle,nave,di trasporto
4993,s117,ship,vehicle,nave,si adopera per navigare
4994,s117,ship,vehicle,nave,galleggia sull'acqua
4995,s117,ship,vehicle,nave,provvisto di equipaggio
4996,s117,ship,vehicle,nave,provvisto di un capitano
4997,s117,ship,vehicle,nave,ce ne sono di tutte le dimensioni
4998,s117,sparrow,bird,passero,uccello
4999,s117,sparrow,bird,passero,di piccole dimensioni
5000,s117,sparrow,bird,passero,vive dapertutto
5001,s117,sparrow,bird,passero,si nutre di insetti
5002,s117,sparrow,bird,passero,si nutre di briciole
5003,s117,sparrow,bird,passero,ha il becco
5004,s117,sparrow,bird,passero,vive in un nido
5005,s117,onion,vegetable,cipolla,è un vegetale
5006,s117,onion,vegetable,cipolla,di forma circolare
5007,s117,onion,vegetable,cipolla,viene usata per condire i piatti
5008,s117,onion,vegetable,cipolla,ha un sapore acidognolo
5009,s117,onion,vegetable,cipolla,è fatta a strati
5010,s117,sword,implement,spada,arma
5011,s117,sword,implement,spada,di ferro
5012,s117,sword,implement,spada,composta da un'elsa
5013,s117,sword,implement,spada,composta da una lama
5014,s117,sword,implement,spada,veniva usata dai soldati per combattere
5015,s117,sword,implement,spada,era molto utilizzata nel medioevo
5016,s117,airplane,vehicle,aeroplano,mezzo
5017,s117,airplane,vehicle,aeroplano,di trasporto
5018,s117,airplane,vehicle,aeroplano,permette di volare
5019,s117,airplane,vehicle,aeroplano,ha le ali
5020,s117,airplane,vehicle,aeroplano,ha il carrello di atterraggio
5021,s117,airplane,vehicle,aeroplano,provvisto di equipaggio
5022,s117,airplane,vehicle,aeroplano,provvisto di piloti
5023,s117,airplane,vehicle,aeroplano,ne esistono di tutte le dimensioni
5024,s117,closet,furniture,armadio,cosa
5025,s117,closet,furniture,armadio,di legno
5026,s117,closet,furniture,armadio,fatta per mettere al suo interno robe di tutti i tipi
5027,s117,closet,furniture,armadio,ha le ante
5028,s117,closet,furniture,armadio,di vari materiali
5029,s117,closet,furniture,armadio,contiene molti oggetti
5030,s117,chair,furniture,sedia,mobile
5031,s117,chair,furniture,sedia,su cui ci si siede
5032,s117,chair,furniture,sedia,ha 4 gambe
5033,s117,chair,furniture,sedia,ha uno schienale
5034,s117,chair,furniture,sedia,ne esistono con le rotelle
5035,s117,chair,furniture,sedia,di legno
5036,s117,chair,furniture,sedia,di plastica
5037,s117,chair,furniture,sedia,di metallo
5038,s117,armchair,furniture,poltrona,mobile
5039,s117,armchair,furniture,poltrona,su cui ci si siede
5040,s117,armchair,furniture,poltrona,ha lo schienale
5041,s117,armchair,furniture,poltrona,ha 4 gambe
5042,s117,armchair,furniture,poltrona,più comoda della sedia
5043,s117,armchair,furniture,poltrona,imbottita di materiale morbido
5044,s117,horse,mammal,cavallo,mammifero
5045,s117,horse,mammal,cavallo,ha 4 zampe
5046,s117,horse,mammal,cavallo,molto veloce
5047,s117,horse,mammal,cavallo,molto resistente
5048,s117,horse,mammal,cavallo,erbivoro
5049,s117,horse,mammal,cavallo,grande
5050,s117,broom,implement,scopa,strumento
5051,s117,broom,implement,scopa,usato per pulire
5052,s117,broom,implement,scopa,ha delle spatole all'estremità
5053,s117,broom,implement,scopa,ha un manico
5054,s117,broom,implement,scopa,di molte dimensioni
5055,s117,garage,building,garage,posto
5056,s117,garage,building,garage,al coperto
5057,s117,garage,building,garage,dove mettere la propria vettura
5058,s117,garage,building,garage,provvisto di porta
5059,s117,garage,building,garage,contiene molte cose
5060,s117,garage,building,garage,ha un tetto
5061,s117,garage,building,garage,ha 4 pareti
5062,s117,orange,fruit,arancia,frutto
5063,s117,orange,fruit,arancia,arancione
5064,s117,orange,fruit,arancia,vitamina C
5065,s117,orange,fruit,arancia,agrume
5066,s117,orange,fruit,arancia,ha la buccia
5067,s117,orange,fruit,arancia,è acida ma anche dolce
5068,s117,orange,fruit,arancia,invernale
5069,s117,orange,fruit,arancia,a spicchi
5070,s117,cherry,fruit,ciliegia,frutto
5071,s117,cherry,fruit,ciliegia,rosso
5072,s117,cherry,fruit,ciliegia,ha l'osso all'interno
5073,s117,cherry,fruit,ciliegia,ha un gambo
5074,s117,cherry,fruit,ciliegia,dolce
5075,s117,cherry,fruit,ciliegia,si può fare la marmellata
5076,s117,comb,implement,pettine,strumento
5077,s117,comb,implement,pettine,usato per pettinarsi i capelli
5078,s117,comb,implement,pettine,ha i denti
5079,s117,dog,mammal,cane,mammifero
5080,s117,dog,mammal,cane,di medie dimensioni
5081,s117,dog,mammal,cane,abbaia
5082,s117,dog,mammal,cane,mangia di tutto
5083,s117,dog,mammal,cane,ha il pelo
5084,s117,dog,mammal,cane,ha 4 zampe
5085,s117,dog,mammal,cane,ha la coda
5086,s117,dog,mammal,cane,è il miglior amico dell'uomo (dicono)
5087,s117,eye,bodypart,occhio,è una parte del corpo
5088,s117,eye,bodypart,occhio,con esso si vede
5089,s117,eye,bodypart,occhio,formato dall'iride
5090,s117,eye,bodypart,occhio,formato dalla pupilla
5091,s117,eye,bodypart,occhio,formato dalle cornee
5092,s117,eye,bodypart,occhio,nella facccia
5093,s117,eye,bodypart,occhio,ce ne sono 2 per ogni persona
5094,s117,monkey,mammal,scimmia,mammifero
5095,s117,monkey,mammal,scimmia,simile all'uomo
5096,s117,monkey,mammal,scimmia,onnivoro
5097,s117,monkey,mammal,scimmia,ha 4 zampe
5098,s117,monkey,mammal,scimmia,ha il pollice opponibile
5099,s117,monkey,mammal,scimmia,vive in tanti posti del mondo
5100,s117,woodpecker,bird,picchio,uccello
5101,s117,woodpecker,bird,picchio,ha un becco molto lungo
5102,s117,woodpecker,bird,picchio,ha un becco molto forte
5103,s117,woodpecker,bird,picchio,fa le uova
5104,s117,woodpecker,bird,picchio,fa i buchi negli alberi
5105,s117,woodpecker,bird,picchio,fa il nido nei buchi negli alberi
5106,s117,goose,bird,oca,uccello
5107,s117,goose,bird,oca,ha le zampe palmate
5108,s117,goose,bird,oca,ha le zampe arancioni
5109,s117,goose,bird,oca,fa le uova
5110,s117,goose,bird,oca,ha il collo lungo
5111,s117,goose,bird,oca,ha il becco arancione
5112,s117,goose,bird,oca,sa nuotare
5113,s117,goose,bird,oca,fa un verso fastidioso
5114,s117,train,vehicle,treno,è un mezzo
5115,s117,train,vehicle,treno,di trasporto
5116,s117,train,vehicle,treno,si muove su rotaie
5117,s117,train,vehicle,treno,formato da una locomotiva
5118,s117,train,vehicle,treno,formato dai vagoni
5119,s117,train,vehicle,treno,ha il pilota
5120,s117,corn,vegetable,mais,vegetale
5121,s117,corn,vegetable,mais,si ricava dalla pannocchia
5122,s117,corn,vegetable,mais,è giallo
5123,s117,corn,vegetable,mais,si usa per fare i pop-corn
5124,s117,corn,vegetable,mais,si mette nell'insalata
5125,s118,apple,fruit,mela,frutto
5126,s118,apple,fruit,mela,tondeggiante
5127,s118,apple,fruit,mela,in 3 colori
5128,s118,apple,fruit,mela,rossa
5129,s118,apple,fruit,mela,gialla
5130,s118,apple,fruit,mela,verde
5131,s118,apple,fruit,mela,cresce sugli alberi
5132,s118,apple,fruit,mela,buona da mangiare
5133,s118,apple,fruit,mela,si coltiva in campagna
5134,s118,chemise,clothing,camicia,capo di vestiario
5135,s118,chemise,clothing,camicia,maniche lunghe
5136,s118,chemise,clothing,camicia,maniche corte
5137,s118,bus,vehicle,autobus,mezzo
5138,s118,bus,vehicle,autobus,di locomozione
5139,s118,bus,vehicle,autobus,a 4 ruote
5140,s118,bus,vehicle,autobus,pubblico
5141,s118,bus,vehicle,autobus,guidato da un autista
5142,s118,bus,vehicle,autobus,porta molte persone
5143,s118,bus,vehicle,autobus,bisogna timbrare il biglietto
5144,s118,seagull,bird,gabbiano,uccello
5145,s118,seagull,bird,gabbiano,bianco
5146,s118,seagull,bird,gabbiano,si trova nelle vicinanze del mare
5147,s118,seagull,bird,gabbiano,fa le uova
5148,s118,seagull,bird,gabbiano,si organizza in colonie
5149,s118,owl,bird,gufo,uccello
5150,s118,owl,bird,gufo,rapace
5151,s118,owl,bird,gufo,vola di notte
5152,s118,owl,bird,gufo,si ciba di piccoli roditori
5153,s118,owl,bird,gufo,si ciba di piccoli animali
5154,s118,owl,bird,gufo,bianco
5155,s118,owl,bird,gufo,marrone
5156,s118,tower,building,torre,costruzione
5157,s118,tower,building,torre,si estende in verticale
5158,s118,tower,building,torre,si trovano nei castelli
5159,s118,tower,building,torre,mobile
5160,s118,tower,building,torre,di legno
5161,s118,tower,building,torre,campanaria
5162,s118,potato,vegetable,patata,radice
5163,s118,potato,vegetable,patata,cresce sottoterra
5164,s118,potato,vegetable,patata,viene dall'America
5165,s118,potato,vegetable,patata,si mangia
5166,s118,potato,vegetable,patata,viene bollita
5167,s118,potato,vegetable,patata,viene rosolata
5168,s118,potato,vegetable,patata,viene fatta al forno
5169,s118,potato,vegetable,patata,viene fritta
5170,s118,potato,vegetable,patata,ha colore giallastro
5171,s118,potato,vegetable,patata,contiene molto amido
5172,s118,finger,bodypart,dito,parte della mano
5173,s118,finger,bodypart,dito,ogni mano ne ha 5
5174,s118,finger,bodypart,dito,serve per indicare
5175,s118,finger,bodypart,dito,serve per impugnare
5176,s118,finger,bodypart,dito,ha un'unghia all'estremità
5177,s118,finger,bodypart,dito,ci si mette un anello
5178,s118,skyscraper,building,grattacielo,costruzione
5179,s118,skyscraper,building,grattacielo,si sviluppa in altezza
5180,s118,skyscraper,building,grattacielo,arriva a centinaia di metri
5181,s118,skyscraper,building,grattacielo,dentro ci sono appartamenti
5182,s118,skyscraper,building,grattacielo,dentro ci sono uffici
5183,s118,hand,bodypart,mano,la parte terminale del braccio
5184,s118,hand,bodypart,mano,possiede 5 dita
5185,s118,hand,bodypart,mano,serve ad afferrare
5186,s118,hand,bodypart,mano,serve a indicare
5187,s118,hand,bodypart,mano,serve a muovere
5188,s118,socks,clothing,calzini,sono indumenti
5189,s118,socks,clothing,calzini,si mettono ai piedi
5190,s118,socks,clothing,calzini,servono a tenere caldo
5191,s118,socks,clothing,calzini,servono a riparare dalle scarpe i piedi
5192,s118,socks,clothing,calzini,esistono quelli antiscivolo
5193,s118,jacket,clothing,giacca,indumento
5194,s118,jacket,clothing,giacca,si mette sopra alla felpa
5195,s118,jacket,clothing,giacca,si mette sopra alla camicia
5196,s118,jacket,clothing,giacca,si mette sopra alla maglia
5197,s118,jacket,clothing,giacca,serve a tenere caldo
5198,s118,jacket,clothing,giacca,serve a ripararsi
5199,s118,jacket,clothing,giacca,esistono quelle leggere
5200,s118,jacket,clothing,giacca,esistono quelle pesanti
5201,s118,jacket,clothing,giacca,esistono quelle a vento
5202,s118,jacket,clothing,giacca,esistono quelle da pioggia
5203,s118,table,furniture,tavolo,mobile
5204,s118,table,furniture,tavolo,ha 4 gambe
5205,s118,table,furniture,tavolo,ha una superficie piana
5206,s118,table,furniture,tavolo,serve per appoggiare qualcosa
5207,s118,table,furniture,tavolo,di legno
5208,s118,table,furniture,tavolo,di plastica
5209,s118,table,furniture,tavolo,di ferro
5210,s118,sweater,clothing,pullover,capo di vestiario
5211,s118,sweater,clothing,pullover,come una felpa
5212,s118,sweater,clothing,pullover,di lana
5213,s118,sweater,clothing,pullover,ha il collo alto
5214,s118,sweater,clothing,pullover,ha le maniche lunghe
5215,s118,rabbit,mammal,coniglio,è un animale
5216,s118,rabbit,mammal,coniglio,è erbivoro
5217,s118,rabbit,mammal,coniglio,ha le orecchie lunghe
5218,s118,rabbit,mammal,coniglio,si mangia a Pasqua
5219,s118,rabbit,mammal,coniglio,vari colori
5220,s118,rabbit,mammal,coniglio,pelliccia morbida
5221,s118,church,building,chiesa,costruzione
5222,s118,church,building,chiesa,si va per pregare
5223,s118,church,building,chiesa,ci sono vari tipi di chiese per ogni confessione
5224,s118,head,bodypart,testa,parte del corpo
5225,s118,head,bodypart,testa,nella testa c'è il cervello
5226,s118,head,bodypart,testa,ha i capelli
5227,s118,head,bodypart,testa,ha 2 occhi
5228,s118,head,bodypart,testa,ha 2 orecchie
5229,s118,head,bodypart,testa,ha 1 naso
5230,s118,head,bodypart,testa,ha 1 bocca
5231,s118,head,bodypart,testa,è attaccata al corpo tramite il collo
5232,s118,truck,vehicle,camion,strumento di locomozione
5233,s118,truck,vehicle,camion,serve a trasportare oggetti di grande massa
5234,s118,truck,vehicle,camion,ha un rimorchio
5235,s118,truck,vehicle,camion,ha 4 ruote
5236,s118,truck,vehicle,camion,lo guida 1 autista
5237,s118,truck,vehicle,camion,ha 3 posti a sedere
5238,s118,bed,furniture,letto,mobile
5239,s118,bed,furniture,letto,ha 4 gambe
5240,s118,bed,furniture,letto,c'è un materasso
5241,s118,bed,furniture,letto,serve per dormire
5242,s118,bed,furniture,letto,serve per stendersi
5243,s118,pineapple,fruit,ananas,frutto
5244,s118,pineapple,fruit,ananas,esotico
5245,s118,pineapple,fruit,ananas,giallo
5246,s118,pineapple,fruit,ananas,la buccia non si può mangiare
5247,s118,pineapple,fruit,ananas,"la buccia ha le ""spine"""
5248,s118,pineapple,fruit,ananas,ha un ciuffo di foglie in cima
5249,s118,pineapple,fruit,ananas,molto dolce
5250,s118,pear,fruit,pera,frutto
5251,s118,pear,fruit,pera,si coltiva sugli alberi
5252,s118,pear,fruit,pera,si fanno i succhi
5253,s118,pear,fruit,pera,ha una forma allungata
5254,s118,pear,fruit,pera,verde
5255,s118,pear,fruit,pera,giallo-marrone
5256,s118,leg,bodypart,gamba,parte del corpo
5257,s118,leg,bodypart,gamba,ce ne sono 2
5258,s118,leg,bodypart,gamba,terminano con i piedi
5259,s118,leg,bodypart,gamba,partono dal bacino
5260,s118,leg,bodypart,gamba,servono per camminare
5261,s118,leg,bodypart,gamba,servono per muoversi
5262,s118,leg,bodypart,gamba,si può piegare
5263,s118,bridge,building,ponte,costruzione
5264,s118,bridge,building,ponte,allungata
5265,s118,bridge,building,ponte,serve a poter passare un fiume
5266,s118,bridge,building,ponte,è in pietra
5267,s118,bridge,building,ponte,in legno
5268,s118,bridge,building,ponte,molto ben strutturata
5269,s118,tongs,implement,pinze,strumento
5270,s118,tongs,implement,pinze,metallico
5271,s118,tongs,implement,pinze,di varia grandezza
5272,s118,tongs,implement,pinze,serve per afferrare
5273,s118,tongs,implement,pinze,serve per strappare
5274,s118,tongs,implement,pinze,composta da 2 corpi uniti al centro
5275,s118,spinach,vegetable,spinaci,verdura
5276,s118,spinach,vegetable,spinaci,verdi
5277,s118,spinach,vegetable,spinaci,si coltivano nell'orto
5278,s118,spinach,vegetable,spinaci,li mangia Braccio di Ferro
5279,s118,spinach,vegetable,spinaci,si mangiano
5280,s118,spinach,vegetable,spinaci,cotti
5281,s118,spinach,vegetable,spinaci,si usano per fare gli spätzle
5282,s119,bear,mammal,orso,essere vivente
5283,s119,bear,mammal,orso,animale
5284,s119,bear,mammal,orso,di diverse specie
5285,s119,bear,mammal,orso,ha la pelliccia bianca
5286,s119,bear,mammal,orso,ha la pelliccia bruna
5287,s119,bear,mammal,orso,ha la pelliccia grigia
5288,s119,bear,mammal,orso,si nutre di carne
5289,s119,bear,mammal,orso,si nutre di pesce
5290,s119,peas,vegetable,piselli,verdura
5291,s119,peas,vegetable,piselli,di colore verde
5292,s119,peas,vegetable,piselli,si mangia
5293,s119,peas,vegetable,piselli,si presenta in un bacello
5294,s119,peas,vegetable,piselli,piccoli pallini
5295,s119,peas,vegetable,piselli,commestibili
5296,s119,paintbrush,implement,pennello,attrezzo
5297,s119,paintbrush,implement,pennello,con forma allungata
5298,s119,paintbrush,implement,pennello,si usa per dipingere
5299,s119,paintbrush,implement,pennello,la utilizzano i pittori
5300,s119,paintbrush,implement,pennello,la utilizzano gli artisti
5301,s119,paintbrush,implement,pennello,la sua forma permette di impregnarlo
5302,s119,paintbrush,implement,pennello,le setole si usano per intingere il colore
5303,s119,paintbrush,implement,pennello,le setole si usano per dipingere
5304,s119,shoes,clothing,scarpe,oggetto
5305,s119,shoes,clothing,scarpe,si indossa per uscire di casa
5306,s119,shoes,clothing,scarpe,si indossa per camminare
5307,s119,shoes,clothing,scarpe,si mettono ai piedi
5308,s119,shoes,clothing,scarpe,di diverso colore
5309,s119,shoes,clothing,scarpe,di diversa forma
5310,s119,shoes,clothing,scarpe,di diverso materiale
5311,s119,shoes,clothing,scarpe,hanno dei lacci per stringerle ai piedi
5312,s119,ship,vehicle,nave,mezzo
5313,s119,ship,vehicle,nave,di trasporto
5314,s119,ship,vehicle,nave,si utilizza per navigare sull'acqua
5315,s119,ship,vehicle,nave,ha dimensioni grandi
5316,s119,ship,vehicle,nave,galleggia
5317,s119,ship,vehicle,nave,si prende per raggiungere isole
5318,s119,ship,vehicle,nave,si prende per spostarsi sul mare verso altri continenti
5319,s119,sparrow,bird,passero,animale
5320,s119,sparrow,bird,passero,volatile
5321,s119,sparrow,bird,passero,ha le ali
5322,s119,sparrow,bird,passero,ha le penne
5323,s119,sparrow,bird,passero,fa un verso che lo accomuna agli altri animali
5324,s119,sparrow,bird,passero,ha delle piccole zampe
5325,s119,sparrow,bird,passero,ha un becco
5326,s119,onion,vegetable,cipolla,vegetale
5327,s119,onion,vegetable,cipolla,si utilizza in cucina
5328,s119,onion,vegetable,cipolla,quando si taglia fa lacrimare
5329,s119,onion,vegetable,cipolla,fatto a strati
5330,s119,onion,vegetable,cipolla,ha la buccia
5331,s119,onion,vegetable,cipolla,è bianca
5332,s119,onion,vegetable,cipolla,è rossa
5333,s119,sword,implement,spada,oggetto
5334,s119,sword,implement,spada,si può utilizzare come arma
5335,s119,sword,implement,spada,la usavano nel medioevo in guerra
5336,s119,sword,implement,spada,ha diverse forme
5337,s119,sword,implement,spada,ha diverse lunghezze
5338,s119,sword,implement,spada,ha una lama di ferro
5339,s119,sword,implement,spada,ha una lama di acciaio
5340,s119,sword,implement,spada,con cui si trafigge
5341,s119,sword,implement,spada,ha un manico per impugnarla
5342,s119,airplane,vehicle,aeroplano,mezzo
5343,s119,airplane,vehicle,aeroplano,di trasporto
5344,s119,airplane,vehicle,aeroplano,ha delle ali
5345,s119,airplane,vehicle,aeroplano,ha un motore
5346,s119,airplane,vehicle,aeroplano,che gli permettono di volare
5347,s119,airplane,vehicle,aeroplano,si usa per muoversi
5348,s119,airplane,vehicle,aeroplano,guidato da un pilota
5349,s119,closet,furniture,armadio,mobile
5350,s119,closet,furniture,armadio,in cui si ripongono i vestiti
5351,s119,closet,furniture,armadio,ha gli scaffali
5352,s119,closet,furniture,armadio,ha gli appendini
5353,s119,closet,furniture,armadio,si mette nelle camere da letto
5354,s119,closet,furniture,armadio,di legno
5355,s119,closet,furniture,armadio,di altri materiali
5356,s119,chair,furniture,sedia,mobile
5357,s119,chair,furniture,sedia,su cui ci si siede
5358,s119,chair,furniture,sedia,ha gambe su cui poggia
5359,s119,chair,furniture,sedia,ha schienale
5360,s119,chair,furniture,sedia,ha dei braccioli
5361,s119,chair,furniture,sedia,di legno
5362,s119,chair,furniture,sedia,di accciaio
5363,s119,chair,furniture,sedia,di altri materiali
5364,s119,armchair,furniture,poltrona,mobile
5365,s119,armchair,furniture,poltrona,su cui ci si siede
5366,s119,armchair,furniture,poltrona,simile alla sedia per funzione
5367,s119,armchair,furniture,poltrona,imbottita con materiali morbidi
5368,s119,armchair,furniture,poltrona,più comoda della sedia
5369,s119,armchair,furniture,poltrona,ha un poggia-testa
5370,s119,horse,mammal,cavallo,animale
5371,s119,horse,mammal,cavallo,quadrupede
5372,s119,horse,mammal,cavallo,erbivoro
5373,s119,horse,mammal,cavallo,diverse razze
5374,s119,horse,mammal,cavallo,diversi colori
5375,s119,horse,mammal,cavallo,diverse dimensioni
5376,s119,horse,mammal,cavallo,si usava per spostarsi
5377,s119,horse,mammal,cavallo,si usa nelle gare all'ippodromo
5378,s119,horse,mammal,cavallo,carne che viene macellata
5379,s119,horse,mammal,cavallo,carne che viene mangiata
5380,s119,broom,implement,scopa,attrezzo con un manico
5381,s119,broom,implement,scopa,attrezzo con una spazzola in fondo
5382,s119,broom,implement,scopa,il manico si impugna con 2 mani
5383,s119,broom,implement,scopa,muovendola sul pavimento ordinatamente
5384,s119,broom,implement,scopa,aiuta a pulire
5385,s119,broom,implement,scopa,spazza la polvere
5386,s119,garage,building,garage,luogo
5387,s119,garage,building,garage,destinato a riporre la macchina
5388,s119,garage,building,garage,interrato
5389,s119,garage,building,garage,al piano terra
5390,s119,garage,building,garage,ha una grande entrata
5391,s119,orange,fruit,arancia,frutto
5392,s119,orange,fruit,arancia,arancione
5393,s119,orange,fruit,arancia,con spicchi
5394,s119,orange,fruit,arancia,con una buccia
5395,s119,orange,fruit,arancia,si mangia
5396,s119,orange,fruit,arancia,cresce sugli alberi d'arancia
5397,s119,cherry,fruit,ciliegia,frutto
5398,s119,cherry,fruit,ciliegia,con un nocciolo interno
5399,s119,cherry,fruit,ciliegia,ha colore rosso-viola
5400,s119,cherry,fruit,ciliegia,cresce sugli alberi
5401,s119,cherry,fruit,ciliegia,si mangia
5402,s119,comb,implement,pettine,attrezzo
5403,s119,comb,implement,pettine,oggetto
5404,s119,comb,implement,pettine,utilizzato per pettinare i capelli
5405,s119,comb,implement,pettine,si passa sui capelli
5406,s119,comb,implement,pettine,ha una forma allungata
5407,s119,comb,implement,pettine,ha una forma piatta
5408,s119,comb,implement,pettine,ha delle estole
5409,s119,comb,implement,pettine,ha dei denti
5410,s119,dog,mammal,cane,animale
5411,s119,dog,mammal,cane,addomesticabile
5412,s119,dog,mammal,cane,gli uomini spesso ne hanno 1
5413,s119,dog,mammal,cane,ha 4 zampe
5414,s119,dog,mammal,cane,ha 2 occhi
5415,s119,dog,mammal,cane,ha 1 bocca
5416,s119,dog,mammal,cane,si tiene in casa
5417,s119,dog,mammal,cane,richiede molte cure
5418,s119,eye,bodypart,occhio,parte anatomica del corpo
5419,s119,eye,bodypart,occhio,permette di muoversi avendo una dimensione dello spazio e di ciò che ci circonda
5420,s119,monkey,mammal,scimmia,animale
5421,s119,monkey,mammal,scimmia,quadrupede
5422,s119,monkey,mammal,scimmia,di grande intelligenza
5423,s119,monkey,mammal,scimmia,l'uomo deriva dalla scimmia
5424,s119,monkey,mammal,scimmia,ha il pelo
5425,s119,woodpecker,bird,picchio,animale
5426,s119,woodpecker,bird,picchio,uccello
5427,s119,woodpecker,bird,picchio,può volare
5428,s119,woodpecker,bird,picchio,ha le ali
5429,s119,woodpecker,bird,picchio,batte sugli alberi con il becco per scavare la tana
5430,s119,woodpecker,bird,picchio,ha colori particolari
5431,s119,woodpecker,bird,picchio,ha colori vivaci
5432,s119,goose,bird,oca,animale
5433,s119,goose,bird,oca,ha le ali
5434,s119,goose,bird,oca,non vola
5435,s119,goose,bird,oca,vive sulla terra
5436,s119,goose,bird,oca,vive sull'acqua
5437,s119,goose,bird,oca,fa un verso particolare
5438,s119,train,vehicle,treno,mezzo
5439,s119,train,vehicle,treno,si usa per muoversi
5440,s119,train,vehicle,treno,va sulle rotaie
5441,s119,train,vehicle,treno,si ferma più volte per far salire e scendere la gente
5442,s119,train,vehicle,treno,ha delle poltrone per sedersi
5443,s119,corn,vegetable,mais,cereale
5444,s119,corn,vegetable,mais,cresce sulle pannocchie
5445,s119,corn,vegetable,mais,viene dall'America
5446,s119,corn,vegetable,mais,colore giallo
5447,s119,corn,vegetable,mais,forma allungata
5448,s120,apple,fruit,mela,frutteto
5449,s120,apple,fruit,mela,meleto
5450,s120,apple,fruit,mela,si mangia
5451,s120,apple,fruit,mela,gialla
5452,s120,apple,fruit,mela,verde
5453,s120,apple,fruit,mela,rossa
5454,s120,apple,fruit,mela,un frutto
5455,s120,chemise,clothing,camicia,stirare
5456,s120,chemise,clothing,camicia,abito
5457,s120,chemise,clothing,camicia,indossato da lavoratori d'ufficio
5458,s120,chemise,clothing,camicia,bottoni
5459,s120,bus,vehicle,autobus,mezzo
5460,s120,bus,vehicle,autobus,di trasporto
5461,s120,bus,vehicle,autobus,pubblico
5462,s120,bus,vehicle,autobus,pagare il biglietto
5463,s120,bus,vehicle,autobus,fermata
5464,s120,seagull,bird,gabbiano,uccello
5465,s120,seagull,bird,gabbiano,bianco
5466,s120,seagull,bird,gabbiano,che vola in prossimità del mare
5467,s120,seagull,bird,gabbiano,segna il maltempo
5468,s120,owl,bird,gufo,animale
5469,s120,owl,bird,gufo,notturno
5470,s120,owl,bird,gufo,vede nel buio
5471,s120,owl,bird,gufo,vola in modo silenzioso
5472,s120,owl,bird,gufo,vive nei boschi
5473,s120,owl,bird,gufo,occhi appariscenti
5474,s120,tower,building,torre,pezzo del gioco di scacchi
5475,s120,tower,building,torre,struttura
5476,s120,tower,building,torre,di difesa
5477,s120,tower,building,torre,ha funzione di vedetta
5478,s120,tower,building,torre,diffusa nell'antichità
5479,s120,tower,building,torre,fa parte del castello
5480,s120,potato,vegetable,patata,importata dall'America
5481,s120,potato,vegetable,patata,è un tubero
5482,s120,potato,vegetable,patata,cucinato in vari modi
5483,s120,finger,bodypart,dito,parte della mano
5484,s120,finger,bodypart,dito,5 dita
5485,s120,finger,bodypart,dito,la si usa per indicare
5486,s120,finger,bodypart,dito,la si usa per contare
5487,s120,finger,bodypart,dito,falange
5488,s120,finger,bodypart,dito,falangine
5489,s120,finger,bodypart,dito,falangette
5490,s120,skyscraper,building,grattacielo,edificio
5491,s120,skyscraper,building,grattacielo,costituito da un gran numero di piani
5492,s120,skyscraper,building,grattacielo,molto diffusi in grandi città come Shangai e New York
5493,s120,hand,bodypart,mano,fa parte del corpo umano
5494,s120,hand,bodypart,mano,usata per afferrare oggetti
5495,s120,hand,bodypart,mano,leggere la vita sulla mano
5496,s120,hand,bodypart,mano,leggere il futuro sulla mano
5497,s120,socks,clothing,calzini,sempre a coppie
5498,s120,socks,clothing,calzini,di diverse dimensioni
5499,s120,socks,clothing,calzini,lunghi
5500,s120,socks,clothing,calzini,corti
5501,s120,socks,clothing,calzini,abito
5502,s120,socks,clothing,calzini,indossato ai piedi
5503,s120,jacket,clothing,giacca,abito
5504,s120,jacket,clothing,giacca,con funzione di riscaldare la persona
5505,s120,jacket,clothing,giacca,di diverse taglie
5506,s120,jacket,clothing,giacca,di diversi colori
5507,s120,jacket,clothing,giacca,di diverse misure
5508,s120,jacket,clothing,giacca,con tasche
5509,s120,table,furniture,tavolo,piano
5510,s120,table,furniture,tavolo,munito di 4 gambe per sostenerlo
5511,s120,table,furniture,tavolo,ci si appoggiano sopra gli oggetti
5512,s120,sweater,clothing,pullover,indumento
5513,s120,sweater,clothing,pullover,indossato nei periodi invernali
5514,s120,sweater,clothing,pullover,serve a scaldare la persona
5515,s120,sweater,clothing,pullover,diversi colori
5516,s120,sweater,clothing,pullover,diverse fantasie
5517,s120,sweater,clothing,pullover,venduto nei negozi
5518,s120,rabbit,mammal,coniglio,animale
5519,s120,rabbit,mammal,coniglio,che vive nei prati
5520,s120,rabbit,mammal,coniglio,noto per la coda
5521,s120,rabbit,mammal,coniglio,mangiare la carne di coniglio
5522,s120,rabbit,mammal,coniglio,salta
5523,s120,rabbit,mammal,coniglio,ha i denti sporgenti
5524,s120,rabbit,mammal,coniglio,le orecchie lunghe
5525,s120,church,building,chiesa,edificio
5526,s120,church,building,chiesa,comunità di fedeli
5527,s120,church,building,chiesa,diverse architetture
5528,s120,church,building,chiesa,riempita di affreschi
5529,s120,church,building,chiesa,riempita di mosaici
5530,s120,church,building,chiesa,riempita di cupole
5531,s120,church,building,chiesa,riempita colonne
5532,s120,church,building,chiesa,riempita di pilastri
5533,s120,church,building,chiesa,duomo
5534,s120,head,bodypart,testa,parte del corpo
5535,s120,head,bodypart,testa,in cui risiede il cervello
5536,s120,head,bodypart,testa,parte più pesante del corpo
5537,s120,head,bodypart,testa,coperta da capelli
5538,s120,head,bodypart,testa,moneta a testa o croce
5539,s120,truck,vehicle,camion,mezzo
5540,s120,truck,vehicle,camion,di trasporto
5541,s120,truck,vehicle,camion,di merci
5542,s120,truck,vehicle,camion,di grandi dimensioni
5543,s120,bed,furniture,letto,ci si dorme sopra
5544,s120,bed,furniture,letto,si trova nelle camere
5545,s120,bed,furniture,letto,coperto da piumino
5546,s120,bed,furniture,letto,coperto da coperte
5547,s120,pineapple,fruit,ananas,frutto
5548,s120,pineapple,fruit,ananas,tropicale
5549,s120,pineapple,fruit,ananas,molto dolce
5550,s120,pineapple,fruit,ananas,abbinato a gelati
5551,s120,pineapple,fruit,ananas,abbinato a drink
5552,s120,pineapple,fruit,ananas,gialla
5553,s120,pear,fruit,pera,frutto
5554,s120,pear,fruit,pera,dalla forma particolare
5555,s120,pear,fruit,pera,succo di pera
5556,s120,pear,fruit,pera,di vari colori
5557,s120,pear,fruit,pera,di vari provenienze
5558,s120,pear,fruit,pera,albero: pero
5559,s120,leg,bodypart,gamba,parte del corpo
5560,s120,leg,bodypart,gamba,2 gambe
5561,s120,leg,bodypart,gamba,costituita da muscoli
5562,s120,leg,bodypart,gamba,costituita da ossa
5563,s120,leg,bodypart,gamba,costituita da tendini
5564,s120,leg,bodypart,gamba,costituita da legamenti
5565,s120,leg,bodypart,gamba,costituita da articolazioni
5566,s120,leg,bodypart,gamba,sorreggono il resto del corpo
5567,s120,bridge,building,ponte,congiunge 2 posti
5568,s120,bridge,building,ponte,congiunge 2 rive di un fiume
5569,s120,bridge,building,ponte,struttura architettonica
5570,s120,bridge,building,ponte,ci passano sopra auto
5571,s120,bridge,building,ponte,ci passano sopra pedoni
5572,s120,spinach,vegetable,spinaci,verdure
5573,s120,spinach,vegetable,spinaci,verdi
5574,s120,spinach,vegetable,spinaci,danno forza
5575,s121,bear,mammal,orso,ha la pelliccia
5576,s121,bear,mammal,orso,di grandi dimensioni
5577,s121,bear,mammal,orso,animale
5578,s121,bear,mammal,orso,dotato di zanne
5579,s121,bear,mammal,orso,dotato di unghie
5580,s121,bear,mammal,orso,carnivoro
5581,s121,bear,mammal,orso,vive nei boschi
5582,s121,peas,vegetable,piselli,sono verdi
5583,s121,peas,vegetable,piselli,sono commestibili
5584,s121,peas,vegetable,piselli,crescono sulle piante
5585,s121,peas,vegetable,piselli,sono piccoli
5586,s121,peas,vegetable,piselli,sono buoni da mangiare
5587,s121,paintbrush,implement,pennello,serve per dipingere
5588,s121,paintbrush,implement,pennello,ha un manico di legno
5589,s121,paintbrush,implement,pennello,sottile
5590,s121,paintbrush,implement,pennello,ha un ciuffo di peli di animale
5591,s121,paintbrush,implement,pennello,ha un ciuffo di fibre
5592,s121,shoes,clothing,scarpe,si mettono ai piedi
5593,s121,shoes,clothing,scarpe,di diverse forme
5594,s121,shoes,clothing,scarpe,di diversi colori
5595,s121,shoes,clothing,scarpe,hanno i lacci
5596,s121,ship,vehicle,nave,serve per mangiare
5597,s121,ship,vehicle,nave,utilizza delle vele
5598,s121,ship,vehicle,nave,utilizza un motore
5599,s121,ship,vehicle,nave,grande
5600,s121,ship,vehicle,nave,di ferro
5601,s121,ship,vehicle,nave,di legno
5602,s121,sparrow,bird,passero,un uccello
5603,s121,sparrow,bird,passero,un animale
5604,s121,sparrow,bird,passero,piccolo
5605,s121,sparrow,bird,passero,cinguetta
5606,s121,sparrow,bird,passero,ha le piume
5607,s121,onion,vegetable,cipolla,piccola
5608,s121,onion,vegetable,cipolla,bianca
5609,s121,onion,vegetable,cipolla,puzza
5610,s121,onion,vegetable,cipolla,cresce sottoterra
5611,s121,onion,vegetable,cipolla,commestibile
5612,s121,sword,implement,spada,di ferro
5613,s121,sword,implement,spada,ha un manico
5614,s121,sword,implement,spada,ha una lama
5615,s121,sword,implement,spada,è pesante
5616,s121,sword,implement,spada,lunga
5617,s121,sword,implement,spada,corta
5618,s121,sword,implement,spada,taglia
5619,s121,sword,implement,spada,è affilata
5620,s121,airplane,vehicle,aeroplano,ha le ali
5621,s121,airplane,vehicle,aeroplano,vola
5622,s121,airplane,vehicle,aeroplano,ha un alettone
5623,s121,airplane,vehicle,aeroplano,trasporta diverse persone
5624,s121,airplane,vehicle,aeroplano,pesante
5625,s121,airplane,vehicle,aeroplano,serve per viaggiare
5626,s121,closet,furniture,armadio,di legno
5627,s121,closet,furniture,armadio,ha ante
5628,s121,closet,furniture,armadio,si trova all'interno di edifici
5629,s121,closet,furniture,armadio,vi si ripongono le cose
5630,s121,chair,furniture,sedia,serve per sedersi
5631,s121,chair,furniture,sedia,di diversi materiali
5632,s121,chair,furniture,sedia,si trova negli edifici
5633,s121,chair,furniture,sedia,mobile
5634,s121,armchair,furniture,poltrona,serve per sedersi
5635,s121,armchair,furniture,poltrona,comoda
5636,s121,armchair,furniture,poltrona,dotata di cuscini
5637,s121,armchair,furniture,poltrona,morbida
5638,s121,armchair,furniture,poltrona,un mobile
5639,s121,armchair,furniture,poltrona,si trova nelle abitazioni
5640,s121,horse,mammal,cavallo,ha gli zoccoli
5641,s121,horse,mammal,cavallo,grande
5642,s121,horse,mammal,cavallo,di diversi colori
5643,s121,horse,mammal,cavallo,molto veloce
5644,s121,horse,mammal,cavallo,si cavalca
5645,s121,horse,mammal,cavallo,erbivoro
5646,s121,broom,implement,scopa,oggetto
5647,s121,broom,implement,scopa,serve per pulire per terra
5648,s121,broom,implement,scopa,ha un manico di legno
5649,s121,garage,building,garage,un immobile
5650,s121,garage,building,garage,vicino alle abitazioni
5651,s121,garage,building,garage,sottoterra
5652,s121,garage,building,garage,serve per metterci le macchine
5653,s121,garage,building,garage,serve per metterci oggetti
5654,s121,garage,building,garage,di dimensioni variabili
5655,s121,orange,fruit,arancia,frutto
5656,s121,orange,fruit,arancia,cresce sugli alberi
5657,s121,orange,fruit,arancia,arancione
5658,s121,orange,fruit,arancia,ha forma sferica
5659,s121,orange,fruit,arancia,commestibile
5660,s121,cherry,fruit,ciliegia,frutto
5661,s121,cherry,fruit,ciliegia,cresce sugli alberi
5662,s121,cherry,fruit,ciliegia,di colore rosso scuro
5663,s121,cherry,fruit,ciliegia,piccola
5664,s121,cherry,fruit,ciliegia,commestibile
5665,s121,comb,implement,pettine,si usa per sciogliere i nodi dei capelli
5666,s121,comb,implement,pettine,piccolo
5667,s121,comb,implement,pettine,ha dei dentelli
5668,s121,comb,implement,pettine,di colori differenti
5669,s121,dog,mammal,cane,animale
5670,s121,dog,mammal,cane,ha la pelliccia
5671,s121,dog,mammal,cane,ha 4 zampe
5672,s121,dog,mammal,cane,di colori differenti
5673,s121,eye,bodypart,occhio,serve per vedere
5674,s121,eye,bodypart,occhio,sferico
5675,s121,eye,bodypart,occhio,di diversi colori
5676,s121,eye,bodypart,occhio,fa parte del corpo umano
5677,s121,monkey,mammal,scimmia,animale
5678,s121,monkey,mammal,scimmia,bipede
5679,s121,monkey,mammal,scimmia,simile all'uomo
5680,s121,monkey,mammal,scimmia,ha la pelliccia
5681,s121,monkey,mammal,scimmia,vive nella giungla
5682,s121,monkey,mammal,scimmia,si nutre di frutta
5683,s121,monkey,mammal,scimmia,si nutre di foglie
5684,s121,woodpecker,bird,picchio,un uccello
5685,s121,woodpecker,bird,picchio,ha un becco lungo
5686,s121,woodpecker,bird,picchio,ha un becco appuntito
5687,s121,woodpecker,bird,picchio,ha le piume
5688,s121,woodpecker,bird,picchio,vola
5689,s121,goose,bird,oca,volatile
5690,s121,goose,bird,oca,ha il collo lungo
5691,s121,goose,bird,oca,ha il becco
5692,s121,goose,bird,oca,piedi palmati
5693,s121,goose,bird,oca,migra
5694,s121,train,vehicle,treno,veicolo
5695,s121,train,vehicle,treno,ha molte ruote
5696,s121,train,vehicle,treno,viaggia sulle rotaie
5697,s121,train,vehicle,treno,fa rumore
5698,s121,corn,vegetable,mais,giallo
5699,s121,corn,vegetable,mais,commestibile
5700,s121,corn,vegetable,mais,a chicchi
5701,s121,corn,vegetable,mais,cresce sulle pannocchie
5702,s122,apple,fruit,mela,rossa
5703,s122,apple,fruit,mela,gialla
5704,s122,apple,fruit,mela,verde
5705,s122,apple,fruit,mela,rotonda
5706,s122,apple,fruit,mela,dolce
5707,s122,apple,fruit,mela,bianca dentro
5708,s122,chemise,clothing,camicia,si indossa
5709,s122,chemise,clothing,camicia,di cotone
5710,s122,chemise,clothing,camicia,bianca
5711,s122,chemise,clothing,camicia,di qualsiasi colore
5712,s122,bus,vehicle,autobus,mezzo
5713,s122,bus,vehicle,autobus,di trasporto
5714,s122,bus,vehicle,autobus,grande
5715,s122,bus,vehicle,autobus,a Bolzano è arancione
5716,s122,bus,vehicle,autobus,rosso in Inghilterra
5717,s122,bus,vehicle,autobus,ha al suo interno sedili
5718,s122,seagull,bird,gabbiano,uccello
5719,s122,seagull,bird,gabbiano,bianco
5720,s122,seagull,bird,gabbiano,si trova nei pressi del mare
5721,s122,seagull,bird,gabbiano,si trova nei pressi delle discariche
5722,s122,seagull,bird,gabbiano,ha il becco giallo
5723,s122,seagull,bird,gabbiano,ha le punte delle ali nere
5724,s122,seagull,bird,gabbiano,ha una voce stridente
5725,s122,owl,bird,gufo,ucello
5726,s122,owl,bird,gufo,notturno
5727,s122,owl,bird,gufo,mangia topi
5728,s122,owl,bird,gufo,mangia piccoli animaletti
5729,s122,owl,bird,gufo,ha due grandi occhi tondi
5730,s122,owl,bird,gufo,è grande
5731,s122,tower,building,torre,è un edificio
5732,s122,tower,building,torre,alto
5733,s122,tower,building,torre,abitabile
5734,s122,tower,building,torre,parte di un castello
5735,s122,tower,building,torre,separata
5736,s122,potato,vegetable,patata,farinosa
5737,s122,potato,vegetable,patata,rotondeggiante
5738,s122,potato,vegetable,patata,marrone
5739,s122,potato,vegetable,patata,si mangia
5740,s122,potato,vegetable,patata,farinosa se cotta
5741,s122,potato,vegetable,patata,da cruda è giallognola all'interno
5742,s122,finger,bodypart,dito,lungo
5743,s122,finger,bodypart,dito,sottile
5744,s122,finger,bodypart,dito,ce ne sono 5 per mano
5745,s122,finger,bodypart,dito,ce ne sono 5 per piede
5746,s122,finger,bodypart,dito,ha un'unghia sull'estremità
5747,s122,finger,bodypart,dito,roseo
5748,s122,skyscraper,building,grattacielo,molto alto
5749,s122,skyscraper,building,grattacielo,rettangolare
5750,s122,skyscraper,building,grattacielo,di varie forme
5751,s122,skyscraper,building,grattacielo,ha superficie vitrea
5752,s122,skyscraper,building,grattacielo,scuro
5753,s122,hand,bodypart,mano,ogni persona ne ha 2
5754,s122,hand,bodypart,mano,rosea
5755,s122,hand,bodypart,mano,per ogni mano ci sono 5 dita
5756,s122,hand,bodypart,mano,la mano delle donne è più affusolata
5757,s122,socks,clothing,calzini,si mettono sui piedi
5758,s122,socks,clothing,calzini,quelli femminili sono più colorati
5759,s122,jacket,clothing,giacca,si mette sopra gli altri vestiti
5760,s122,jacket,clothing,giacca,si usa nella stagione fredda
5761,s122,jacket,clothing,giacca,è sintetica
5762,s122,jacket,clothing,giacca,può avere piume al suo interno
5763,s122,table,furniture,tavolo,rettangolare
5764,s122,table,furniture,tavolo,rotondo
5765,s122,table,furniture,tavolo,ha 4 gambe che lo sostengono
5766,s122,table,furniture,tavolo,ha 3 gambe che lo sostengono
5767,s122,table,furniture,tavolo,di legno
5768,s122,sweater,clothing,pullover,di lana
5769,s122,sweater,clothing,pullover,sintetico
5770,s122,sweater,clothing,pullover,tiene caldo
5771,s122,sweater,clothing,pullover,morbido
5772,s122,sweater,clothing,pullover,si mette sopra le maglie
5773,s122,sweater,clothing,pullover,si mette sopra le camicie
5774,s122,sweater,clothing,pullover,si mette sotto la giacca
5775,s122,rabbit,mammal,coniglio,ha un pelo soffice
5776,s122,rabbit,mammal,coniglio,animale
5777,s122,rabbit,mammal,coniglio,molto timido
5778,s122,rabbit,mammal,coniglio,ha le orecchie lunghe
5779,s122,rabbit,mammal,coniglio,mangia erba
5780,s122,rabbit,mammal,coniglio,mangia verdura
5781,s122,rabbit,mammal,coniglio,"ha una coda ""a batuffolo"""
5782,s122,church,building,chiesa,edificio
5783,s122,church,building,chiesa,er quelli che pregano
5784,s122,church,building,chiesa,quelle moderne sono grandi
5785,s122,head,bodypart,testa,coperta dai capelli
5786,s122,head,bodypart,testa,ci sono 2 occhi
5787,s122,head,bodypart,testa,c'è 1 naso
5788,s122,head,bodypart,testa,c'è 1 bocca
5789,s122,head,bodypart,testa,ci sono 2 orecchie
5790,s122,head,bodypart,testa,ci sono 2 guance
5791,s122,head,bodypart,testa,ci sono 2 sopracciglia
5792,s122,truck,vehicle,camion,lungo
5793,s122,truck,vehicle,camion,trasporta prodotti da un luogo all'altro
5794,s122,bed,furniture,letto,rettangolare
5795,s122,bed,furniture,letto,vi è un materasso
5796,s122,bed,furniture,letto,vi è un cuscino
5797,s122,bed,furniture,letto,vi è una coperta
5798,s122,bed,furniture,letto,si usa per dormire
5799,s122,pineapple,fruit,ananas,ha forma allungata
5800,s122,pineapple,fruit,ananas,marrone fuori
5801,s122,pineapple,fruit,ananas,giallo dentro
5802,s122,pineapple,fruit,ananas,acido
5803,s122,pineapple,fruit,ananas,ha un pennacchio di foglie verdi su un'estremità
5804,s122,pear,fruit,pera,ha la forma di una lampadina
5805,s122,pear,fruit,pera,pìu stretto sotto
5806,s122,pear,fruit,pera,più largo sopra
5807,s122,pear,fruit,pera,dolce
5808,s122,pear,fruit,pera,marrone all'esterno
5809,s122,pear,fruit,pera,verde all'esterno
5810,s122,pear,fruit,pera,si mangia
5811,s122,leg,bodypart,gamba,si usa per camminare
5812,s122,leg,bodypart,gamba,si usa per correre
5813,s122,leg,bodypart,gamba,si usa per saltare
5814,s122,leg,bodypart,gamba,su ogni gamba c'è un piede con 5 dita
5815,s122,leg,bodypart,gamba,ogni uomo ne ha 2
5816,s122,leg,bodypart,gamba,si piegano all'altezza del ginocchio
5817,s122,leg,bodypart,gamba,si piegano all'altezza delle caviglie
5818,s122,bridge,building,ponte,serve per attraversare un fiume
5819,s122,bridge,building,ponte,serve per attraversare un canale
5820,s122,bridge,building,ponte,per sole macchine
5821,s122,bridge,building,ponte,per pedoni
5822,s122,bridge,building,ponte,per treni
5823,s122,bridge,building,ponte,per ogni mezzo
5824,s122,tongs,implement,pinze,metalliche
5825,s122,spinach,vegetable,spinaci,verdi
5826,s122,spinach,vegetable,spinaci,commestibili
5827,s122,spinach,vegetable,spinaci,si mangiano
5828,s122,spinach,vegetable,spinaci,cotti
5829,s123,bear,mammal,orso,mammifero
5830,s123,bear,mammal,orso,pelliccia
5831,s123,bear,mammal,orso,bruno
5832,s123,bear,mammal,orso,polare
5833,s123,bear,mammal,orso,terrestre
5834,s123,bear,mammal,orso,4 zampe
5835,s123,bear,mammal,orso,vive in montagna
5836,s123,bear,mammal,orso,vive sui ghiacciai
5837,s123,bear,mammal,orso,si nutre di carne
5838,s123,bear,mammal,orso,si nutre di pesce
5839,s123,peas,vegetable,piselli,leguminosa
5840,s123,peas,vegetable,piselli,verdi
5841,s123,peas,vegetable,piselli,commestibili
5842,s123,peas,vegetable,piselli,a forma di sfera
5843,s123,peas,vegetable,piselli,di piccole dimensioni
5844,s123,peas,vegetable,piselli,si presentano in un unico bacello
5845,s123,paintbrush,implement,pennello,strumento
5846,s123,paintbrush,implement,pennello,usato per dipingere
5847,s123,paintbrush,implement,pennello,ha un'impugnatura lunga
5848,s123,paintbrush,implement,pennello,parte estrema composta da setole
5849,s123,paintbrush,implement,pennello,differenti misure a seconda del tipo di pittura
5850,s123,shoes,clothing,scarpe,abbigliamento
5851,s123,shoes,clothing,scarpe,si mettono ai piedi
5852,s123,shoes,clothing,scarpe,sono stringate
5853,s123,shoes,clothing,scarpe,hanno una suola
5854,s123,shoes,clothing,scarpe,eleganti
5855,s123,shoes,clothing,scarpe,sportive
5856,s123,shoes,clothing,scarpe,hanno il tacco
5857,s123,ship,vehicle,nave,mezzo
5858,s123,ship,vehicle,nave,di trasporto
5859,s123,ship,vehicle,nave,acquatico
5860,s123,ship,vehicle,nave,composto da una chiglia
5861,s123,ship,vehicle,nave,composto da una coperta
5862,s123,ship,vehicle,nave,va a motore
5863,s123,ship,vehicle,nave,grandi tragitti
5864,s123,sparrow,bird,passero,ucello
5865,s123,sparrow,bird,passero,comune
5866,s123,sparrow,bird,passero,si trova in montagna
5867,s123,sparrow,bird,passero,cinguetta
5868,s123,sparrow,bird,passero,ha le piume
5869,s123,sparrow,bird,passero,è marrone
5870,s123,sparrow,bird,passero,ha 2 zampe
5871,s123,sparrow,bird,passero,ha un becco
5872,s123,sparrow,bird,passero,ha 2 ali
5873,s123,sparrow,bird,passero,fa il nido
5874,s123,onion,vegetable,cipolla,ortaggio
5875,s123,onion,vegetable,cipolla,ha più strati
5876,s123,onion,vegetable,cipolla,ha un odore forte
5877,s123,onion,vegetable,cipolla,fa lacrimare
5878,s123,onion,vegetable,cipolla,viene usata in cucina
5879,s123,onion,vegetable,cipolla,ha forma tondeggiante
5880,s123,onion,vegetable,cipolla,ha un colore rosato
5881,s123,onion,vegetable,cipolla,ha un colore giallino
5882,s123,sword,implement,spada,arma
5883,s123,sword,implement,spada,arma bianca
5884,s123,sword,implement,spada,composta da un'impugnatura
5885,s123,sword,implement,spada,composta da una lama
5886,s123,sword,implement,spada,tagliente
5887,s123,sword,implement,spada,ha un fodero
5888,s123,sword,implement,spada,arma medievale
5889,s123,airplane,vehicle,aeroplano,mezzo
5890,s123,airplane,vehicle,aeroplano,di trasporto
5891,s123,airplane,vehicle,aeroplano,per aria
5892,s123,airplane,vehicle,aeroplano,ha 2 ali
5893,s123,airplane,vehicle,aeroplano,ha un corpo centrale affusolato sulla punta
5894,s123,airplane,vehicle,aeroplano,ha una cabina di controllo
5895,s123,airplane,vehicle,aeroplano,va a motore
5896,s123,airplane,vehicle,aeroplano,trasporta passeggeri
5897,s123,airplane,vehicle,aeroplano,trasporta merci
5898,s123,airplane,vehicle,aeroplano,viaggia ad alta quota
5899,s123,closet,furniture,armadio,mobile
5900,s123,closet,furniture,armadio,si usa per riporre vestiti
5901,s123,closet,furniture,armadio,si usa per riporre oggetti
5902,s123,closet,furniture,armadio,ha 2 ante
5903,s123,closet,furniture,armadio,a muro
5904,s123,closet,furniture,armadio,specchiato
5905,s123,closet,furniture,armadio,composto da un ripiano
5906,s123,closet,furniture,armadio,a forma di parallelepipedo
5907,s123,chair,furniture,sedia,mobile
5908,s123,chair,furniture,sedia,usato per sedersi
5909,s123,chair,furniture,sedia,ha uno schienale
5910,s123,chair,furniture,sedia,ha 4 gambe
5911,s123,chair,furniture,sedia,ha un piano orizzontale
5912,s123,chair,furniture,sedia,in legno
5913,s123,armchair,furniture,poltrona,mobile
5914,s123,armchair,furniture,poltrona,utilizzato per sedersi
5915,s123,armchair,furniture,poltrona,4 gambe
5916,s123,armchair,furniture,poltrona,rivestita
5917,s123,armchair,furniture,poltrona,imbottita
5918,s123,armchair,furniture,poltrona,comoda
5919,s123,armchair,furniture,poltrona,ha uno schienale
5920,s123,armchair,furniture,poltrona,2 braccioli
5921,s123,horse,mammal,cavallo,animale
5922,s123,horse,mammal,cavallo,mammifero
5923,s123,horse,mammal,cavallo,4 zampe
5924,s123,horse,mammal,cavallo,coda lunga
5925,s123,horse,mammal,cavallo,pelo corto
5926,s123,horse,mammal,cavallo,muso allungato
5927,s123,horse,mammal,cavallo,zoccoli
5928,s123,horse,mammal,cavallo,nitrisce
5929,s123,horse,mammal,cavallo,la carne è commestibile
5930,s123,horse,mammal,cavallo,vive in montagna
5931,s123,horse,mammal,cavallo,usato nell'antichità come mezzo di trasporto
5932,s123,broom,implement,scopa,oggetto
5933,s123,broom,implement,scopa,usato per pulire il pavimento
5934,s123,broom,implement,scopa,ha un manico
5935,s123,broom,implement,scopa,all'estremità ci sono le setole
5936,s123,broom,implement,scopa,si impugna dalla parte del manico
5937,s123,garage,building,garage,luogo
5938,s123,garage,building,garage,luogo chiuso
5939,s123,garage,building,garage,dove si parcheggia l'auto
5940,s123,garage,building,garage,ha un cancello
5941,s123,garage,building,garage,interrato
5942,s123,orange,fruit,arancia,frutto
5943,s123,orange,fruit,arancia,arancione
5944,s123,orange,fruit,arancia,forma tondeggiante
5945,s123,orange,fruit,arancia,dimensioni di un pugno
5946,s123,orange,fruit,arancia,agrume
5947,s123,orange,fruit,arancia,ha la buccia butterata
5948,s123,orange,fruit,arancia,succosa
5949,s123,orange,fruit,arancia,a spicchi
5950,s123,cherry,fruit,ciliegia,frutto
5951,s123,cherry,fruit,ciliegia,rosso
5952,s123,cherry,fruit,ciliegia,ha il nocciolo
5953,s123,cherry,fruit,ciliegia,di piccole dimensioni
5954,s123,cherry,fruit,ciliegia,cresce sugli alberi
5955,s123,cherry,fruit,ciliegia,in coppia con un'altra
5956,s123,comb,implement,pettine,oggetto
5957,s123,comb,implement,pettine,composto da un manico
5958,s123,comb,implement,pettine,usato per pettinare i capelli
5959,s123,dog,mammal,cane,animale
5960,s123,dog,mammal,cane,mammifero
5961,s123,dog,mammal,cane,4 zampe
5962,s123,dog,mammal,cane,abbaia
5963,s123,dog,mammal,cane,una coda
5964,s123,dog,mammal,cane,pelo lungo
5965,s123,dog,mammal,cane,pelo corto
5966,s123,dog,mammal,cane,onnivoro
5967,s123,dog,mammal,cane,vive con l'uomo
5968,s123,eye,bodypart,occhio,parte del corpo
5969,s123,eye,bodypart,occhio,adibita alla vista
5970,s123,eye,bodypart,occhio,diversi colori
5971,s123,eye,bodypart,occhio,composto da cornea
5972,s123,eye,bodypart,occhio,composto da iride
5973,s123,eye,bodypart,occhio,composto da palpebra
5974,s123,monkey,mammal,scimmia,animale
5975,s123,monkey,mammal,scimmia,mammifero
5976,s123,monkey,mammal,scimmia,si nutre di frutta
5977,s123,monkey,mammal,scimmia,si nutre di piccoli insetti
5978,s123,monkey,mammal,scimmia,vive sugli alberi
5979,s123,monkey,mammal,scimmia,nella giungla
5980,s123,monkey,mammal,scimmia,vive in gruppi
5981,s123,woodpecker,bird,picchio,uccello
5982,s123,woodpecker,bird,picchio,ha un becco
5983,s123,woodpecker,bird,picchio,2 ali
5984,s123,woodpecker,bird,picchio,2 zampe
5985,s123,woodpecker,bird,picchio,utilizza il becco come piccolo martelletto per scavare buchi nel tronco
5986,s123,woodpecker,bird,picchio,si nutre di insetti
5987,s123,goose,bird,oca,uccello
5988,s123,goose,bird,oca,2 zampe
5989,s123,goose,bird,oca,becco
5990,s123,goose,bird,oca,2 ali
5991,s123,goose,bird,oca,è bianca
5992,s123,goose,bird,oca,si mangia
5993,s123,goose,bird,oca,starnazza
5994,s123,train,vehicle,treno,mezzo
5995,s123,train,vehicle,treno,di trasporto
5996,s123,train,vehicle,treno,si muove su rotaie
5997,s123,train,vehicle,treno,composto da una locomotiva
5998,s123,train,vehicle,treno,composto da più vagoni
5999,s123,train,vehicle,treno,va a elettricità
6000,s123,train,vehicle,treno,va a carbone
6001,s123,train,vehicle,treno,trasporta passeggeri
6002,s123,train,vehicle,treno,trasporta merci
6003,s123,corn,vegetable,mais,ortaggio
6004,s123,corn,vegetable,mais,si presenta in chicchi
6005,s123,corn,vegetable,mais,raggruppati in una pannocchia
6006,s123,corn,vegetable,mais,è giallo
6007,s123,corn,vegetable,mais,è commestibile
6008,s124,seagull,bird,gabbiano,volatile
6009,s124,seagull,bird,gabbiano,ha le penne
6010,s124,seagull,bird,gabbiano,è bianco
6011,s124,seagull,bird,gabbiano,è grigio
6012,s124,seagull,bird,gabbiano,becco giallo
6013,s124,seagull,bird,gabbiano,vive dove c'è il mare
6014,s124,seagull,bird,gabbiano,mangia pesce
6015,s124,bridge,building,ponte,serve per attraversare un fiume
6016,s124,bridge,building,ponte,di cemento
6017,s124,bridge,building,ponte,di legno
6018,s124,bridge,building,ponte,per pedoni
6019,s124,bridge,building,ponte,per mezzi
6020,s124,bridge,building,ponte,per auto
6021,s124,jacket,clothing,giacca,per ripararsi dal freddo
6022,s124,jacket,clothing,giacca,di tessuto
6023,s124,jacket,clothing,giacca,imbottita
6024,s124,jacket,clothing,giacca,leggera
6025,s124,jacket,clothing,giacca,pesante
6026,s124,armchair,furniture,poltrona,serve per sedersi
6027,s124,armchair,furniture,poltrona,comoda
6028,s124,armchair,furniture,poltrona,elettrica
6029,s124,armchair,furniture,poltrona,il piano su cui ci si siede
6030,s124,armchair,furniture,poltrona,poggia su 4 piedi
6031,s124,armchair,furniture,poltrona,imbottita
6032,s124,armchair,furniture,poltrona,soffice
6033,s124,armchair,furniture,poltrona,colorata
6034,s124,bus,vehicle,autobus,mezzo
6035,s124,bus,vehicle,autobus,di trasporto
6036,s124,bus,vehicle,autobus,per tante persone alla volta
6037,s124,bus,vehicle,autobus,serve il biglietto
6038,s124,bus,vehicle,autobus,servizio pubblico
6039,s124,bus,vehicle,autobus,servizio a pagamento
6040,s124,bus,vehicle,autobus,mezzo a 4 ruote
6041,s124,bus,vehicle,autobus,molto grande
6042,s124,bus,vehicle,autobus,fa il giro della città
6043,s124,bus,vehicle,autobus,si ferma alle stazioni
6044,s124,sweater,clothing,pullover,abbigliamento
6045,s124,sweater,clothing,pullover,serve per ripararsi dal freddo
6046,s124,sweater,clothing,pullover,di vari tessuti
6047,s124,sweater,clothing,pullover,colorato
6048,s124,sweater,clothing,pullover,copre il busto
6049,s124,sweater,clothing,pullover,copre le braccia
6050,s124,peas,vegetable,piselli,genere alimentare
6051,s124,peas,vegetable,piselli,forma sferica
6052,s124,peas,vegetable,piselli,piccoli
6053,s124,peas,vegetable,piselli,"0,5cm di diametro"
6054,s124,peas,vegetable,piselli,colore verde
6055,s124,peas,vegetable,piselli,usati come contorno
6056,s124,peas,vegetable,piselli,usati per fare minestre
6057,s124,horse,mammal,cavallo,mammifero
6058,s124,horse,mammal,cavallo,a 4 zampe
6059,s124,horse,mammal,cavallo,grande
6060,s124,horse,mammal,cavallo,presenta una criniera
6061,s124,horse,mammal,cavallo,ha il pelo
6062,s124,horse,mammal,cavallo,utilizzato dall'uomo
6063,s124,horse,mammal,cavallo,come mezzo di trasporto fino a qualche secolo fa
6064,s124,pineapple,fruit,ananas,genere alimentare
6065,s124,pineapple,fruit,ananas,forma ovale
6066,s124,pineapple,fruit,ananas,colore interno giallo
6067,s124,pineapple,fruit,ananas,dolce
6068,s124,pineapple,fruit,ananas,è un frutto
6069,s124,church,building,chiesa,luogo
6070,s124,church,building,chiesa,di culto
6071,s124,church,building,chiesa,per i fedeli
6072,s124,church,building,chiesa,grande
6073,s124,church,building,chiesa,antica
6074,s124,airplane,vehicle,aeroplano,mezzo
6075,s124,airplane,vehicle,aeroplano,di trasporto
6076,s124,airplane,vehicle,aeroplano,vola
6077,s124,airplane,vehicle,aeroplano,trasporta persone
6078,s124,airplane,vehicle,aeroplano,trasporta merci
6079,s124,airplane,vehicle,aeroplano,ha 2 specie di ali
6080,s124,airplane,vehicle,aeroplano,ha il motore
6081,s124,garage,building,garage,serve per parcheggiare il proprio mezzo di trasporto
6082,s124,garage,building,garage,struttura
6083,s124,garage,building,garage,privata
6084,s124,garage,building,garage,spazio
6085,s124,garage,building,garage,delimitato da 3 mura
6086,s124,garage,building,garage,delimitato da un cancello
6087,s124,finger,bodypart,dito,parte della mano
6088,s124,finger,bodypart,dito,presente in molti esseri viventi
6089,s124,finger,bodypart,dito,di colore rosa carne
6090,s124,finger,bodypart,dito,ha un'unghia alla fine
6091,s124,spinach,vegetable,spinaci,alimentare
6092,s124,spinach,vegetable,spinaci,verdura
6093,s124,spinach,vegetable,spinaci,colore verde
6094,s124,spinach,vegetable,spinaci,si mangia
6095,s124,spinach,vegetable,spinaci,cotto
6096,s124,hand,bodypart,mano,ultima parte del braccio
6097,s124,hand,bodypart,mano,formata da un palmo
6098,s124,hand,bodypart,mano,formata da 5 dita
6099,s124,hand,bodypart,mano,serve per prendere gli oggetti
6100,s124,hand,bodypart,mano,ha le unghie all'estremità delle dita
6101,s124,sword,implement,spada,oggetto
6102,s124,sword,implement,spada,tagliente
6103,s124,sword,implement,spada,arma
6104,s124,sword,implement,spada,utilizzata per difendersi
6105,s124,sword,implement,spada,presenta un manico
6106,s124,sword,implement,spada,presenta una parte tagliente
6107,s124,paintbrush,implement,pennello,utilizzato per pitturare
6108,s124,paintbrush,implement,pennello,ha un manico
6109,s124,paintbrush,implement,pennello,serve per fare i quadri
6110,s124,tongs,implement,pinze,oggetto
6111,s124,tongs,implement,pinze,metallico
6112,s124,tongs,implement,pinze,formato da 2 aste che si incrociano
6113,s124,tongs,implement,pinze,di piccole dimensioni
6114,s124,tongs,implement,pinze,di grandi dimensioni
6115,s124,pear,fruit,pera,genere alimentare
6116,s124,pear,fruit,pera,di colore verde
6117,s124,pear,fruit,pera,di colore giallo
6118,s124,pear,fruit,pera,un frutto
6119,s124,pear,fruit,pera,dolce
6120,s124,chair,furniture,sedia,4 gambe
6121,s124,chair,furniture,sedia,di vario materiale
6122,s124,chair,furniture,sedia,per sedersi
6123,s124,chair,furniture,sedia,ha un piano
6124,s124,chair,furniture,sedia,ha uno schienale
6125,s124,bed,furniture,letto,serve per dormire
6126,s124,bed,furniture,letto,è una superficie piana
6127,s124,bed,furniture,letto,sostenuta da 4 gambe
6128,s124,bed,furniture,letto,è morbido
6129,s124,bed,furniture,letto,ha il materasso
6130,s124,truck,vehicle,camion,mezzo
6131,s124,truck,vehicle,camion,di trasporto
6132,s124,truck,vehicle,camion,a 4 ruote
6133,s124,truck,vehicle,camion,molto grande
6134,s124,truck,vehicle,camion,molto pesante
6135,s124,orange,fruit,arancia,frutto
6136,s124,orange,fruit,arancia,genere alimentare
6137,s124,orange,fruit,arancia,arancione
6138,s124,orange,fruit,arancia,ha la buccia
6139,s124,orange,fruit,arancia,è acida
6140,s124,orange,fruit,arancia,vitamina C
6141,s124,chemise,clothing,camicia,indumento
6142,s124,chemise,clothing,camicia,colletto
6143,s124,chemise,clothing,camicia,bottoni
6144,s124,chemise,clothing,camicia,vario tessuto
6145,s124,chemise,clothing,camicia,taschino
6146,s124,potato,vegetable,patata,genere alimentare
6147,s124,potato,vegetable,patata,verdura
6148,s124,potato,vegetable,patata,si mangia
6149,s124,potato,vegetable,patata,cotta
6150,s124,potato,vegetable,patata,fuori è marrone
6151,s124,potato,vegetable,patata,dentro gialla
6152,s125,corn,vegetable,mais,cibo da mangiare
6153,s125,corn,vegetable,mais,chicchi gialli
6154,s125,corn,vegetable,mais,pianta
6155,s125,corn,vegetable,mais,pop corn
6156,s125,corn,vegetable,mais,pannocchia
6157,s125,corn,vegetable,mais,campi di mais
6158,s125,cherry,fruit,ciliegia,frutto
6159,s125,cherry,fruit,ciliegia,rosso
6160,s125,cherry,fruit,ciliegia,con seme
6161,s125,cherry,fruit,ciliegia,cresce sugli alberi
6162,s125,cherry,fruit,ciliegia,forma sferica
6163,s125,cherry,fruit,ciliegia,succosa
6164,s125,closet,furniture,armadio,mobile
6165,s125,closet,furniture,armadio,due o più ante
6166,s125,closet,furniture,armadio,forma di parallelepipedo
6167,s125,closet,furniture,armadio,si usa per riporre indumenti
6168,s125,closet,furniture,armadio,si usa per riporre altri oggetti
6169,s125,closet,furniture,armadio,fatto di vari materiali
6170,s125,closet,furniture,armadio,in legno
6171,s125,shoes,clothing,scarpe,2
6172,s125,shoes,clothing,scarpe,una per ogni piede
6173,s125,shoes,clothing,scarpe,inizialmente di cuoio
6174,s125,shoes,clothing,scarpe,poi fatte con altri materiali
6175,s125,shoes,clothing,scarpe,lacci
6176,s125,shoes,clothing,scarpe,strap
6177,s125,shoes,clothing,scarpe,coprono i piedi
6178,s125,shoes,clothing,scarpe,suola
6179,s125,shoes,clothing,scarpe,suola di gomma
6180,s125,broom,implement,scopa,manico
6181,s125,broom,implement,scopa,spatole
6182,s125,broom,implement,scopa,arnese
6183,s125,broom,implement,scopa,utilizzato per spazzare in terra
6184,s125,head,bodypart,testa,parte degli esseri umani
6185,s125,head,bodypart,testa,parte degli animali
6186,s125,head,bodypart,testa,posta sopra il collo
6187,s125,head,bodypart,testa,formata da capelli
6188,s125,head,bodypart,testa,formata da occhi
6189,s125,head,bodypart,testa,formata da naso
6190,s125,head,bodypart,testa,formata da bocca
6191,s125,head,bodypart,testa,formata da orecchie
6192,s125,monkey,mammal,scimmia,animale
6193,s125,monkey,mammal,scimmia,da cui discendono gli esseri umani
6194,s125,monkey,mammal,scimmia,4 zampe
6195,s125,monkey,mammal,scimmia,pelose
6196,s125,monkey,mammal,scimmia,molto intelligenti
6197,s125,monkey,mammal,scimmia,vivono in climi caldi
6198,s125,rabbit,mammal,coniglio,animale
6199,s125,rabbit,mammal,coniglio,4 zampe
6200,s125,rabbit,mammal,coniglio,le 2 zampe anteriori più piccole
6201,s125,rabbit,mammal,coniglio,le 2 zampe posteriori più grandi
6202,s125,rabbit,mammal,coniglio,pelo di diverso colore in base all'ambiente in cui vive
6203,s125,rabbit,mammal,coniglio,pelo bianco
6204,s125,rabbit,mammal,coniglio,pelo marrone
6205,s125,goose,bird,oca,animale
6206,s125,goose,bird,oca,palmare
6207,s125,goose,bird,oca,becco
6208,s125,goose,bird,oca,piume
6209,s125,goose,bird,oca,occhi
6210,s125,tower,building,torre,costruzione
6211,s125,tower,building,torre,ad opera degli esseri umani
6212,s125,tower,building,torre,mattoni
6213,s125,tower,building,torre,tende verso l'alto
6214,s125,tower,building,torre,pedina degli scacchi
6215,s125,skyscraper,building,grattacielo,palazzo
6216,s125,skyscraper,building,grattacielo,molto alto
6217,s125,skyscraper,building,grattacielo,finestre
6218,s125,skyscraper,building,grattacielo,scale
6219,s125,skyscraper,building,grattacielo,ascensore
6220,s125,skyscraper,building,grattacielo,altezza
6221,s125,comb,implement,pettine,strumento
6222,s125,comb,implement,pettine,per mettere in ordine i capelli
6223,s125,comb,implement,pettine,denti
6224,s125,comb,implement,pettine,scioglie i nodi
6225,s125,comb,implement,pettine,di vario colore
6226,s125,comb,implement,pettine,di varia forma
6227,s125,comb,implement,pettine,plastica
6228,s125,comb,implement,pettine,anche materiali più preziosi
6229,s125,onion,vegetable,cipolla,vegetale
6230,s125,onion,vegetable,cipolla,genere alimentare
6231,s125,onion,vegetable,cipolla,condimento
6232,s125,onion,vegetable,cipolla,sughi
6233,s125,onion,vegetable,cipolla,cresce in terra
6234,s125,socks,clothing,calzini,2
6235,s125,socks,clothing,calzini,cotone
6236,s125,socks,clothing,calzini,lana
6237,s125,socks,clothing,calzini,di varie lunghezze
6238,s125,socks,clothing,calzini,di varie dimensioni
6239,s125,socks,clothing,calzini,dipende dalla grandezza dei piedi
6240,s125,socks,clothing,calzini,tengono caldo ai piedi
6241,s125,ship,vehicle,nave,mezzo
6242,s125,ship,vehicle,nave,di trasporto
6243,s125,ship,vehicle,nave,per via mare
6244,s125,ship,vehicle,nave,trasporto di passeggeri
6245,s125,ship,vehicle,nave,trasporto di materiali
6246,s125,ship,vehicle,nave,molto grande
6247,s125,ship,vehicle,nave,oblò
6248,s125,ship,vehicle,nave,scialuppe di salvataggio
6249,s125,eye,bodypart,occhio,parte del corpo
6250,s125,eye,bodypart,occhio,vista
6251,s125,eye,bodypart,occhio,iride
6252,s125,eye,bodypart,occhio,pupilla
6253,s125,eye,bodypart,occhio,retina
6254,s125,eye,bodypart,occhio,immagini
6255,s125,table,furniture,tavolo,piano
6256,s125,table,furniture,tavolo,per scrivere
6257,s125,table,furniture,tavolo,per mangiare
6258,s125,table,furniture,tavolo,piano di legno
6259,s125,table,furniture,tavolo,piano di altri materiali
6260,s125,table,furniture,tavolo,varie forme
6261,s125,table,furniture,tavolo,4 gambe
6262,s125,bear,mammal,orso,animale
6263,s125,bear,mammal,orso,peloso
6264,s125,bear,mammal,orso,grande
6265,s125,bear,mammal,orso,bianco
6266,s125,bear,mammal,orso,bruno
6267,s125,bear,mammal,orso,gli piace il pesce
6268,s125,sparrow,bird,passero,volatile
6269,s125,sparrow,bird,passero,uccello
6270,s125,sparrow,bird,passero,zampe
6271,s125,sparrow,bird,passero,becco
6272,s125,sparrow,bird,passero,piumaggio
6273,s125,sparrow,bird,passero,volare
6274,s125,leg,bodypart,gamba,parte del corpo
6275,s125,leg,bodypart,gamba,dal bacino
6276,s125,leg,bodypart,gamba,al piede
6277,s125,leg,bodypart,gamba,ci permette di camminare
6278,s125,leg,bodypart,gamba,movimento
6279,s125,train,vehicle,treno,mezzo
6280,s125,train,vehicle,treno,di trasporto
6281,s125,train,vehicle,treno,via terra
6282,s125,train,vehicle,treno,rotaie
6283,s125,train,vehicle,treno,vagoni
6284,s125,train,vehicle,treno,viaggi
6285,s125,train,vehicle,treno,ruote
6286,s125,owl,bird,gufo,animale
6287,s125,owl,bird,gufo,volatile
6288,s125,owl,bird,gufo,becco
6289,s125,owl,bird,gufo,abbastanza grande
6290,s125,owl,bird,gufo,ama stare sugli alberi
6291,s125,owl,bird,gufo,occhi grandi
6292,s125,owl,bird,gufo,penne
6293,s125,owl,bird,gufo,vola
6294,s125,apple,fruit,mela,frutto
6295,s125,apple,fruit,mela,cresce sull'albero
6296,s125,apple,fruit,mela,semini
6297,s125,apple,fruit,mela,nocciolo
6298,s125,apple,fruit,mela,buccia
6299,s125,apple,fruit,mela,succosa
6300,s125,apple,fruit,mela,mangiare
6301,s125,apple,fruit,mela,forma sferica
6302,s125,apple,fruit,mela,varie varietà
6303,s125,dog,mammal,cane,animale
6304,s125,dog,mammal,cane,4 zampe
6305,s125,dog,mammal,cane,peloso
6306,s125,dog,mammal,cane,fedele
6307,s125,dog,mammal,cane,amico dell'uomo
6308,s125,dog,mammal,cane,abbaia
6309,s125,dog,mammal,cane,denti
6310,s125,dog,mammal,cane,morde
6311,s125,dog,mammal,cane,suda dalla lingua
6312,s125,woodpecker,bird,picchio,animale
6313,s125,woodpecker,bird,picchio,vola
6314,s125,woodpecker,bird,picchio,piume
6315,s125,woodpecker,bird,picchio,becco
6316,s125,woodpecker,bird,picchio,picchia sugli alberi
6317,s125,woodpecker,bird,picchio,fa buchi
6318,s125,woodpecker,bird,picchio,essere vivente
6319,s126,seagull,bird,gabbiano,animale
6320,s126,seagull,bird,gabbiano,uccello
6321,s126,seagull,bird,gabbiano,bianco
6322,s126,seagull,bird,gabbiano,nei luoghi di mare
6323,s126,seagull,bird,gabbiano,ha le ali
6324,s126,seagull,bird,gabbiano,ha un becco
6325,s126,bridge,building,ponte,collega 2 posti divisi per esempio da un fiume
6326,s126,bridge,building,ponte,ci si può passare sopra
6327,s126,bridge,building,ponte,ci si può passare sotto
6328,s126,bridge,building,ponte,può essere di cemento
6329,s126,bridge,building,ponte,può essere di legno
6330,s126,bridge,building,ponte,grande
6331,s126,bridge,building,ponte,piccolo
6332,s126,jacket,clothing,giacca,indumento
6333,s126,jacket,clothing,giacca,si indossa sopra una maglia
6334,s126,jacket,clothing,giacca,può essere di diversi tessuti
6335,s126,jacket,clothing,giacca,può essere di diverse lunghezze
6336,s126,jacket,clothing,giacca,colori diversi
6337,s126,armchair,furniture,poltrona,fa parte dei mobili
6338,s126,armchair,furniture,poltrona,ci si siede
6339,s126,armchair,furniture,poltrona,può essere grande
6340,s126,armchair,furniture,poltrona,può essere piccola
6341,s126,armchair,furniture,poltrona,ha dei braccioli
6342,s126,armchair,furniture,poltrona,si appoggia per terra
6343,s126,armchair,furniture,poltrona,può essere morbida
6344,s126,armchair,furniture,poltrona,può avere dei cuscini
6345,s126,bus,vehicle,autobus,mezzo
6346,s126,bus,vehicle,autobus,di trasporto
6347,s126,bus,vehicle,autobus,grande
6348,s126,bus,vehicle,autobus,ci stanno molte persone
6349,s126,bus,vehicle,autobus,molti sedili
6350,s126,bus,vehicle,autobus,si può stare in piedi
6351,s126,bus,vehicle,autobus,si pùo stare seduti
6352,s126,bus,vehicle,autobus,c'è un autista che guida
6353,s126,bus,vehicle,autobus,ha un motore
6354,s126,bus,vehicle,autobus,ha 4 ruote
6355,s126,bus,vehicle,autobus,ci si sposta da un luogo all'altro
6356,s126,sweater,clothing,pullover,indumento
6357,s126,sweater,clothing,pullover,ha maniche lunghe
6358,s126,sweater,clothing,pullover,di diversi tessuti
6359,s126,sweater,clothing,pullover,di diversi colori
6360,s126,sweater,clothing,pullover,si indossa sul busto
6361,s126,sweater,clothing,pullover,è caldo
6362,s126,peas,vegetable,piselli,una verdura
6363,s126,peas,vegetable,piselli,sono verdi
6364,s126,peas,vegetable,piselli,sono piccoli
6365,s126,peas,vegetable,piselli,si mangiano
6366,s126,peas,vegetable,piselli,si cucinano in diversi modi
6367,s126,horse,mammal,cavallo,animale
6368,s126,horse,mammal,cavallo,grande
6369,s126,horse,mammal,cavallo,ha 4 zampe
6370,s126,horse,mammal,cavallo,ha 1 coda lunga
6371,s126,horse,mammal,cavallo,ha 1 criniera
6372,s126,horse,mammal,cavallo,si cavalca
6373,s126,horse,mammal,cavallo,ha 4 zoccoli
6374,s126,horse,mammal,cavallo,può essere addestrato
6375,s126,horse,mammal,cavallo,ha un muso lungo
6376,s126,horse,mammal,cavallo,è un mammifero
6377,s126,pineapple,fruit,ananas,è un frutto
6378,s126,pineapple,fruit,ananas,tropicale
6379,s126,pineapple,fruit,ananas,assomiglia ad una piccola palma
6380,s126,pineapple,fruit,ananas,si mangia
6381,s126,pineapple,fruit,ananas,all'esterno è verde sulle foglie
6382,s126,pineapple,fruit,ananas,all'esterno è marrone
6383,s126,pineapple,fruit,ananas,all'interno è giallo
6384,s126,church,building,chiesa,è un luogo
6385,s126,church,building,chiesa,è un luogo chiuso
6386,s126,church,building,chiesa,si va per pregare
6387,s126,church,building,chiesa,si svolgono le messe
6388,s126,church,building,chiesa,ci stanno molte persone
6389,s126,church,building,chiesa,ve ne sono di diverse dimensioni
6390,s126,airplane,vehicle,aeroplano,è un mezzo
6391,s126,airplane,vehicle,aeroplano,di trasporto
6392,s126,airplane,vehicle,aeroplano,per lunghe distanze
6393,s126,airplane,vehicle,aeroplano,vola
6394,s126,airplane,vehicle,aeroplano,è di diverse dimensioni
6395,s126,airplane,vehicle,aeroplano,per lunghi viaggi
6396,s126,airplane,vehicle,aeroplano,decolla
6397,s126,airplane,vehicle,aeroplano,atterra
6398,s126,garage,building,garage,luogo
6399,s126,garage,building,garage,luogo chiuso
6400,s126,garage,building,garage,sotterraneo
6401,s126,garage,building,garage,si parcheggi la macchina all'interno
6402,s126,garage,building,garage,si mettono molte cose dentro
6403,s126,garage,building,garage,si apre
6404,s126,garage,building,garage,si chiude
6405,s126,finger,bodypart,dito,parte del corpo
6406,s126,finger,bodypart,dito,fa parte delle mani
6407,s126,finger,bodypart,dito,in una mano ce ne sono 5
6408,s126,finger,bodypart,dito,in un piede ce ne sono 5
6409,s126,finger,bodypart,dito,sono rosa
6410,s126,finger,bodypart,dito,sono movibili
6411,s126,finger,bodypart,dito,afferrano le cose
6412,s126,spinach,vegetable,spinaci,è una verdura
6413,s126,spinach,vegetable,spinaci,è verde
6414,s126,spinach,vegetable,spinaci,li mangia Braccio di Ferro
6415,s126,spinach,vegetable,spinaci,sono una foglia
6416,s126,hand,bodypart,mano,fa parte del corpo umano
6417,s126,hand,bodypart,mano,è la parte che afferra le cose
6418,s126,hand,bodypart,mano,è composta dalle dita
6419,s126,hand,bodypart,mano,è composta dal palmo
6420,s126,hand,bodypart,mano,è attaccata al polso
6421,s126,sword,implement,spada,è di metallo
6422,s126,sword,implement,spada,è un'arma
6423,s126,sword,implement,spada,la usavano i cavalieri
6424,s126,sword,implement,spada,ha un'impugnatura
6425,s126,sword,implement,spada,ha una lama
6426,s126,sword,implement,spada,è in una custodia
6427,s126,sword,implement,spada,è lunga
6428,s126,sword,implement,spada,è affusolata
6429,s126,sword,implement,spada,taglia
6430,s126,paintbrush,implement,pennello,si usa per colorare
6431,s126,paintbrush,implement,pennello,serve ai pittori
6432,s126,paintbrush,implement,pennello,serve agli artisti
6433,s126,paintbrush,implement,pennello,ha un manico
6434,s126,paintbrush,implement,pennello,può essere di diversi colori
6435,s126,tongs,implement,pinze,si usano per prendere qualcosa
6436,s126,tongs,implement,pinze,le usano i medici
6437,s126,tongs,implement,pinze,le usano le estetiste
6438,s126,tongs,implement,pinze,le usano i meccanici
6439,s126,tongs,implement,pinze,le usano gli idraulici
6440,s126,tongs,implement,pinze,di diversi tipi di forma
6441,s126,tongs,implement,pinze,di diversi tipi di colore
6442,s126,tongs,implement,pinze,hanno due braccia che afferrano le cose
6443,s126,pear,fruit,pera,è un frutto
6444,s126,pear,fruit,pera,ha una buccia gialla
6445,s126,pear,fruit,pera,assomiglia alla mela
6446,s126,pear,fruit,pera,ha un picciolo
6447,s126,pear,fruit,pera,è dolce
6448,s126,pear,fruit,pera,si mangia
6449,s126,chair,furniture,sedia,è un mobile
6450,s126,chair,furniture,sedia,ci si siede
6451,s126,chair,furniture,sedia,ha 4 gambe
6452,s126,chair,furniture,sedia,ha uno schienale
6453,s126,chair,furniture,sedia,sta appoggiata a terra
6454,s126,chair,furniture,sedia,di diverse forme
6455,s126,chair,furniture,sedia,di diversi colori
6456,s126,bed,furniture,letto,mobile
6457,s126,bed,furniture,letto,ci si sdraia
6458,s126,bed,furniture,letto,si usa per dormire
6459,s126,bed,furniture,letto,ha 4 gambe
6460,s126,bed,furniture,letto,ha 1 materasso
6461,s126,bed,furniture,letto,di varie forme
6462,s126,bed,furniture,letto,di varie dimensioni
6463,s126,truck,vehicle,camion,mezzo
6464,s126,truck,vehicle,camion,di trasporto
6465,s126,truck,vehicle,camion,trasporta varie cose
6466,s126,truck,vehicle,camion,ha un motore
6467,s126,truck,vehicle,camion,ha delle ruote
6468,s126,truck,vehicle,camion,è grande
6469,s126,truck,vehicle,camion,ha un autista
6470,s126,truck,vehicle,camion,è composto da 1 cabina
6471,s126,truck,vehicle,camion,è composto da 1 rimorchio
6472,s126,orange,fruit,arancia,è un frutto
6473,s126,orange,fruit,arancia,è arancione
6474,s126,orange,fruit,arancia,all'interno ha degli spicchi
6475,s126,orange,fruit,arancia,è un po' aspro
6476,s126,orange,fruit,arancia,si mangia
6477,s126,orange,fruit,arancia,ha una buccia
6478,s126,chemise,clothing,camicia,è un indumento
6479,s126,chemise,clothing,camicia,si copre il busto
6480,s126,chemise,clothing,camicia,di diversi colori
6481,s126,chemise,clothing,camicia,di diverse forme
6482,s126,chemise,clothing,camicia,lo indossano gli uomini
6483,s126,potato,vegetable,patata,è una verdura
6484,s126,potato,vegetable,patata,è gialla
6485,s126,potato,vegetable,patata,è un tubero
6486,s126,potato,vegetable,patata,si mangia
6487,s126,potato,vegetable,patata,si cucina
6488,s127,corn,vegetable,mais,si mangia
6489,s127,corn,vegetable,mais,è giallo
6490,s127,corn,vegetable,mais,deriva dal granoturco
6491,s127,corn,vegetable,mais,si presenta in pannocchie
6492,s127,corn,vegetable,mais,è di piccoli semi
6493,s127,cherry,fruit,ciliegia,rossa
6494,s127,cherry,fruit,ciliegia,si mangia
6495,s127,cherry,fruit,ciliegia,vari tipi
6496,s127,cherry,fruit,ciliegia,si prende dall'albero di ciliegio
6497,s127,cherry,fruit,ciliegia,ha il nocciolo
6498,s127,cherry,fruit,ciliegia,è un frutto
6499,s127,closet,furniture,armadio,è grande
6500,s127,closet,furniture,armadio,è un mobile
6501,s127,closet,furniture,armadio,si usa per tenere delle cose
6502,s127,closet,furniture,armadio,si usa per tenere i vestiti
6503,s127,closet,furniture,armadio,in tutte le case
6504,s127,closet,furniture,armadio,di diversi materiali
6505,s127,shoes,clothing,scarpe,di vari colori
6506,s127,shoes,clothing,scarpe,di vari tipi
6507,s127,shoes,clothing,scarpe,si mettono ai piedi
6508,s127,shoes,clothing,scarpe,proteggono il piede quando si cammina
6509,s127,shoes,clothing,scarpe,hanno i lacci
6510,s127,broom,implement,scopa,serve per pulire per terra
6511,s127,broom,implement,scopa,è formata da un manico
6512,s127,broom,implement,scopa,è formata da una parte che pulisce
6513,s127,broom,implement,scopa,vari tipi
6514,s127,broom,implement,scopa,usata in luoghi chiusi
6515,s127,head,bodypart,testa,ha 2 occhi
6516,s127,head,bodypart,testa,ha 1 naso
6517,s127,head,bodypart,testa,ha 1 bocca
6518,s127,head,bodypart,testa,si trova alla sommità del corpo
6519,s127,head,bodypart,testa,ogni essere animale ne ha 1
6520,s127,head,bodypart,testa,dentro c'è il cervello
6521,s127,monkey,mammal,scimmia,animale
6522,s127,monkey,mammal,scimmia,simile all'uomo
6523,s127,monkey,mammal,scimmia,pelosa
6524,s127,monkey,mammal,scimmia,ha la coda
6525,s127,monkey,mammal,scimmia,ha il pollice prensile
6526,s127,monkey,mammal,scimmia,non parla
6527,s127,rabbit,mammal,coniglio,un animale
6528,s127,rabbit,mammal,coniglio,fa molti figli
6529,s127,rabbit,mammal,coniglio,vive in una tana
6530,s127,rabbit,mammal,coniglio,salta
6531,s127,rabbit,mammal,coniglio,ha delle orecchie lunghe
6532,s127,rabbit,mammal,coniglio,domestico
6533,s127,rabbit,mammal,coniglio,onnivoro
6534,s127,goose,bird,oca,animale
6535,s127,goose,bird,oca,vive nei laghi
6536,s127,goose,bird,oca,ha un becco
6537,s127,goose,bird,oca,bianco
6538,s127,goose,bird,oca,cattivo se viene istigato
6539,s127,goose,bird,oca,fa quaqua
6540,s127,tower,building,torre,vicino a un castello
6541,s127,tower,building,torre,alta
6542,s127,tower,building,torre,per difendersi
6543,s127,tower,building,torre,pezzo degli scacchi
6544,s127,skyscraper,building,grattacielo,edificio
6545,s127,skyscraper,building,grattacielo,molto alto
6546,s127,skyscraper,building,grattacielo,nelle grandi città
6547,s127,skyscraper,building,grattacielo,ha molti piani
6548,s127,skyscraper,building,grattacielo,ci sono uffici
6549,s127,skyscraper,building,grattacielo,ci sono abitazioni
6550,s127,comb,implement,pettine,oggetto
6551,s127,comb,implement,pettine,serve per mettere a posto i capelli
6552,s127,comb,implement,pettine,spesso in bagno
6553,s127,comb,implement,pettine,ha dei denti
6554,s127,comb,implement,pettine,di varie forme
6555,s127,onion,vegetable,cipolla,è una verdura
6556,s127,onion,vegetable,cipolla,fa piangere se tagliata
6557,s127,onion,vegetable,cipolla,serve per fare soffritti
6558,s127,onion,vegetable,cipolla,serve per dare sapore alle cose
6559,s127,onion,vegetable,cipolla,ha la buccia
6560,s127,onion,vegetable,cipolla,ci sono diversi tipi
6561,s127,socks,clothing,calzini,si mettono sui piedi
6562,s127,socks,clothing,calzini,sono messi sotto le scarpe
6563,s127,socks,clothing,calzini,servono per riparare il piede dalla scarpa
6564,s127,socks,clothing,calzini,colorati
6565,s127,socks,clothing,calzini,di vari materiali
6566,s127,ship,vehicle,nave,naviga sul mare
6567,s127,ship,vehicle,nave,naviga sui corsi d'acqua
6568,s127,ship,vehicle,nave,a motore
6569,s127,ship,vehicle,nave,ha molti comfort
6570,s127,ship,vehicle,nave,affonda
6571,s127,ship,vehicle,nave,di diverse dimensioni
6572,s127,eye,bodypart,occhio,ce ne sono 2
6573,s127,eye,bodypart,occhio,serve per vedere
6574,s127,eye,bodypart,occhio,ci sono varie forme
6575,s127,eye,bodypart,occhio,ci sono vari colori
6576,s127,table,furniture,tavolo,è un mobile
6577,s127,table,furniture,tavolo,serve per appoggiare le cose
6578,s127,table,furniture,tavolo,ci si mangia sopra
6579,s127,table,furniture,tavolo,di diversi materiali
6580,s127,bear,mammal,orso,animale
6581,s127,bear,mammal,orso,grande
6582,s127,bear,mammal,orso,marrone
6583,s127,bear,mammal,orso,bianco
6584,s127,bear,mammal,orso,onnivoro
6585,s127,bear,mammal,orso,vive nei boschi
6586,s127,bear,mammal,orso,fa i cuccioli
6587,s127,bear,mammal,orso,mammifero
6588,s127,bear,mammal,orso,animale protetto
6589,s127,sparrow,bird,passero,animale
6590,s127,sparrow,bird,passero,uccello
6591,s127,sparrow,bird,passero,ha il becco
6592,s127,sparrow,bird,passero,ha 2 zampe
6593,s127,sparrow,bird,passero,fa il nido
6594,s127,sparrow,bird,passero,migra nei paesi caldi quando fa freddo
6595,s127,leg,bodypart,gamba,formato da 3 ossa
6596,s127,leg,bodypart,gamba,formato da tibia
6597,s127,leg,bodypart,gamba,formato da femore
6598,s127,leg,bodypart,gamba,formato da perone
6599,s127,leg,bodypart,gamba,attaccata all'anca
6600,s127,leg,bodypart,gamba,attaccata al piede
6601,s127,leg,bodypart,gamba,serve per camminare
6602,s127,leg,bodypart,gamba,si divide in coscia
6603,s127,leg,bodypart,gamba,si divide in ginocchio
6604,s127,leg,bodypart,gamba,si divide in polpaccio
6605,s127,leg,bodypart,gamba,ogni essere animale ne ha almeno 2
6606,s127,train,vehicle,treno,mezzo
6607,s127,train,vehicle,treno,di trasporto
6608,s127,train,vehicle,treno,ferma nelle stazioni
6609,s127,train,vehicle,treno,di ferro
6610,s127,train,vehicle,treno,viaggia sulle rotaie
6611,s127,train,vehicle,treno,va ad alta velocità
6612,s127,train,vehicle,treno,contiene molti passeggeri
6613,s127,owl,bird,gufo,è un animale
6614,s127,owl,bird,gufo,vive di notte
6615,s127,owl,bird,gufo,ruota la testa di 360 gradi
6616,s127,owl,bird,gufo,ha gli occhi gialli
6617,s127,owl,bird,gufo,ha le piume marroni
6618,s127,apple,fruit,mela,frutto
6619,s127,apple,fruit,mela,ce ne sono varie varietà
6620,s127,apple,fruit,mela,ha i semi
6621,s127,apple,fruit,mela,ha il picciolo
6622,s127,apple,fruit,mela,di diversi colori
6623,s127,dog,mammal,cane,è un animale
6624,s127,dog,mammal,cane,domestico
6625,s127,dog,mammal,cane,ha le orecchie
6626,s127,dog,mammal,cane,ha 4 zampe
6627,s127,dog,mammal,cane,mangia di tutto
6628,s127,dog,mammal,cane,abbaia
6629,s127,dog,mammal,cane,fa i cuccioli
6630,s127,woodpecker,bird,picchio,un uccello
6631,s127,woodpecker,bird,picchio,un animale
6632,s127,woodpecker,bird,picchio,batte sugli alberi per trovare il cibo
6633,s127,woodpecker,bird,picchio,vive in un nido
6634,s127,woodpecker,bird,picchio,ha il becco
6635,s128,corn,vegetable,mais,si mangia
6636,s128,corn,vegetable,mais,a piccoli semini gialli
6637,s128,corn,vegetable,mais,si prende dalla pannocchia
6638,s128,cherry,fruit,ciliegia,si mangia
6639,s128,cherry,fruit,ciliegia,frutto
6640,s128,cherry,fruit,ciliegia,rossa
6641,s128,cherry,fruit,ciliegia,all'interno c'è un semino
6642,s128,cherry,fruit,ciliegia,si raccoglie sugli alberi
6643,s128,cherry,fruit,ciliegia,si mangia in giugno
6644,s128,closet,furniture,armadio,un mobile
6645,s128,closet,furniture,armadio,si trova in casa
6646,s128,closet,furniture,armadio,serve per riporre gli abiti
6647,s128,shoes,clothing,scarpe,si mettono ai piedi
6648,s128,shoes,clothing,scarpe,proteggono i piedi quando si cammina
6649,s128,shoes,clothing,scarpe,hanno dei lacci per restare chiuse
6650,s128,broom,implement,scopa,serve per pulire
6651,s128,broom,implement,scopa,ha un manico
6652,s128,broom,implement,scopa,si usa nei luoghi chiusi
6653,s128,head,bodypart,testa,ogni essere umano ne ha 1
6654,s128,head,bodypart,testa,grazie ad essa siamo in grado di pensare
6655,s128,head,bodypart,testa,all'interno c'è il cervello
6656,s128,monkey,mammal,scimmia,animale
6657,s128,monkey,mammal,scimmia,peloso
6658,s128,monkey,mammal,scimmia,questo animale e l'uomo hanno un antenato in comune
6659,s128,monkey,mammal,scimmia,vive nella zona equatoriale
6660,s128,monkey,mammal,scimmia,mangia frutta
6661,s128,rabbit,mammal,coniglio,animale
6662,s128,rabbit,mammal,coniglio,vive in casa
6663,s128,rabbit,mammal,coniglio,ha 2 grandi orecchie
6664,s128,rabbit,mammal,coniglio,è morbido
6665,s128,goose,bird,oca,animale
6666,s128,goose,bird,oca,vive in luoghi in cui c'è acqua
6667,s128,goose,bird,oca,sa volare
6668,s128,goose,bird,oca,fa le uova
6669,s128,tower,building,torre,fatta di pietra
6670,s128,tower,building,torre,alta
6671,s128,tower,building,torre,presente dove c'è un castello
6672,s128,skyscraper,building,grattacielo,tipo di abitazione
6673,s128,skyscraper,building,grattacielo,molto alto
6674,s128,skyscraper,building,grattacielo,formato da molti piani
6675,s128,comb,implement,pettine,serve per mettersi a posto i capelli
6676,s128,comb,implement,pettine,formato da diversi denti
6677,s128,comb,implement,pettine,di varie lunghezze
6678,s128,onion,vegetable,cipolla,serve per dare più sapore alle pietanze
6679,s128,onion,vegetable,cipolla,quando la tagli bruciano gli occhi
6680,s128,onion,vegetable,cipolla,usata in cucina
6681,s128,socks,clothing,calzini,si mettono ai piedi
6682,s128,socks,clothing,calzini,sono di diversi colori
6683,s128,socks,clothing,calzini,si mettono sotto alle scarpe
6684,s128,ship,vehicle,nave,serve per viaggiare via mare
6685,s128,ship,vehicle,nave,di diverse dimensioni
6686,s128,ship,vehicle,nave,di diversi colori
6687,s128,eye,bodypart,occhio,parte del corpo
6688,s128,eye,bodypart,occhio,serve per guardare
6689,s128,eye,bodypart,occhio,blu
6690,s128,eye,bodypart,occhio,marrone
6691,s128,eye,bodypart,occhio,nero
6692,s128,eye,bodypart,occhio,verde
6693,s128,eye,bodypart,occhio,tondo
6694,s128,table,furniture,tavolo,mobile
6695,s128,table,furniture,tavolo,si trova in varie parti della casa
6696,s128,table,furniture,tavolo,di legno
6697,s128,table,furniture,tavolo,ci si mangia
6698,s128,table,furniture,tavolo,ci si fanno i compiti
6699,s128,bear,mammal,orso,animale
6700,s128,bear,mammal,orso,vive nei boschi
6701,s128,bear,mammal,orso,ha la pelliccia
6702,s128,bear,mammal,orso,gli si dà la caccia
6703,s128,bear,mammal,orso,carnivoro
6704,s128,bear,mammal,orso,se è orso bianco vive al Polo
6705,s128,sparrow,bird,passero,animale
6706,s128,sparrow,bird,passero,uccello
6707,s128,sparrow,bird,passero,vola
6708,s128,sparrow,bird,passero,ce ne sono di diverse specie
6709,s128,sparrow,bird,passero,vive in città
6710,s128,leg,bodypart,gamba,parte del corpo
6711,s128,leg,bodypart,gamba,grazie ad essa possiamo camminare
6712,s128,leg,bodypart,gamba,formata da coscia
6713,s128,leg,bodypart,gamba,formata da polpaccio
6714,s128,leg,bodypart,gamba,formata da ginocchio
6715,s128,leg,bodypart,gamba,termina con il piede
6716,s128,train,vehicle,treno,mezzo
6717,s128,train,vehicle,treno,di trasporto
6718,s128,train,vehicle,treno,serve per viaggiare
6719,s128,train,vehicle,treno,serve per trasportare merci
6720,s128,train,vehicle,treno,un tempo era a vapore
6721,s128,train,vehicle,treno,grazie ad essa si possono raggiungere posti lontani
6722,s128,train,vehicle,treno,formato da più vagoni
6723,s128,owl,bird,gufo,un animale
6724,s128,owl,bird,gufo,sa volare
6725,s128,owl,bird,gufo,sta sveglio soprattutto la notte
6726,s128,apple,fruit,mela,è un frutto
6727,s128,apple,fruit,mela,si mangia
6728,s128,apple,fruit,mela,può essere rossa
6729,s128,apple,fruit,mela,può essere gialla
6730,s128,apple,fruit,mela,può essere verde
6731,s128,apple,fruit,mela,si raccoglie sugli alberi
6732,s128,apple,fruit,mela,si mangia in tutte le stagioni
6733,s128,dog,mammal,cane,animale
6734,s128,dog,mammal,cane,ha 4 zampe
6735,s128,dog,mammal,cane,è un animale
6736,s128,dog,mammal,cane,domestico
6737,s128,dog,mammal,cane,vive con l'uomo
6738,s128,woodpecker,bird,picchio,animale
6739,s128,woodpecker,bird,picchio,sa volare
6740,s128,woodpecker,bird,picchio,uccello
6741,s128,woodpecker,bird,picchio,vive nei boschi
6742,s129,corn,vegetable,mais,importato dall'America
6743,s129,corn,vegetable,mais,i chicchi si trovano sulla pannocchia
6744,s129,corn,vegetable,mais,è giallo
6745,s129,corn,vegetable,mais,si mangia
6746,s129,cherry,fruit,ciliegia,è un frutto
6747,s129,cherry,fruit,ciliegia,cresce sugli alberi
6748,s129,cherry,fruit,ciliegia,è piccolo
6749,s129,cherry,fruit,ciliegia,è rosso
6750,s129,cherry,fruit,ciliegia,all'interno ha un seme
6751,s129,closet,furniture,armadio,è un mobile
6752,s129,closet,furniture,armadio,si usa per riporre i vestiti
6753,s129,shoes,clothing,scarpe,si indossano ai piedi
6754,s129,shoes,clothing,scarpe,sono un tipo di indumento
6755,s129,shoes,clothing,scarpe,sono da ginnastica
6756,s129,shoes,clothing,scarpe,hanno i lacci
6757,s129,broom,implement,scopa,si usa per pulire il pavimento
6758,s129,broom,implement,scopa,ha un lungo manico
6759,s129,broom,implement,scopa,è di legno
6760,s129,head,bodypart,testa,parte del corpo
6761,s129,head,bodypart,testa,inizio
6762,s129,head,bodypart,testa,inizio di una fila
6763,s129,head,bodypart,testa,testa o croce
6764,s129,monkey,mammal,scimmia,animale
6765,s129,monkey,mammal,scimmia,vive nella giungla
6766,s129,monkey,mammal,scimmia,mangia banane
6767,s129,monkey,mammal,scimmia,l'uomo discende dalla scimmia
6768,s129,rabbit,mammal,coniglio,animale
6769,s129,rabbit,mammal,coniglio,da fattoria
6770,s129,rabbit,mammal,coniglio,tipico a Pasqua
6771,s129,rabbit,mammal,coniglio,si dice di una persona paurosa
6772,s129,rabbit,mammal,coniglio,fa molti figli
6773,s129,goose,bird,oca,uccello
6774,s129,goose,bird,oca,vive nei pressi di stagni
6775,s129,goose,bird,oca,si usa per definire una persona stupida
6776,s129,tower,building,torre,edificio
6777,s129,tower,building,torre,parte di un castello
6778,s129,tower,building,torre,costruzione molto alta
6779,s129,tower,building,torre,medioevo
6780,s129,skyscraper,building,grattacielo,edificio
6781,s129,skyscraper,building,grattacielo,a più piani
6782,s129,skyscraper,building,grattacielo,molto alto
6783,s129,skyscraper,building,grattacielo,molto stretto
6784,s129,skyscraper,building,grattacielo,New York
6785,s129,comb,implement,pettine,per pettinarsi
6786,s129,comb,implement,pettine,per togliere i nodi dai capelli
6787,s129,comb,implement,pettine,una ragazza ne ha uno in borsa
6788,s129,onion,vegetable,cipolla,verdura
6789,s129,onion,vegetable,cipolla,se la tagli piangi
6790,s129,onion,vegetable,cipolla,è fatta a strati
6791,s129,onion,vegetable,cipolla,rotonda
6792,s129,socks,clothing,calzini,si indossano ai piedi
6793,s129,socks,clothing,calzini,sotto le scarpe
6794,s129,socks,clothing,calzini,indumento
6795,s129,socks,clothing,calzini,vanno cambiati spesso
6796,s129,socks,clothing,calzini,bucati
6797,s129,ship,vehicle,nave,veicolo
6798,s129,ship,vehicle,nave,viaggia sul mare
6799,s129,ship,vehicle,nave,trasporta merci
6800,s129,ship,vehicle,nave,trasporta persone
6801,s129,ship,vehicle,nave,traghetti
6802,s129,eye,bodypart,occhio,parte del corpo
6803,s129,eye,bodypart,occhio,la usiamo per vedere
6804,s129,eye,bodypart,occhio,può avere diversi colori
6805,s129,eye,bodypart,occhio,ne abbiamo 2
6806,s129,table,furniture,tavolo,mobile
6807,s129,table,furniture,tavolo,ha 4 gambe
6808,s129,table,furniture,tavolo,usato per appoggiarci sopra gli oggetti
6809,s129,table,furniture,tavolo,usato ai pasti
6810,s129,bear,mammal,orso,animale
6811,s129,bear,mammal,orso,pericoloso
6812,s129,bear,mammal,orso,"usato per definire una persona ""asociale"""
6813,s129,sparrow,bird,passero,uccello
6814,s129,sparrow,bird,passero,Passero Solitario di Leopardi
6815,s129,leg,bodypart,gamba,parte del corpo
6816,s129,leg,bodypart,gamba,ne abbiamo 2
6817,s129,leg,bodypart,gamba,servono per camminare
6818,s129,leg,bodypart,gamba,terminano con i piedi
6819,s129,train,vehicle,treno,mezzo
6820,s129,train,vehicle,treno,di locomozione
6821,s129,train,vehicle,treno,viaggia su rotaie
6822,s129,train,vehicle,treno,composto da vagoni
6823,s129,train,vehicle,treno,trainato dalla locomotiva
6824,s129,owl,bird,gufo,animale
6825,s129,owl,bird,gufo,attivo di notte
6826,s129,owl,bird,gufo,vive nelle foreste
6827,s129,owl,bird,gufo,un uccello rapace
6828,s129,apple,fruit,mela,frutto
6829,s129,apple,fruit,mela,rosso
6830,s129,apple,fruit,mela,giallo
6831,s129,apple,fruit,mela,verde
6832,s129,apple,fruit,mela,ha il torsolo
6833,s129,apple,fruit,mela,Biancaneve
6834,s129,dog,mammal,cane,animale
6835,s129,dog,mammal,cane,abbaia
6836,s129,dog,mammal,cane,migliore amico dell'uomo
6837,s129,woodpecker,bird,picchio,uccello
6838,s129,woodpecker,bird,picchio,vive in montagna
6839,s129,woodpecker,bird,picchio,ha un lungo becco
6840,s129,woodpecker,bird,picchio,"con cui ""picchia"""
6841,s130,seagull,bird,gabbiano,ha le ali
6842,s130,seagull,bird,gabbiano,è un uccello
6843,s130,seagull,bird,gabbiano,vive nei pressi del mare
6844,s130,seagull,bird,gabbiano,è di colore bianco
6845,s130,seagull,bird,gabbiano,è di colore grigio
6846,s130,bridge,building,ponte,permette di passare gli ostacoli
6847,s130,bridge,building,ponte,è calpestabile
6848,s130,bridge,building,ponte,in legno
6849,s130,bridge,building,ponte,in pietra
6850,s130,bridge,building,ponte,in acciaio
6851,s130,jacket,clothing,giacca,è un vestito
6852,s130,jacket,clothing,giacca,protegge dal freddo
6853,s130,jacket,clothing,giacca,ha i bottoni davanti
6854,s130,jacket,clothing,giacca,può essere lunga
6855,s130,jacket,clothing,giacca,può essere corta
6856,s130,armchair,furniture,poltrona,ci si siede sopra
6857,s130,armchair,furniture,poltrona,è comoda
6858,s130,bus,vehicle,autobus,trasporta le persone
6859,s130,bus,vehicle,autobus,guidato da un autista
6860,s130,bus,vehicle,autobus,trasporta tante persone alla volta
6861,s130,sweater,clothing,pullover,è un capo d'abbigliamento
6862,s130,sweater,clothing,pullover,simile alla giacca
6863,s130,sweater,clothing,pullover,può avvere i bottoni
6864,s130,peas,vegetable,piselli,verdura
6865,s130,peas,vegetable,piselli,piccoli
6866,s130,peas,vegetable,piselli,rotondi
6867,s130,peas,vegetable,piselli,verdi
6868,s130,peas,vegetable,piselli,gialli
6869,s130,horse,mammal,cavallo,animale
6870,s130,horse,mammal,cavallo,ha 4 zampe
6871,s130,horse,mammal,cavallo,alto
6872,s130,horse,mammal,cavallo,veloce
6873,s130,horse,mammal,cavallo,si può cavalcare
6874,s130,pineapple,fruit,ananas,è un frutto
6875,s130,pineapple,fruit,ananas,esotico
6876,s130,pineapple,fruit,ananas,ha la polpa gialla
6877,s130,pineapple,fruit,ananas,è dolce
6878,s130,church,building,chiesa,è un luogo
6879,s130,church,building,chiesa,luogo chiuso
6880,s130,church,building,chiesa,contiene tante persone
6881,s130,church,building,chiesa,è dedicata a Gesù Cristo
6882,s130,church,building,chiesa,si prega
6883,s130,church,building,chiesa,si ritrovano persone con la stessa fede
6884,s130,airplane,vehicle,aeroplano,è un mezzo
6885,s130,airplane,vehicle,aeroplano,di trasporto
6886,s130,airplane,vehicle,aeroplano,vola nel cielo
6887,s130,airplane,vehicle,aeroplano,porta gli uomini
6888,s130,airplane,vehicle,aeroplano,va in posti molto lontani da dove è partito
6889,s130,garage,building,garage,è un luogo
6890,s130,garage,building,garage,luogo chiuso
6891,s130,garage,building,garage,sotto terra
6892,s130,garage,building,garage,contiene le macchine
6893,s130,garage,building,garage,contiene le biciclette
6894,s130,garage,building,garage,contiene le moto
6895,s130,finger,bodypart,dito,è una parte del corpo umano
6896,s130,finger,bodypart,dito,è una parte della mano
6897,s130,finger,bodypart,dito,è costituito dalle falangi
6898,s130,finger,bodypart,dito,è pieghevole
6899,s130,spinach,vegetable,spinaci,sono delle verdure
6900,s130,spinach,vegetable,spinaci,sono verdi
6901,s130,spinach,vegetable,spinaci,si mangiano
6902,s130,spinach,vegetable,spinaci,da cotti
6903,s130,spinach,vegetable,spinaci,sono ricchi di ferro
6904,s130,hand,bodypart,mano,è una parte del corpo umano
6905,s130,hand,bodypart,mano,sono 2
6906,s130,hand,bodypart,mano,sono costituite da palmo
6907,s130,hand,bodypart,mano,sono costituite da dita
6908,s130,hand,bodypart,mano,una mano ha 5 dita
6909,s130,sword,implement,spada,è un'arma
6910,s130,sword,implement,spada,è costituita da impugnatura
6911,s130,sword,implement,spada,è costituita da elsa
6912,s130,sword,implement,spada,è costituita da lama
6913,s130,sword,implement,spada,è affilata
6914,s130,sword,implement,spada,la usavano i cavalieri
6915,s130,paintbrush,implement,pennello,si usa per dipingere
6916,s130,paintbrush,implement,pennello,ha le setole
6917,s130,paintbrush,implement,pennello,può avere spessore piccolo
6918,s130,paintbrush,implement,pennello,può avere spessore medio
6919,s130,paintbrush,implement,pennello,può avere spessore grande
6920,s130,tongs,implement,pinze,sono di metallo
6921,s130,tongs,implement,pinze,servono per estrarre
6922,s130,pear,fruit,pera,è un frutto
6923,s130,pear,fruit,pera,è dolce
6924,s130,pear,fruit,pera,è gialla
6925,s130,pear,fruit,pera,è verde
6926,s130,pear,fruit,pera,è marrone
6927,s130,chair,furniture,sedia,in legno
6928,s130,chair,furniture,sedia,in metallo
6929,s130,chair,furniture,sedia,si usa per sedersi
6930,s130,chair,furniture,sedia,ha uno schienale
6931,s130,chair,furniture,sedia,può avere i braccioli
6932,s130,chair,furniture,sedia,ha 4 gambe
6933,s130,bed,furniture,letto,si usa per sdraiarsi
6934,s130,bed,furniture,letto,si usa per dormire
6935,s130,bed,furniture,letto,ha un materasso
6936,s130,bed,furniture,letto,è nella camera da letto
6937,s130,truck,vehicle,camion,è una vettura
6938,s130,truck,vehicle,camion,trasporta diversi tipi di merci
6939,s130,truck,vehicle,camion,ha il rimorchio
6940,s130,truck,vehicle,camion,è grande
6941,s130,orange,fruit,arancia,è un frutto
6942,s130,orange,fruit,arancia,ha la buccia arancione
6943,s130,orange,fruit,arancia,è succoso
6944,s130,chemise,clothing,camicia,è un capo d'abbigliamento
6945,s130,chemise,clothing,camicia,ha i bottoni
6946,s130,chemise,clothing,camicia,ha il colletto
6947,s130,chemise,clothing,camicia,maniche lunghe
6948,s130,chemise,clothing,camicia,maniche corte
6949,s130,potato,vegetable,patata,è un tubero
6950,s130,potato,vegetable,patata,cresce sotto terra
6951,s130,potato,vegetable,patata,è dolce
6952,s130,potato,vegetable,patata,si mangia
6953,s130,potato,vegetable,patata,al forno
6954,s130,potato,vegetable,patata,si mangia fritta
6955,s131,corn,vegetable,mais,si mangia
6956,s131,corn,vegetable,mais,è giallo
6957,s131,corn,vegetable,mais,viene dalla pannocchia
6958,s131,corn,vegetable,mais,si fa la farina
6959,s131,cherry,fruit,ciliegia,è rossa
6960,s131,cherry,fruit,ciliegia,è un frutto
6961,s131,cherry,fruit,ciliegia,è piccolo
6962,s131,cherry,fruit,ciliegia,si mangia
6963,s131,cherry,fruit,ciliegia,ha l'osso
6964,s131,cherry,fruit,ciliegia,cresce sull'albero
6965,s131,closet,furniture,armadio,è grande
6966,s131,closet,furniture,armadio,ha le ante
6967,s131,closet,furniture,armadio,vi si mettono i vestiti
6968,s131,closet,furniture,armadio,si trova in camera
6969,s131,shoes,clothing,scarpe,si mettono ai piedi
6970,s131,shoes,clothing,scarpe,servono per camminare
6971,s131,shoes,clothing,scarpe,ce ne sono di vari tipo
6972,s131,shoes,clothing,scarpe,ce ne sono a punta
6973,s131,shoes,clothing,scarpe,ce ne sono col tacco
6974,s131,shoes,clothing,scarpe,si trovano appaiate
6975,s131,broom,implement,scopa,si usa per pulire per terra
6976,s131,broom,implement,scopa,tira su la polvere
6977,s131,broom,implement,scopa,fatta di legno
6978,s131,head,bodypart,testa,è sul collo
6979,s131,head,bodypart,testa,contiene il cervello
6980,s131,head,bodypart,testa,è composta dalla faccia
6981,s131,head,bodypart,testa,vi sono i capelli
6982,s131,monkey,mammal,scimmia,è un mammifero
6983,s131,monkey,mammal,scimmia,è un primato
6984,s131,monkey,mammal,scimmia,ha il pelo
6985,s131,monkey,mammal,scimmia,vive sugli alberi
6986,s131,monkey,mammal,scimmia,è relativamente intelligente
6987,s131,rabbit,mammal,coniglio,ha le orecchie lunghe
6988,s131,rabbit,mammal,coniglio,si mangia
6989,s131,rabbit,mammal,coniglio,ha il pelo
6990,s131,rabbit,mammal,coniglio,ha il pelo bianco
6991,s131,rabbit,mammal,coniglio,ha il pelo marrone
6992,s131,rabbit,mammal,coniglio,ha il pelo nero
6993,s131,rabbit,mammal,coniglio,ha la cosa a batuffolo
6994,s131,rabbit,mammal,coniglio,ha le zampe lunghe
6995,s131,rabbit,mammal,coniglio,ha le zampe lunghe dietro
6996,s131,rabbit,mammal,coniglio,mangia carote
6997,s131,rabbit,mammal,coniglio,ha i denti in fuori
6998,s131,goose,bird,oca,ha il becco giallo
6999,s131,goose,bird,oca,ha le piume bianche
7000,s131,goose,bird,oca,sculetta
7001,s131,goose,bird,oca,ha i piedi palmati
7002,s131,tower,building,torre,è alta
7003,s131,tower,building,torre,è fatta di pietra
7004,s131,tower,building,torre,nelle favole vi sono imprigionate le principesse
7005,s131,tower,building,torre,è a guardia dei castelli
7006,s131,skyscraper,building,grattacielo,è altro
7007,s131,skyscraper,building,grattacielo,contiene molte persone
7008,s131,skyscraper,building,grattacielo,si trova nelle grandi città
7009,s131,skyscraper,building,grattacielo,è una costruzione
7010,s131,comb,implement,pettine,si usa per pettinare i capelli
7011,s131,comb,implement,pettine,è utile
7012,s131,comb,implement,pettine,ha i denti
7013,s131,comb,implement,pettine,serve per scegliere i nodi dei capelli
7014,s131,onion,vegetable,cipolla,è tonda
7015,s131,onion,vegetable,cipolla,bianca
7016,s131,onion,vegetable,cipolla,rossa
7017,s131,onion,vegetable,cipolla,di Tropea
7018,s131,onion,vegetable,cipolla,fa piangere
7019,s131,onion,vegetable,cipolla,si usa per i soffritti
7020,s131,onion,vegetable,cipolla,cresce sotto terra
7021,s131,socks,clothing,calzini,si mettono ai piedi
7022,s131,socks,clothing,calzini,si mettono prima delle scarpe
7023,s131,socks,clothing,calzini,possono essere ?colorati?
7024,s131,socks,clothing,calzini,di vari materiali
7025,s131,ship,vehicle,nave,va sul mare
7026,s131,ship,vehicle,nave,è veloce
7027,s131,ship,vehicle,nave,da crociera
7028,s131,ship,vehicle,nave,può affondare
7029,s131,eye,bodypart,occhio,serve per vedere
7030,s131,eye,bodypart,occhio,è tondo
7031,s131,eye,bodypart,occhio,ha collegato il nervo ottico
7032,s131,eye,bodypart,occhio,si trova nell'orbita
7033,s131,table,furniture,tavolo,di legno
7034,s131,table,furniture,tavolo,vi si mangia sopra
7035,s131,table,furniture,tavolo,ha 4 gambe
7036,s131,table,furniture,tavolo,può essere quadrato
7037,s131,table,furniture,tavolo,può essere tondo
7038,s131,table,furniture,tavolo,può essere rettangolare
7039,s131,bear,mammal,orso,è grande
7040,s131,bear,mammal,orso,vive nel bosco
7041,s131,bear,mammal,orso,di color marrone
7042,s131,bear,mammal,orso,mangia pesce
7043,s131,bear,mammal,orso,mangia miele
7044,s131,sparrow,bird,passero,è un uccello
7045,s131,sparrow,bird,passero,vive nel nido
7046,s131,sparrow,bird,passero,ha le ali
7047,s131,sparrow,bird,passero,ha le piume
7048,s131,leg,bodypart,gamba,è una parte del corpo
7049,s131,leg,bodypart,gamba,ce ne sono due
7050,s131,leg,bodypart,gamba,ha 3 ossa fondamentali
7051,s131,leg,bodypart,gamba,vi è il ginocchio
7052,s131,train,vehicle,treno,è veloce
7053,s131,train,vehicle,treno,è lungo
7054,s131,train,vehicle,treno,c'è la locomotiva
7055,s131,train,vehicle,treno,ci sono i vagoni
7056,s131,train,vehicle,treno,va sulla ferrovia
7057,s131,owl,bird,gufo,è un uccello
7058,s131,owl,bird,gufo,vive di notte
7059,s131,owl,bird,gufo,mangia topi
7060,s131,owl,bird,gufo,ha gli occhi grandi
7061,s131,apple,fruit,mela,è un frutto
7062,s131,apple,fruit,mela,si coltiva in campagna
7063,s131,apple,fruit,mela,è rossa
7064,s131,apple,fruit,mela,è gialla
7065,s131,apple,fruit,mela,è verde
7066,s131,apple,fruit,mela,toglie il medico di torno
7067,s131,dog,mammal,cane,abbaia
7068,s131,dog,mammal,cane,cammina con 4 zampe
7069,s131,dog,mammal,cane,ha il pelo
7070,s131,dog,mammal,cane,ha l'odorato molto sviluppato
7071,s131,woodpecker,bird,picchio,è un uccello
7072,s131,woodpecker,bird,picchio,ha il becco lungo
7073,s131,woodpecker,bird,picchio,si costruisce il nido nei tronchi degli alberi
7074,s131,woodpecker,bird,picchio,picchietta il becco contro l'albero
7075,s131,woodpecker,bird,picchio,variopinto
7076,s132,seagull,bird,gabbiano,vola
7077,s132,seagull,bird,gabbiano,ha un becco abbastanza lungo
7078,s132,seagull,bird,gabbiano,ha le penne bianche
7079,s132,seagull,bird,gabbiano,ha le penne nere
7080,s132,seagull,bird,gabbiano,mangia pesci
7081,s132,seagull,bird,gabbiano,non molto grande
7082,s132,bridge,building,ponte,lungo
7083,s132,bridge,building,ponte,collega 2 porzioni di terra
7084,s132,bridge,building,ponte,è percorribile
7085,s132,bridge,building,ponte,è sospeso nel vuoto
7086,s132,jacket,clothing,giacca,serve per tenere caldo
7087,s132,jacket,clothing,giacca,si indossa sulla parte superiore del corpo
7088,s132,jacket,clothing,giacca,si può aprire
7089,s132,jacket,clothing,giacca,si può chiudere
7090,s132,armchair,furniture,poltrona,è comoda
7091,s132,armchair,furniture,poltrona,per sedersi
7092,s132,armchair,furniture,poltrona,abbastanza grande
7093,s132,armchair,furniture,poltrona,molto comune
7094,s132,armchair,furniture,poltrona,serve a rilassarsi
7095,s132,bus,vehicle,autobus,ospita molte persone
7096,s132,bus,vehicle,autobus,serve a trasportare molta gente
7097,s132,bus,vehicle,autobus,è abbastanza lento
7098,s132,bus,vehicle,autobus,è ingombrante
7099,s132,bus,vehicle,autobus,è difficile da manovrare
7100,s132,sweater,clothing,pullover,serve a tenere caldo
7101,s132,sweater,clothing,pullover,si indossa sulla parte superiore del corpo
7102,s132,sweater,clothing,pullover,di lana
7103,s132,sweater,clothing,pullover,molto comune
7104,s132,peas,vegetable,piselli,sono abbastanza buoni
7105,s132,peas,vegetable,piselli,di dimensioni ridotte
7106,s132,peas,vegetable,piselli,economici
7107,s132,peas,vegetable,piselli,verdi
7108,s132,peas,vegetable,piselli,gialli
7109,s132,peas,vegetable,piselli,molto comuni
7110,s132,peas,vegetable,piselli,crescono in un orto
7111,s132,peas,vegetable,piselli,crescono in campagna
7112,s132,horse,mammal,cavallo,corre molto veloce
7113,s132,horse,mammal,cavallo,è abbastanza grande
7114,s132,horse,mammal,cavallo,si nutre di biada
7115,s132,horse,mammal,cavallo,è molto resistente
7116,s132,horse,mammal,cavallo,viene allevato
7117,s132,pineapple,fruit,ananas,molto succosa
7118,s132,pineapple,fruit,ananas,abbastanza grande
7119,s132,pineapple,fruit,ananas,coriacea all'esterno
7120,s132,pineapple,fruit,ananas,non di facile reperibilità
7121,s132,church,building,chiesa,molto grande
7122,s132,church,building,chiesa,ci si riuniscono molte persone della stessa fede
7123,s132,church,building,chiesa,architettonicamente complessa
7124,s132,airplane,vehicle,aeroplano,molto veloce
7125,s132,airplane,vehicle,aeroplano,molto capiente
7126,s132,airplane,vehicle,aeroplano,consuma molto carburante
7127,s132,airplane,vehicle,aeroplano,ha le ali
7128,s132,garage,building,garage,è spazioso
7129,s132,garage,building,garage,serve a contenere automobili
7130,s132,garage,building,garage,si usa come ripostiglio
7131,s132,garage,building,garage,ha una porta
7132,s132,finger,bodypart,dito,si usa per indicare
7133,s132,finger,bodypart,dito,si usa per afferrare
7134,s132,finger,bodypart,dito,si usa per scaccolarsi
7135,s132,finger,bodypart,dito,si usa per misurare la temperatura
7136,s132,spinach,vegetable,spinaci,sono verdi
7137,s132,spinach,vegetable,spinaci,sono commestibili
7138,s132,spinach,vegetable,spinaci,sono economici
7139,s132,spinach,vegetable,spinaci,crescono in un orto
7140,s132,spinach,vegetable,spinaci,crescono in campagna
7141,s132,spinach,vegetable,spinaci,crescono in serra
7142,s132,spinach,vegetable,spinaci,di piccole dimensioni
7143,s132,hand,bodypart,mano,si usa per afferrare
7144,s132,hand,bodypart,mano,si usa per compiere quasi tutte le azioni
7145,s132,hand,bodypart,mano,ha 5 dita
7146,s132,hand,bodypart,mano,è un'estremità
7147,s132,sword,implement,spada,serve per uccidere
7148,s132,sword,implement,spada,è di metallo
7149,s132,sword,implement,spada,è fredda
7150,s132,sword,implement,spada,è di uso antico
7151,s132,sword,implement,spada,variamente lunga
7152,s132,sword,implement,spada,variamente tagliente
7153,s132,sword,implement,spada,accuminata
7154,s132,sword,implement,spada,ha un'impugnatura
7155,s132,sword,implement,spada,ha un'elsa
7156,s132,sword,implement,spada,si usava per difendersi
7157,s132,paintbrush,implement,pennello,si usa per colorare
7158,s132,paintbrush,implement,pennello,ha il manico in legno
7159,s132,paintbrush,implement,pennello,ha l'estremità in crini
7160,s132,paintbrush,implement,pennello,va intinta nel colore
7161,s132,paintbrush,implement,pennello,è fine
7162,s132,paintbrush,implement,pennello,è relativamente lungo
7163,s132,tongs,implement,pinze,sono di ferro
7164,s132,tongs,implement,pinze,servono per sfilare oggetti
7165,s132,tongs,implement,pinze,sono utili
7166,s132,tongs,implement,pinze,sono fredde
7167,s132,tongs,implement,pinze,moltiplicano la forza in uno spazio minore
7168,s132,pear,fruit,pera,molto comune
7169,s132,pear,fruit,pera,economica
7170,s132,pear,fruit,pera,succosa
7171,s132,pear,fruit,pera,gialla
7172,s132,pear,fruit,pera,morbida
7173,s132,pear,fruit,pera,ha un picciolo marrone
7174,s132,pear,fruit,pera,cresce in orti
7175,s132,pear,fruit,pera,cresce in campagna
7176,s132,pear,fruit,pera,fa bene alla salute
7177,s132,pear,fruit,pera,si mangia
7178,s132,chair,furniture,sedia,molto comune
7179,s132,chair,furniture,sedia,lignea
7180,s132,chair,furniture,sedia,ha 4 gambe
7181,s132,chair,furniture,sedia,serve per sedersi
7182,s132,chair,furniture,sedia,non è molto comoda
7183,s132,chair,furniture,sedia,è mediamente ingombrante
7184,s132,bed,furniture,letto,molto comodo
7185,s132,bed,furniture,letto,molto ingombrante
7186,s132,bed,furniture,letto,serve per dormirci
7187,s132,bed,furniture,letto,ha 4 gambe
7188,s132,bed,furniture,letto,costoso
7189,s132,bed,furniture,letto,ha una piazza
7190,s132,bed,furniture,letto,ha 2 piazze
7191,s132,truck,vehicle,camion,serve per trasportare merci
7192,s132,truck,vehicle,camion,è inquinante
7193,s132,truck,vehicle,camion,è molto ingombrante
7194,s132,truck,vehicle,camion,è molto pesante
7195,s132,truck,vehicle,camion,è difficilmente manovrabile
7196,s132,truck,vehicle,camion,è relativamente lento
7197,s133,corn,vegetable,mais,campo
7198,s133,corn,vegetable,mais,chicchi
7199,s133,corn,vegetable,mais,pannocchia
7200,s133,corn,vegetable,mais,coltivatore
7201,s133,corn,vegetable,mais,giallo
7202,s133,cherry,fruit,ciliegia,rossa
7203,s133,cherry,fruit,ciliegia,nocciola
7204,s133,cherry,fruit,ciliegia,buona
7205,s133,cherry,fruit,ciliegia,albero
7206,s133,closet,furniture,armadio,contiene vestiti
7207,s133,closet,furniture,armadio,usato nelle case
7208,s133,closet,furniture,armadio,utile
7209,s133,closet,furniture,armadio,fatto di legno
7210,s133,shoes,clothing,scarpe,di tutti i colori
7211,s133,shoes,clothing,scarpe,ai piedi
7212,s133,shoes,clothing,scarpe,con lacci
7213,s133,shoes,clothing,scarpe,di diversi tipi a seconda delle funzioni
7214,s133,broom,implement,scopa,ha un manico
7215,s133,broom,implement,scopa,viene usata per pulire
7216,s133,head,bodypart,testa,tutti ne hanno una
7217,s133,head,bodypart,testa,poggiata sul collo
7218,s133,head,bodypart,testa,contiene il cervello
7219,s133,head,bodypart,testa,ci sono i capelli
7220,s133,monkey,mammal,scimmia,è un animale
7221,s133,monkey,mammal,scimmia,vive nella foresta
7222,s133,monkey,mammal,scimmia,peloso
7223,s133,monkey,mammal,scimmia,grandi capacità nel saltare
7224,s133,rabbit,mammal,coniglio,animale
7225,s133,rabbit,mammal,coniglio,domestico
7226,s133,rabbit,mammal,coniglio,vive negli allevamenti
7227,s133,rabbit,mammal,coniglio,per essere mangiato
7228,s133,rabbit,mammal,coniglio,ha le orecchie lunghe
7229,s133,rabbit,mammal,coniglio,si nutre d'erba
7230,s133,goose,bird,oca,animale
7231,s133,goose,bird,oca,vive vicino all'acqua
7232,s133,goose,bird,oca,può volare
7233,s133,tower,building,torre,si trova nei castelli
7234,s133,tower,building,torre,alta
7235,s133,skyscraper,building,grattacielo,molto alto
7236,s133,skyscraper,building,grattacielo,nelle grandi città
7237,s133,skyscraper,building,grattacielo,sono palazzi
7238,s133,comb,implement,pettine,serve per pettinarsi i capelli
7239,s133,comb,implement,pettine,dentellato
7240,s133,comb,implement,pettine,viene riposto in bagno dopo l'uso
7241,s133,onion,vegetable,cipolla,un ortaggio
7242,s133,onion,vegetable,cipolla,se è maturo e lo tagli piangi
7243,s133,socks,clothing,calzini,si indossano ai piedi
7244,s133,socks,clothing,calzini,di diverse marche
7245,s133,socks,clothing,calzini,di diverse lunghezze
7246,s133,socks,clothing,calzini,puzzano
7247,s133,ship,vehicle,nave,serve per il trasporto marittimo
7248,s133,ship,vehicle,nave,affonda
7249,s133,ship,vehicle,nave,formata da una vela
7250,s133,eye,bodypart,occhio,serve per vedere
7251,s133,eye,bodypart,occhio,gli animali ne possiedono 2
7252,s133,table,furniture,tavolo,formato da 4 gambe
7253,s133,table,furniture,tavolo,formato da più di 4 gambe
7254,s133,table,furniture,tavolo,sopra si poggiano le pietanze
7255,s133,bear,mammal,orso,animale
7256,s133,bear,mammal,orso,peloso
7257,s133,bear,mammal,orso,di diverso colore a seconda del lugo
7258,s133,bear,mammal,orso,onnivoro
7259,s133,bear,mammal,orso,può attaccare l'uomo
7260,s133,bear,mammal,orso,goloso di miele
7261,s133,sparrow,bird,passero,un uccello
7262,s133,leg,bodypart,gamba,serve per sorreggersi
7263,s133,leg,bodypart,gamba,gli uomini ne possiedono 2
7264,s133,leg,bodypart,gamba,serve per camminare
7265,s133,train,vehicle,treno,mezzo
7266,s133,train,vehicle,treno,di trasporto
7267,s133,train,vehicle,treno,formato da vagoni
7268,s133,train,vehicle,treno,serve per spostarsi nelle lunghe distanze
7269,s133,train,vehicle,treno,composto da passeggieri
7270,s133,train,vehicle,treno,viaggia sulle rotaie
7271,s133,owl,bird,gufo,animale
7272,s133,owl,bird,gufo,uccello
7273,s133,owl,bird,gufo,vede di notte
7274,s133,owl,bird,gufo,notturno
7275,s133,apple,fruit,mela,frutto
7276,s133,apple,fruit,mela,cresce sugli alberi
7277,s133,apple,fruit,mela,di tanti colori
7278,s133,apple,fruit,mela,ha un picciolo
7279,s133,dog,mammal,cane,animale
7280,s133,dog,mammal,cane,carnivoro
7281,s133,dog,mammal,cane,domestico
7282,s133,dog,mammal,cane,grande amico dell'uomo
7283,s133,dog,mammal,cane,ci sono varie razze
7284,s133,dog,mammal,cane,grandi
7285,s133,dog,mammal,cane,piccoli
7286,s133,woodpecker,bird,picchio,uccello
7287,s133,woodpecker,bird,picchio,ha un becco duro
7288,s133,woodpecker,bird,picchio,vola
7289,s133,woodpecker,bird,picchio,scava nel legno per nutrirsi
7290,s134,seagull,bird,gabbiano,animale
7291,s134,seagull,bird,gabbiano,vola
7292,s134,seagull,bird,gabbiano,ha un becco
7293,s134,seagull,bird,gabbiano,è bianco
7294,s134,seagull,bird,gabbiano,si trova in riva al mare
7295,s134,bridge,building,ponte,è una struttura
7296,s134,bridge,building,ponte,serve per unire 2 posti che altrimenti non comunicherebbero
7297,s134,bridge,building,ponte,è attraversata
7298,s134,jacket,clothing,giacca,serve per riparare una persona dal freddo
7299,s134,jacket,clothing,giacca,in vari tessuti
7300,s134,jacket,clothing,giacca,comoda
7301,s134,armchair,furniture,poltrona,serve per sedersi
7302,s134,armchair,furniture,poltrona,in pelle
7303,s134,armchair,furniture,poltrona,in tessuto
7304,s134,armchair,furniture,poltrona,comoda
7305,s134,armchair,furniture,poltrona,può dondolare
7306,s134,bus,vehicle,autobus,è un mezzo
7307,s134,bus,vehicle,autobus,di trasporto
7308,s134,bus,vehicle,autobus,porta le persone
7309,s134,bus,vehicle,autobus,viaggia per la città
7310,s134,bus,vehicle,autobus,è utile
7311,s134,bus,vehicle,autobus,è veloce
7312,s134,sweater,clothing,pullover,è un indumento
7313,s134,sweater,clothing,pullover,di lana
7314,s134,sweater,clothing,pullover,serve per proteggere dal freddo
7315,s134,sweater,clothing,pullover,si una in inverno
7316,s134,peas,vegetable,piselli,si mangiano
7317,s134,peas,vegetable,piselli,sono piccoli
7318,s134,peas,vegetable,piselli,sono verdi
7319,s134,peas,vegetable,piselli,sono buoni
7320,s134,horse,mammal,cavallo,grande
7321,s134,horse,mammal,cavallo,animale
7322,s134,horse,mammal,cavallo,lo si cavalca
7323,s134,horse,mammal,cavallo,nitrisce
7324,s134,horse,mammal,cavallo,si usava nel Far West
7325,s134,horse,mammal,cavallo,pesa tanto
7326,s134,pineapple,fruit,ananas,tipo di frutta
7327,s134,pineapple,fruit,ananas,buono da mangiare
7328,s134,pineapple,fruit,ananas,si deve togliere il rivestimento pungente
7329,s134,church,building,chiesa,luogo
7330,s134,church,building,chiesa,dove si prega il proprio Dio
7331,s134,church,building,chiesa,spaziosa
7332,s134,church,building,chiesa,accoglie molte persone
7333,s134,airplane,vehicle,aeroplano,mezzo
7334,s134,airplane,vehicle,aeroplano,di trasporto
7335,s134,airplane,vehicle,aeroplano,velocissmo
7336,s134,airplane,vehicle,aeroplano,costa tanto
7337,s134,airplane,vehicle,aeroplano,è comodo
7338,s134,airplane,vehicle,aeroplano,è utile per grandi spostamenti
7339,s134,garage,building,garage,piccola stanza
7340,s134,garage,building,garage,stanza
7341,s134,garage,building,garage,contiene le automobili
7342,s134,garage,building,garage,sottoterra
7343,s134,garage,building,garage,ci sono gli scarafaggi
7344,s134,garage,building,garage,si tengono le cose in disuso
7345,s134,finger,bodypart,dito,parte del corpo
7346,s134,finger,bodypart,dito,si muove
7347,s134,finger,bodypart,dito,formata da tre ossa
7348,s134,finger,bodypart,dito,ricoperte di pelle
7349,s134,spinach,vegetable,spinaci,sono verdure
7350,s134,spinach,vegetable,spinaci,hanno tante proteine
7351,s134,spinach,vegetable,spinaci,non sono molto buoni da mangiare
7352,s134,hand,bodypart,mano,parte del corpo
7353,s134,hand,bodypart,mano,formata da 5 dita
7354,s134,hand,bodypart,mano,si usa per fare ogni cosa
7355,s134,hand,bodypart,mano,può sudare
7356,s134,sword,implement,spada,oggetto
7357,s134,sword,implement,spada,tagliente
7358,s134,sword,implement,spada,si usava per uccidere
7359,s134,sword,implement,spada,si usava nel Medioevo
7360,s134,sword,implement,spada,si trova in molte leggende
7361,s134,sword,implement,spada,è pesante
7362,s134,paintbrush,implement,pennello,serve per pitturare
7363,s134,paintbrush,implement,pennello,è formato da setole
7364,s134,paintbrush,implement,pennello,è in legno
7365,s134,paintbrush,implement,pennello,lo usa il pittore
7366,s134,paintbrush,implement,pennello,può essere fino
7367,s134,paintbrush,implement,pennello,può essere largo
7368,s134,tongs,implement,pinze,servono per staccare le cose
7369,s134,tongs,implement,pinze,hanno 2 bracci metallici
7370,s134,tongs,implement,pinze,sono delle leve
7371,s134,tongs,implement,pinze,si arruginiscono
7372,s134,pear,fruit,pera,tipo di frutta
7373,s134,pear,fruit,pera,sbucciata prima di essere ingerita
7374,s134,pear,fruit,pera,succosa
7375,s134,pear,fruit,pera,droga
7376,s134,chair,furniture,sedia,di legno
7377,s134,chair,furniture,sedia,serve per sedersi
7378,s134,chair,furniture,sedia,imbottita
7379,s134,chair,furniture,sedia,comoda
7380,s134,chair,furniture,sedia,ha 4 gambe
7381,s134,chair,furniture,sedia,ha uno schienale per appoggiarsi
7382,s134,bed,furniture,letto,di legno
7383,s134,bed,furniture,letto,serve per dormire
7384,s134,bed,furniture,letto,composto da un materasso
7385,s134,bed,furniture,letto,composto da un cuscino
7386,s134,bed,furniture,letto,ha una coperta
7387,s134,bed,furniture,letto,di vari tipi
7388,s134,bed,furniture,letto,comodo
7389,s134,truck,vehicle,camion,grande
7390,s134,truck,vehicle,camion,mezzo
7391,s134,truck,vehicle,camion,di trasporto
7392,s134,truck,vehicle,camion,per portare tonnellate di merci
7393,s134,truck,vehicle,camion,pesante
7394,s134,truck,vehicle,camion,ha più di 4 ruote
7395,s134,truck,vehicle,camion,non è molto veloce
7396,s134,truck,vehicle,camion,serve per lunghi spostamenti
7397,s134,orange,fruit,arancia,è un tipo di frutta
7398,s134,orange,fruit,arancia,è arancione
7399,s134,orange,fruit,arancia,prima di essere mangiata
7400,s134,orange,fruit,arancia,deve essere sbucciata
7401,s134,orange,fruit,arancia,contiene vitamine
7402,s134,chemise,clothing,camicia,è un indumento
7403,s134,chemise,clothing,camicia,ha bottoni
7404,s134,chemise,clothing,camicia,è di vari tipi
7405,s134,chemise,clothing,camicia,ha un colletto
7406,s134,potato,vegetable,patata,è da mangiare
7407,s134,potato,vegetable,patata,è buona
7408,s134,potato,vegetable,patata,può essere cotta in varie maniere
7409,s134,potato,vegetable,patata,ha la buccia
7410,s135,corn,vegetable,mais,si mangia
7411,s135,corn,vegetable,mais,giallo
7412,s135,corn,vegetable,mais,si coltiva
7413,s135,corn,vegetable,mais,verdura
7414,s135,cherry,fruit,ciliegia,frutto
7415,s135,cherry,fruit,ciliegia,rossa
7416,s135,cherry,fruit,ciliegia,cresce sugli alberi
7417,s135,cherry,fruit,ciliegia,rotonda
7418,s135,cherry,fruit,ciliegia,ha un nocciolo
7419,s135,closet,furniture,armadio,fa parte dell'arredamento
7420,s135,closet,furniture,armadio,si trova in casa
7421,s135,closet,furniture,armadio,posso mettere varie cose al suo interno
7422,s135,closet,furniture,armadio,ha tanti ripiani
7423,s135,closet,furniture,armadio,può avere delle ante
7424,s135,closet,furniture,armadio,può essere aperto
7425,s135,shoes,clothing,scarpe,abbigliamento
7426,s135,shoes,clothing,scarpe,si mettono ai piedi
7427,s135,shoes,clothing,scarpe,hanno dei lacci
7428,s135,broom,implement,scopa,serve per pulire il pavimento
7429,s135,broom,implement,scopa,formata da un bastone
7430,s135,broom,implement,scopa,con una spazzola su un'estremità
7431,s135,head,bodypart,testa,fa parte del corpo umano
7432,s135,head,bodypart,testa,si trova in cima sopra il collo
7433,s135,head,bodypart,testa,ha 2 occhi
7434,s135,head,bodypart,testa,ha 2 orecchie
7435,s135,head,bodypart,testa,ha bocca
7436,s135,head,bodypart,testa,ha naso
7437,s135,head,bodypart,testa,ha i capelli
7438,s135,head,bodypart,testa,è rotonda
7439,s135,monkey,mammal,scimmia,è un animale
7440,s135,monkey,mammal,scimmia,antenato dell'uomo
7441,s135,monkey,mammal,scimmia,non sa parlare
7442,s135,monkey,mammal,scimmia,pelosa
7443,s135,monkey,mammal,scimmia,ha comportamenti umani
7444,s135,rabbit,mammal,coniglio,animale
7445,s135,rabbit,mammal,coniglio,4 zampe
7446,s135,rabbit,mammal,coniglio,rivestito di pelo
7447,s135,rabbit,mammal,coniglio,docile
7448,s135,rabbit,mammal,coniglio,ha una coda
7449,s135,goose,bird,oca,animale
7450,s135,goose,bird,oca,2 zampe
7451,s135,goose,bird,oca,un uccello
7452,s135,tower,building,torre,costruzione
7453,s135,tower,building,torre,a sviluppo verticale
7454,s135,tower,building,torre,vari scopi
7455,s135,tower,building,torre,a scopo di difesa
7456,s135,tower,building,torre,a scopo di osservazione
7457,s135,tower,building,torre,a scopo di decorazione
7458,s135,skyscraper,building,grattacielo,è una costruzione
7459,s135,skyscraper,building,grattacielo,a sviluppo verticale
7460,s135,skyscraper,building,grattacielo,abitata da uomini
7461,s135,skyscraper,building,grattacielo,divista orizzontalmente in piani
7462,s135,skyscraper,building,grattacielo,piani divisi in appartamenti
7463,s135,comb,implement,pettine,strumento
7464,s135,comb,implement,pettine,serve per dare una certa disposizione ai capelli
7465,s135,comb,implement,pettine,formato da una serie di denti
7466,s135,onion,vegetable,cipolla,verdura
7467,s135,onion,vegetable,cipolla,fa lacrimare gli occhi quando si taglia
7468,s135,onion,vegetable,cipolla,viene usata per preparare varie pietanze
7469,s135,socks,clothing,calzini,sono un indumento
7470,s135,socks,clothing,calzini,si mettono ai piedi
7471,s135,socks,clothing,calzini,si usano d'inverno
7472,s135,socks,clothing,calzini,proteggono dal freddo
7473,s135,socks,clothing,calzini,di diversi materiali
7474,s135,socks,clothing,calzini,possono essere lunghi
7475,s135,socks,clothing,calzini,possono essere corti
7476,s135,ship,vehicle,nave,mezzo
7477,s135,ship,vehicle,nave,di trasporto
7478,s135,ship,vehicle,nave,si muove sull'acqua
7479,s135,ship,vehicle,nave,per merci
7480,s135,ship,vehicle,nave,per persone
7481,s135,ship,vehicle,nave,necessita di porto per attraccare
7482,s135,ship,vehicle,nave,si spinge grazie a delle eliche
7483,s135,eye,bodypart,occhio,organo del corpo umano
7484,s135,eye,bodypart,occhio,si trova in testa
7485,s135,eye,bodypart,occhio,permetta di vedere
7486,s135,eye,bodypart,occhio,ne abbiamo 2
7487,s135,eye,bodypart,occhio,può essere di vari colori
7488,s135,eye,bodypart,occhio,l'iride può essere di vari colori
7489,s135,table,furniture,tavolo,è un mobile
7490,s135,table,furniture,tavolo,ha 3 gambe
7491,s135,table,furniture,tavolo,ha più di 3 gambe
7492,s135,table,furniture,tavolo,è formato da un piano orizzontale
7493,s135,table,furniture,tavolo,è formato da sostegni verticali
7494,s135,bear,mammal,orso,è un animale
7495,s135,bear,mammal,orso,grosso
7496,s135,bear,mammal,orso,ricoperto di pelo
7497,s135,sparrow,bird,passero,un uccello
7498,s135,sparrow,bird,passero,varie specie
7499,s135,sparrow,bird,passero,ha 2 ali
7500,s135,sparrow,bird,passero,ha 2 zampe
7501,s135,sparrow,bird,passero,si trova in città
7502,s135,sparrow,bird,passero,ha il becco
7503,s135,sparrow,bird,passero,ha 2 occhi
7504,s135,sparrow,bird,passero,ha le piume
7505,s135,leg,bodypart,gamba,parte del corpo umano
7506,s135,leg,bodypart,gamba,ne abbiamo 2
7507,s135,leg,bodypart,gamba,termina con un piede
7508,s135,leg,bodypart,gamba,"è ""spezzato"" a metà"
7509,s135,leg,bodypart,gamba,ginocchio
7510,s135,train,vehicle,treno,mezzo
7511,s135,train,vehicle,treno,di trasporto
7512,s135,train,vehicle,treno,si muove su rotaie
7513,s135,train,vehicle,treno,in Italia è sempre in ritardo
7514,s135,train,vehicle,treno,formato da una locomotiva
7515,s135,train,vehicle,treno,formato da vagoni
7516,s135,train,vehicle,treno,si ferma nelle stazioni ferroviarie
7517,s135,train,vehicle,treno,usa vari tipi di energia per muoversi
7518,s135,owl,bird,gufo,uccello
7519,s135,owl,bird,gufo,ha 2 ali
7520,s135,owl,bird,gufo,ha 2 occhi
7521,s135,owl,bird,gufo,è un animale notturno
7522,s135,owl,bird,gufo,ha 2 zampe
7523,s135,owl,bird,gufo,ha un becco
7524,s135,owl,bird,gufo,ha le piume
7525,s135,apple,fruit,mela,è un frutto
7526,s135,apple,fruit,mela,è sferico
7527,s135,apple,fruit,mela,è di colore rosso
7528,s135,apple,fruit,mela,è di colore verde
7529,s135,apple,fruit,mela,è di colore giallo
7530,s135,apple,fruit,mela,è di una combinazione di colori
7531,s135,apple,fruit,mela,si mangia
7532,s135,apple,fruit,mela,ha i semini al centro
7533,s135,apple,fruit,mela,cresce sugli alberi
7534,s135,apple,fruit,mela,all'interno è gialla
7535,s135,dog,mammal,cane,animale
7536,s135,dog,mammal,cane,domestico
7537,s135,dog,mammal,cane,diffuso nelle case
7538,s135,dog,mammal,cane,di varie razze
7539,s135,dog,mammal,cane,ha il pelo
7540,s135,dog,mammal,cane,ha una coda
7541,s135,dog,mammal,cane,ha 4 zampe
7542,s135,dog,mammal,cane,abbaia
7543,s135,dog,mammal,cane,è fedele
7544,s135,woodpecker,bird,picchio,uccello
7545,s135,woodpecker,bird,picchio,ha le piume
7546,s135,woodpecker,bird,picchio,ha 2 zampe
7547,s135,woodpecker,bird,picchio,ha il becco
7548,s135,woodpecker,bird,picchio,ha 2 occhi
7549,s135,woodpecker,bird,picchio,picchia con il becco contro gli alberi
7550,s136,corn,vegetable,mais,campo
7551,s136,corn,vegetable,mais,chicchi
7552,s136,corn,vegetable,mais,pannocchia
7553,s136,corn,vegetable,mais,coltivatore
7554,s136,corn,vegetable,mais,giallo
7555,s136,cherry,fruit,ciliegia,albero
7556,s136,cherry,fruit,ciliegia,nocciolo
7557,s136,cherry,fruit,ciliegia,rosso
7558,s136,cherry,fruit,ciliegia,marmellata
7559,s136,closet,furniture,armadio,ci si mettono i vestiti
7560,s136,closet,furniture,armadio,si chiude
7561,s136,closet,furniture,armadio,con delle ante
7562,s136,closet,furniture,armadio,in legno
7563,s136,closet,furniture,armadio,in ferro
7564,s136,shoes,clothing,scarpe,si usano per camminare
7565,s136,shoes,clothing,scarpe,sono colorate
7566,s136,shoes,clothing,scarpe,puzzano
7567,s136,shoes,clothing,scarpe,si allacciano con lacci
7568,s136,shoes,clothing,scarpe,si allacciano con strap
7569,s136,broom,implement,scopa,si usa per pulire per terra
7570,s136,broom,implement,scopa,può essere di varie misure
7571,s136,head,bodypart,testa,tutti ne hanno 1
7572,s136,head,bodypart,testa,sono tutte diverse
7573,s136,head,bodypart,testa,c'è dentro il cervello
7574,s136,head,bodypart,testa,ci sono i capelli
7575,s136,monkey,mammal,scimmia,animale
7576,s136,monkey,mammal,scimmia,della foresta
7577,s136,monkey,mammal,scimmia,pelsoso
7578,s136,monkey,mammal,scimmia,con 4 arti
7579,s136,monkey,mammal,scimmia,con coda
7580,s136,monkey,mammal,scimmia,si ciba di frutta
7581,s136,monkey,mammal,scimmia,aggressiva
7582,s136,rabbit,mammal,coniglio,animale
7583,s136,rabbit,mammal,coniglio,animaletto
7584,s136,rabbit,mammal,coniglio,del bosco
7585,s136,rabbit,mammal,coniglio,pelliccia di vari colori
7586,s136,rabbit,mammal,coniglio,procede con piccoli balzi
7587,s136,rabbit,mammal,coniglio,ottimo da mangiare
7588,s136,rabbit,mammal,coniglio,con le patate
7589,s136,goose,bird,oca,animale
7590,s136,goose,bird,oca,acquatico
7591,s136,goose,bird,oca,ricoperto di penne
7592,s136,goose,bird,oca,ha il becco
7593,s136,tower,building,torre,edificio
7594,s136,tower,building,torre,di alte dimensioni
7595,s136,tower,building,torre,abitata
7596,s136,tower,building,torre,si trova nei castelli medioevali
7597,s136,skyscraper,building,grattacielo,edificio
7598,s136,skyscraper,building,grattacielo,moderno
7599,s136,skyscraper,building,grattacielo,a più piani
7600,s136,skyscraper,building,grattacielo,abitato
7601,s136,comb,implement,pettine,strumento per modellare i capelli
7602,s136,comb,implement,pettine,fatto di diversi materiali
7603,s136,onion,vegetable,cipolla,alimento
7604,s136,onion,vegetable,cipolla,di forma sferica
7605,s136,onion,vegetable,cipolla,è formata da strati
7606,s136,onion,vegetable,cipolla,quando la tagli piangi
7607,s136,socks,clothing,calzini,indumento
7608,s136,socks,clothing,calzini,copre il piede
7609,s136,socks,clothing,calzini,in cotone
7610,s136,socks,clothing,calzini,in lana
7611,s136,socks,clothing,calzini,puzza
7612,s136,socks,clothing,calzini,si compra in negozio
7613,s136,ship,vehicle,nave,mezzo
7614,s136,ship,vehicle,nave,di trasporto
7615,s136,ship,vehicle,nave,sull'acqua
7616,s136,ship,vehicle,nave,trasporta persone
7617,s136,ship,vehicle,nave,trasporta merci
7618,s136,ship,vehicle,nave,trasporta animali
7619,s136,ship,vehicle,nave,costruita in ferro
7620,s136,ship,vehicle,nave,costruita in legno
7621,s136,eye,bodypart,occhio,organo
7622,s136,eye,bodypart,occhio,permette la vista
7623,s136,eye,bodypart,occhio,di vari colori
7624,s136,eye,bodypart,occhio,dotato di ciglia
7625,s136,eye,bodypart,occhio,dotato di palpebre
7626,s136,eye,bodypart,occhio,scendono le lacrime
7627,s136,table,furniture,tavolo,oggetto
7628,s136,table,furniture,tavolo,su cui si appoggiano le cose
7629,s136,table,furniture,tavolo,in legno
7630,s136,table,furniture,tavolo,in ferro
7631,s136,table,furniture,tavolo,ha 4 supporti
7632,s136,bear,mammal,orso,animale
7633,s136,bear,mammal,orso,della foresta
7634,s136,bear,mammal,orso,aggressivo
7635,s136,bear,mammal,orso,di grosse dimensioni
7636,s136,bear,mammal,orso,carnivoro
7637,s136,bear,mammal,orso,ricoperto di pelo
7638,s136,bear,mammal,orso,ha grossi denti
7639,s136,sparrow,bird,passero,uccello
7640,s136,sparrow,bird,passero,di città
7641,s136,sparrow,bird,passero,di piccole dimensioni
7642,s136,sparrow,bird,passero,di colore marrone
7643,s136,sparrow,bird,passero,con piccolo becco
7644,s136,leg,bodypart,gamba,organo
7645,s136,leg,bodypart,gamba,per il movimento
7646,s136,leg,bodypart,gamba,pelosa
7647,s136,leg,bodypart,gamba,dotata di ginocchio
7648,s136,leg,bodypart,gamba,dotata di altre ossa
7649,s136,leg,bodypart,gamba,di legno
7650,s136,train,vehicle,treno,mezzo
7651,s136,train,vehicle,treno,di trasporto
7652,s136,train,vehicle,treno,si muove su rotaie elettriche
7653,s136,train,vehicle,treno,lungo
7654,s136,train,vehicle,treno,corto
7655,s136,train,vehicle,treno,trasporta persone
7656,s136,train,vehicle,treno,trasporta merci
7657,s136,owl,bird,gufo,animale
7658,s136,owl,bird,gufo,notturno
7659,s136,owl,bird,gufo,piumato
7660,s136,owl,bird,gufo,con becco
7661,s136,owl,bird,gufo,carnivoro
7662,s136,owl,bird,gufo,porta sfiga
7663,s136,apple,fruit,mela,frutto
7664,s136,apple,fruit,mela,dolce
7665,s136,apple,fruit,mela,di forma sferica
7666,s136,apple,fruit,mela,con i semi all'interno
7667,s136,dog,mammal,cane,animale
7668,s136,dog,mammal,cane,selvatico
7669,s136,dog,mammal,cane,domestico
7670,s136,dog,mammal,cane,ricoperto di pelo
7671,s136,dog,mammal,cane,ha la coda
7672,s136,dog,mammal,cane,abbaia
7673,s136,dog,mammal,cane,è onnivoro
7674,s136,woodpecker,bird,picchio,animale
7675,s136,woodpecker,bird,picchio,della foresta
7676,s136,woodpecker,bird,picchio,di piccole dimensioni
7677,s136,woodpecker,bird,picchio,è un uccello
7678,s136,woodpecker,bird,picchio,svava nel legno
7679,s136,woodpecker,bird,picchio,c'ha il becco lungo
7680,s137,seagull,bird,gabbiano,è un animale
7681,s137,seagull,bird,gabbiano,con le ali
7682,s137,seagull,bird,gabbiano,vola
7683,s137,seagull,bird,gabbiano,ha le piume
7684,s137,seagull,bird,gabbiano,ha un becco
7685,s137,seagull,bird,gabbiano,ha 2 zampe
7686,s137,seagull,bird,gabbiano,fa le uova
7687,s137,seagull,bird,gabbiano,abita vicino al mare
7688,s137,seagull,bird,gabbiano,si ciba di pesci
7689,s137,bridge,building,ponte,serve per collegare 2 parti separate di strada
7690,s137,bridge,building,ponte,ci passano sopra macchine
7691,s137,bridge,building,ponte,ci passano sopra persone
7692,s137,bridge,building,ponte,è sospeso
7693,s137,jacket,clothing,giacca,è 1 indumento
7694,s137,jacket,clothing,giacca,si mette sopra le camicie
7695,s137,jacket,clothing,giacca,serve per tenere caldo se è imbottita
7696,s137,jacket,clothing,giacca,ha 2 maniche
7697,s137,jacket,clothing,giacca,si chiude davanti
7698,s137,jacket,clothing,giacca,con dei bottoni
7699,s137,jacket,clothing,giacca,si chiude davanti con una cerniera
7700,s137,jacket,clothing,giacca,può avere un cappuccio
7701,s137,armchair,furniture,poltrona,è un mobile
7702,s137,armchair,furniture,poltrona,ci si siede
7703,s137,armchair,furniture,poltrona,varie forme
7704,s137,armchair,furniture,poltrona,comoda
7705,s137,armchair,furniture,poltrona,ha uno schienale
7706,s137,armchair,furniture,poltrona,reclinabile
7707,s137,bus,vehicle,autobus,mezzo
7708,s137,bus,vehicle,autobus,di trasporto
7709,s137,bus,vehicle,autobus,serve per trasportare persone
7710,s137,bus,vehicle,autobus,mezzo
7711,s137,bus,vehicle,autobus,pubblico
7712,s137,bus,vehicle,autobus,devi pagare il biglietto
7713,s137,bus,vehicle,autobus,ha 8 ruote
7714,s137,bus,vehicle,autobus,c'è 1 uomo che lo guida
7715,s137,sweater,clothing,pullover,è 1 indumento
7716,s137,sweater,clothing,pullover,ha 2 maniche
7717,s137,sweater,clothing,pullover,si chiude davanti
7718,s137,sweater,clothing,pullover,con dei bottoni
7719,s137,sweater,clothing,pullover,serve per tenere caldo
7720,s137,sweater,clothing,pullover,fatto di lana
7721,s137,peas,vegetable,piselli,un tipo di cibo
7722,s137,peas,vegetable,piselli,sono dei semi
7723,s137,peas,vegetable,piselli,verdi
7724,s137,peas,vegetable,piselli,gialli
7725,s137,peas,vegetable,piselli,rotondi
7726,s137,peas,vegetable,piselli,si possono cucinare
7727,s137,peas,vegetable,piselli,legumi
7728,s137,peas,vegetable,piselli,si trovano in bacelli
7729,s137,horse,mammal,cavallo,1 animale
7730,s137,horse,mammal,cavallo,a 4 zampre
7731,s137,horse,mammal,cavallo,molto veloce nella corsa
7732,s137,horse,mammal,cavallo,nitrisce
7733,s137,horse,mammal,cavallo,ha una criniera
7734,s137,horse,mammal,cavallo,ha una coda di peli
7735,s137,horse,mammal,cavallo,ha gli zoccoli
7736,s137,horse,mammal,cavallo,si cavalca
7737,s137,horse,mammal,cavallo,usato per gare
7738,s137,pineapple,fruit,ananas,è 1 cibo
7739,s137,pineapple,fruit,ananas,è 1 alimento
7740,s137,pineapple,fruit,ananas,all'interno è giallo
7741,s137,pineapple,fruit,ananas,viene fatto il succo
7742,s137,pineapple,fruit,ananas,alla sommità ha delle foglie verdi
7743,s137,pineapple,fruit,ananas,ha una forma a uovo
7744,s137,pineapple,fruit,ananas,ha la scorza morbida
7745,s137,church,building,chiesa,è 1 posto
7746,s137,church,building,chiesa,di ritrovo di uomini
7747,s137,church,building,chiesa,per pregare
7748,s137,church,building,chiesa,casa del nostro Dio
7749,s137,church,building,chiesa,si va a confessarsi
7750,s137,church,building,chiesa,si fa la messa
7751,s137,airplane,vehicle,aeroplano,1 mezzo
7752,s137,airplane,vehicle,aeroplano,di trasporto
7753,s137,airplane,vehicle,aeroplano,vola
7754,s137,airplane,vehicle,aeroplano,bisogna pagare il biglietto
7755,s137,airplane,vehicle,aeroplano,capiente
7756,s137,airplane,vehicle,aeroplano,ha 2 ali
7757,s137,airplane,vehicle,aeroplano,ha un motore
7758,s137,airplane,vehicle,aeroplano,ha un pilota
7759,s137,garage,building,garage,è 1 luogo
7760,s137,garage,building,garage,dove parcheggiare le auto
7761,s137,garage,building,garage,ha una porta che lo chiude
7762,s137,garage,building,garage,capiente
7763,s137,finger,bodypart,dito,1 parte del nostro corpo
7764,s137,finger,bodypart,dito,fino
7765,s137,finger,bodypart,dito,ha un'unghia
7766,s137,finger,bodypart,dito,con esso possiamo toccare
7767,s137,finger,bodypart,dito,con esso possiamo sentire
7768,s137,spinach,vegetable,spinaci,sono un alimento
7769,s137,spinach,vegetable,spinaci,sono verdi
7770,s137,spinach,vegetable,spinaci,si possono cucinare
7771,s137,spinach,vegetable,spinaci,si mangiano
7772,s137,spinach,vegetable,spinaci,li usa Braccio di Ferro
7773,s137,spinach,vegetable,spinaci,crescono per terra
7774,s137,hand,bodypart,mano,una parte del nostro corpo
7775,s137,hand,bodypart,mano,ha attaccate 5 dita
7776,s137,hand,bodypart,mano,si può fare di tutto
7777,s137,hand,bodypart,mano,è mobile
7778,s137,sword,implement,spada,1 arma
7779,s137,sword,implement,spada,affilata
7780,s137,sword,implement,spada,si usa per combattere
7781,s137,sword,implement,spada,ha una lama
7782,s137,sword,implement,spada,ha un'impugnatura
7783,s137,sword,implement,spada,di varie dimensioni
7784,s137,sword,implement,spada,taglia
7785,s137,paintbrush,implement,pennello,è 1 strumento
7786,s137,paintbrush,implement,pennello,per dipingere
7787,s137,paintbrush,implement,pennello,ha dei peli che trattengono la tintura
7788,s137,paintbrush,implement,pennello,ha il manico di varie materie
7789,s137,paintbrush,implement,pennello,ce ne sono di varie dimensioni
7790,s137,tongs,implement,pinze,sono uno strumento
7791,s137,tongs,implement,pinze,per tenere cose
7792,s137,tongs,implement,pinze,sono di vari materiali
7793,s137,tongs,implement,pinze,hanno 2 manici
7794,s137,pear,fruit,pera,1 alimento
7795,s137,pear,fruit,pera,gialla
7796,s137,pear,fruit,pera,verde
7797,s137,pear,fruit,pera,rossastra
7798,s137,pear,fruit,pera,si mangia
7799,s137,pear,fruit,pera,si può fare il succo
7800,s137,pear,fruit,pera,ha dei semi all'interno
7801,s137,pear,fruit,pera,è 1 frutto
7802,s137,pear,fruit,pera,cresce sugli alberi
7803,s137,pear,fruit,pera,forma a cono
7804,s137,chair,furniture,sedia,è 1 cosa
7805,s137,chair,furniture,sedia,su cui ci si siede
7806,s137,chair,furniture,sedia,a 4 gambe
7807,s137,chair,furniture,sedia,ha uno schienale
7808,s137,chair,furniture,sedia,di vari materiali
7809,s137,chair,furniture,sedia,di vari odori
7810,s137,bed,furniture,letto,ci si dorme su
7811,s137,bed,furniture,letto,ha un materasso
7812,s137,bed,furniture,letto,ha un cuscino
7813,s137,bed,furniture,letto,ha una struttura che regge il materasso
7814,s137,bed,furniture,letto,ci si sdraia sopra
7815,s137,bed,furniture,letto,è rilassante
7816,s137,bed,furniture,letto,è di varie dimensioni
7817,s137,truck,vehicle,camion,è 1 automezzo
7818,s137,truck,vehicle,camion,ha molte ruote
7819,s137,truck,vehicle,camion,si usa per trasportare oggetti
7820,s137,truck,vehicle,camion,si usa per trasportare animali
7821,s137,truck,vehicle,camion,ha un guidatore
7822,s137,truck,vehicle,camion,non va molto veloce
7823,s137,truck,vehicle,camion,ha un motore
7824,s137,orange,fruit,arancia,è 1 frutto
7825,s137,orange,fruit,arancia,è arancione
7826,s137,orange,fruit,arancia,ha la forma di una sfera
7827,s137,orange,fruit,arancia,ci si fa il succo
7828,s137,orange,fruit,arancia,è molto vitaminica
7829,s137,orange,fruit,arancia,è 1 un po' aspra
7830,s137,chemise,clothing,camicia,è 1 indumento
7831,s137,chemise,clothing,camicia,serve per coprirsi
7832,s137,chemise,clothing,camicia,ha 2 maniche
7833,s137,chemise,clothing,camicia,si chiude
7834,s137,chemise,clothing,camicia,con bottoni
7835,s137,chemise,clothing,camicia,con cerniera
7836,s137,chemise,clothing,camicia,ha delle tasche nel petto
7837,s137,chemise,clothing,camicia,ha 1 colletto
7838,s137,potato,vegetable,patata,è 1 indumento
7839,s137,potato,vegetable,patata,per mangiarla
7840,s137,potato,vegetable,patata,bisogna cuocerla
7841,s137,potato,vegetable,patata,cresce sottoterra
7842,s137,potato,vegetable,patata,è gialla sull'interno
7843,s137,potato,vegetable,patata,è piena di amido
7844,s137,potato,vegetable,patata,è 1 tubero
7845,s137,potato,vegetable,patata,si può friggere
7846,s138,corn,vegetable,mais,è un chicco
7847,s138,corn,vegetable,mais,è di color giallo
7848,s138,corn,vegetable,mais,è un cibo
7849,s138,corn,vegetable,mais,deriva dalla pannocchia
7850,s138,corn,vegetable,mais,si usa come contorno
7851,s138,corn,vegetable,mais,è di piccole dimensioni
7852,s138,cherry,fruit,ciliegia,è un frutto
7853,s138,cherry,fruit,ciliegia,di colore rosso
7854,s138,cherry,fruit,ciliegia,ha il nocciolo al suo interno
7855,s138,cherry,fruit,ciliegia,è dolce
7856,s138,cherry,fruit,ciliegia,ha una forma arrotondata
7857,s138,closet,furniture,armadio,è di legno
7858,s138,closet,furniture,armadio,è di altri materiali
7859,s138,closet,furniture,armadio,si usa per mettere dentro le cose
7860,s138,closet,furniture,armadio,ha 2 portelle
7861,s138,closet,furniture,armadio,si chiude
7862,s138,closet,furniture,armadio,è di dimensioni grandi
7863,s138,closet,furniture,armadio,di diversi colori
7864,s138,shoes,clothing,scarpe,si mettono ai piedi
7865,s138,shoes,clothing,scarpe,hanno i lacci
7866,s138,shoes,clothing,scarpe,si usano per coprire i piedi
7867,s138,shoes,clothing,scarpe,hanno diverse forme
7868,s138,shoes,clothing,scarpe,hanno diverse dimensioni
7869,s138,shoes,clothing,scarpe,hanno colori diversi
7870,s138,broom,implement,scopa,ha il manico
7871,s138,broom,implement,scopa,serve per pulire la casa
7872,s138,broom,implement,scopa,è di diverse forme
7873,s138,broom,implement,scopa,pulisce il pavimento
7874,s138,head,bodypart,testa,serve per pensare
7875,s138,head,bodypart,testa,è coperta dai capelli
7876,s138,head,bodypart,testa,nella testa c'è il cervello
7877,s138,monkey,mammal,scimmia,è un animale
7878,s138,monkey,mammal,scimmia,ha il pelo
7879,s138,monkey,mammal,scimmia,è simile all'uomo
7880,s138,monkey,mammal,scimmia,l'uomo si è sviluppato dalle scimmie
7881,s138,monkey,mammal,scimmia,sono marroni
7882,s138,monkey,mammal,scimmia,sono di altri colori
7883,s138,monkey,mammal,scimmia,ne esistono di diverse specie
7884,s138,rabbit,mammal,coniglio,è un animale
7885,s138,rabbit,mammal,coniglio,ha 2 orecchie lunghe
7886,s138,rabbit,mammal,coniglio,è di diversi colori
7887,s138,rabbit,mammal,coniglio,ha 2 denti di fuori per rosicchiare
7888,s138,rabbit,mammal,coniglio,la si mangia
7889,s138,rabbit,mammal,coniglio,ha il pelo di diversi colori
7890,s138,goose,bird,oca,è un uccello
7891,s138,goose,bird,oca,è bianca
7892,s138,goose,bird,oca,ha le zampe palmate
7893,s138,goose,bird,oca,nuota molto bene
7894,s138,goose,bird,oca,si mangia
7895,s138,tower,building,torre,fa parte di un castello
7896,s138,tower,building,torre,è la parte più alta
7897,s138,tower,building,torre,ha una forma di cilindro
7898,s138,tower,building,torre,serve per riuscire a vedere dall'alto
7899,s138,skyscraper,building,grattacielo,costruzione
7900,s138,skyscraper,building,grattacielo,dentro ci si abita
7901,s138,skyscraper,building,grattacielo,molto alta
7902,s138,skyscraper,building,grattacielo,si trovano nelle grandi città
7903,s138,skyscraper,building,grattacielo,hanno molte finestre
7904,s138,skyscraper,building,grattacielo,di cemento
7905,s138,comb,implement,pettine,serve per togliere i nodi dai capelli
7906,s138,comb,implement,pettine,ha molti denti
7907,s138,comb,implement,pettine,ha un'impugnatura
7908,s138,comb,implement,pettine,lo usano di più le donne
7909,s138,onion,vegetable,cipolla,si mangia
7910,s138,onion,vegetable,cipolla,ha molti strati
7911,s138,onion,vegetable,cipolla,può essere gialla
7912,s138,onion,vegetable,cipolla,può essere rossa
7913,s138,onion,vegetable,cipolla,può essere bianca
7914,s138,onion,vegetable,cipolla,è una verdura
7915,s138,onion,vegetable,cipolla,quando le tagli fa piangere
7916,s138,socks,clothing,calzini,si mettono ai piedi
7917,s138,socks,clothing,calzini,sono di stoffa
7918,s138,socks,clothing,calzini,si mettono tra le scarpe e il piede nudo
7919,s138,socks,clothing,calzini,arrivano fino al polpaccio circa
7920,s138,socks,clothing,calzini,possono essere di lana
7921,s138,socks,clothing,calzini,possono essere di cotone
7922,s138,ship,vehicle,nave,costruzione
7923,s138,ship,vehicle,nave,va sul mare
7924,s138,ship,vehicle,nave,porta molte persone
7925,s138,ship,vehicle,nave,galleggia sull'acqua
7926,s138,ship,vehicle,nave,a volte affonda
7927,s138,ship,vehicle,nave,è di diverse dimensioni
7928,s138,eye,bodypart,occhio,serve per guardare
7929,s138,eye,bodypart,occhio,ha le ciglia
7930,s138,eye,bodypart,occhio,può essere di diversi colori
7931,s138,eye,bodypart,occhio,è acquoso
7932,s138,eye,bodypart,occhio,è delicato
7933,s138,table,furniture,tavolo,ha 4 gambe di legno
7934,s138,table,furniture,tavolo,è una tavola
7935,s138,table,furniture,tavolo,è piatto
7936,s138,table,furniture,tavolo,serve per appoggiarsi sopra per scrivere
7937,s138,table,furniture,tavolo,serve per appoggiarsi sopra per mangiare
7938,s138,table,furniture,tavolo,in legno
7939,s138,table,furniture,tavolo,diverse dimensioni
7940,s138,bear,mammal,orso,animale
7941,s138,bear,mammal,orso,ha il pelo
7942,s138,bear,mammal,orso,mangia la carne
7943,s138,bear,mammal,orso,grande
7944,s138,bear,mammal,orso,se è affamato mangia l'uomo
7945,s138,bear,mammal,orso,vive sulle montagne fra i boschi
7946,s138,sparrow,bird,passero,è uccello
7947,s138,sparrow,bird,passero,è piccolo
7948,s138,sparrow,bird,passero,vive in città
7949,s138,sparrow,bird,passero,mangia le briciole
7950,s138,sparrow,bird,passero,fa i nidi dove cova le uova
7951,s138,leg,bodypart,gamba,è una parte del corpo
7952,s138,leg,bodypart,gamba,collega la pancia ai piedi
7953,s138,leg,bodypart,gamba,negli uomini è pelosa
7954,s138,leg,bodypart,gamba,serve per camminare
7955,s138,leg,bodypart,gamba,è divisa in tante parti
7956,s138,train,vehicle,treno,è un mezzo
7957,s138,train,vehicle,treno,di trasporto
7958,s138,train,vehicle,treno,va sulle rotaie
7959,s138,train,vehicle,treno,molto lungo
7960,s138,train,vehicle,treno,diviso in parti
7961,s138,train,vehicle,treno,ci sale molta gente
7962,s138,train,vehicle,treno,fa viaggi lunghi
7963,s138,owl,bird,gufo,è un animale
7964,s138,owl,bird,gufo,è un uccello
7965,s138,owl,bird,gufo,ha le ali
7966,s138,owl,bird,gufo,vola di notte
7967,s138,owl,bird,gufo,mangia topolini
7968,s138,owl,bird,gufo,ha le penne
7969,s138,owl,bird,gufo,è di colore grigio
7970,s138,apple,fruit,mela,è un frutto
7971,s138,apple,fruit,mela,è di diversi colori
7972,s138,apple,fruit,mela,ha una forma tondeggiante
7973,s138,apple,fruit,mela,è abbastanza dura
7974,s138,apple,fruit,mela,fa bene alla salute
7975,s138,dog,mammal,cane,un animale
7976,s138,dog,mammal,cane,ha 4 zampe
7977,s138,dog,mammal,cane,molto dolce
7978,s138,dog,mammal,cane,molto socievole
7979,s138,dog,mammal,cane,migliore amico dell'uomo
7980,s138,dog,mammal,cane,vive in casa con gli uomini
7981,s138,dog,mammal,cane,abbaia
7982,s138,woodpecker,bird,picchio,è un uccello
7983,s138,woodpecker,bird,picchio,ha un becco lungo
7984,s138,woodpecker,bird,picchio,batte sugli alberi per riuscire a mangiare
7985,s138,woodpecker,bird,picchio,vive nei boschi
7986,s138,woodpecker,bird,picchio,sugli alberi fa i nidi
7987,s139,seagull,bird,gabbiano,è un uccello
7988,s139,seagull,bird,gabbiano,vive vicino al mare
7989,s139,seagull,bird,gabbiano,emette un verso stridulo
7990,s139,bridge,building,ponte,si trova sopra i fiumi
7991,s139,bridge,building,ponte,serve per passare da una sponda all'altra
7992,s139,bridge,building,ponte,ci si cammina sopra
7993,s139,jacket,clothing,giacca,oggetto di abbigliamento
7994,s139,jacket,clothing,giacca,serve per coprire il busto
7995,s139,jacket,clothing,giacca,serve per coprire le bracccia
7996,s139,jacket,clothing,giacca,è pesante
7997,s139,jacket,clothing,giacca,per riparare dal freddo
7998,s139,armchair,furniture,poltrona,oggetto
7999,s139,armchair,furniture,poltrona,su cu ci si siede
8000,s139,armchair,furniture,poltrona,larga
8001,s139,armchair,furniture,poltrona,comoda
8002,s139,bus,vehicle,autobus,mezzo
8003,s139,bus,vehicle,autobus,di trasporto
8004,s139,bus,vehicle,autobus,su ruote
8005,s139,bus,vehicle,autobus,molto lungo
8006,s139,bus,vehicle,autobus,ospita molte persone
8007,s139,bus,vehicle,autobus,all'interno ci sono sedili per sedersi
8008,s139,sweater,clothing,pullover,maglia
8009,s139,sweater,clothing,pullover,a maniche lunghe
8010,s139,sweater,clothing,pullover,di lana
8011,s139,sweater,clothing,pullover,tiene caldo
8012,s139,peas,vegetable,piselli,oggetto
8013,s139,peas,vegetable,piselli,si mangia
8014,s139,peas,vegetable,piselli,tondo
8015,s139,peas,vegetable,piselli,piccolo
8016,s139,peas,vegetable,piselli,si trova nei baccelli
8017,s139,peas,vegetable,piselli,è verde
8018,s139,peas,vegetable,piselli,è giallo
8019,s139,horse,mammal,cavallo,animale
8020,s139,horse,mammal,cavallo,grande
8021,s139,horse,mammal,cavallo,a 4 zampe
8022,s139,horse,mammal,cavallo,erbivoro
8023,s139,horse,mammal,cavallo,molto veloce
8024,s139,pineapple,fruit,ananas,frutto
8025,s139,pineapple,fruit,ananas,tropicale
8026,s139,pineapple,fruit,ananas,commestibile
8027,s139,pineapple,fruit,ananas,ha una parte inferiore gialla
8028,s139,pineapple,fruit,ananas,ha una parte superiore formata da foglie verdi
8029,s139,church,building,chiesa,edificio
8030,s139,church,building,chiesa,sacro
8031,s139,church,building,chiesa,le persone si riuniscono nella chiesa per pregare Dio
8032,s139,airplane,vehicle,aeroplano,mezzo
8033,s139,airplane,vehicle,aeroplano,di trasporto
8034,s139,airplane,vehicle,aeroplano,ha 2 ali
8035,s139,airplane,vehicle,aeroplano,trasporta le persone per grandi distanze
8036,s139,airplane,vehicle,aeroplano,è in grado di alzarsi dal terreno
8037,s139,airplane,vehicle,aeroplano,vola a grandi altezze
8038,s139,garage,building,garage,spazio
8039,s139,garage,building,garage,spazio chiuso
8040,s139,garage,building,garage,vi si parcheggia la macchina
8041,s139,garage,building,garage,vi si parcheggiano altri mezzi di trasporto
8042,s139,finger,bodypart,dito,parte della mano
8043,s139,finger,bodypart,dito,su una mano ci sono 5 dita
8044,s139,finger,bodypart,dito,il dito è composto da 3 osse in successione
8045,s139,spinach,vegetable,spinaci,verdura
8046,s139,spinach,vegetable,spinaci,verde
8047,s139,spinach,vegetable,spinaci,ha foglie larghe
8048,s139,spinach,vegetable,spinaci,ha foglie sottili
8049,s139,spinach,vegetable,spinaci,crese per terra
8050,s139,hand,bodypart,mano,parte terminante di un braccio
8051,s139,hand,bodypart,mano,serve per affferrare le cose
8052,s139,hand,bodypart,mano,comune a uomini e scimmie
8053,s139,hand,bodypart,mano,ha 5 dite
8054,s139,hand,bodypart,mano,ha un palmno
8055,s139,sword,implement,spada,oggetto
8056,s139,sword,implement,spada,lungo
8057,s139,sword,implement,spada,affilato
8058,s139,sword,implement,spada,ha un manico
8059,s139,sword,implement,spada,serve per combattere
8060,s139,sword,implement,spada,serve per tagliare oggetti
8061,s139,paintbrush,implement,pennello,serve per dipingere
8062,s139,paintbrush,implement,pennello,composto da un bastoncino di legno
8063,s139,paintbrush,implement,pennello,composto da una parte morbida
8064,s139,paintbrush,implement,pennello,sulla parte morbida si mettono i colori
8065,s139,tongs,implement,pinze,oggetto
8066,s139,tongs,implement,pinze,metallico
8067,s139,tongs,implement,pinze,composto da 2 pezzetti più o meno lunghi
8068,s139,tongs,implement,pinze,serve per strappare cose
8069,s139,pear,fruit,pera,frutto
8070,s139,pear,fruit,pera,cresce sugli alberi
8071,s139,pear,fruit,pera,gialla
8072,s139,pear,fruit,pera,ha una polpa morbida
8073,s139,pear,fruit,pera,ha una parte tondeggiante
8074,s139,pear,fruit,pera,ha una parte affusolata
8075,s139,chair,furniture,sedia,oggetto
8076,s139,chair,furniture,sedia,su cui ci si può sedere
8077,s139,chair,furniture,sedia,ha 4 gambe
8078,s139,chair,furniture,sedia,ha uno schienale
8079,s139,chair,furniture,sedia,è di legno
8080,s139,bed,furniture,letto,oggetto
8081,s139,bed,furniture,letto,lungo
8082,s139,bed,furniture,letto,ci si può sdraiare
8083,s139,bed,furniture,letto,ha 4 piedini
8084,s139,bed,furniture,letto,che sorreggono una tavola di legno
8085,s139,bed,furniture,letto,sopra la tavola c'è un materasso
8086,s139,truck,vehicle,camion,grosso
8087,s139,truck,vehicle,camion,mezzo
8088,s139,truck,vehicle,camion,di trasporto
8089,s139,truck,vehicle,camion,su ruote
8090,s139,truck,vehicle,camion,serve per trasportare merci
8091,s139,truck,vehicle,camion,ci stanno 2 persone
8092,s139,orange,fruit,arancia,frutto
8093,s139,orange,fruit,arancia,tondo
8094,s139,orange,fruit,arancia,arancione
8095,s139,orange,fruit,arancia,la parte interna è divisa in spicchi
8096,s139,orange,fruit,arancia,ha un gusto acidulo
8097,s139,orange,fruit,arancia,cresce sugli alberi
8098,s139,orange,fruit,arancia,la buccia ha tanti puntini
8099,s139,chemise,clothing,camicia,oggetto di abbigliamento
8100,s139,chemise,clothing,camicia,serve per coprire la parte superiore del corpo
8101,s139,chemise,clothing,camicia,si chiude con i bottoni
8102,s139,chemise,clothing,camicia,leggera
8103,s139,potato,vegetable,patata,cibo
8104,s139,potato,vegetable,patata,cresce sottoterra
8105,s139,potato,vegetable,patata,forma tondeggiante
8106,s139,potato,vegetable,patata,buccia marrone
8107,s139,potato,vegetable,patata,dento è gialla
8108,s139,potato,vegetable,patata,è un'ingrossamento delle radici
8109,s140,corn,vegetable,mais,viene dalla pannocchia
8110,s140,corn,vegetable,mais,è giallo
8111,s140,cherry,fruit,ciliegia,frutto
8112,s140,cherry,fruit,ciliegia,cresce su un albero
8113,s140,cherry,fruit,ciliegia,di colore rosso scuro
8114,s140,cherry,fruit,ciliegia,al suo interno ha un osso
8115,s140,closet,furniture,armadio,contenitore
8116,s140,closet,furniture,armadio,chiuso
8117,s140,closet,furniture,armadio,per vestiti
8118,s140,closet,furniture,armadio,per libri
8119,s140,closet,furniture,armadio,per cibo
8120,s140,closet,furniture,armadio,con ante
8121,s140,closet,furniture,armadio,con serratura
8122,s140,shoes,clothing,scarpe,si indossano ai piedi
8123,s140,shoes,clothing,scarpe,hanno i lacci per essere chiuse
8124,s140,broom,implement,scopa,attrezzo
8125,s140,broom,implement,scopa,domestico
8126,s140,broom,implement,scopa,si usa per pulire per terra
8127,s140,broom,implement,scopa,fatta da un manico lungo
8128,s140,broom,implement,scopa,fatta da setole per trascinare via la sporcizia
8129,s140,head,bodypart,testa,parte del corpo
8130,s140,head,bodypart,testa,posizionata sopra il collo
8131,s140,head,bodypart,testa,composta da viso
8132,s140,head,bodypart,testa,composta da capelli
8133,s140,monkey,mammal,scimmia,antenato umano
8134,s140,monkey,mammal,scimmia,animale
8135,s140,monkey,mammal,scimmia,simile all'uomo
8136,s140,monkey,mammal,scimmia,ha grande capacità di arrampicarsi
8137,s140,rabbit,mammal,coniglio,animale
8138,s140,rabbit,mammal,coniglio,peloso
8139,s140,rabbit,mammal,coniglio,dalle orecchie lunghe
8140,s140,goose,bird,oca,pennuto
8141,s140,goose,bird,oca,bianco
8142,s140,tower,building,torre,struttura
8143,s140,tower,building,torre,alta
8144,s140,tower,building,torre,lunga
8145,s140,tower,building,torre,sopraelevata
8146,s140,tower,building,torre,permette di controllare
8147,s140,skyscraper,building,grattacielo,edificio
8148,s140,skyscraper,building,grattacielo,motlo alto
8149,s140,skyscraper,building,grattacielo,presente nelle grandi città
8150,s140,skyscraper,building,grattacielo,ha funzione di abitazione
8151,s140,skyscraper,building,grattacielo,ha funzione di ufficio
8152,s140,comb,implement,pettine,oggetto
8153,s140,comb,implement,pettine,serve per snodare i capelli
8154,s140,onion,vegetable,cipolla,ortaggio
8155,s140,onion,vegetable,cipolla,usato per insaporire i cibi
8156,s140,onion,vegetable,cipolla,dall'odore pungente
8157,s140,onion,vegetable,cipolla,al punto tale da far lacrimare gli occhi
8158,s140,socks,clothing,calzini,indumenti
8159,s140,socks,clothing,calzini,per i piedi
8160,s140,socks,clothing,calzini,si mettono prima delle scarpe
8161,s140,socks,clothing,calzini,servono per tenere caldi i piedi
8162,s140,ship,vehicle,nave,mezzo
8163,s140,ship,vehicle,nave,di trasporto
8164,s140,ship,vehicle,nave,su acqua
8165,s140,ship,vehicle,nave,consente spostamenti di merci
8166,s140,ship,vehicle,nave,consente spostamenti di persone
8167,s140,eye,bodypart,occhio,situato nel viso
8168,s140,eye,bodypart,occhio,sono 2
8169,s140,eye,bodypart,occhio,costituiti da una palpebra
8170,s140,eye,bodypart,occhio,al suo interno l'occhio è marrone
8171,s140,eye,bodypart,occhio,al suo interno l'occhio è verde
8172,s140,eye,bodypart,occhio,al suo interno l'occhio è azzurro
8173,s140,table,furniture,tavolo,sostegno
8174,s140,table,furniture,tavolo,usato per scrivere
8175,s140,table,furniture,tavolo,usato per mangiare
8176,s140,table,furniture,tavolo,è quadrato
8177,s140,table,furniture,tavolo,è rotondo
8178,s140,table,furniture,tavolo,con una gamba centrale
8179,s140,table,furniture,tavolo,con 4 gambe laterali
8180,s140,table,furniture,tavolo,ad altezza comoda per stare seduti
8181,s140,bear,mammal,orso,animale
8182,s140,bear,mammal,orso,vive in posti freddi
8183,s140,bear,mammal,orso,vive in posti miti
8184,s140,bear,mammal,orso,ha il pelo scuro
8185,s140,bear,mammal,orso,ha il pelo bianco
8186,s140,bear,mammal,orso,ha dimensioni di circa 2 volte quelle di un uomo
8187,s140,bear,mammal,orso,carnivoro
8188,s140,sparrow,bird,passero,volatile
8189,s140,sparrow,bird,passero,piccolino
8190,s140,sparrow,bird,passero,comune nelle città italiane
8191,s140,leg,bodypart,gamba,parte del corpo
8192,s140,leg,bodypart,gamba,serve per camminare
8193,s140,leg,bodypart,gamba,posta sotto il bacino
8194,s140,leg,bodypart,gamba,composta da ossa
8195,s140,leg,bodypart,gamba,composta da muscoli
8196,s140,leg,bodypart,gamba,composta da vasi sanguigni
8197,s140,leg,bodypart,gamba,composta da tendini
8198,s140,leg,bodypart,gamba,negli uomini sono 2
8199,s140,train,vehicle,treno,mezzo
8200,s140,train,vehicle,treno,di trasporto
8201,s140,train,vehicle,treno,viaggia su rotaie
8202,s140,train,vehicle,treno,trasporta merci
8203,s140,train,vehicle,treno,trasporta persone
8204,s140,train,vehicle,treno,si ferma nelle stazioni
8205,s140,owl,bird,gufo,animale
8206,s140,owl,bird,gufo,dorme di giorno
8207,s140,owl,bird,gufo,sta sveglio di notte
8208,s140,owl,bird,gufo,vive nei boschi
8209,s140,apple,fruit,mela,frutta
8210,s140,apple,fruit,mela,nutriente
8211,s140,apple,fruit,mela,di colore verde
8212,s140,apple,fruit,mela,di colore rosso
8213,s140,apple,fruit,mela,costituita da un picciolo
8214,s140,apple,fruit,mela,costituita da polpa
8215,s140,apple,fruit,mela,costituita da un torsolo
8216,s140,dog,mammal,cane,animale
8217,s140,dog,mammal,cane,comune
8218,s140,dog,mammal,cane,domestico
8219,s140,dog,mammal,cane,randagio
8220,s140,dog,mammal,cane,usato per la compagnia
8221,s140,dog,mammal,cane,usato per la caccia
8222,s140,dog,mammal,cane,usato per la guardia
8223,s140,dog,mammal,cane,addestrato
8224,s140,woodpecker,bird,picchio,volatile
8225,s140,woodpecker,bird,picchio,dotato di un becco resistente
8226,s140,woodpecker,bird,picchio,dotato di un becco lungo
8227,s140,woodpecker,bird,picchio,che gli consente di picchiare sulla corteccia a trovare nutrimento
8228,s141,seagull,bird,gabbiano,ali
8229,s141,seagull,bird,gabbiano,volare
8230,s141,seagull,bird,gabbiano,viaggiare
8231,s141,seagull,bird,gabbiano,mare
8232,s141,seagull,bird,gabbiano,libertà
8233,s141,seagull,bird,gabbiano,uccello
8234,s141,seagull,bird,gabbiano,bianco
8235,s141,seagull,bird,gabbiano,grigio
8236,s141,bridge,building,ponte,fiume
8237,s141,bridge,building,ponte,strada
8238,s141,bridge,building,ponte,comunicazione
8239,s141,bridge,building,ponte,unisce
8240,s141,bridge,building,ponte,antico
8241,s141,bridge,building,ponte,moderno
8242,s141,jacket,clothing,giacca,ripara
8243,s141,jacket,clothing,giacca,protegge
8244,s141,jacket,clothing,giacca,scalda
8245,s141,jacket,clothing,giacca,contro la pioggia
8246,s141,jacket,clothing,giacca,contro il vento
8247,s141,jacket,clothing,giacca,colorata
8248,s141,jacket,clothing,giacca,in pelle
8249,s141,jacket,clothing,giacca,in plastica
8250,s141,jacket,clothing,giacca,in cotone
8251,s141,jacket,clothing,giacca,in lana
8252,s141,armchair,furniture,poltrona,comoda
8253,s141,armchair,furniture,poltrona,rilassarsi
8254,s141,armchair,furniture,poltrona,relax
8255,s141,armchair,furniture,poltrona,dormire
8256,s141,armchair,furniture,poltrona,leggere
8257,s141,armchair,furniture,poltrona,in pelle
8258,s141,armchair,furniture,poltrona,reclinabile
8259,s141,armchair,furniture,poltrona,da casa
8260,s141,armchair,furniture,poltrona,da campeggio
8261,s141,armchair,furniture,poltrona,per guardare la tv
8262,s141,bus,vehicle,autobus,mezzo
8263,s141,bus,vehicle,autobus,di trasporto
8264,s141,bus,vehicle,autobus,pubblico
8265,s141,bus,vehicle,autobus,grande
8266,s141,bus,vehicle,autobus,ha le ruote
8267,s141,bus,vehicle,autobus,a 2 piani
8268,s141,bus,vehicle,autobus,lungo
8269,s141,bus,vehicle,autobus,caotico
8270,s141,bus,vehicle,autobus,bloccato negli ingorghi
8271,s141,bus,vehicle,autobus,sempre in ritardo
8272,s141,sweater,clothing,pullover,indumento
8273,s141,sweater,clothing,pullover,caldo
8274,s141,sweater,clothing,pullover,per scaldarsi
8275,s141,sweater,clothing,pullover,colorato
8276,s141,sweater,clothing,pullover,in lana
8277,s141,sweater,clothing,pullover,in cotone
8278,s141,sweater,clothing,pullover,maniche lunghe
8279,s141,peas,vegetable,piselli,verdura
8280,s141,peas,vegetable,piselli,baccello
8281,s141,peas,vegetable,piselli,verdi
8282,s141,peas,vegetable,piselli,tondi
8283,s141,peas,vegetable,piselli,lisci
8284,s141,horse,mammal,cavallo,animale
8285,s141,horse,mammal,cavallo,equino
8286,s141,horse,mammal,cavallo,alto
8287,s141,horse,mammal,cavallo,con gli zoccoli
8288,s141,horse,mammal,cavallo,usato da trasporto
8289,s141,horse,mammal,cavallo,usato da traino
8290,s141,horse,mammal,cavallo,usato da lavoro
8291,s141,horse,mammal,cavallo,usato da soma
8292,s141,horse,mammal,cavallo,criniera
8293,s141,pineapple,fruit,ananas,frutto
8294,s141,pineapple,fruit,ananas,esotico
8295,s141,pineapple,fruit,ananas,succoso
8296,s141,pineapple,fruit,ananas,saporito
8297,s141,pineapple,fruit,ananas,dolce
8298,s141,church,building,chiesa,luogo
8299,s141,church,building,chiesa,istituzione religiosa
8300,s141,church,building,chiesa,sacro
8301,s141,church,building,chiesa,antico
8302,s141,church,building,chiesa,storico
8303,s141,airplane,vehicle,aeroplano,mezzo
8304,s141,airplane,vehicle,aeroplano,di trasporto
8305,s141,airplane,vehicle,aeroplano,vola
8306,s141,airplane,vehicle,aeroplano,ha le ali
8307,s141,airplane,vehicle,aeroplano,I classe
8308,s141,airplane,vehicle,aeroplano,II classe
8309,s141,airplane,vehicle,aeroplano,III classe
8310,s141,airplane,vehicle,aeroplano,classe economica
8311,s141,airplane,vehicle,aeroplano,imponente
8312,s141,garage,building,garage,riparo per la maccchina
8313,s141,garage,building,garage,parcheggio
8314,s141,garage,building,garage,luogo
8315,s141,garage,building,garage,luogo spazioso
8316,s141,finger,bodypart,dito,parte del corpo umano
8317,s141,finger,bodypart,dito,estremità degli arti superiori
8318,s141,finger,bodypart,dito,ciò che ci permette di afferare gli oggetti
8319,s141,finger,bodypart,dito,mobili
8320,s141,finger,bodypart,dito,lunghe
8321,s141,finger,bodypart,dito,utili in molte azioni
8322,s141,finger,bodypart,dito,terminano nelle unghie
8323,s141,spinach,vegetable,spinaci,verdure
8324,s141,spinach,vegetable,spinaci,verdi
8325,s141,spinach,vegetable,spinaci,cibo di Braccio di Ferro
8326,s141,spinach,vegetable,spinaci,spesso si mangiano
8327,s141,spinach,vegetable,spinaci,cotti
8328,s141,hand,bodypart,mano,estremità degli arti superiori
8329,s141,hand,bodypart,mano,composta da 5 dita ciascuna
8330,s141,hand,bodypart,mano,grandi
8331,s141,hand,bodypart,mano,piccole
8332,s141,hand,bodypart,mano,utili
8333,s141,sword,implement,spada,gingillo per fare male
8334,s141,sword,implement,spada,manufatto antico
8335,s141,sword,implement,spada,usato per combattere frontalmente
8336,s141,sword,implement,spada,lunga
8337,s141,sword,implement,spada,corta
8338,s141,sword,implement,spada,in metallo
8339,s141,sword,implement,spada,con elsa
8340,s141,sword,implement,spada,con impugnatura
8341,s141,sword,implement,spada,afffilata
8342,s141,sword,implement,spada,lama
8343,s141,paintbrush,implement,pennello,per pitturare
8344,s141,paintbrush,implement,pennello,impugnatura in legno
8345,s141,paintbrush,implement,pennello,impugnatura in plastica
8346,s141,paintbrush,implement,pennello,impugnatura in metallo
8347,s141,paintbrush,implement,pennello,con setole all'estremità
8348,s141,paintbrush,implement,pennello,da intingere nei colori
8349,s141,tongs,implement,pinze,oggetto artificiale
8350,s141,tongs,implement,pinze,in metallo
8351,s141,tongs,implement,pinze,con 2 estremità che stringono
8352,s141,tongs,implement,pinze,con 2 estremità che afferrano
8353,s141,pear,fruit,pera,frutto
8354,s141,pear,fruit,pera,dolce
8355,s141,pear,fruit,pera,verde
8356,s141,pear,fruit,pera,giallo
8357,s141,pear,fruit,pera,con semi
8358,s141,pear,fruit,pera,polposo
8359,s141,pear,fruit,pera,più largo in basso
8360,s141,pear,fruit,pera,si restringe verso il picciolo
8361,s141,chair,furniture,sedia,oggetto artificiale
8362,s141,chair,furniture,sedia,per sedersi
8363,s141,chair,furniture,sedia,per sedersi scomodi
8364,s141,chair,furniture,sedia,usata a scuola
8365,s141,chair,furniture,sedia,usata sui banchi
8366,s141,chair,furniture,sedia,usata alla scrivania
8367,s141,bed,furniture,letto,oggetto artificiale
8368,s141,bed,furniture,letto,per sdraiarsi
8369,s141,bed,furniture,letto,per rilassarsi
8370,s141,bed,furniture,letto,per riposare
8371,s141,bed,furniture,letto,per dormire
8372,s141,bed,furniture,letto,con materasso
8373,s141,bed,furniture,letto,con cuscino
8374,s141,bed,furniture,letto,con coperte
8375,s141,bed,furniture,letto,comodo
8376,s141,truck,vehicle,camion,mezzo
8377,s141,truck,vehicle,camion,di trasporto
8378,s141,truck,vehicle,camion,trasporto merci
8379,s141,truck,vehicle,camion,su strada
8380,s141,truck,vehicle,camion,grande
8381,s141,truck,vehicle,camion,almeno 6 ruote
8382,s141,orange,fruit,arancia,frutto
8383,s141,orange,fruit,arancia,arancione
8384,s141,orange,fruit,arancia,rosso
8385,s141,orange,fruit,arancia,a spicchi
8386,s141,orange,fruit,arancia,aspro/dolce
8387,s141,orange,fruit,arancia,da sbucciare
8388,s141,chemise,clothing,camicia,indumento
8389,s141,chemise,clothing,camicia,leggero
8390,s141,chemise,clothing,camicia,con bottoni
8391,s141,chemise,clothing,camicia,colletto
8392,s141,chemise,clothing,camicia,tinta unita
8393,s141,chemise,clothing,camicia,con maniche lunghe
8394,s141,chemise,clothing,camicia,con maniche corte
8395,s141,potato,vegetable,patata,verdura
8396,s141,potato,vegetable,patata,ortaggio
8397,s141,potato,vegetable,patata,da friggere
8398,s141,potato,vegetable,patata,da bollire
8399,s141,potato,vegetable,patata,da fare al forno
8400,s141,potato,vegetable,patata,scoperto con la scopert dell'America
8401,s141,potato,vegetable,patata,importato in Europa
8402,s141,potato,vegetable,patata,giallo
8403,s142,corn,vegetable,mais,cibo
8404,s142,corn,vegetable,mais,giallo
8405,s142,corn,vegetable,mais,a chicchi
8406,s142,corn,vegetable,mais,viene dalla pannocchia
8407,s142,cherry,fruit,ciliegia,rossa
8408,s142,cherry,fruit,ciliegia,frutto
8409,s142,cherry,fruit,ciliegia,tonda
8410,s142,closet,furniture,armadio,parallelepipedo
8411,s142,closet,furniture,armadio,di legno
8412,s142,closet,furniture,armadio,di metallo
8413,s142,closet,furniture,armadio,all'interno vuoto
8414,s142,closet,furniture,armadio,contiene cose
8415,s142,closet,furniture,armadio,ha più ripiani
8416,s142,shoes,clothing,scarpe,si mettono ai piedi
8417,s142,shoes,clothing,scarpe,sono di pelle
8418,s142,shoes,clothing,scarpe,sono di stoffa
8419,s142,shoes,clothing,scarpe,hanno la parte sotto di gomma
8420,s142,shoes,clothing,scarpe,proteggono i piedi
8421,s142,broom,implement,scopa,si usa per pulire il pavimento
8422,s142,broom,implement,scopa,ha un manico
8423,s142,head,bodypart,testa,parte
8424,s142,head,bodypart,testa,parte superiore di qualcosa
8425,s142,head,bodypart,testa,si trova sul collo
8426,s142,monkey,mammal,scimmia,animale
8427,s142,monkey,mammal,scimmia,simile all'uomo
8428,s142,monkey,mammal,scimmia,intelligente
8429,s142,monkey,mammal,scimmia,mammifero
8430,s142,rabbit,mammal,coniglio,animale
8431,s142,rabbit,mammal,coniglio,selvatico
8432,s142,rabbit,mammal,coniglio,bianco
8433,s142,rabbit,mammal,coniglio,marrone
8434,s142,rabbit,mammal,coniglio,nero
8435,s142,rabbit,mammal,coniglio,si mangia
8436,s142,rabbit,mammal,coniglio,tenuto a casa in gabbia
8437,s142,goose,bird,oca,animale
8438,s142,goose,bird,oca,tipico delle fattorie
8439,s142,goose,bird,oca,tipico delle campagne
8440,s142,goose,bird,oca,ha le penne bianche
8441,s142,goose,bird,oca,fa uno strano verso
8442,s142,tower,building,torre,edificio
8443,s142,tower,building,torre,cilindrico
8444,s142,tower,building,torre,affianca castelli
8445,s142,tower,building,torre,affianca case
8446,s142,tower,building,torre,affianca chiese
8447,s142,tower,building,torre,era usata un tempo in caso di guerra
8448,s142,skyscraper,building,grattacielo,edificio
8449,s142,skyscraper,building,grattacielo,molto alto
8450,s142,skyscraper,building,grattacielo,si trova nelle grandi città
8451,s142,skyscraper,building,grattacielo,contiene molte persone
8452,s142,skyscraper,building,grattacielo,contiene molte cose
8453,s142,skyscraper,building,grattacielo,diviso in piani
8454,s142,comb,implement,pettine,strumento
8455,s142,comb,implement,pettine,di plastica
8456,s142,comb,implement,pettine,di legno
8457,s142,comb,implement,pettine,di ferro
8458,s142,comb,implement,pettine,si usa per sistemarsi i capelli
8459,s142,comb,implement,pettine,usato dalle donne
8460,s142,onion,vegetable,cipolla,ortaggio
8461,s142,onion,vegetable,cipolla,ha un cattivo gusto
8462,s142,onion,vegetable,cipolla,si usa per dare gusto ad altri alimenti
8463,s142,onion,vegetable,cipolla,quando viene tagliuzzata fa lacrimare
8464,s142,socks,clothing,calzini,indumento
8465,s142,socks,clothing,calzini,si mette ai piedi
8466,s142,socks,clothing,calzini,di cotone
8467,s142,socks,clothing,calzini,ha la forma del piede e della gamba
8468,s142,socks,clothing,calzini,si metta prima di mettersi le scarpe
8469,s142,ship,vehicle,nave,mezzo
8470,s142,ship,vehicle,nave,di trasporto
8471,s142,ship,vehicle,nave,usato per muoversi sull'acqua
8472,s142,ship,vehicle,nave,ha un motore
8473,s142,ship,vehicle,nave,ci si può vivere sopra
8474,s142,eye,bodypart,occhio,parte del corpo
8475,s142,eye,bodypart,occhio,ci permette di vedere
8476,s142,eye,bodypart,occhio,gli animali ne hanno 2
8477,s142,eye,bodypart,occhio,gli uomini ne hanno 2
8478,s142,eye,bodypart,occhio,può non funzionare
8479,s142,table,furniture,tavolo,oggetto
8480,s142,table,furniture,tavolo,su cui si appoggiano altre cose
8481,s142,table,furniture,tavolo,formato da 2 gambe
8482,s142,table,furniture,tavolo,formato da più di 2 gambe
8483,s142,table,furniture,tavolo,formato da una parte orizzontale
8484,s142,table,furniture,tavolo,usato per poggiarsi
8485,s142,table,furniture,tavolo,usato per scrivere
8486,s142,bear,mammal,orso,grosso
8487,s142,bear,mammal,orso,mammifero
8488,s142,bear,mammal,orso,vive nei boschi
8489,s142,bear,mammal,orso,cammina su tutte 4 le zampe
8490,s142,bear,mammal,orso,pericoloso
8491,s142,sparrow,bird,passero,piccolo uccello
8492,s142,sparrow,bird,passero,vola basso
8493,s142,sparrow,bird,passero,vive in montagna
8494,s142,sparrow,bird,passero,vive in città
8495,s142,sparrow,bird,passero,vari colori
8496,s142,sparrow,bird,passero,ha le ali
8497,s142,sparrow,bird,passero,ha le zampe
8498,s142,leg,bodypart,gamba,parte del corpo
8499,s142,leg,bodypart,gamba,si usa per camminare
8500,s142,leg,bodypart,gamba,formata da ossa
8501,s142,leg,bodypart,gamba,formata da muscoli
8502,s142,leg,bodypart,gamba,termina con il piede
8503,s142,train,vehicle,treno,mezzo
8504,s142,train,vehicle,treno,di trasporto
8505,s142,train,vehicle,treno,si muove su rotaie fisse all terreno
8506,s142,train,vehicle,treno,può trasportare molte persone
8507,s142,train,vehicle,treno,si può trovare in molti posti
8508,s142,owl,bird,gufo,uccello
8509,s142,owl,bird,gufo,dorme di giorno
8510,s142,owl,bird,gufo,è sveglio di notte
8511,s142,apple,fruit,mela,frutto
8512,s142,apple,fruit,mela,succoso
8513,s142,apple,fruit,mela,verde
8514,s142,apple,fruit,mela,giallo
8515,s142,apple,fruit,mela,rosso
8516,s142,dog,mammal,cane,animale
8517,s142,dog,mammal,cane,domestico
8518,s142,dog,mammal,cane,fedele
8519,s142,dog,mammal,cane,intelligente
8520,s142,dog,mammal,cane,ha 4 zampe
