num,id,concept,property
1,1,A_LETTER,Apples
2,1,A_LETTER,able
3,1,A_LETTER,although
4,1,A_LETTER,America
5,1,A_LETTER,Alaska
6,1,A_LETTER,an
7,1,A_LETTER,and
8,1,A_LETTER,after
9,1,A_LETTER,afterwards
10,1,A_LETTER,Albany
11,1,A_LETTER,Andy
12,1,A_LETTER,award
13,1,A_LETTER,almost
14,1,A_LETTER,always
15,1,A_LETTER,also
16,1,A_LETTER,ant
17,1,A_LETTER,average
18,1,A_LETTER,avengers
19,2,A_LETTER,And
20,2,A_LETTER,Anna
21,2,A_LETTER,animal
22,2,A_LETTER,asshole
23,2,A_LETTER,ass
24,2,A_LETTER,almond
25,2,A_LETTER,allergy
26,2,A_LETTER,absent
27,2,A_LETTER,abstute
28,2,A_LETTER,abuse
29,2,A_LETTER,absolute
30,2,A_LETTER,action
31,2,A_LETTER,actor
32,2,A_LETTER,actress
33,2,A_LETTER,according
34,2,A_LETTER,ad
35,2,A_LETTER,airport
36,3,A_LETTER,Although
37,3,A_LETTER,ask
38,3,A_LETTER,asthma
39,3,A_LETTER,all
40,3,A_LETTER,attack
41,3,A_LETTER,assault
42,3,A_LETTER,assisst
43,3,A_LETTER,apt
44,3,A_LETTER,allow
45,3,A_LETTER,Albany
46,3,A_LETTER,Anna
47,3,A_LETTER,Anders
48,3,A_LETTER,Anika
49,3,A_LETTER,Award
50,3,A_LETTER,and
51,3,A_LETTER,Abe
52,4,A_LETTER,Apple
53,4,A_LETTER,anti
54,4,A_LETTER,allow
55,4,A_LETTER,art
56,4,A_LETTER,acquiesce
57,4,A_LETTER,ask
58,4,A_LETTER,and
59,4,A_LETTER,a
60,4,A_LETTER,Apollo
61,4,A_LETTER,acceptance
62,4,A_LETTER,air
63,4,A_LETTER,airplane
64,4,A_LETTER,aqua
65,4,A_LETTER,aquarius
66,4,A_LETTER,aquamarine
67,4,A_LETTER,animal
68,4,A_LETTER,artwork
69,4,A_LETTER,aquisition
70,4,A_LETTER,ate
71,4,A_LETTER,ant
72,4,A_LETTER,anteater
73,4,A_LETTER,anemone
74,4,A_LETTER,A
75,5,A_LETTER,A
76,5,A_LETTER,an
77,5,A_LETTER,and
78,5,A_LETTER,after
79,5,A_LETTER,about
80,5,A_LETTER,approximately
81,5,A_LETTER,agnostic
82,5,A_LETTER,atheist
83,5,A_LETTER,air
84,5,A_LETTER,are
85,5,A_LETTER,art
86,5,A_LETTER,artistry
87,5,A_LETTER,artisan
88,5,A_LETTER,artisanal
89,5,A_LETTER,answer
90,5,A_LETTER,ant
91,5,A_LETTER,anthem
92,5,A_LETTER,again
93,5,A_LETTER,against
94,5,A_LETTER,attack
95,5,A_LETTER,attacked
96,5,A_LETTER,axon
97,5,A_LETTER,axe
98,5,A_LETTER,asked
99,5,A_LETTER,asking
100,5,A_LETTER,approximate
101,5,A_LETTER,apple
102,6,A_LETTER,Apples
103,6,A_LETTER,attack
104,6,A_LETTER,at
105,6,A_LETTER,arcade
106,6,A_LETTER,archive
107,6,A_LETTER,Ana
108,6,A_LETTER,alive
109,6,A_LETTER,after
110,6,A_LETTER,although
111,6,A_LETTER,Albany
112,6,A_LETTER,agree
113,6,A_LETTER,and
114,6,A_LETTER,Amityville
115,6,A_LETTER,Alaska
116,6,A_LETTER,all
117,7,A_LETTER,Animal
118,7,A_LETTER,Alex
119,7,A_LETTER,air
120,7,A_LETTER,amazing
121,7,A_LETTER,ass
122,7,A_LETTER,amusement
123,7,A_LETTER,ambulance
124,7,A_LETTER,arrangement
125,7,A_LETTER,arrangatan
126,7,A_LETTER,art
127,7,A_LETTER,amuzement
128,7,A_LETTER,any
129,8,A_LETTER,Allow
130,8,A_LETTER,all
131,8,A_LETTER,apartment
132,8,A_LETTER,aid
133,8,A_LETTER,add
134,8,A_LETTER,addition
135,8,A_LETTER,adding
136,8,A_LETTER,allowing
137,8,A_LETTER,allowed
138,8,A_LETTER,ask
139,8,A_LETTER,asked
140,8,A_LETTER,asking
141,8,A_LETTER,alter
142,8,A_LETTER,altered
143,8,A_LETTER,altering
144,8,A_LETTER,airplane
145,8,A_LETTER,avian
146,8,A_LETTER,aviation
147,8,A_LETTER,at
148,8,A_LETTER,any
149,8,A_LETTER,about
150,9,A_LETTER,Adamant
151,9,A_LETTER,adjective
152,9,A_LETTER,anxious
153,9,A_LETTER,altitude
154,9,A_LETTER,amazing
155,9,A_LETTER,astonishing
156,9,A_LETTER,arrival
157,9,A_LETTER,America
158,9,A_LETTER,allegiance
159,9,A_LETTER,amber
160,9,A_LETTER,aura
161,9,A_LETTER,aural
162,9,A_LETTER,anniversary
163,9,A_LETTER,alive
164,9,A_LETTER,and
165,9,A_LETTER,alone
166,9,A_LETTER,Afghanistan
167,9,A_LETTER,Amazon
168,9,A_LETTER,Africa
169,10,A_LETTER,Apple
170,10,A_LETTER,ask
171,10,A_LETTER,Amber
172,10,A_LETTER,anxious
173,10,A_LETTER,anxiety
174,10,A_LETTER,ametur
175,10,A_LETTER,angry
176,10,A_LETTER,anger
177,10,A_LETTER,aspire
178,10,A_LETTER,aspiration
179,10,A_LETTER,and
180,10,A_LETTER,ax
181,10,A_LETTER,allerton
182,10,A_LETTER,able
183,10,A_LETTER,are
184,11,A_LETTER,Apple
185,11,A_LETTER,appreciate
186,11,A_LETTER,apathy
187,11,A_LETTER,appearance
188,11,A_LETTER,apply
189,11,A_LETTER,announce
190,11,A_LETTER,accounting
191,11,A_LETTER,argue
192,11,A_LETTER,agree
193,11,A_LETTER,astronaut
194,11,A_LETTER,astronomy
195,11,A_LETTER,amazing
196,11,A_LETTER,annoying
197,11,A_LETTER,american
198,11,A_LETTER,asian
199,11,A_LETTER,April
200,11,A_LETTER,achieve
201,11,A_LETTER,ajacent
202,12,A_LETTER,Apple
203,12,A_LETTER,alabama
204,12,A_LETTER,altimers
205,12,A_LETTER,at
206,12,A_LETTER,alternative
207,12,A_LETTER,a
208,12,A_LETTER,an
209,12,A_LETTER,animal
210,12,A_LETTER,actual
211,12,A_LETTER,assist
212,12,A_LETTER,analyze
213,12,A_LETTER,alternate (crossed out)
214,13,A_LETTER,Anisa
215,13,A_LETTER,apple
216,13,A_LETTER,alphabet
217,13,A_LETTER,along
218,13,A_LETTER,alto
219,13,A_LETTER,albino
220,13,A_LETTER,Albania
221,13,A_LETTER,Asia
222,13,A_LETTER,America
223,13,A_LETTER,Amelia
224,13,A_LETTER,Alisa
225,13,A_LETTER,at
226,13,A_LETTER,a
227,13,A_LETTER,applesauce
228,13,A_LETTER,accronym
229,13,A_LETTER,asset
230,13,A_LETTER,ass
231,13,A_LETTER,astrange
232,13,A_LETTER,animal
233,14,A_LETTER,Arkansas
234,14,A_LETTER,ass
235,14,A_LETTER,and
236,14,A_LETTER,apple
237,14,A_LETTER,all
238,14,A_LETTER,aim
239,14,A_LETTER,air
240,14,A_LETTER,aspire
241,14,A_LETTER,airplane
242,14,A_LETTER,almond
243,14,A_LETTER,arangatan
244,14,A_LETTER,after
245,14,A_LETTER,afternoon
246,14,A_LETTER,altitude
247,14,A_LETTER,amplitude
248,14,A_LETTER,ask
249,14,A_LETTER,archive
250,14,A_LETTER,ardichoke
251,14,A_LETTER,ancestor
252,14,A_LETTER,applesauce
253,14,A_LETTER,alias
254,14,A_LETTER,ark
255,14,A_LETTER,able
256,14,A_LETTER,ample
257,15,A_LETTER,And
258,15,A_LETTER,amiable
259,15,A_LETTER,animosity
260,15,A_LETTER,amber
261,15,A_LETTER,around
262,15,A_LETTER,amplitude
263,15,A_LETTER,ant
264,15,A_LETTER,anti
265,15,A_LETTER,arrogant
266,15,A_LETTER,ambrosia
267,15,A_LETTER,antler
268,15,A_LETTER,ankle
269,15,A_LETTER,arm
270,15,A_LETTER,aramadillo
271,15,A_LETTER,African
272,15,A_LETTER,Africa
273,15,A_LETTER,ambiguous
274,15,A_LETTER,articulate
275,15,A_LETTER,art
276,15,A_LETTER,ate
277,16,A_LETTER,Apple
278,16,A_LETTER,angel
279,16,A_LETTER,apricote
280,16,A_LETTER,aeroplane
281,16,A_LETTER,aim
282,16,A_LETTER,army
283,16,A_LETTER,arm
284,16,A_LETTER,arrest
285,16,A_LETTER,attend
286,16,A_LETTER,alternative
287,16,A_LETTER,average
288,16,A_LETTER,Arabic
289,16,A_LETTER,air
290,16,A_LETTER,any
291,16,A_LETTER,as
292,16,A_LETTER,at
293,16,A_LETTER,alter
294,17,A_LETTER,Art
295,17,A_LETTER,ant
296,17,A_LETTER,action
297,17,A_LETTER,arm
298,17,A_LETTER,acorn
299,17,A_LETTER,act
300,17,A_LETTER,action
301,17,A_LETTER,actor
302,17,A_LETTER,actress
303,17,A_LETTER,army
304,17,A_LETTER,ambulence
305,17,A_LETTER,amusement
306,17,A_LETTER,appealing
307,17,A_LETTER,attractive
308,17,A_LETTER,anxious
309,17,A_LETTER,anxiety
310,17,A_LETTER,ability
311,18,A_LETTER,Apple
312,18,A_LETTER,angle
313,18,A_LETTER,aid
314,18,A_LETTER,a
315,18,A_LETTER,answer
316,18,A_LETTER,adhere
317,18,A_LETTER,ad
318,18,A_LETTER,at
319,18,A_LETTER,application
320,18,A_LETTER,advocate
321,18,A_LETTER,always
322,18,A_LETTER,abolish
323,18,A_LETTER,admirable
324,18,A_LETTER,admire
325,18,A_LETTER,adam
326,18,A_LETTER,anne
327,18,A_LETTER,angela
328,19,A_LETTER,Apple
329,19,A_LETTER,anagram
330,19,A_LETTER,ab
331,19,A_LETTER,abs
332,19,A_LETTER,act
333,19,A_LETTER,acting
334,19,A_LETTER,acts
335,19,A_LETTER,acted
336,19,A_LETTER,accumulate
337,19,A_LETTER,accumulated
338,19,A_LETTER,accumulates
339,19,A_LETTER,add
340,19,A_LETTER,addition
341,19,A_LETTER,adds
342,19,A_LETTER,added
343,19,A_LETTER,adding
344,19,A_LETTER,aerial
345,19,A_LETTER,air
346,19,A_LETTER,afro
347,19,A_LETTER,africa
348,20,A_LETTER,Acrobat
349,20,A_LETTER,apple
350,20,A_LETTER,alphabet
351,20,A_LETTER,April
352,20,A_LETTER,animals
353,20,A_LETTER,all
354,20,A_LETTER,accomodation
355,20,A_LETTER,assimilate
356,20,A_LETTER,aroma
357,20,A_LETTER,associate
358,20,A_LETTER,around
359,20,A_LETTER,amplify
360,20,A_LETTER,alpha
361,21,A_LETTER,Able
362,21,A_LETTER,awesome
363,21,A_LETTER,athletic
364,21,A_LETTER,ate
365,21,A_LETTER,arch
366,21,A_LETTER,angel
367,21,A_LETTER,afro
368,21,A_LETTER,astronomical
369,21,A_LETTER,apple
370,21,A_LETTER,ape
371,21,A_LETTER,ant
372,21,A_LETTER,artistic
373,21,A_LETTER,are
374,21,A_LETTER,anticipate
375,21,A_LETTER,article
376,21,A_LETTER,actual
377,21,A_LETTER,albeit
378,22,A_LETTER,Absorb
379,22,A_LETTER,America
380,22,A_LETTER,appreciate
381,22,A_LETTER,abnormal
382,22,A_LETTER,adequate
383,22,A_LETTER,adjacent
384,22,A_LETTER,amazing
385,22,A_LETTER,advertisement
386,22,A_LETTER,adjective
387,22,A_LETTER,adverb
388,22,A_LETTER,able
389,22,A_LETTER,ability
390,22,A_LETTER,anchor
391,23,A_LETTER,Ankle
392,23,A_LETTER,awesome
393,23,A_LETTER,apple
394,23,A_LETTER,automobile
395,23,A_LETTER,anagram
396,23,A_LETTER,advice
397,23,A_LETTER,assign
398,23,A_LETTER,active
399,23,A_LETTER,archery
400,23,A_LETTER,archive
401,23,A_LETTER,and
402,23,A_LETTER,ant
403,23,A_LETTER,aunt
404,23,A_LETTER,August
405,23,A_LETTER,April
406,23,A_LETTER,artery
407,23,A_LETTER,aorta
408,23,A_LETTER,awful
409,23,A_LETTER,around
410,24,A_LETTER,Apple
411,24,A_LETTER,apricot
412,24,A_LETTER,always
413,24,A_LETTER,astounding
414,24,A_LETTER,amazing
415,24,A_LETTER,astonish
416,24,A_LETTER,astronaut
417,24,A_LETTER,astrology
418,24,A_LETTER,able
419,24,A_LETTER,almost
420,24,A_LETTER,alright
421,24,A_LETTER,available
422,24,A_LETTER,apprehensive
423,24,A_LETTER,aloof
424,24,A_LETTER,appreciate
425,24,A_LETTER,atypical
426,24,A_LETTER,arm
427,24,A_LETTER,antisocial
428,24,A_LETTER,announce
429,24,A_LETTER,articulate
430,24,A_LETTER,anticipate
431,24,A_LETTER,article
432,24,A_LETTER,aid
433,24,A_LETTER,amicable
434,24,A_LETTER,addition
435,24,A_LETTER,artistic
436,24,A_LETTER,aesthetic
437,25,A_LETTER,Apple
438,25,A_LETTER,acorn
439,25,A_LETTER,all
440,25,A_LETTER,abundance
441,25,A_LETTER,anussance
442,25,A_LETTER,astrology
443,25,A_LETTER,astronomy
444,25,A_LETTER,apartment
445,25,A_LETTER,adult
446,25,A_LETTER,admire
447,25,A_LETTER,amicable
448,26,A_LETTER,Art
449,26,A_LETTER,arrive
450,26,A_LETTER,arrival
451,26,A_LETTER,artificial
452,26,A_LETTER,afraid
453,26,A_LETTER,antics
454,26,A_LETTER,absolute
455,26,A_LETTER,absolutely
456,26,A_LETTER,astroid
457,26,A_LETTER,astonish
458,26,A_LETTER,astonishing
459,26,A_LETTER,ant
460,26,A_LETTER,ants
461,26,A_LETTER,apple
462,26,A_LETTER,able
463,26,A_LETTER,appliance
464,26,A_LETTER,application
465,26,A_LETTER,artisan
466,26,A_LETTER,artistic
467,27,A_LETTER,About
468,27,A_LETTER,above
469,27,A_LETTER,anal
470,27,A_LETTER,amazing
471,27,A_LETTER,after
472,27,A_LETTER,all
473,27,A_LETTER,altogether
474,27,A_LETTER,america
475,27,A_LETTER,association
476,27,A_LETTER,albany
477,27,A_LETTER,although
478,27,A_LETTER,ago
479,27,A_LETTER,astate
480,27,A_LETTER,apple
481,27,A_LETTER,apricot
482,27,A_LETTER,amazon
483,27,A_LETTER,animal
484,27,A_LETTER,any
485,27,A_LETTER,anybody
486,27,A_LETTER,anywhere
487,28,A_LETTER,Apple
488,28,A_LETTER,articulate
489,28,A_LETTER,art
490,28,A_LETTER,artistic
491,28,A_LETTER,artist
492,28,A_LETTER,arch
493,28,A_LETTER,archery
494,28,A_LETTER,abomination
495,28,A_LETTER,arrow
496,28,A_LETTER,analyze
497,28,A_LETTER,ache
498,28,A_LETTER,admire
499,28,A_LETTER,assess
500,28,A_LETTER,access
501,28,A_LETTER,ample
502,28,A_LETTER,amber
503,28,A_LETTER,angle
504,28,A_LETTER,angel
505,29,A_LETTER,Apple
506,29,A_LETTER,achieve
507,29,A_LETTER,appropriate
508,29,A_LETTER,awesome
509,29,A_LETTER,amazing
510,29,A_LETTER,amazon
511,29,A_LETTER,apricot
512,29,A_LETTER,aglet
513,29,A_LETTER,ankle
514,29,A_LETTER,arm
515,29,A_LETTER,age
516,29,A_LETTER,amazed
517,29,A_LETTER,angelic
518,30,A_LETTER,Animal
519,30,A_LETTER,anteater
520,30,A_LETTER,audi
521,30,A_LETTER,ants
522,30,A_LETTER,antlers
523,30,A_LETTER,anti
524,30,A_LETTER,adversary
525,30,A_LETTER,anniversary
526,30,A_LETTER,ardvark
527,30,A_LETTER,arrest
528,30,A_LETTER,also
529,30,A_LETTER,and
530,30,A_LETTER,angle
531,30,A_LETTER,another
532,30,A_LETTER,arrive
533,31,A_LETTER,Amazing
534,31,A_LETTER,apple
535,31,A_LETTER,after
536,31,A_LETTER,aforementioned
537,31,A_LETTER,afraid
538,31,A_LETTER,astounding
539,31,A_LETTER,author
540,31,A_LETTER,authority
541,31,A_LETTER,again
542,31,A_LETTER,alright
543,31,A_LETTER,allowed
544,31,A_LETTER,although
545,31,A_LETTER,avert
546,31,A_LETTER,aversion
547,31,A_LETTER,atop
548,32,A_LETTER,Arbitrary
549,32,A_LETTER,apple
550,32,A_LETTER,alright
551,32,A_LETTER,anticipate
552,32,A_LETTER,anticident
553,32,A_LETTER,allow
554,32,A_LETTER,argument
555,32,A_LETTER,accomplish
556,32,A_LETTER,acclimate
557,32,A_LETTER,artist
558,32,A_LETTER,art
559,32,A_LETTER,albany
560,32,A_LETTER,anecdote
561,32,A_LETTER,apply
562,32,A_LETTER,accumulate
563,32,A_LETTER,artifact
564,32,A_LETTER,article
565,33,A_LETTER,Apple
566,33,A_LETTER,asset
567,33,A_LETTER,alligator
568,33,A_LETTER,ache
569,33,A_LETTER,ass
570,33,A_LETTER,atom
571,33,A_LETTER,alley
572,33,A_LETTER,all
573,33,A_LETTER,ant
574,33,A_LETTER,anger
575,33,A_LETTER,aunt
576,33,A_LETTER,apostrophe
577,33,A_LETTER,ankle
578,33,A_LETTER,ace
579,33,A_LETTER,angle
580,33,A_LETTER,angel
581,34,A_LETTER,About
582,34,A_LETTER,abolition
583,34,A_LETTER,allusive
584,34,A_LETTER,alphabet
585,34,A_LETTER,alpha
586,34,A_LETTER,albany
587,34,A_LETTER,abrasive
588,34,A_LETTER,about
589,34,A_LETTER,after
590,34,A_LETTER,a
591,34,A_LETTER,anchor
592,34,A_LETTER,adjacent
593,34,A_LETTER,afirmative
594,34,A_LETTER,acorn
595,34,A_LETTER,arouse
596,34,A_LETTER,account
597,34,A_LETTER,accountant
598,35,A_LETTER,Anna
599,35,A_LETTER,anarchy
600,35,A_LETTER,a
601,35,A_LETTER,and
602,35,A_LETTER,alot
603,35,A_LETTER,aloof
604,35,A_LETTER,ache
605,35,A_LETTER,anaeurism
606,35,A_LETTER,alien
607,35,A_LETTER,alicia
608,35,A_LETTER,alphabet
609,35,A_LETTER,apple
610,35,A_LETTER,arch
611,35,A_LETTER,archer
612,35,A_LETTER,are
613,35,A_LETTER,ant
614,35,A_LETTER,ate
615,35,A_LETTER,able
616,35,A_LETTER,ask
617,35,A_LETTER,asked
618,35,A_LETTER,add
619,35,A_LETTER,all
620,36,A_LETTER,Apple
621,36,A_LETTER,animal
622,36,A_LETTER,angle
623,36,A_LETTER,angel
624,36,A_LETTER,arrow
625,36,A_LETTER,accent
626,36,A_LETTER,allowance
627,36,A_LETTER,ass
628,36,A_LETTER,abs
629,36,A_LETTER,arrange
630,36,A_LETTER,army
631,36,A_LETTER,arm
632,36,A_LETTER,along
633,36,A_LETTER,able
634,36,A_LETTER,a
635,36,A_LETTER,at
636,36,A_LETTER,and
637,36,A_LETTER,around
638,36,A_LETTER,arrest
639,36,A_LETTER,ardvark
640,36,A_LETTER,ant
641,36,A_LETTER,aunt
642,36,A_LETTER,ankle
643,36,A_LETTER,agile
644,36,A_LETTER,arrogant
645,36,A_LETTER,awesome
646,36,A_LETTER,amazing
647,36,A_LETTER,astronomical
648,36,A_LETTER,astroid
649,36,A_LETTER,avengers
650,36,A_LETTER,apetite
651,36,A_LETTER,anticipate
652,36,A_LETTER,anxiety
653,36,A_LETTER,astute
654,36,A_LETTER,asia
655,36,A_LETTER,africa
656,36,A_LETTER,antarctica
657,37,A_LETTER,Apple
658,37,A_LETTER,amazing
659,37,A_LETTER,acheive
660,37,A_LETTER,adventure
661,37,A_LETTER,animals
662,37,A_LETTER,all
663,37,A_LETTER,alter
664,37,A_LETTER,afflections
665,37,A_LETTER,afraid
666,37,A_LETTER,awful
667,37,A_LETTER,a
668,37,A_LETTER,atrium
669,37,A_LETTER,arota
670,37,A_LETTER,amass
671,37,A_LETTER,altogether
672,38,A_LETTER,And
673,38,A_LETTER,an
674,38,A_LETTER,awesome
675,38,A_LETTER,arrogant
676,38,A_LETTER,any
677,38,A_LETTER,awe
678,38,A_LETTER,around
679,38,A_LETTER,apple
680,38,A_LETTER,adhear
681,38,A_LETTER,add
682,38,A_LETTER,also
683,38,A_LETTER,although
684,38,A_LETTER,award
685,38,A_LETTER,away
686,38,A_LETTER,afar
687,39,A_LETTER,Apple
688,39,A_LETTER,asshole
689,39,A_LETTER,ant
690,39,A_LETTER,anthole
691,39,A_LETTER,antalope
692,39,A_LETTER,artic
693,39,A_LETTER,antartica
694,39,A_LETTER,asia
695,39,A_LETTER,austraila
696,39,A_LETTER,albany
697,39,A_LETTER,appletree
698,39,A_LETTER,antique
699,39,A_LETTER,anguish
700,39,A_LETTER,anger
701,39,A_LETTER,ash
702,39,A_LETTER,ashtray
703,39,A_LETTER,autumn
704,39,A_LETTER,attire
705,39,A_LETTER,allen
706,39,A_LETTER,alley
707,39,A_LETTER,aorta
708,39,A_LETTER,attend
709,39,A_LETTER,answer
710,39,A_LETTER,answering machine
711,39,A_LETTER,athens
712,40,A_LETTER,Apple
713,40,A_LETTER,America
714,40,A_LETTER,achieve
715,40,A_LETTER,awesome
716,40,A_LETTER,atypical
717,40,A_LETTER,ability
718,40,A_LETTER,allow
719,40,A_LETTER,announcement
720,40,A_LETTER,annoying
721,40,A_LETTER,answer
722,40,A_LETTER,as
723,40,A_LETTER,Africa
724,40,A_LETTER,Albany
725,40,A_LETTER,amusement
726,40,A_LETTER,adventure
727,41,A_LETTER,Ant
728,41,A_LETTER,Apple
729,41,A_LETTER,Applicable
730,41,A_LETTER,Apply
731,41,A_LETTER,Art
732,41,A_LETTER,And
733,41,A_LETTER,Albany
734,41,A_LETTER,Award
735,41,A_LETTER,Any
736,41,A_LETTER,Air
737,41,A_LETTER,Add
738,41,A_LETTER,Additional
739,41,A_LETTER,anonymous
740,41,A_LETTER,answer
741,41,A_LETTER,At
742,41,A_LETTER,Atlantis
743,41,A_LETTER,Atlantic
744,41,A_LETTER,Antsy
745,42,A_LETTER,And
746,42,A_LETTER,addition
747,42,A_LETTER,award
748,42,A_LETTER,alphabet
749,42,A_LETTER,alfalfa
750,42,A_LETTER,alfredo
751,42,A_LETTER,all
752,42,A_LETTER,about
753,42,A_LETTER,avacado
754,42,A_LETTER,avangarde
755,42,A_LETTER,alright
756,42,A_LETTER,also
757,42,A_LETTER,accuse
758,42,A_LETTER,additional
759,42,A_LETTER,a lot
760,42,A_LETTER,a
761,42,A_LETTER,awkward
762,42,A_LETTER,armory
763,42,A_LETTER,Albany
764,42,A_LETTER,Alabama
765,42,A_LETTER,Accurate
766,42,A_LETTER,Accustom
767,42,A_LETTER,abba
768,43,A_LETTER,And
769,43,A_LETTER,arm
770,43,A_LETTER,art
771,43,A_LETTER,all
772,43,A_LETTER,always
773,43,A_LETTER,ant
774,43,A_LETTER,about
775,43,A_LETTER,a
776,43,A_LETTER,ambiguous
777,43,A_LETTER,antique
778,43,A_LETTER,ash
779,43,A_LETTER,ass
780,43,A_LETTER,ashfall
781,43,A_LETTER,antiquity
782,43,A_LETTER,aid
783,43,A_LETTER,aided
784,44,A_LETTER,Apple
785,44,A_LETTER,Ass
786,44,A_LETTER,And
787,44,A_LETTER,Art
788,44,A_LETTER,Above
789,44,A_LETTER,Albany
790,44,A_LETTER,Air
791,44,A_LETTER,Answer
792,44,A_LETTER,Alphabet
793,44,A_LETTER,Archer
794,44,A_LETTER,Ask
795,45,A_LETTER,And
796,45,A_LETTER,April
797,45,A_LETTER,able
798,45,A_LETTER,attitude
799,45,A_LETTER,attributes
800,45,A_LETTER,angel
801,45,A_LETTER,angle
802,45,A_LETTER,athlete
803,45,A_LETTER,athletics
804,45,A_LETTER,approximately
805,45,A_LETTER,appropriate
806,45,A_LETTER,apparently
807,45,A_LETTER,ariels
808,45,A_LETTER,also
809,45,A_LETTER,after
810,45,A_LETTER,as
811,45,A_LETTER,alright
812,45,A_LETTER,ask
813,45,A_LETTER,additional
814,45,A_LETTER,add
815,45,A_LETTER,align
816,45,A_LETTER,asexual
817,46,A_LETTER,Adhere
818,46,A_LETTER,apple
819,46,A_LETTER,analaysis
820,46,A_LETTER,analyze
821,46,A_LETTER,allow
822,46,A_LETTER,allowed
823,46,A_LETTER,aformentioned
824,46,A_LETTER,antartica
825,46,A_LETTER,a
826,46,A_LETTER,animal
827,46,A_LETTER,advocate
828,46,A_LETTER,aleks
829,46,A_LETTER,abstain
830,46,A_LETTER,about
831,46,A_LETTER,america
832,46,A_LETTER,accept
833,46,A_LETTER,accent
834,46,A_LETTER,accelerate
835,46,A_LETTER,aim
836,47,A_LETTER,And
837,47,A_LETTER,are
838,47,A_LETTER,ate
839,47,A_LETTER,ape
840,47,A_LETTER,allocate
841,47,A_LETTER,aim
842,47,A_LETTER,aprin
843,47,A_LETTER,april
844,47,A_LETTER,august
845,47,A_LETTER,antenna
846,47,A_LETTER,ant
847,47,A_LETTER,aunt
848,47,A_LETTER,apple
849,47,A_LETTER,apex
850,47,A_LETTER,altitude
851,47,A_LETTER,aptitude
852,47,A_LETTER,attitude
853,47,A_LETTER,alter
854,47,A_LETTER,arrange
855,47,A_LETTER,assort
856,47,A_LETTER,assertane
857,47,A_LETTER,all
858,47,A_LETTER,allow
859,47,A_LETTER,albany
860,48,A_LETTER,animal
861,48,A_LETTER,ass
862,48,A_LETTER,ant
863,48,A_LETTER,air
864,48,A_LETTER,aerodrome
865,48,A_LETTER,airplane
866,48,A_LETTER,aquatic
867,48,A_LETTER,aquarium
868,48,A_LETTER,aloft
869,48,A_LETTER,aloof
870,48,A_LETTER,armenian
871,48,A_LETTER,american
872,48,A_LETTER,asshole
873,49,A_LETTER,Apple
874,49,A_LETTER,ape
875,49,A_LETTER,apocalypse
876,49,A_LETTER,amen
877,49,A_LETTER,amend
878,49,A_LETTER,amendment
879,49,A_LETTER,applaud
880,49,A_LETTER,appease
881,49,A_LETTER,apricot
882,49,A_LETTER,alligator
883,49,A_LETTER,aloud
884,49,A_LETTER,allow
885,49,A_LETTER,allowed
886,49,A_LETTER,applicant
887,49,A_LETTER,application
888,49,A_LETTER,apply
889,49,A_LETTER,approve
890,49,A_LETTER,approval
891,49,A_LETTER,antagonist
892,49,A_LETTER,administration
893,49,A_LETTER,administer
894,49,A_LETTER,aspire
895,49,A_LETTER,attitude
896,50,A_LETTER,Amazing
897,50,A_LETTER,apple
898,50,A_LETTER,auction
899,50,A_LETTER,apprehend
900,50,A_LETTER,appreciate
901,50,A_LETTER,appropiate
902,50,A_LETTER,attend
903,50,A_LETTER,and
904,50,A_LETTER,annoying
905,51,A_LETTER,As
906,51,A_LETTER,ass
907,51,A_LETTER,asshole
908,51,A_LETTER,apple
909,51,A_LETTER,amazing
910,51,A_LETTER,and
911,51,A_LETTER,awesome
912,51,A_LETTER,apprehend
913,51,A_LETTER,any
914,51,A_LETTER,anyway
915,51,A_LETTER,all
916,51,A_LETTER,although
917,51,A_LETTER,asked
918,51,A_LETTER,answered
919,51,A_LETTER,anynomous
920,51,A_LETTER,antonym
921,52,A_LETTER,Animal
922,52,A_LETTER,a
923,52,A_LETTER,an
924,52,A_LETTER,and
925,52,A_LETTER,andy
926,52,A_LETTER,apple
927,52,A_LETTER,ace
928,52,A_LETTER,accurate
929,52,A_LETTER,apendix
930,52,A_LETTER,adam
931,52,A_LETTER,agree
932,52,A_LETTER,agent
933,52,A_LETTER,agraculture
934,52,A_LETTER,alice
935,53,A_LETTER,Apples
936,53,A_LETTER,aunt
937,53,A_LETTER,atom
938,53,A_LETTER,atlis
939,53,A_LETTER,awesome
940,53,A_LETTER,animals
941,53,A_LETTER,autonomy
942,53,A_LETTER,astronomy
943,54,A_LETTER,Ass
944,54,A_LETTER,assimilate
945,54,A_LETTER,animals
946,54,A_LETTER,autonimy
947,54,A_LETTER,anouncement
948,54,A_LETTER,abs
949,54,A_LETTER,abdomin
950,54,A_LETTER,acknowledge
951,54,A_LETTER,autobiography
952,54,A_LETTER,affiliate
953,54,A_LETTER,active
954,54,A_LETTER,all
955,54,A_LETTER,as
956,54,A_LETTER,and
957,54,A_LETTER,ankles
958,54,A_LETTER,anklet
959,54,A_LETTER,apples
960,54,A_LETTER,ariel
961,54,A_LETTER,anus
962,54,A_LETTER,around
963,54,A_LETTER,about
964,54,A_LETTER,angels
965,54,A_LETTER,ask
966,54,A_LETTER,act
967,54,A_LETTER,ants
968,54,A_LETTER,a
969,55,A_LETTER,Address
970,55,A_LETTER,adamn
971,55,A_LETTER,abigail
972,55,A_LETTER,amazing
973,55,A_LETTER,apple
974,55,A_LETTER,apricot
975,55,A_LETTER,adorn
976,55,A_LETTER,amuse
977,55,A_LETTER,assume
978,55,A_LETTER,at
979,55,A_LETTER,application
980,56,A_LETTER,apple
981,56,A_LETTER,anchor
982,56,A_LETTER,arrow
983,56,A_LETTER,atypical
984,56,A_LETTER,allow
985,56,A_LETTER,angel
986,56,A_LETTER,angry
987,56,A_LETTER,anger
988,56,A_LETTER,ate
989,56,A_LETTER,ape
990,56,A_LETTER,able
991,56,A_LETTER,ale
992,56,A_LETTER,and
993,56,A_LETTER,anamoly
994,56,A_LETTER,appropriate
995,56,A_LETTER,aesthetic
996,56,A_LETTER,age
997,57,A_LETTER,Apple
998,57,A_LETTER,aunt
999,57,A_LETTER,ant
1000,57,A_LETTER,antics
1001,57,A_LETTER,aesthetic
1002,57,A_LETTER,athletic
1003,57,A_LETTER,art
1004,57,A_LETTER,anthropology
1005,57,A_LETTER,artist
1006,57,A_LETTER,actual
1007,57,A_LETTER,all
1008,57,A_LETTER,annual
1009,57,A_LETTER,analyse
1010,57,A_LETTER,analytics
1011,58,A_LETTER,amanda
1012,58,A_LETTER,apple
1013,58,A_LETTER,address
1014,58,A_LETTER,arrest
1015,58,A_LETTER,arrested
1016,58,A_LETTER,ass
1017,58,A_LETTER,asshole
1018,58,A_LETTER,arm
1019,58,A_LETTER,armpit
1020,58,A_LETTER,always
1021,58,A_LETTER,anatomy
1022,58,A_LETTER,and
1023,58,A_LETTER,arrange
1024,58,A_LETTER,arrangement
1025,58,A_LETTER,art
1026,58,A_LETTER,artistic
1027,58,A_LETTER,arnold
1028,58,A_LETTER,ant
1029,58,A_LETTER,anteater
1030,58,A_LETTER,avenue
1031,58,A_LETTER,armani
1032,58,A_LETTER,alabama
1033,58,A_LETTER,arkansaw
1034,58,A_LETTER,arch
1035,58,A_LETTER,all
1036,59,A_LETTER,Art
1037,59,A_LETTER,ant
1038,59,A_LETTER,animal
1039,59,A_LETTER,athlete
1040,59,A_LETTER,anthropology
1041,59,A_LETTER,article
1042,59,A_LETTER,articulate
1043,59,A_LETTER,alien
1044,59,A_LETTER,axe
1045,59,A_LETTER,all
1046,59,A_LETTER,above
1047,59,A_LETTER,adrenaline
1048,59,A_LETTER,artistic
1049,60,A_LETTER,Animal
1050,60,A_LETTER,actually
1051,60,A_LETTER,anomaly
1052,60,A_LETTER,and
1053,60,A_LETTER,alter
1054,60,A_LETTER,analyze
1055,60,A_LETTER,acrobat
1056,60,A_LETTER,as well
1057,60,A_LETTER,art
1058,60,A_LETTER,air
1059,60,A_LETTER,asparagus
1060,60,A_LETTER,aspertime
1061,60,A_LETTER,apart
1062,60,A_LETTER,afar
1063,60,A_LETTER,anually
1064,60,A_LETTER,altogether
1065,60,A_LETTER,agenda
1066,60,A_LETTER,argue
1067,60,A_LETTER,arrive
1068,60,A_LETTER,arouse
1069,60,A_LETTER,angry
1070,61,A_LETTER,Advance
1071,61,A_LETTER,advantage
1072,61,A_LETTER,advancement
1073,61,A_LETTER,advair
1074,61,A_LETTER,alabama
1075,61,A_LETTER,arkansas
1076,61,A_LETTER,all
1077,61,A_LETTER,alamony
1078,61,A_LETTER,alaska
1079,61,A_LETTER,allspice
1080,61,A_LETTER,avocado
1081,61,A_LETTER,almond
1082,61,A_LETTER,algeria
1083,61,A_LETTER,amanda
1084,61,A_LETTER,adam
1085,61,A_LETTER,amygdala
1086,61,A_LETTER,amitryptaline
1087,61,A_LETTER,atorvastatan
1088,61,A_LETTER,amlodipine
1089,61,A_LETTER,amoxicillin
1090,62,A_LETTER,And
1091,62,A_LETTER,after
1092,62,A_LETTER,abyss
1093,62,A_LETTER,again
1094,62,A_LETTER,a
1095,62,A_LETTER,arm
1096,62,A_LETTER,armed
1097,62,A_LETTER,assist
1098,62,A_LETTER,assistance
1099,62,A_LETTER,appendix
1100,62,A_LETTER,apprehend
1101,62,A_LETTER,although
1102,62,A_LETTER,all
1103,63,A_LETTER,And
1104,63,A_LETTER,art
1105,63,A_LETTER,arrive
1106,63,A_LETTER,ate
1107,63,A_LETTER,appetite
1108,63,A_LETTER,apple
1109,63,A_LETTER,angel
1110,63,A_LETTER,angelic
1111,63,A_LETTER,ally
1112,63,A_LETTER,aisle
1113,63,A_LETTER,ark
1114,63,A_LETTER,arch
1115,63,A_LETTER,arm
1116,63,A_LETTER,architect
1117,63,A_LETTER,always
1118,63,A_LETTER,awhile
1119,63,A_LETTER,angle
1120,63,A_LETTER,artist
1121,63,A_LETTER,air
1122,64,A_LETTER,At
1123,64,A_LETTER,am
1124,64,A_LETTER,able
1125,64,A_LETTER,ant
1126,64,A_LETTER,and
1127,64,A_LETTER,after
1128,64,A_LETTER,afterwards
1129,64,A_LETTER,all
1130,64,A_LETTER,any
1131,64,A_LETTER,abundant
1132,64,A_LETTER,act
1133,64,A_LETTER,acting
1134,64,A_LETTER,actor
1135,64,A_LETTER,art
1136,64,A_LETTER,artist
1137,64,A_LETTER,architect
1138,64,A_LETTER,anthropology
1139,64,A_LETTER,anthropologist
1140,64,A_LETTER,archeology
1141,64,A_LETTER,actress
1142,64,A_LETTER,address
1143,64,A_LETTER,addressing
1144,64,A_LETTER,addressed
1145,64,A_LETTER,arrest
1146,64,A_LETTER,arrested
1147,64,A_LETTER,arresting
1148,64,A_LETTER,aim
1149,64,A_LETTER,aiming
1150,64,A_LETTER,aimed
1151,65,A_LETTER,Apple
1152,65,A_LETTER,ace
1153,65,A_LETTER,adore
1154,65,A_LETTER,amore
1155,65,A_LETTER,allegory
1156,65,A_LETTER,altruism
1157,65,A_LETTER,all
1158,65,A_LETTER,at
1159,65,A_LETTER,atrium
1160,65,A_LETTER,also
1161,65,A_LETTER,always
1162,65,A_LETTER,awesome
1163,65,A_LETTER,analytical
1164,65,A_LETTER,analyze
1165,65,A_LETTER,antique
1166,65,A_LETTER,andromeda
1167,65,A_LETTER,ash
1168,65,A_LETTER,and
1169,65,A_LETTER,altima
1170,65,A_LETTER,aunt
1171,65,A_LETTER,ant
1172,66,A_LETTER,All
1173,66,A_LETTER,apple
1174,66,A_LETTER,age
1175,66,A_LETTER,athlete
1176,66,A_LETTER,America
1177,66,A_LETTER,ask
1178,66,A_LETTER,at
1179,66,A_LETTER,am
1180,66,A_LETTER,amazing
1181,66,A_LETTER,attack
1182,66,A_LETTER,animal
1183,66,A_LETTER,although
1184,66,A_LETTER,also
1185,66,A_LETTER,arouse
1186,66,A_LETTER,allow
1187,66,A_LETTER,attach
1188,66,A_LETTER,aloe
1189,67,A_LETTER,Awesome
1190,67,A_LETTER,ass
1191,67,A_LETTER,apple
1192,67,A_LETTER,alright
1193,67,A_LETTER,all
1194,67,A_LETTER,application
1195,67,A_LETTER,aunt
1196,67,A_LETTER,ant
1197,67,A_LETTER,along
1198,67,A_LETTER,anything
1199,68,A_LETTER,Apple
1200,68,A_LETTER,ant
1201,68,A_LETTER,Amber
1202,68,A_LETTER,Ashley
1203,68,A_LETTER,animal
1204,68,A_LETTER,ass
1205,68,A_LETTER,anal
1206,68,A_LETTER,an
1207,68,A_LETTER,and
1208,68,A_LETTER,azul
1209,68,A_LETTER,anger
1210,68,A_LETTER,angry
1211,68,A_LETTER,agent
1212,68,A_LETTER,agency
1213,69,A_LETTER,Apple
1214,69,A_LETTER,always
1215,69,A_LETTER,absolutely
1216,69,A_LETTER,apart
1217,69,A_LETTER,although
1218,69,A_LETTER,asparagus
1219,69,A_LETTER,allison
1220,69,A_LETTER,a lot
1221,69,A_LETTER,a
1222,69,A_LETTER,alcohol
1223,69,A_LETTER,ask
1224,69,A_LETTER,asking
1225,69,A_LETTER,as
1226,70,A_LETTER,Apple
1227,70,A_LETTER,Adam
1228,70,A_LETTER,as
1229,70,A_LETTER,able
1230,70,A_LETTER,although
1231,70,A_LETTER,anticipate
1232,70,A_LETTER,any
1233,70,A_LETTER,all
1234,70,A_LETTER,ant
1235,70,A_LETTER,approved
1236,70,A_LETTER,am
1237,70,A_LETTER,at
1238,70,A_LETTER,about
1239,70,A_LETTER,also
1240,70,A_LETTER,ahead
1241,70,A_LETTER,another
1242,70,A_LETTER,already
1243,70,A_LETTER,alright
1244,70,A_LETTER,at
1245,70,A_LETTER,an
1246,70,A_LETTER,albany
1247,70,A_LETTER,art
1248,71,A_LETTER,Apple
1249,71,A_LETTER,arrange
1250,71,A_LETTER,aspire
1251,71,A_LETTER,angry
1252,71,A_LETTER,awesome
1253,71,A_LETTER,all
1254,71,A_LETTER,alternate
1255,71,A_LETTER,ability
1256,71,A_LETTER,able
1257,71,A_LETTER,adolescent
1258,71,A_LETTER,akorn
1259,71,A_LETTER,alert
1260,71,A_LETTER,alarm
1261,71,A_LETTER,amazing
1262,71,A_LETTER,anxious
1263,71,A_LETTER,arrow
1264,72,A_LETTER,Actual
1265,72,A_LETTER,acts
1266,72,A_LETTER,all
1267,72,A_LETTER,a
1268,72,A_LETTER,afirmation
1269,72,A_LETTER,allow
1270,72,A_LETTER,aloud
1271,72,A_LETTER,arrow
1272,72,A_LETTER,amplify
1273,72,A_LETTER,art
1274,72,A_LETTER,action
1275,72,A_LETTER,actions
1276,72,A_LETTER,allowed
1277,72,A_LETTER,allows
1278,72,A_LETTER,ale
1279,72,A_LETTER,ass
1280,72,A_LETTER,able
1281,72,A_LETTER,association
1282,72,A_LETTER,affiliate
1283,72,A_LETTER,assemble
1284,72,A_LETTER,assembly
1285,72,A_LETTER,Albany
1286,73,A_LETTER,Apple
1287,73,A_LETTER,and
1288,73,A_LETTER,ampersand
1289,73,A_LETTER,ass
1290,73,A_LETTER,asshole
1291,73,A_LETTER,ask
1292,73,A_LETTER,asked
1293,73,A_LETTER,alter
1294,73,A_LETTER,altered
1295,73,A_LETTER,as
1296,73,A_LETTER,at
1297,73,A_LETTER,ate
1298,73,A_LETTER,answer
1299,73,A_LETTER,answered
1300,73,A_LETTER,again
1301,73,A_LETTER,another
1302,73,A_LETTER,assist
1303,73,A_LETTER,aloof
1304,73,A_LETTER,alike
1305,73,A_LETTER,afar
1306,73,A_LETTER,amidst
1307,73,A_LETTER,also
1308,73,A_LETTER,annoy
1309,73,A_LETTER,application
1310,73,A_LETTER,app
1311,73,A_LETTER,addition
1312,73,A_LETTER,add
1313,73,A_LETTER,addendum
1314,74,A_LETTER,Apple
1315,74,A_LETTER,America
1316,74,A_LETTER,amazing
1317,74,A_LETTER,astonishing
1318,74,A_LETTER,awesome
1319,74,A_LETTER,at
1320,74,A_LETTER,announce
1321,74,A_LETTER,aim
1322,74,A_LETTER,art
1323,74,A_LETTER,antigen
1324,74,A_LETTER,antibody
1325,74,A_LETTER,arise
1326,74,A_LETTER,anaconda
1327,74,A_LETTER,ant
1328,74,A_LETTER,aunt
1329,75,A_LETTER,Apple
1330,75,A_LETTER,Amber
1331,75,A_LETTER,ashes
1332,75,A_LETTER,agriculture
1333,75,A_LETTER,Alice
1334,75,A_LETTER,Alyson
1335,75,A_LETTER,Amelia
1336,75,A_LETTER,America
1337,75,A_LETTER,American
1338,75,A_LETTER,applesauce
1339,75,A_LETTER,apricot
1340,75,A_LETTER,acura
1341,75,A_LETTER,audi
1342,75,A_LETTER,alheizmers
1343,75,A_LETTER,appendex
1344,75,A_LETTER,acetometaphine
1345,75,A_LETTER,advil
1346,76,A_LETTER,Ass
1347,76,A_LETTER,asshole
1348,76,A_LETTER,as
1349,76,A_LETTER,animal
1350,76,A_LETTER,amateur
1351,76,A_LETTER,amazing
1352,76,A_LETTER,armour
1353,76,A_LETTER,apple
1354,76,A_LETTER,an
1355,76,A_LETTER,and
1356,76,A_LETTER,as
1357,76,A_LETTER,ant
1358,76,A_LETTER,antelope
1359,76,A_LETTER,a
1360,76,A_LETTER,allow
1361,76,A_LETTER,allowed
1362,76,A_LETTER,although
1363,76,A_LETTER,at
1364,76,A_LETTER,attention
1365,76,A_LETTER,attitude
1366,76,A_LETTER,allegory
1367,76,A_LETTER,ale
1368,76,A_LETTER,add
1369,76,A_LETTER,addition
1370,76,A_LETTER,additional
1371,77,A_LETTER,Apple
1372,77,A_LETTER,another
1373,77,A_LETTER,affulent
1374,77,A_LETTER,afferent
1375,77,A_LETTER,animal
1376,77,A_LETTER,a
1377,77,A_LETTER,an
1378,77,A_LETTER,and
1379,78,A_LETTER,Apple
1380,78,A_LETTER,appliance
1381,78,A_LETTER,app
1382,78,A_LETTER,ape
1383,78,A_LETTER,appreciate
1384,78,A_LETTER,alimony
1385,78,A_LETTER,abreviate
1386,78,A_LETTER,abroad
1387,78,A_LETTER,amber
1388,78,A_LETTER,able
1389,78,A_LETTER,accounting
1390,78,A_LETTER,association
1391,78,A_LETTER,aroma
1392,78,A_LETTER,adult
1393,78,A_LETTER,acorn
1394,78,A_LETTER,alcohol
1395,78,A_LETTER,alliterate
1396,78,A_LETTER,altercation
1397,78,A_LETTER,arm
1398,78,A_LETTER,armor
1399,79,A_LETTER,Apple
1400,79,A_LETTER,appear
1401,79,A_LETTER,appeal
1402,79,A_LETTER,appealing
1403,79,A_LETTER,appearing
1404,79,A_LETTER,appearance
1405,79,A_LETTER,adjust
1406,79,A_LETTER,adjustment
1407,79,A_LETTER,acknowledge
1408,79,A_LETTER,acknowledge
1409,79,A_LETTER,ate
1410,79,A_LETTER,appetizer
1411,79,A_LETTER,astounding
1412,79,A_LETTER,aesthetic
1413,79,A_LETTER,acorn
1414,79,A_LETTER,amuse
1415,79,A_LETTER,amusement
1416,79,A_LETTER,afraid
1417,79,A_LETTER,able
1418,79,A_LETTER,adorn
1419,79,A_LETTER,assist
1420,79,A_LETTER,apply
1421,79,A_LETTER,applying
1422,79,A_LETTER,assisting
1423,79,A_LETTER,aim
1424,79,A_LETTER,aiming
1425,80,A_LETTER,Apple
1426,80,A_LETTER,alphabet
1427,80,A_LETTER,attack
1428,80,A_LETTER,ate
1429,80,A_LETTER,alternate
1430,80,A_LETTER,aggression
1431,80,A_LETTER,attention
1432,80,A_LETTER,actor
1433,80,A_LETTER,act
1434,80,A_LETTER,acor
1435,80,A_LETTER,acorn
1436,80,A_LETTER,automobile
1437,80,A_LETTER,automatic
1438,80,A_LETTER,altitude
1439,80,A_LETTER,alright
1440,80,A_LETTER,about
1441,81,A_LETTER,Appetite
1442,81,A_LETTER,aptitude
1443,81,A_LETTER,art
1444,81,A_LETTER,artist
1445,81,A_LETTER,amazing
1446,81,A_LETTER,academic
1447,81,A_LETTER,academia
1448,81,A_LETTER,accumulate
1449,81,A_LETTER,amaze
1450,81,A_LETTER,artwork
1451,81,A_LETTER,acclamate
1452,81,A_LETTER,award
1453,81,A_LETTER,air
1454,81,A_LETTER,aired
1455,81,A_LETTER,airplane
1456,81,A_LETTER,automobile
1457,81,A_LETTER,automatic
1458,81,A_LETTER,action
1459,81,A_LETTER,arc
1460,81,A_LETTER,all
1461,81,A_LETTER,at
1462,81,A_LETTER,are
1463,81,A_LETTER,allocate
1464,81,A_LETTER,arm
1465,81,A_LETTER,avenue
1466,81,A_LETTER,appear
1467,81,A_LETTER,appeared
1468,81,A_LETTER,attend
1469,81,A_LETTER,attended
1470,81,A_LETTER,attending
1471,82,A_LETTER,Apple
1472,82,A_LETTER,ape
1473,82,A_LETTER,ale
1474,82,A_LETTER,act
1475,82,A_LETTER,acts
1476,82,A_LETTER,acting
1477,82,A_LETTER,actor
1478,82,A_LETTER,actress
1479,82,A_LETTER,achieve
1480,82,A_LETTER,accomplish
1481,82,A_LETTER,account
1482,82,A_LETTER,accounting
1483,82,A_LETTER,accounter
1484,82,A_LETTER,archive
1485,82,A_LETTER,apes
1486,82,A_LETTER,age
1487,82,A_LETTER,ages
1488,82,A_LETTER,agile
1489,82,A_LETTER,agar
1490,82,A_LETTER,ally
1491,82,A_LETTER,allison
1492,82,A_LETTER,amanda
1493,82,A_LETTER,allie
1494,82,A_LETTER,argentina
1495,82,A_LETTER,aruba
1496,82,A_LETTER,america
1497,82,A_LETTER,anger
1498,82,A_LETTER,angry
1499,82,A_LETTER,antagonist
1500,82,A_LETTER,anteater
1501,82,A_LETTER,aglet
1502,82,A_LETTER,ankle
1503,83,A_LETTER,Apple
1504,83,A_LETTER,appetizer
1505,83,A_LETTER,angelica
1506,83,A_LETTER,alright
1507,83,A_LETTER,amphibeous
1508,83,A_LETTER,alligator
1509,83,A_LETTER,armodilo
1510,83,A_LETTER,ant
1511,83,A_LETTER,anteater
1512,83,A_LETTER,ardvark
1513,83,A_LETTER,avocado
1514,83,A_LETTER,asparagus
1515,83,A_LETTER,anti
1516,83,A_LETTER,adam
1517,83,A_LETTER,andrew
1518,83,A_LETTER,andrea
1519,84,A_LETTER,Ask
1520,84,A_LETTER,all
1521,84,A_LETTER,and
1522,84,A_LETTER,ammend
1523,84,A_LETTER,attract
1524,84,A_LETTER,able
1525,84,A_LETTER,attend
1526,84,A_LETTER,avoid
1527,84,A_LETTER,allow
1528,84,A_LETTER,abide
1529,84,A_LETTER,awesome
1530,84,A_LETTER,are
1531,84,A_LETTER,attire
1532,84,A_LETTER,accent
1533,84,A_LETTER,agree
1534,84,A_LETTER,available
1535,84,A_LETTER,ace
1536,84,A_LETTER,accomplish
1537,84,A_LETTER,aggrivate
1538,84,A_LETTER,anger
1539,85,A_LETTER,America
1540,85,A_LETTER,american
1541,85,A_LETTER,anna
1542,85,A_LETTER,atlas
1543,85,A_LETTER,anastrophe
1544,85,A_LETTER,anaphora
1545,85,A_LETTER,anaconda
1546,85,A_LETTER,armadillo
1547,85,A_LETTER,armistice
1548,85,A_LETTER,agregious
1549,85,A_LETTER,atlants
1550,85,A_LETTER,athens
1551,85,A_LETTER,alberquerque
1552,85,A_LETTER,ari
1553,85,A_LETTER,andrew
1554,86,A_LETTER,Alphabet
1555,86,A_LETTER,and
1556,86,A_LETTER,any
1557,86,A_LETTER,awesome
1558,86,A_LETTER,antique
1559,86,A_LETTER,antiquity
1560,86,A_LETTER,andy
1561,86,A_LETTER,alex
1562,86,A_LETTER,aaron
1563,86,A_LETTER,arrow
1564,86,A_LETTER,alpha
1565,86,A_LETTER,also
1566,86,A_LETTER,anyone
1567,86,A_LETTER,anybody
1568,86,A_LETTER,angel
1569,86,A_LETTER,alexa
1570,86,A_LETTER,addinon
1571,86,A_LETTER,although
1572,86,A_LETTER,articulate
1573,86,A_LETTER,argue
1574,86,A_LETTER,aim
1575,86,A_LETTER,alaska
1576,86,A_LETTER,antarctica
1577,86,A_LETTER,andreas
1578,86,A_LETTER,actual
1579,87,A_LETTER,Apple
1580,87,A_LETTER,avalanche
1581,87,A_LETTER,app
1582,87,A_LETTER,avocado
1583,87,A_LETTER,awful
1584,87,A_LETTER,amazing
1585,87,A_LETTER,annoying
1586,87,A_LETTER,angry
1587,87,A_LETTER,allow
1588,87,A_LETTER,access
1589,87,A_LETTER,answer
1590,87,A_LETTER,american
1591,87,A_LETTER,arm
1592,87,A_LETTER,armadillo
1593,87,A_LETTER,alone
1594,87,A_LETTER,alright
1595,87,A_LETTER,ambitious
1596,87,A_LETTER,aspects
1597,87,A_LETTER,aspirations
1598,87,A_LETTER,and
1599,87,A_LETTER,another
1600,87,A_LETTER,arrive
1601,87,A_LETTER,airplane
1602,87,A_LETTER,assemble
1603,88,A_LETTER,Apple
1604,88,A_LETTER,anonymous
1605,88,A_LETTER,ass
1606,88,A_LETTER,alcohol
1607,88,A_LETTER,all
1608,88,A_LETTER,angle
1609,88,A_LETTER,angry
1610,88,A_LETTER,appetite
1611,88,A_LETTER,are
1612,88,A_LETTER,alien
1613,88,A_LETTER,awesome
1614,88,A_LETTER,actually
1615,88,A_LETTER,anticipation
1616,88,A_LETTER,antlers
1617,88,A_LETTER,ant
1618,88,A_LETTER,antenas
1619,88,A_LETTER,antarctica
1620,88,A_LETTER,america
1621,88,A_LETTER,africa
1622,88,A_LETTER,asia
1623,88,A_LETTER,acute
1624,88,A_LETTER,adult
1625,88,A_LETTER,amplified
1626,88,A_LETTER,argue
1627,88,A_LETTER,athlete
1628,88,A_LETTER,arm
1629,88,A_LETTER,artery
1630,88,A_LETTER,after
1631,88,A_LETTER,art
1632,89,A_LETTER,Apple
1633,89,A_LETTER,answer
1634,89,A_LETTER,angry
1635,89,A_LETTER,association
1636,89,A_LETTER,allowed
1637,89,A_LETTER,apprehend
1638,89,A_LETTER,athlete
1639,89,A_LETTER,athletic
1640,89,A_LETTER,around
1641,89,A_LETTER,area
1642,89,A_LETTER,arena
1643,90,A_LETTER,Amanda
1644,90,A_LETTER,ass
1645,90,A_LETTER,art
1646,90,A_LETTER,artwork
1647,90,A_LETTER,alma
1648,90,A_LETTER,amal
1649,90,A_LETTER,anteater
1650,90,A_LETTER,ate
1651,90,A_LETTER,astenmartian
1652,90,A_LETTER,astrix
1653,90,A_LETTER,almond
1654,90,A_LETTER,american
1655,90,A_LETTER,america
1656,91,A_LETTER,Apple
1657,91,A_LETTER,air
1658,91,A_LETTER,anaconda
1659,91,A_LETTER,aerobic
1660,91,A_LETTER,anaerobic
1661,91,A_LETTER,another
1662,91,A_LETTER,aorta
1663,91,A_LETTER,anesthesia
1664,91,A_LETTER,ample
1665,91,A_LETTER,aeroplane
1666,91,A_LETTER,aviator
1667,91,A_LETTER,ant
1668,91,A_LETTER,anthem
1669,91,A_LETTER,antigua
1670,91,A_LETTER,anus
1671,92,A_LETTER,At
1672,92,A_LETTER,all
1673,92,A_LETTER,atom
1674,92,A_LETTER,ache
1675,92,A_LETTER,ace
1676,92,A_LETTER,and
1677,92,A_LETTER,attend
1678,92,A_LETTER,attentive
1679,92,A_LETTER,annoyed
1680,92,A_LETTER,attorney
1681,92,A_LETTER,allocate
1682,92,A_LETTER,arch
1683,92,A_LETTER,allow
1684,92,A_LETTER,assist
1685,92,A_LETTER,assert
1686,92,A_LETTER,ass
1687,92,A_LETTER,asset
1688,92,A_LETTER,access
1689,92,A_LETTER,anonymous
1690,92,A_LETTER,attatch
1691,92,A_LETTER,africa
1692,92,A_LETTER,afraid
1693,93,A_LETTER,All
1694,93,A_LETTER,allow
1695,93,A_LETTER,always
1696,93,A_LETTER,almost
1697,93,A_LETTER,amost
1698,93,A_LETTER,about
1699,93,A_LETTER,adorn
1700,93,A_LETTER,again
1701,93,A_LETTER,adjacent
1702,93,A_LETTER,adjourning
1703,93,A_LETTER,allowed
1704,93,A_LETTER,around
1705,93,A_LETTER,assist
1706,93,A_LETTER,aid
1707,94,A_LETTER,Anaconda
1708,94,A_LETTER,always
1709,94,A_LETTER,and
1710,94,A_LETTER,another
1711,94,A_LETTER,ana
1712,94,A_LETTER,anabelis
1713,94,A_LETTER,account
1714,94,A_LETTER,accounts
1715,94,A_LETTER,ant
1716,94,A_LETTER,ants
1717,94,A_LETTER,away
1718,94,A_LETTER,aisle
1719,94,A_LETTER,aisles
1720,94,A_LETTER,any
1721,95,A_LETTER,Apple
1722,95,A_LETTER,about
1723,95,A_LETTER,amazing
1724,95,A_LETTER,awesome
1725,95,A_LETTER,around
1726,95,A_LETTER,annoyed
1727,95,A_LETTER,adventure
1728,95,A_LETTER,ax
1729,95,A_LETTER,animals
1730,95,A_LETTER,air
1731,95,A_LETTER,accend
1732,95,A_LETTER,addition
1733,95,A_LETTER,add
1734,96,A_LETTER,Ass
1735,96,A_LETTER,asshole
1736,96,A_LETTER,always
1737,96,A_LETTER,apathy
1738,96,A_LETTER,answer
1739,96,A_LETTER,and
1740,96,A_LETTER,a
1741,96,A_LETTER,an
1742,96,A_LETTER,abby
1743,96,A_LETTER,ant
1744,96,A_LETTER,all
1745,96,A_LETTER,altogether
1746,96,A_LETTER,although
1747,96,A_LETTER,abs
1748,96,A_LETTER,absolutely
1749,96,A_LETTER,anteater
1750,96,A_LETTER,app
1751,96,A_LETTER,apostrophe
1752,96,A_LETTER,alabama
1753,96,A_LETTER,alaska
1754,96,A_LETTER,arizona
1755,96,A_LETTER,arkansas
1756,96,A_LETTER,add
1757,96,A_LETTER,addition
1758,97,A_LETTER,Alphabet
1759,97,A_LETTER,apple
1760,97,A_LETTER,armed
1761,97,A_LETTER,arm
1762,97,A_LETTER,aestronaut
1763,97,A_LETTER,airplane
1764,97,A_LETTER,air
1765,97,A_LETTER,antartica
1766,97,A_LETTER,australia
1767,97,A_LETTER,america
1768,97,A_LETTER,angola
1769,97,A_LETTER,austria
1770,97,A_LETTER,association
1771,97,A_LETTER,associated
1772,97,A_LETTER,answer
1773,97,A_LETTER,answering
1774,97,A_LETTER,amigo
1775,97,A_LETTER,absolutely
1776,97,A_LETTER,audi
1777,97,A_LETTER,anonymous
1778,97,A_LETTER,assignment
1779,98,A_LETTER,Albany
1780,98,A_LETTER,avenue
1781,98,A_LETTER,apple
1782,98,A_LETTER,apparition
1783,98,A_LETTER,adjective
1784,98,A_LETTER,alarm
1785,98,A_LETTER,ajax
1786,98,A_LETTER,anna
1787,98,A_LETTER,addendum
1788,98,A_LETTER,ariel
1789,98,A_LETTER,aviator
1790,98,A_LETTER,aviation
1791,98,A_LETTER,animate
1792,98,A_LETTER,anime
1793,98,A_LETTER,animation
1794,98,A_LETTER,alluminum
1795,98,A_LETTER,aerospace
1796,98,A_LETTER,acost
1797,98,A_LETTER,after
1798,98,A_LETTER,at
1799,98,A_LETTER,ate
1800,98,A_LETTER,adel
1801,99,A_LETTER,Apple
1802,99,A_LETTER,about
1803,99,A_LETTER,above
1804,99,A_LETTER,acronym
1805,99,A_LETTER,accurate
1806,99,A_LETTER,actually
1807,99,A_LETTER,at
1808,99,A_LETTER,alice
1809,99,A_LETTER,alyssa
1810,99,A_LETTER,alison
1811,99,A_LETTER,ally
1812,99,A_LETTER,atmosphere
1813,99,A_LETTER,Albany
1814,99,A_LETTER,any
1815,99,A_LETTER,Anna
1816,99,A_LETTER,add
1817,99,A_LETTER,addition
1818,99,A_LETTER,additional
1819,99,A_LETTER,ants
1820,99,A_LETTER,although
1821,99,A_LETTER,associated
1822,99,A_LETTER,atlas
1823,99,A_LETTER,award
1824,99,A_LETTER,awning
1825,99,A_LETTER,awesome
1826,99,A_LETTER,alright
1827,100,A_LETTER,Adam
1828,100,A_LETTER,apple
1829,100,A_LETTER,abakua
1830,100,A_LETTER,anticipation
1831,100,A_LETTER,ant
1832,100,A_LETTER,art
1833,100,A_LETTER,animation
1834,100,A_LETTER,aristocrat
1835,100,A_LETTER,annoying
1836,100,A_LETTER,atlan
1837,100,A_LETTER,aero
1838,100,A_LETTER,Andy
1839,100,A_LETTER,alliance
1840,100,A_LETTER,atriculation
1841,100,A_LETTER,a
1842,100,A_LETTER,abakua
1843,100,A_LETTER,alliegance
1844,100,A_LETTER,abnormal
1845,100,A_LETTER,aborition
1846,101,A_LETTER,Apple
1847,101,A_LETTER,A
1848,101,A_LETTER,arrange
1849,101,A_LETTER,and
1850,101,A_LETTER,about
1851,101,A_LETTER,around
1852,101,A_LETTER,again
1853,101,A_LETTER,assault
1854,101,A_LETTER,arrange
1855,101,A_LETTER,arrest
1856,101,A_LETTER,alphabet
1857,101,A_LETTER,argon
1858,101,A_LETTER,arsenic
1859,101,A_LETTER,apoptosis
1860,101,A_LETTER,after
1861,101,A_LETTER,art
1862,101,A_LETTER,artist
1863,102,A_LETTER,All
1864,102,A_LETTER,any
1865,102,A_LETTER,amazing
1866,102,A_LETTER,amen
1867,102,A_LETTER,apple
1868,102,A_LETTER,apes
1869,102,A_LETTER,application
1870,102,A_LETTER,air
1871,102,A_LETTER,ale
1872,102,A_LETTER,aid
1873,102,A_LETTER,anon.
1874,102,A_LETTER,afraid
1875,102,A_LETTER,again
1876,102,A_LETTER,age
1877,102,A_LETTER,act
1878,102,A_LETTER,actor
1879,102,A_LETTER,anchor
1880,102,A_LETTER,ankle
1881,102,A_LETTER,angle
1882,102,A_LETTER,angel
1883,103,A_LETTER,Ape
1884,103,A_LETTER,apple
1885,103,A_LETTER,ample
1886,103,A_LETTER,arms
1887,103,A_LETTER,arm
1888,103,A_LETTER,army
1889,103,A_LETTER,antihistamine
1890,103,A_LETTER,art
1891,103,A_LETTER,author
1892,103,A_LETTER,actor
1893,103,A_LETTER,ant
1894,103,A_LETTER,aim
1895,103,A_LETTER,able
1896,103,A_LETTER,apron
1897,103,A_LETTER,asparagus
1898,103,A_LETTER,are
1899,104,A_LETTER,An
1900,104,A_LETTER,apple
1901,104,A_LETTER,ate
1902,104,A_LETTER,all
1903,104,A_LETTER,aliens
1904,104,A_LETTER,around
1905,104,A_LETTER,art
1906,104,A_LETTER,awesome
1907,104,A_LETTER,angle
1908,104,A_LETTER,acute
1909,104,A_LETTER,adjacent
1910,104,A_LETTER,and
1911,104,A_LETTER,argue
1912,104,A_LETTER,antler
1913,104,A_LETTER,always
1914,104,A_LETTER,aim
1915,104,A_LETTER,above
1916,104,A_LETTER,agressive
1917,104,A_LETTER,anvil
1918,104,A_LETTER,ancor
1919,105,A_LETTER,Apple
1920,105,A_LETTER,animal
1921,105,A_LETTER,ant
1922,105,A_LETTER,antilope
1923,105,A_LETTER,artist
1924,105,A_LETTER,art
1925,105,A_LETTER,actor
1926,105,A_LETTER,actress
1927,105,A_LETTER,aprocot
1928,105,A_LETTER,and
1929,105,A_LETTER,annomyous
1930,105,A_LETTER,angel
1931,105,A_LETTER,angle
1932,105,A_LETTER,astronut
1933,105,A_LETTER,angry
1934,105,A_LETTER,anger
1935,105,A_LETTER,antibiotics
1936,105,A_LETTER,a
1937,105,A_LETTER,alliance
1938,105,A_LETTER,Alice
1939,105,A_LETTER,answer
1940,105,A_LETTER,ask
1941,105,A_LETTER,acknowledge
1942,105,A_LETTER,awake
1943,105,A_LETTER,attitude
1944,106,A_LETTER,As
1945,106,A_LETTER,ass
1946,106,A_LETTER,asshole
1947,106,A_LETTER,agressive
1948,106,A_LETTER,agreed
1949,106,A_LETTER,anonymous
1950,106,A_LETTER,anger
1951,106,A_LETTER,an
1952,106,A_LETTER,and
1953,106,A_LETTER,are
1954,106,A_LETTER,animal
1955,106,A_LETTER,art
1956,106,A_LETTER,artist
1957,106,A_LETTER,about
1958,106,A_LETTER,angle
1959,106,A_LETTER,androgenous
1960,106,A_LETTER,always
1961,107,A_LETTER,Apple
1962,107,A_LETTER,ahead
1963,107,A_LETTER,against
1964,107,A_LETTER,appeal
1965,107,A_LETTER,arrest
1966,107,A_LETTER,around
1967,107,A_LETTER,appear
1968,107,A_LETTER,arouse/d
1969,107,A_LETTER,apply
1970,107,A_LETTER,applied
1971,107,A_LETTER,Albany
1972,107,A_LETTER,application
1973,107,A_LETTER,adhere
1974,107,A_LETTER,assume
1975,108,A_LETTER,Apple
1976,108,A_LETTER,and
1977,108,A_LETTER,adequate
1978,108,A_LETTER,angel
1979,108,A_LETTER,Ashley
1980,108,A_LETTER,Anne
1981,108,A_LETTER,an
1982,108,A_LETTER,a
1983,108,A_LETTER,about
1984,108,A_LETTER,amount
1985,108,A_LETTER,April
1986,108,A_LETTER,abundance
1987,108,A_LETTER,accord
1988,108,A_LETTER,available
1989,108,A_LETTER,availibility
1990,108,A_LETTER,adventure
1991,108,A_LETTER,aggravate
1992,108,A_LETTER,assault
1993,108,A_LETTER,answer
1994,108,A_LETTER,around
1995,108,A_LETTER,amuse
1996,108,A_LETTER,all
1997,108,A_LETTER,always
1998,109,A_LETTER,Alabaster
1999,109,A_LETTER,alphabet
2000,109,A_LETTER,Allah!
2001,109,A_LETTER,all
2002,109,A_LETTER,actuary
2003,109,A_LETTER,actually
2004,109,A_LETTER,act
2005,109,A_LETTER,are
2006,109,A_LETTER,ant
2007,109,A_LETTER,antithesis
2008,109,A_LETTER,antiqutum
2009,109,A_LETTER,antique
2010,109,A_LETTER,antiquated
2011,109,A_LETTER,ardvark
2012,109,A_LETTER,arduous
2013,109,A_LETTER,alien
2014,109,A_LETTER,alligator
2015,109,A_LETTER,arachnid
2016,109,A_LETTER,anemone
2017,109,A_LETTER,amazon
2018,109,A_LETTER,antennae
2019,109,A_LETTER,able
2020,109,A_LETTER,attic
2021,109,A_LETTER,after
2022,109,A_LETTER,a
2023,109,A_LETTER,an
2024,109,A_LETTER,attac
2025,110,A_LETTER,A
2026,110,A_LETTER,as
2027,110,A_LETTER,at
2028,110,A_LETTER,all
2029,110,A_LETTER,about
2030,110,A_LETTER,act
2031,110,A_LETTER,acting
2032,110,A_LETTER,action
2033,110,A_LETTER,announce
2034,110,A_LETTER,accustom
2035,110,A_LETTER,accomodate
2036,110,A_LETTER,affluent
2037,110,A_LETTER,active
2038,110,A_LETTER,accentuate
2039,110,A_LETTER,alter
2040,110,A_LETTER,align
2041,110,A_LETTER,abundance
2042,110,A_LETTER,attractive
2043,110,A_LETTER,attracted
2044,110,A_LETTER,attracting
2045,110,A_LETTER,arboreal
2046,110,A_LETTER,ape
2047,110,A_LETTER,aragutan
2048,111,A_LETTER,Amazing
2049,111,A_LETTER,absolutely
2050,111,A_LETTER,and
2051,111,A_LETTER,about
2052,111,A_LETTER,abrupt
2053,111,A_LETTER,all
2054,111,A_LETTER,allowance
2055,111,A_LETTER,await
2056,111,A_LETTER,atain
2057,111,A_LETTER,abi
2058,111,A_LETTER,ants
2059,111,A_LETTER,assisstant
2060,111,A_LETTER,along
2061,111,A_LETTER,around
2062,111,A_LETTER,asleep
2063,111,A_LETTER,apple
2064,111,A_LETTER,almost
2065,111,A_LETTER,admire
2066,111,A_LETTER,advance
2067,112,A_LETTER,Apple
2068,112,A_LETTER,acorn
2069,112,A_LETTER,animal
2070,112,A_LETTER,avery
2071,112,A_LETTER,apple cart
2072,112,A_LETTER,actuary
2073,112,A_LETTER,appease
2074,112,A_LETTER,appeasement
2075,112,A_LETTER,applesauce
2076,112,A_LETTER,asymmetrical
2077,112,A_LETTER,actual
2078,112,A_LETTER,abort
2079,112,A_LETTER,akin
2080,112,A_LETTER,attention
2081,112,A_LETTER,attentive
2082,112,A_LETTER,alert
2083,113,A_LETTER,Alpaca
2084,113,A_LETTER,answer
2085,113,A_LETTER,awesome
2086,113,A_LETTER,at
2087,113,A_LETTER,atlast
2088,113,A_LETTER,atleast
2089,113,A_LETTER,alphabet
2090,113,A_LETTER,amazing
2091,113,A_LETTER,aqua
2092,113,A_LETTER,Arnold
2093,113,A_LETTER,amanda
2094,113,A_LETTER,ancestry
2095,113,A_LETTER,art
2096,113,A_LETTER,artists
2097,113,A_LETTER,ant
2098,113,A_LETTER,antelope
2099,113,A_LETTER,a
2100,114,A_LETTER,Apple
2101,114,A_LETTER,air
2102,114,A_LETTER,ant
2103,114,A_LETTER,antelope
2104,114,A_LETTER,and
2105,114,A_LETTER,at
2106,114,A_LETTER,around
2107,114,A_LETTER,appalled
2108,114,A_LETTER,anglican
2109,114,A_LETTER,American
2110,114,A_LETTER,Asian
2111,114,A_LETTER,African
2112,114,A_LETTER,afro
2113,114,A_LETTER,assimilate
2114,114,A_LETTER,assault
2115,114,A_LETTER,agession
2116,114,A_LETTER,attention
2117,114,A_LETTER,above
2118,114,A_LETTER,about
2119,114,A_LETTER,airplane
2120,114,A_LETTER,airports
2121,114,A_LETTER,announce
2122,115,A_LETTER,Apple
2123,115,A_LETTER,air
2124,115,A_LETTER,accomplish
2125,115,A_LETTER,able
2126,115,A_LETTER,art
2127,115,A_LETTER,act
2128,115,A_LETTER,advertisement
2129,115,A_LETTER,adderall
2130,115,A_LETTER,acid
2131,115,A_LETTER,actually
2132,115,A_LETTER,ascend
2133,115,A_LETTER,always
2134,115,A_LETTER,allowance
2135,116,A_LETTER,Apple
2136,116,A_LETTER,ape
2137,116,A_LETTER,amputee
2138,116,A_LETTER,armidillo
2139,116,A_LETTER,appetite
2140,116,A_LETTER,apease
2141,116,A_LETTER,ate
2142,116,A_LETTER,ant
2143,116,A_LETTER,aunt
2144,116,A_LETTER,August
2145,116,A_LETTER,art
2146,116,A_LETTER,arrange
2147,116,A_LETTER,acknowlege
2148,116,A_LETTER,are
2149,116,A_LETTER,American
2150,116,A_LETTER,amazing
2151,116,A_LETTER,awesome
2152,116,A_LETTER,awe
2153,116,A_LETTER,awkward
2154,116,A_LETTER,aware
2155,117,A_LETTER,Able
2156,117,A_LETTER,affluence
2157,117,A_LETTER,affect
2158,117,A_LETTER,apple
2159,117,A_LETTER,apex
2160,117,A_LETTER,adjoin
2161,117,A_LETTER,adjective
2162,117,A_LETTER,addition
2163,117,A_LETTER,add
2164,117,A_LETTER,and
2165,117,A_LETTER,ant
2166,117,A_LETTER,annoy
2167,117,A_LETTER,allocate
2168,117,A_LETTER,adaption
2169,117,A_LETTER,adapt
2170,117,A_LETTER,adhere
2171,117,A_LETTER,ankle
2172,117,A_LETTER,axe
2173,117,A_LETTER,axle
2174,117,A_LETTER,alien
2175,117,A_LETTER,arid
2176,117,A_LETTER,acquire
2177,117,A_LETTER,a
2178,117,A_LETTER,an
2179,117,A_LETTER,above
2180,118,A_LETTER,Assumption
2181,118,A_LETTER,ass
2182,118,A_LETTER,alligator
2183,118,A_LETTER,asymptomatic
2184,118,A_LETTER,allylic
2185,118,A_LETTER,atoms
2186,118,A_LETTER,aldo
2187,118,A_LETTER,apple
2188,118,A_LETTER,asoke
2189,118,A_LETTER,animal
2190,118,A_LETTER,ally
2191,118,A_LETTER,all
2192,118,A_LETTER,acorn
2193,118,A_LETTER,a
2194,119,A_LETTER,Attention
2195,119,A_LETTER,attitude
2196,119,A_LETTER,absent
2197,119,A_LETTER,amazing
2198,119,A_LETTER,apple
2199,119,A_LETTER,above
2200,119,A_LETTER,apart
2201,119,A_LETTER,America
2202,119,A_LETTER,approve
2203,119,A_LETTER,apparent
2204,119,A_LETTER,avoidance
2205,119,A_LETTER,avoid
2206,119,A_LETTER,annoyed
2207,119,A_LETTER,anger
2208,120,A_LETTER,Alex
2209,120,A_LETTER,all
2210,120,A_LETTER,Alexis
2211,120,A_LETTER,Alexandra
2212,120,A_LETTER,Alexandria
2213,120,A_LETTER,alot
2214,120,A_LETTER,about
2215,120,A_LETTER,an
2216,120,A_LETTER,apple
2217,120,A_LETTER,ask
2218,120,A_LETTER,asking
2219,121,A_LETTER,About
2220,121,A_LETTER,abigail
2221,121,A_LETTER,ashley
2222,121,A_LETTER,at
2223,121,A_LETTER,although
2224,121,A_LETTER,always
2225,121,A_LETTER,amy
2226,121,A_LETTER,all
2227,121,A_LETTER,abstract
2228,121,A_LETTER,able
2229,121,A_LETTER,alice
2230,121,A_LETTER,aubrey
2231,121,A_LETTER,adele
2232,121,A_LETTER,ariana
2233,121,A_LETTER,alimony
2234,121,A_LETTER,ali
2235,121,A_LETTER,a
2236,122,A_LETTER,Apple
2237,122,A_LETTER,appetite
2238,122,A_LETTER,ace
2239,122,A_LETTER,angry
2240,122,A_LETTER,agitated
2241,122,A_LETTER,argue
2242,122,A_LETTER,allow
2243,122,A_LETTER,awesome
2244,122,A_LETTER,awkward
2245,122,A_LETTER,able
2246,122,A_LETTER,achieve
2247,122,A_LETTER,academics
2248,122,A_LETTER,attention
2249,122,A_LETTER,awe
2250,122,A_LETTER,arm
2251,122,A_LETTER,arrive
2252,122,A_LETTER,actually
2253,123,A_LETTER,Alphabet
2254,123,A_LETTER,all
2255,123,A_LETTER,apple
2256,123,A_LETTER,although
2257,123,A_LETTER,america
2258,123,A_LETTER,american
2259,123,A_LETTER,attorney
2260,123,A_LETTER,a
2261,123,A_LETTER,alternative
2262,123,A_LETTER,associate
2263,123,A_LETTER,according
2264,123,A_LETTER,alternate
2265,123,A_LETTER,altitude
2266,123,A_LETTER,amplitude
2267,123,A_LETTER,allusion
2268,123,A_LETTER,acquisition
2269,123,A_LETTER,alluding
2270,123,A_LETTER,alabama
2271,123,A_LETTER,alzheimers
2272,124,A_LETTER,Apple
2273,124,A_LETTER,apricot
2274,124,A_LETTER,and
2275,124,A_LETTER,action
2276,124,A_LETTER,activity
2277,124,A_LETTER,all
2278,124,A_LETTER,at
2279,124,A_LETTER,around
2280,124,A_LETTER,about
2281,124,A_LETTER,answer
2282,124,A_LETTER,adjective
2283,124,A_LETTER,active
2284,124,A_LETTER,action
2285,124,A_LETTER,air
2286,124,A_LETTER,airplane
2287,124,A_LETTER,atom
2288,124,A_LETTER,although
2289,124,A_LETTER,after
2290,124,A_LETTER,avocado
2291,124,A_LETTER,allies
2292,124,A_LETTER,america
2293,124,A_LETTER,africa
2294,124,A_LETTER,asia
2295,124,A_LETTER,antelope
2296,125,A_LETTER,And
2297,125,A_LETTER,awesome
2298,125,A_LETTER,angel
2299,125,A_LETTER,angle
2300,125,A_LETTER,awful
2301,125,A_LETTER,amazing
2302,125,A_LETTER,accelerate
2303,125,A_LETTER,abridge
2304,125,A_LETTER,apple
2305,125,A_LETTER,ace
2306,125,A_LETTER,angelic
2307,125,A_LETTER,after
2308,125,A_LETTER,afterward
2309,125,A_LETTER,accident
2310,125,A_LETTER,affluent
2311,125,A_LETTER,artist
2312,125,A_LETTER,artistry
2313,125,A_LETTER,average
2314,125,A_LETTER,addition
2315,125,A_LETTER,add
2316,125,A_LETTER,algebra
2317,125,A_LETTER,accidental
2318,125,A_LETTER,awake
2319,126,A_LETTER,Apple
2320,126,A_LETTER,appreciate
2321,126,A_LETTER,aprehensive
2322,126,A_LETTER,and
2323,126,A_LETTER,attach
2324,126,A_LETTER,adhere
2325,126,A_LETTER,admire
2326,126,A_LETTER,admiration
2327,126,A_LETTER,apply
2328,126,A_LETTER,adjacent
2329,126,A_LETTER,additional
2330,126,A_LETTER,add
2331,126,A_LETTER,armadillo
2332,126,A_LETTER,arangatang
2333,126,A_LETTER,additive
2334,127,A_LETTER,A
2335,127,A_LETTER,an
2336,127,A_LETTER,animal
2337,127,A_LETTER,anime
2338,127,A_LETTER,alphabet
2339,127,A_LETTER,alligator
2340,127,A_LETTER,at
2341,127,A_LETTER,apple
2342,127,A_LETTER,ape
2343,127,A_LETTER,aim
2344,127,A_LETTER,arrow
2345,127,A_LETTER,are
2346,127,A_LETTER,affect
2347,128,A_LETTER,Ant
2348,128,A_LETTER,ants
2349,128,A_LETTER,ask
2350,128,A_LETTER,asking
2351,128,A_LETTER,act
2352,128,A_LETTER,acting
2353,128,A_LETTER,autumn
2354,128,A_LETTER,alien
2355,128,A_LETTER,action
2356,128,A_LETTER,actions
2357,128,A_LETTER,accomplish
2358,128,A_LETTER,appreciate
2359,128,A_LETTER,answer
2360,128,A_LETTER,arm
2361,129,A_LETTER,Apple
2362,129,A_LETTER,amazing
2363,129,A_LETTER,astounded
2364,129,A_LETTER,air
2365,129,A_LETTER,and
2366,129,A_LETTER,a
2367,129,A_LETTER,antelope
2368,129,A_LETTER,ant
2369,129,A_LETTER,aunt
2370,129,A_LETTER,ally
2371,129,A_LETTER,aisle
2372,129,A_LETTER,airway
2373,129,A_LETTER,astonishing
2374,129,A_LETTER,angry
2375,129,A_LETTER,annoyed
2376,130,A_LETTER,And
2377,130,A_LETTER,air
2378,130,A_LETTER,amplifier
2379,130,A_LETTER,ant
2380,130,A_LETTER,animal
2381,130,A_LETTER,angle
2382,130,A_LETTER,apple
2383,130,A_LETTER,art
2384,130,A_LETTER,artist
2385,130,A_LETTER,actual
2386,130,A_LETTER,actually
2387,130,A_LETTER,are
2388,130,A_LETTER,affair
2389,130,A_LETTER,angry
2390,130,A_LETTER,article
2391,130,A_LETTER,average
2392,130,A_LETTER,argue
2393,130,A_LETTER,aruging
2394,131,A_LETTER,Apple
2395,131,A_LETTER,air
2396,131,A_LETTER,artist
2397,131,A_LETTER,apron
2398,131,A_LETTER,appropriate
2399,131,A_LETTER,average align
2400,131,A_LETTER,abdominal
2401,131,A_LETTER,aristocrat
2402,131,A_LETTER,animal
2403,131,A_LETTER,airplane
2404,131,A_LETTER,acropolis
2405,131,A_LETTER,abominate
2406,131,A_LETTER,astronaut
2407,132,A_LETTER,Avacado
2408,132,A_LETTER,ardvark
2409,132,A_LETTER,apple
2410,132,A_LETTER,armadillo
2411,132,A_LETTER,amphibian
2412,132,A_LETTER,ask
2413,132,A_LETTER,answer
2414,132,A_LETTER,all
2415,132,A_LETTER,always
2416,132,A_LETTER,awesome
2417,132,A_LETTER,almost
2418,132,A_LETTER,amazing
2419,132,A_LETTER,appealing
2420,132,A_LETTER,applause
2421,132,A_LETTER,application
2422,132,A_LETTER,action
2423,132,A_LETTER,absolutely
2424,132,A_LETTER,around
2425,132,A_LETTER,abide
2426,132,A_LETTER,amid
2427,132,A_LETTER,and
2428,132,A_LETTER,at
2429,133,A_LETTER,Apple
2430,133,A_LETTER,as
2431,133,A_LETTER,am
2432,133,A_LETTER,anyone
2433,133,A_LETTER,another
2434,133,A_LETTER,any
2435,133,A_LETTER,around
2436,133,A_LETTER,account
2437,133,A_LETTER,attention
2438,133,A_LETTER,attire
2439,133,A_LETTER,attend
2440,133,A_LETTER,accord
2441,133,A_LETTER,all
2442,133,A_LETTER,although
2443,133,A_LETTER,art
2444,133,A_LETTER,artwork
2445,133,A_LETTER,air
2446,133,A_LETTER,air plane
2447,133,A_LETTER,applesauce
2448,133,A_LETTER,at
2449,134,A_LETTER,Alex
2450,134,A_LETTER,apple
2451,134,A_LETTER,apply
2452,134,A_LETTER,appliance
2453,134,A_LETTER,anger
2454,134,A_LETTER,agrophobia
2455,134,A_LETTER,a
2456,134,A_LETTER,ant
2457,134,A_LETTER,atone
2458,134,A_LETTER,atonement
2459,135,A_LETTER,Ass
2460,135,A_LETTER,a
2461,135,A_LETTER,apple
2462,135,A_LETTER,air
2463,135,A_LETTER,antelope
2464,135,A_LETTER,as
2465,135,A_LETTER,at
2466,135,A_LETTER,all
2467,135,A_LETTER,able
2468,135,A_LETTER,actual
2469,135,A_LETTER,an
2470,135,A_LETTER,airplane
2471,135,A_LETTER,asshole
2472,135,A_LETTER,attainment
2473,135,A_LETTER,ability
2474,135,A_LETTER,afro
2475,136,A_LETTER,Any
2476,136,A_LETTER,army
2477,136,A_LETTER,ant
2478,136,A_LETTER,and
2479,136,A_LETTER,a
2480,136,A_LETTER,accomplish
2481,136,A_LETTER,amazing
2482,136,A_LETTER,awesome
2483,136,A_LETTER,arrogant
2484,136,A_LETTER,appendix
2485,136,A_LETTER,atrocious
2486,136,A_LETTER,attractive
2487,136,A_LETTER,attentive
2488,136,A_LETTER,anywhere
2489,136,A_LETTER,anyway
2490,136,A_LETTER,accept
2491,136,A_LETTER,acceptable
2492,137,A_LETTER,Ass
2493,137,A_LETTER,as
2494,137,A_LETTER,and
2495,137,A_LETTER,are
2496,137,A_LETTER,air
2497,137,A_LETTER,aired
2498,137,A_LETTER,assed
2499,137,A_LETTER,announce
2500,137,A_LETTER,assimilar
2501,137,A_LETTER,assemble
2502,137,A_LETTER,around
2503,137,A_LETTER,arun
2504,137,A_LETTER,all
2505,137,A_LETTER,abound
2506,137,A_LETTER,another
2507,137,A_LETTER,altogether
2508,137,A_LETTER,at
2509,137,A_LETTER,atthem
2510,137,A_LETTER,athem
2511,137,A_LETTER,athe
2512,138,A_LETTER,Alphabet
2513,138,A_LETTER,apple
2514,138,A_LETTER,appendix
2515,138,A_LETTER,ache
2516,138,A_LETTER,angle
2517,138,A_LETTER,angel
2518,138,A_LETTER,aspire
2519,138,A_LETTER,aspiration
2520,138,A_LETTER,ask
2521,138,A_LETTER,attire
2522,138,A_LETTER,aquire
2523,138,A_LETTER,appetite
2524,138,A_LETTER,appetizing
2525,138,A_LETTER,apeal
2526,138,A_LETTER,appealing
2527,138,A_LETTER,acquaitance
2528,138,A_LETTER,attention
2529,138,A_LETTER,antelope
2530,138,A_LETTER,anteater
2531,138,A_LETTER,antler
2532,138,A_LETTER,ant
2533,138,A_LETTER,astronomy
2534,138,A_LETTER,astrology
2535,139,A_LETTER,Apple
2536,139,A_LETTER,ants
2537,139,A_LETTER,albany
2538,139,A_LETTER,anthropology
2539,139,A_LETTER,antagonist
2540,139,A_LETTER,america
2541,139,A_LETTER,army
2542,139,A_LETTER,air force
2543,139,A_LETTER,amphithether
2544,139,A_LETTER,arms
2545,139,A_LETTER,act
2546,139,A_LETTER,arson
2547,140,A_LETTER,Apple
2548,140,A_LETTER,alligator
2549,140,A_LETTER,always
2550,140,A_LETTER,a
2551,140,A_LETTER,about
2552,140,A_LETTER,apricot
2553,140,A_LETTER,an
2554,140,A_LETTER,and
2555,140,A_LETTER,assymetrical
2556,140,A_LETTER,ass
2557,140,A_LETTER,aeoli
2558,140,A_LETTER,anteater
2559,140,A_LETTER,allow
2560,140,A_LETTER,abridge
2561,140,A_LETTER,act
2562,140,A_LETTER,ant
2563,140,A_LETTER,application
2564,140,A_LETTER,appetizer
2565,140,A_LETTER,actual
2566,141,A_LETTER,Apple
2567,141,A_LETTER,ant
2568,141,A_LETTER,afro
2569,141,A_LETTER,ash
2570,141,A_LETTER,animal
2571,141,A_LETTER,all
2572,141,A_LETTER,able
2573,141,A_LETTER,allow
2574,141,A_LETTER,astronaut
2575,141,A_LETTER,amazing
2576,141,A_LETTER,admire
2577,141,A_LETTER,awesome
2578,141,A_LETTER,awe
2579,141,A_LETTER,attack
2580,141,A_LETTER,awful
2581,142,A_LETTER,Anonymous
2582,142,A_LETTER,anonymously
2583,142,A_LETTER,ask
2584,142,A_LETTER,asking
2585,142,A_LETTER,all
2586,142,A_LETTER,anger
2587,142,A_LETTER,angery
2588,142,A_LETTER,anticipation
2589,142,A_LETTER,anticipating
2590,142,A_LETTER,anticipate
2591,142,A_LETTER,ant
2592,142,A_LETTER,aunt
2593,142,A_LETTER,a
2594,142,A_LETTER,an
2595,142,A_LETTER,abracadabra
2596,142,A_LETTER,acapella
2597,142,A_LETTER,after
2598,142,A_LETTER,afterthought
2599,142,A_LETTER,aforementioned
2600,142,A_LETTER,ash
2601,142,A_LETTER,asher
2602,142,A_LETTER,adjacent
2603,142,A_LETTER,all
2604,142,A_LETTER,already
2605,143,A_LETTER,Adam
2606,143,A_LETTER,apple
2607,143,A_LETTER,and
2608,143,A_LETTER,a
2609,143,A_LETTER,an
2610,143,A_LETTER,absolutely
2611,143,A_LETTER,anxious
2612,143,A_LETTER,andy
2613,143,A_LETTER,angela
2614,143,A_LETTER,april
2615,143,A_LETTER,afford
2616,143,A_LETTER,affordable
2617,143,A_LETTER,amiable
2618,143,A_LETTER,ask
2619,143,A_LETTER,asked
2620,143,A_LETTER,asking
2621,143,A_LETTER,ancestry
2622,143,A_LETTER,ancillary
2623,143,A_LETTER,auxillary
2624,143,A_LETTER,asa
2625,143,A_LETTER,anthony
2626,143,A_LETTER,antony
2627,143,A_LETTER,alexander
2628,143,A_LETTER,able bodied
2629,143,A_LETTER,able
2630,143,A_LETTER,august
2631,143,A_LETTER,assuring
2632,143,A_LETTER,ant
2633,144,A_LETTER,Absolute
2634,144,A_LETTER,all
2635,144,A_LETTER,art
2636,144,A_LETTER,artist
2637,144,A_LETTER,artistry
2638,144,A_LETTER,ambition
2639,144,A_LETTER,anemone
2640,144,A_LETTER,altruistic
2641,144,A_LETTER,absent
2642,144,A_LETTER,about
2643,145,A_LETTER,Apple
2644,145,A_LETTER,and
2645,145,A_LETTER,an
2646,145,A_LETTER,all
2647,145,A_LETTER,a
2648,145,A_LETTER,anorexia
2649,145,A_LETTER,anticipate
2650,145,A_LETTER,altogether
2651,145,A_LETTER,allison
2652,145,A_LETTER,anti
2653,145,A_LETTER,apron
2654,145,A_LETTER,almost
2655,145,A_LETTER,amphibious
2656,145,A_LETTER,ape
2657,145,A_LETTER,axe
2658,145,A_LETTER,always
2659,145,A_LETTER,animals
2660,145,A_LETTER,abbey
2661,145,A_LETTER,alive
2662,145,A_LETTER,after
2663,145,A_LETTER,antelope
2664,145,A_LETTER,ant
2665,145,A_LETTER,aunt
2666,146,A_LETTER,Apple
2667,146,A_LETTER,ape
2668,146,A_LETTER,allegator
2669,146,A_LETTER,andegesia
2670,146,A_LETTER,apricot
2671,146,A_LETTER,applesauce
2672,146,A_LETTER,activity
2673,146,A_LETTER,angel
2674,146,A_LETTER,angle
2675,146,A_LETTER,android
2676,146,A_LETTER,after
2677,146,A_LETTER,albany
2678,146,A_LETTER,albania
2679,146,A_LETTER,anger
2680,146,A_LETTER,angry
2681,146,A_LETTER,aptitude
2682,146,A_LETTER,adjourn
2683,146,A_LETTER,agreement
2684,146,A_LETTER,agree
2685,146,A_LETTER,attractive
2686,146,A_LETTER,altoid
2687,146,A_LETTER,ash tray
2688,146,A_LETTER,ash
2689,146,A_LETTER,always
2690,146,A_LETTER,also
2691,146,A_LETTER,although
2692,146,A_LETTER,apetite
2693,147,A_LETTER,Animal
2694,147,A_LETTER,and
2695,147,A_LETTER,also
2696,147,A_LETTER,although
2697,147,A_LETTER,art
2698,147,A_LETTER,arithmetic
2699,147,A_LETTER,acrobat
2700,147,A_LETTER,account
2701,147,A_LETTER,accountant
2702,147,A_LETTER,address
2703,147,A_LETTER,attorney
2704,147,A_LETTER,anatomy
2705,147,A_LETTER,another
2706,147,A_LETTER,always
2707,147,A_LETTER,able
2708,147,A_LETTER,artist
2709,148,A_LETTER,Apple
2710,148,A_LETTER,appendix
2711,148,A_LETTER,around
2712,148,A_LETTER,above
2713,148,A_LETTER,air
2714,148,A_LETTER,aerobics
2715,148,A_LETTER,arc
2716,148,A_LETTER,ark
2717,148,A_LETTER,aero
2718,148,A_LETTER,airplane
2719,148,A_LETTER,arch
2720,148,A_LETTER,arrow
2721,148,A_LETTER,alert
2722,148,A_LETTER,art
2723,148,A_LETTER,artwork
2724,148,A_LETTER,aeroplane
2725,148,A_LETTER,ache
2726,148,A_LETTER,ate
2727,148,A_LETTER,atone
2728,148,A_LETTER,attain
2729,149,A_LETTER,Apple
2730,149,A_LETTER,angry
2731,149,A_LETTER,acid
2732,149,A_LETTER,air
2733,149,A_LETTER,ask
2734,149,A_LETTER,ant
2735,149,A_LETTER,aunt
2736,149,A_LETTER,airpods
2737,149,A_LETTER,airplane
2738,149,A_LETTER,art
2739,149,A_LETTER,answer
2740,149,A_LETTER,angel
2741,149,A_LETTER,angle
2742,149,A_LETTER,artist
2743,149,A_LETTER,an
2744,149,A_LETTER,and
2745,149,A_LETTER,artistic
2746,149,A_LETTER,allowed
2747,150,A_LETTER,Answer
2748,150,A_LETTER,answer
2749,150,A_LETTER,anonymous
2750,150,A_LETTER,anon
2751,150,A_LETTER,ambiguous
2752,150,A_LETTER,alien
2753,150,A_LETTER,aliens
2754,150,A_LETTER,art
2755,150,A_LETTER,artist
2756,150,A_LETTER,ailment
2757,150,A_LETTER,apothecary
2758,150,A_LETTER,alphabet
2759,150,A_LETTER,an
2760,150,A_LETTER,as
2761,150,A_LETTER,are
2762,150,A_LETTER,ah
2763,150,A_LETTER,app
2764,150,A_LETTER,application
2765,150,A_LETTER,acronym
2766,150,A_LETTER,antagonist
2767,150,A_LETTER,antonym
2768,150,A_LETTER,ant
2769,150,A_LETTER,ants
2770,150,A_LETTER,aunts
2771,150,A_LETTER,aunt
2772,150,A_LETTER,although
2773,150,A_LETTER,along
2774,150,A_LETTER,apart
2775,150,A_LETTER,after
2776,150,A_LETTER,always
2777,150,A_LETTER,apple
2778,150,A_LETTER,android
2779,150,A_LETTER,actor
2780,150,A_LETTER,actress
2781,150,A_LETTER,anomoly
2782,151,A_LETTER,Apple
2783,151,A_LETTER,apple sauce
2784,151,A_LETTER,ace
2785,151,A_LETTER,art
2786,151,A_LETTER,alone
2787,151,A_LETTER,assault
2788,151,A_LETTER,angry
2789,151,A_LETTER,agrivated
2790,151,A_LETTER,astronomy
2791,151,A_LETTER,astrology
2792,151,A_LETTER,ape
2793,151,A_LETTER,axe
2794,151,A_LETTER,ale
2795,151,A_LETTER,age
2796,151,A_LETTER,anonamous
2797,151,A_LETTER,aid
2798,151,A_LETTER,auto
2799,152,A_LETTER,Apple
2800,152,A_LETTER,apples
2801,152,A_LETTER,august
2802,152,A_LETTER,srt
2803,152,A_LETTER,srtist
2804,152,A_LETTER,autism
2805,152,A_LETTER,autistic
2806,152,A_LETTER,altruistic
2807,152,A_LETTER,able
2808,152,A_LETTER,abled
2809,152,A_LETTER,axe
2810,152,A_LETTER,axes
2811,152,A_LETTER,alumni
2812,152,A_LETTER,alum
2813,152,A_LETTER,ally
2814,152,A_LETTER,an
2815,152,A_LETTER,app
2816,152,A_LETTER,apps
2817,152,A_LETTER,asparagus
2818,152,A_LETTER,ace
2819,152,A_LETTER,aces
2820,152,A_LETTER,aid
2821,152,A_LETTER,aids
2822,152,A_LETTER,AIDS
2823,152,A_LETTER,amiable
2824,152,A_LETTER,admirable
2825,153,A_LETTER,Ant
2826,153,A_LETTER,anthropology
2827,153,A_LETTER,ancient
2828,153,A_LETTER,aid
2829,153,A_LETTER,avert
2830,153,A_LETTER,attention
2831,153,A_LETTER,abortion
2832,153,A_LETTER,asymmetric
2833,153,A_LETTER,avoid
2834,153,A_LETTER,accept
2835,153,A_LETTER,away
2836,153,A_LETTER,always
2837,153,A_LETTER,antelope
2838,153,A_LETTER,ace
2839,153,A_LETTER,afraid
2840,153,A_LETTER,abort
2841,153,A_LETTER,ago
2842,153,A_LETTER,after
2843,153,A_LETTER,ahead
2844,153,A_LETTER,adhere
2845,153,A_LETTER,amen
2846,153,A_LETTER,approach
2847,153,A_LETTER,aroma
2848,153,A_LETTER,attend
2849,154,A_LETTER,Apple
2850,154,A_LETTER,adjacent
2851,154,A_LETTER,appear
2852,154,A_LETTER,alex
2853,154,A_LETTER,arise
2854,154,A_LETTER,apex
2855,154,A_LETTER,air
2856,154,A_LETTER,alter
2857,154,A_LETTER,altitude
2858,154,A_LETTER,affair
2859,154,A_LETTER,allieve
2860,154,A_LETTER,asexual
2861,154,A_LETTER,amass
2862,155,A_LETTER,Alphabet
2863,155,A_LETTER,aireplane
2864,155,A_LETTER,airport
2865,155,A_LETTER,air pods
2866,155,A_LETTER,air jordan
2867,155,A_LETTER,aerospace
2868,155,A_LETTER,aeronautical
2869,155,A_LETTER,astronaut
2870,155,A_LETTER,aim
2871,155,A_LETTER,alley
2872,155,A_LETTER,ally
2873,155,A_LETTER,ant
2874,155,A_LETTER,actual
2875,155,A_LETTER,also
2876,155,A_LETTER,a
2877,155,A_LETTER,an
2878,155,A_LETTER,airsoft
2879,155,A_LETTER,aspect
2880,155,A_LETTER,alleviate
2881,155,A_LETTER,adderal
2882,155,A_LETTER,actor
2883,156,A_LETTER,Apple
2884,156,A_LETTER,air
2885,156,A_LETTER,are
2886,156,A_LETTER,anna
2887,156,A_LETTER,atheist
2888,156,A_LETTER,am
2889,156,A_LETTER,at
2890,156,A_LETTER,appropriate
2891,156,A_LETTER,arch
2892,156,A_LETTER,assistant
2893,156,A_LETTER,around
2894,156,A_LETTER,approach
2895,156,A_LETTER,afar
2896,157,A_LETTER,Animal
2897,157,A_LETTER,arse
2898,157,A_LETTER,artistic
2899,157,A_LETTER,art
2900,157,A_LETTER,all
2901,157,A_LETTER,and
2902,157,A_LETTER,at
2903,157,A_LETTER,architect
2904,157,A_LETTER,ambiguous
2905,157,A_LETTER,alright
2906,157,A_LETTER,absent
2907,157,A_LETTER,attend
2908,157,A_LETTER,approach
2909,157,A_LETTER,ask
2910,157,A_LETTER,about
2911,157,A_LETTER,abrupt
2912,157,A_LETTER,absence
2913,157,A_LETTER,amoeba
2914,157,A_LETTER,adderall
2915,157,A_LETTER,attention
2916,157,A_LETTER,ant
2917,157,A_LETTER,anticipate
2918,157,A_LETTER,allow
2919,157,A_LETTER,addendum
2920,158,A_LETTER,Atomic
2921,158,A_LETTER,asphalt
2922,158,A_LETTER,air
2923,158,A_LETTER,aloud
2924,158,A_LETTER,anon
2925,158,A_LETTER,anulled
2926,158,A_LETTER,appetitte
2927,158,A_LETTER,a
2928,158,A_LETTER,after
2929,158,A_LETTER,autumn
2930,158,A_LETTER,anywhere
2931,158,A_LETTER,any
2932,158,A_LETTER,asphixiate
2933,158,A_LETTER,allured
2934,158,A_LETTER,apptitude
2935,158,A_LETTER,appointment
2936,158,A_LETTER,appreciate
2937,158,A_LETTER,appalo
2938,158,A_LETTER,adam
2939,158,A_LETTER,aaron
2940,158,A_LETTER,atilla
2941,158,A_LETTER,affro
2942,159,A_LETTER,Ass
2943,159,A_LETTER,asshole
2944,159,A_LETTER,and
2945,159,A_LETTER,another
2946,159,A_LETTER,ashlee
2947,159,A_LETTER,anna
2948,159,A_LETTER,apple
2949,159,A_LETTER,arm
2950,159,A_LETTER,armchair
2951,159,A_LETTER,across
2952,159,A_LETTER,apricot
2953,159,A_LETTER,amber
2954,159,A_LETTER,ash
2955,159,A_LETTER,ashton
2956,159,A_LETTER,ashray
2957,159,A_LETTER,any
2958,159,A_LETTER,anybody
2959,160,A_LETTER,Alaphabet
2960,160,A_LETTER,alpine
2961,160,A_LETTER,ant
2962,160,A_LETTER,aunt
2963,160,A_LETTER,alpaca
2964,160,A_LETTER,anthony
2965,160,A_LETTER,andrew
2966,160,A_LETTER,adobo
2967,160,A_LETTER,a
2968,161,A_LETTER,Apple
2969,161,A_LETTER,at
2970,161,A_LETTER,ass
2971,161,A_LETTER,ace
2972,161,A_LETTER,alphabet
2973,161,A_LETTER,ate
2974,161,A_LETTER,ale
2975,161,A_LETTER,analyze
2976,161,A_LETTER,articulate
2977,161,A_LETTER,artificial
2978,162,A_LETTER,Fod
2979,162,A_LETTER,fault
2980,162,A_LETTER,fan
2981,162,A_LETTER,fun
2982,162,A_LETTER,freak
2983,162,A_LETTER,freed
2984,162,A_LETTER,free
2985,162,A_LETTER,freeman
2986,162,A_LETTER,freedman
2987,162,A_LETTER,frank
2988,162,A_LETTER,front
2989,162,A_LETTER,fart
2990,162,A_LETTER,far
2991,162,A_LETTER,fair
2992,162,A_LETTER,from
2993,162,A_LETTER,form
2994,162,A_LETTER,fat
2995,162,A_LETTER,fatty
2996,162,A_LETTER,fault
2997,162,A_LETTER,faculty
2998,162,A_LETTER,freaby
2999,162,A_LETTER,farts
3000,162,A_LETTER,f
3001,163,A_LETTER,Adam
3002,163,A_LETTER,. Adult
3003,163,A_LETTER,all
3004,163,A_LETTER,about
3005,163,A_LETTER,appear
3006,163,A_LETTER,appease
3007,163,A_LETTER,apple
3008,163,A_LETTER,apex
3009,163,A_LETTER,affect
3010,163,A_LETTER,appal
3011,163,A_LETTER,avaian
3012,163,A_LETTER,afford
3013,163,A_LETTER,amoral
3014,163,A_LETTER,annotate
3015,163,A_LETTER,announce
3016,163,A_LETTER,adundace
3017,163,A_LETTER,angle
3018,163,A_LETTER,angel
3019,163,A_LETTER,allufe
3020,164,A_LETTER,Apple
3021,164,A_LETTER,apricot
3022,164,A_LETTER,able
3023,164,A_LETTER,ability
3024,164,A_LETTER,attic
3025,164,A_LETTER,average
3026,164,A_LETTER,andrew
3027,164,A_LETTER,and
3028,164,A_LETTER,asexual
3029,164,A_LETTER,appreciate
3030,164,A_LETTER,acorn
3031,164,A_LETTER,assume
3032,164,A_LETTER,ape
3033,164,A_LETTER,aid
3034,164,A_LETTER,animal
3035,164,A_LETTER,avalanche
3036,165,A_LETTER,Apple
3037,165,A_LETTER,as
3038,165,A_LETTER,asshole
3039,165,A_LETTER,awesome
3040,165,A_LETTER,ashore
3041,165,A_LETTER,and
3042,165,A_LETTER,ass
3043,165,A_LETTER,autistic
3044,165,A_LETTER,angst
3045,165,A_LETTER,at
3046,165,A_LETTER,aunt
3047,165,A_LETTER,awkward
3048,166,A_LETTER,Apple
3049,166,A_LETTER,applsesauce
3050,166,A_LETTER,angry
3051,166,A_LETTER,after
3052,166,A_LETTER,achievement
3053,166,A_LETTER,and
3054,166,A_LETTER,aunt
3055,166,A_LETTER,achieve
3056,166,A_LETTER,apply
3057,166,A_LETTER,ache
3058,166,A_LETTER,ability
3059,166,A_LETTER,able
3060,166,A_LETTER,appease
3061,166,A_LETTER,arch
3062,166,A_LETTER,arc
3063,166,A_LETTER,archer
3064,167,A_LETTER,Alphabet
3065,167,A_LETTER,anger
3066,167,A_LETTER,aunt
3067,167,A_LETTER,ant
3068,167,A_LETTER,apple
3069,167,A_LETTER,apricot
3070,167,A_LETTER,artificial
3071,167,A_LETTER,alpine
3072,167,A_LETTER,alien
3073,167,A_LETTER,announce
3074,167,A_LETTER,a-symmetrical
3075,167,A_LETTER,acorn
3076,167,A_LETTER,alpha
3077,167,A_LETTER,amen
3078,167,A_LETTER,aristotle
3079,167,A_LETTER,all
3080,167,A_LETTER,always
3081,168,A_LETTER,Apple
3082,168,A_LETTER,assets
3083,168,A_LETTER,arrangements
3084,168,A_LETTER,allow
3085,168,A_LETTER,attention
3086,168,A_LETTER,appearing
3087,168,A_LETTER,often
3088,168,A_LETTER,associate
3089,168,A_LETTER,another
3090,168,A_LETTER,affair
3091,168,A_LETTER,annialate
3092,168,A_LETTER,affiliation
3093,168,A_LETTER,appeal
3094,168,A_LETTER,another
3095,168,A_LETTER,accomplance
3096,168,A_LETTER,allure
3097,169,A_LETTER,And
3098,169,A_LETTER,an
3099,169,A_LETTER,amazing
3100,169,A_LETTER,angle
3101,169,A_LETTER,average
3102,169,A_LETTER,animal
3103,169,A_LETTER,analyze
3104,169,A_LETTER,art
3105,169,A_LETTER,artifact
3106,169,A_LETTER,artificial
3107,169,A_LETTER,ant
3108,169,A_LETTER,attack
3109,169,A_LETTER,airport
3110,169,A_LETTER,airplane
3111,169,A_LETTER,ancient
3112,169,A_LETTER,abnormal
3113,169,A_LETTER,according
3114,169,A_LETTER,accord. Addition
3115,169,A_LETTER,after
3116,169,A_LETTER,alone
3117,169,A_LETTER,able
3118,169,A_LETTER,acom
3119,169,A_LETTER,adore
3120,169,A_LETTER,adom
3121,169,A_LETTER,adult
3122,169,A_LETTER,afar
3123,169,A_LETTER,ax
3124,169,A_LETTER,arch
3125,169,A_LETTER,all
3126,169,A_LETTER,allussion
3127,170,A_LETTER,Animal
3128,170,A_LETTER,angry
3129,170,A_LETTER,anal
3130,170,A_LETTER,astrology
3131,170,A_LETTER,apple
3132,170,A_LETTER,apricot
3133,170,A_LETTER,am
3134,170,A_LETTER,astronaut
3135,170,A_LETTER,alien
3136,170,A_LETTER,area
3137,170,A_LETTER,attend
3138,170,A_LETTER,acupuncture
3139,170,A_LETTER,acute
3140,170,A_LETTER,ape
3141,170,A_LETTER,australia
3142,170,A_LETTER,africa
3143,170,A_LETTER,america
3144,170,A_LETTER,arizona.
3145,171,A_LETTER,Abel
3146,171,A_LETTER,able
3147,171,A_LETTER,apple
3148,171,A_LETTER,ant
3149,171,A_LETTER,aunt
3150,171,A_LETTER,amanda
3151,171,A_LETTER,anna
3152,171,A_LETTER,amber
3153,171,A_LETTER,anticipate
3154,171,A_LETTER,anticipated
3155,171,A_LETTER,anticipating
3156,171,A_LETTER,apprentice
3157,171,A_LETTER,application
3158,171,A_LETTER,applying
3159,171,A_LETTER,ancy
3160,171,A_LETTER,adam
3161,172,A_LETTER,Apple
3162,172,A_LETTER,appear
3163,172,A_LETTER,apex
3164,172,A_LETTER,appendix
3165,172,A_LETTER,apply
3166,172,A_LETTER,accept
3167,172,A_LETTER,ache
3168,172,A_LETTER,abs
3169,172,A_LETTER,anchor
3170,172,A_LETTER,after
3171,172,A_LETTER,acura
3172,172,A_LETTER,audi
3173,172,A_LETTER,audio
3174,172,A_LETTER,a
3175,172,A_LETTER,above
3176,172,A_LETTER,an
3177,172,A_LETTER,and
3178,172,A_LETTER,applicant
3179,172,A_LETTER,amazing
3180,172,A_LETTER,asprin
3181,172,A_LETTER,amount
3182,172,A_LETTER,almond
3183,173,A_LETTER,A
3184,173,A_LETTER,an
3185,173,A_LETTER,ane
3186,173,A_LETTER,all
3187,173,A_LETTER,and
3188,173,A_LETTER,although
3189,173,A_LETTER,apple
3190,173,A_LETTER,apple tree
3191,173,A_LETTER,althrough
3192,173,A_LETTER,act
3193,173,A_LETTER,actually
3194,173,A_LETTER,actor
3195,173,A_LETTER,all together
3196,173,A_LETTER,altogether
3197,173,A_LETTER,abridge
3198,173,A_LETTER,aniuxe
3199,173,A_LETTER,animal
3200,173,A_LETTER,anal
3201,173,A_LETTER,annually
3202,173,A_LETTER,annual
3203,173,A_LETTER,apuriter
3204,173,A_LETTER,alot
3205,173,A_LETTER,allitter
3206,173,A_LETTER,appreciate
3207,173,A_LETTER,albany
3208,173,A_LETTER,awesome
3209,173,A_LETTER,above
3210,173,A_LETTER,accompany
3211,174,A_LETTER,Apple
3212,174,A_LETTER,ass
3213,174,A_LETTER,asshole
3214,174,A_LETTER,angry
3215,174,A_LETTER,armour
3216,174,A_LETTER,ache
3217,174,A_LETTER,ask
3218,174,A_LETTER,alot
3219,174,A_LETTER,a
3220,174,A_LETTER,afar
3221,174,A_LETTER,after
3222,174,A_LETTER,apricot
3223,174,A_LETTER,along
3224,174,A_LETTER,amour
3225,174,A_LETTER,against
3226,174,A_LETTER,august
3227,174,A_LETTER,arm
3228,174,A_LETTER,armpit
3229,174,A_LETTER,airplane
3230,174,A_LETTER,air
3231,174,A_LETTER,airgun
3232,174,A_LETTER,agog
3233,174,A_LETTER,amazed
3234,174,A_LETTER,aghast
3235,174,A_LETTER,afright
3236,174,A_LETTER,awed
3237,174,A_LETTER,awesome
3238,175,A_LETTER,Apple
3239,175,A_LETTER,amends
3240,175,A_LETTER,at
3241,175,A_LETTER,all
3242,175,A_LETTER,above
3243,175,A_LETTER,alamony
3244,175,A_LETTER,alabama
3245,175,A_LETTER,arkansas
3246,175,A_LETTER,apricot
3247,175,A_LETTER,approve
3248,175,A_LETTER,appear
3249,175,A_LETTER,altitude
3250,176,A_LETTER,Air
3251,176,A_LETTER,ate
3252,176,A_LETTER,airplane
3253,176,A_LETTER,aim
3254,176,A_LETTER,american
3255,176,A_LETTER,away
3256,176,A_LETTER,area
3257,176,A_LETTER,also
3258,176,A_LETTER,art
3259,176,A_LETTER,an
3260,176,A_LETTER,ake
3261,176,A_LETTER,at
3262,176,A_LETTER,are
3263,176,A_LETTER,another
3264,176,A_LETTER,almost
3265,176,A_LETTER,all
3266,177,A_LETTER,Apples
3267,177,A_LETTER,appauled
3268,177,A_LETTER,aloud
3269,177,A_LETTER,allowed
3270,177,A_LETTER,amazing
3271,177,A_LETTER,ambitious
3272,177,A_LETTER,angle
3273,177,A_LETTER,angel
3274,177,A_LETTER,apparently
3275,177,A_LETTER,awesome
3276,177,A_LETTER,around
3277,177,A_LETTER,applouse
3278,177,A_LETTER,announce
3279,177,A_LETTER,antisipate a (did not finish word)
3280,178,A_LETTER,Awesome
3281,178,A_LETTER,answer
3282,178,A_LETTER,answers
3283,178,A_LETTER,ant
3284,178,A_LETTER,aunt
3285,178,A_LETTER,aunts
3286,178,A_LETTER,ants
3287,178,A_LETTER,anteater
3288,178,A_LETTER,amazing
3289,178,A_LETTER,allegedly
3290,178,A_LETTER,art
3291,178,A_LETTER,artsy
3292,178,A_LETTER,atist
3293,178,A_LETTER,anthropologist
3294,178,A_LETTER,anthropology
3295,178,A_LETTER,and
3296,178,A_LETTER,a
3297,178,A_LETTER,arithmetic
3298,178,A_LETTER,always
3299,178,A_LETTER,apple
3300,178,A_LETTER,apples
3301,178,A_LETTER,angle
3302,178,A_LETTER,angles
3303,178,A_LETTER,angry
3304,178,A_LETTER,ally
3305,178,A_LETTER,allies
3306,178,A_LETTER,apricot
3307,178,A_LETTER,artichoke
3308,178,A_LETTER,ambitious
3309,178,A_LETTER,ambiguous
3310,178,A_LETTER,always
3311,179,A_LETTER,Apocalypse
3312,179,A_LETTER,apple
3313,179,A_LETTER,age
3314,179,A_LETTER,ant
3315,179,A_LETTER,aim
3316,179,A_LETTER,all
3317,179,A_LETTER,although
3318,179,A_LETTER,attack
3319,179,A_LETTER,ashore
3320,179,A_LETTER,ape
3321,179,A_LETTER,adulthood
3322,179,A_LETTER,adultm acid
3323,179,A_LETTER,acidic
3324,179,A_LETTER,ash
3325,179,A_LETTER,acorn
3326,179,A_LETTER,aluminum
3327,179,A_LETTER,anal
3328,179,A_LETTER,altogether
3329,179,A_LETTER,ap
3330,180,A_LETTER,Apple
3331,180,A_LETTER,anonymous
3332,180,A_LETTER,although
3333,180,A_LETTER,allow
3334,180,A_LETTER,all
3335,180,A_LETTER,apricot
3336,180,A_LETTER,animal
3337,180,A_LETTER,arm
3338,180,A_LETTER,area
3339,180,A_LETTER,attach
3340,180,A_LETTER,ate
3341,180,A_LETTER,armor
3342,180,A_LETTER,alternative
3343,180,A_LETTER,attentive
3344,180,A_LETTER,attention
3345,181,A_LETTER,Airplane
3346,181,A_LETTER,animal
3347,181,A_LETTER,ant
3348,181,A_LETTER,anthropology
3349,181,A_LETTER,analogy
3350,181,A_LETTER,actor
3351,181,A_LETTER,actress
3352,181,A_LETTER,ask
3353,181,A_LETTER,attention
3354,181,A_LETTER,atrocious
3355,181,A_LETTER,apology
3356,181,A_LETTER,amphibian
3357,181,A_LETTER,apple
3358,181,A_LETTER,a (did not finish word)
3359,182,A_LETTER,Apple
3360,182,A_LETTER,amazing
3361,182,A_LETTER,air
3362,182,A_LETTER,airplane
3363,182,A_LETTER,android
3364,182,A_LETTER,ace
3365,182,A_LETTER,aid
3366,182,A_LETTER,alligator
3367,182,A_LETTER,aim
3368,182,A_LETTER,aerospace
3369,182,A_LETTER,antenna
3370,182,A_LETTER,antarctica
3371,182,A_LETTER,africa
3372,182,A_LETTER,asia
3373,182,A_LETTER,america
3374,182,A_LETTER,allow
3375,182,A_LETTER,annoy
3376,182,A_LETTER,agree
3377,182,A_LETTER,affirm
3378,183,A_LETTER,And
3379,183,A_LETTER,all
3380,183,A_LETTER,alpha
3381,183,A_LETTER,animal
3382,183,A_LETTER,albany
3383,183,A_LETTER,alaska
3384,183,A_LETTER,acorn
3385,183,A_LETTER,at
3386,183,A_LETTER,a
3387,183,A_LETTER,after
3388,183,A_LETTER,agree
3389,183,A_LETTER,above
3390,183,A_LETTER,addition
3391,183,A_LETTER,any
3392,183,A_LETTER,about
3393,183,A_LETTER,ana
3394,183,A_LETTER,also
3395,184,A_LETTER,Account
3396,184,A_LETTER,accountant
3397,184,A_LETTER,award
3398,184,A_LETTER,american
3399,184,A_LETTER,austrila
3400,184,A_LETTER,antartica
3401,184,A_LETTER,all
3402,184,A_LETTER,apendex
3403,184,A_LETTER,african
3404,184,A_LETTER,according
3405,184,A_LETTER,accomedation
3406,185,A_LETTER,Art
3407,185,A_LETTER,ant
3408,185,A_LETTER,ate
3409,185,A_LETTER,argue
3410,185,A_LETTER,amazing
3411,185,A_LETTER,ambicious
3412,185,A_LETTER,age
3413,185,A_LETTER,aging
3414,185,A_LETTER,angle
3415,185,A_LETTER,angel
3416,185,A_LETTER,alone
3417,185,A_LETTER,all
3418,185,A_LETTER,abe
3419,185,A_LETTER,able
3420,185,A_LETTER,abs
3421,185,A_LETTER,apple
3422,185,A_LETTER,ace
3423,185,A_LETTER,add
3424,185,A_LETTER,am
3425,185,A_LETTER,an
3426,185,A_LETTER,and
3427,186,A_LETTER,Apple
3428,186,A_LETTER,able
3429,186,A_LETTER,ample
3430,186,A_LETTER,angry
3431,186,A_LETTER,another
3432,186,A_LETTER,alphabet
3433,186,A_LETTER,automobile
3434,186,A_LETTER,apron
3435,186,A_LETTER,application
3436,186,A_LETTER,applicator
3437,186,A_LETTER,app
3438,186,A_LETTER,appitizer
3439,187,A_LETTER,Attic
3440,187,A_LETTER,attack
3441,187,A_LETTER,adamant
3442,187,A_LETTER,away
3443,187,A_LETTER,also
3444,187,A_LETTER,and
3445,187,A_LETTER,addition
3446,187,A_LETTER,adjustment
3447,187,A_LETTER,against
3448,187,A_LETTER,aggravate
3449,187,A_LETTER,angry
3450,187,A_LETTER,always
3451,187,A_LETTER,ate
3452,187,A_LETTER,attribution
3453,187,A_LETTER,attend
3454,187,A_LETTER,artist
3455,187,A_LETTER,act
3456,187,A_LETTER,attorney
3457,187,A_LETTER,alternative
3458,188,A_LETTER,Alien
3459,188,A_LETTER,alligator
3460,188,A_LETTER,abset
3461,188,A_LETTER,Albany
3462,188,A_LETTER,albanian
3463,188,A_LETTER,ass
3464,188,A_LETTER,as
3465,188,A_LETTER,Alex
3466,188,A_LETTER,axe
3467,188,A_LETTER,ace
3468,188,A_LETTER,all
3469,188,A_LETTER,Abraham
3470,188,A_LETTER,Abs
3471,189,A_LETTER,Awesome
3472,189,A_LETTER,awful
3473,189,A_LETTER,ancient
3474,189,A_LETTER,allow
3475,189,A_LETTER,attention
3476,189,A_LETTER,amazing
3477,189,A_LETTER,awful
3478,189,A_LETTER,awe
3479,189,A_LETTER,alien
3480,189,A_LETTER,ask
3481,189,A_LETTER,acknowledge
3482,189,A_LETTER,ammend
3483,189,A_LETTER,appreciate
3484,189,A_LETTER,as
3485,189,A_LETTER,are
3486,189,A_LETTER,able
3487,189,A_LETTER,ample
3488,189,A_LETTER,apply
3489,189,A_LETTER,application
3490,189,A_LETTER,applicant
3491,189,A_LETTER,arrest
3492,189,A_LETTER,attest
3493,189,A_LETTER,accept
3494,189,A_LETTER,also
3495,189,A_LETTER,answer
3496,190,A_LETTER,Alphabet
3497,190,A_LETTER,action
3498,190,A_LETTER,age
3499,190,A_LETTER,apple
3500,190,A_LETTER,amazon
3501,190,A_LETTER,act
3502,190,A_LETTER,about
3503,190,A_LETTER,a
3504,190,A_LETTER,arm
3505,190,A_LETTER,after
3506,190,A_LETTER,at
3507,190,A_LETTER,alot
3508,191,A_LETTER,Animal
3509,191,A_LETTER,ant
3510,191,A_LETTER,anteater
3511,191,A_LETTER,apple
3512,191,A_LETTER,applesauce
3513,191,A_LETTER,awesome
3514,191,A_LETTER,amazing
3515,191,A_LETTER,amateur
3516,191,A_LETTER,astonished
3517,191,A_LETTER,aardvark
3518,191,A_LETTER,at
3519,191,A_LETTER,all
3520,191,A_LETTER,ace
3521,191,A_LETTER,ale
3522,191,A_LETTER,aim
3523,191,A_LETTER,amazed
3524,191,A_LETTER,ailment
3525,191,A_LETTER,airplane
3526,191,A_LETTER,amonia
3527,191,A_LETTER,advertise
3528,192,A_LETTER,Apple
3529,192,A_LETTER,ace
3530,192,A_LETTER,aceteimpateine
3531,192,A_LETTER,aint
3532,192,A_LETTER,ant
3533,192,A_LETTER,at
3534,192,A_LETTER,and
3535,192,A_LETTER,an
3536,192,A_LETTER,allowed
3537,192,A_LETTER,allow
3538,192,A_LETTER,accept
3539,192,A_LETTER,accepted
3540,192,A_LETTER,after
3541,192,A_LETTER,announce
3542,193,A_LETTER,Apple
3543,193,A_LETTER,ask
3544,193,A_LETTER,art
3545,193,A_LETTER,artist
3546,193,A_LETTER,artic
3547,193,A_LETTER,able
3548,193,A_LETTER,angle
3549,193,A_LETTER,all
3550,193,A_LETTER,angel
3551,193,A_LETTER,all
3552,193,A_LETTER,alternatively
3553,193,A_LETTER,asking
3554,193,A_LETTER,attitude
3555,193,A_LETTER,abnormal
3556,194,A_LETTER,Absent
3557,194,A_LETTER,always
3558,194,A_LETTER,address
3559,194,A_LETTER,architecture
3560,194,A_LETTER,assume
3561,194,A_LETTER,alternate
3562,194,A_LETTER,axe
3563,194,A_LETTER,alter
3564,194,A_LETTER,awesome
3565,194,A_LETTER,amazing
3566,194,A_LETTER,all
3567,194,A_LETTER,acrobat
3568,194,A_LETTER,at
3569,194,A_LETTER,ape
3570,194,A_LETTER,able
3571,194,A_LETTER,as
3572,195,A_LETTER,Apple
3573,195,A_LETTER,are
3574,195,A_LETTER,apricot
3575,195,A_LETTER,animal
3576,195,A_LETTER,Africa
3577,195,A_LETTER,America
3578,195,A_LETTER,Asia
3579,195,A_LETTER,Antartica
3580,195,A_LETTER,Antlantic
3581,195,A_LETTER,anniversary
3582,195,A_LETTER,ant
3583,195,A_LETTER,aunt
3584,195,A_LETTER,after
3585,195,A_LETTER,and
3586,196,A_LETTER,Animal
3587,196,A_LETTER,Alabama
3588,196,A_LETTER,Africa
3589,196,A_LETTER,America
3590,196,A_LETTER,apple
3591,196,A_LETTER,avocado
3592,196,A_LETTER,anaconda
3593,196,A_LETTER,aunt
3594,196,A_LETTER,ant
3595,196,A_LETTER,artic
3596,196,A_LETTER,Antarctica
3597,196,A_LETTER,amazing
3598,196,A_LETTER,adolescent
3599,196,A_LETTER,adult
3600,196,A_LETTER,adolescence
3601,196,A_LETTER,article
3602,196,A_LETTER,assignment
3603,196,A_LETTER,anull
3604,196,A_LETTER,anullment
3605,196,A_LETTER,and
3606,197,A_LETTER,Apple
3607,197,A_LETTER,Arkansas
3608,197,A_LETTER,Alaska
3609,197,A_LETTER,Albany
3610,197,A_LETTER,antelope
3611,197,A_LETTER,ant
3612,197,A_LETTER,argyle
3613,197,A_LETTER,against
3614,197,A_LETTER,aardvark
3615,197,A_LETTER,arch
3616,197,A_LETTER,antagonist
3617,197,A_LETTER,art
3618,197,A_LETTER,all
3619,197,A_LETTER,alphabet
3620,197,A_LETTER,and
3621,198,A_LETTER,Apple
3622,198,A_LETTER,Algeria
3623,198,A_LETTER,Albany
3624,198,A_LETTER,Alabama
3625,198,A_LETTER,alas
3626,198,A_LETTER,a
3627,198,A_LETTER,antithesis
3628,198,A_LETTER,antihero
3629,198,A_LETTER,ant
3630,198,A_LETTER,aunt
3631,198,A_LETTER,applause
3632,198,A_LETTER,appropos
3633,198,A_LETTER,age
3634,198,A_LETTER,area
3635,198,A_LETTER,Azerbejan
3636,198,A_LETTER,Arabian
3637,198,A_LETTER,allowance
3638,198,A_LETTER,allowed
3639,198,A_LETTER,allocated
3640,198,A_LETTER,art
3641,198,A_LETTER,artistry
3642,198,A_LETTER,averse
3643,198,A_LETTER,aversion
3644,198,A_LETTER,aroma
3645,198,A_LETTER,aromatic
3646,199,A_LETTER,Apple
3647,199,A_LETTER,amazing
3648,199,A_LETTER,anchor
3649,199,A_LETTER,ailment
3650,199,A_LETTER,ache
3651,199,A_LETTER,are
3652,199,A_LETTER,actual
3653,199,A_LETTER,actually
3654,199,A_LETTER,ape
3655,199,A_LETTER,arm
3656,199,A_LETTER,arrange
3657,199,A_LETTER,arbor
3658,199,A_LETTER,aron
3659,199,A_LETTER,art
3660,199,A_LETTER,attribute
3661,199,A_LETTER,an
3662,199,A_LETTER,ace
3663,199,A_LETTER,ankle
3664,199,A_LETTER,aspire
3665,199,A_LETTER,arc
3666,199,A_LETTER,acne
3667,199,A_LETTER,ale
3668,199,A_LETTER,aid
3669,199,A_LETTER,anguish
3670,199,A_LETTER,allow
3671,200,A_LETTER,Angel
3672,200,A_LETTER,and
3673,200,A_LETTER,aardvark
3674,200,A_LETTER,advance
3675,200,A_LETTER,acid
3676,200,A_LETTER,anti
3677,200,A_LETTER,ants
3678,200,A_LETTER,anteater
3679,200,A_LETTER,ask
3680,200,A_LETTER,accord
3681,200,A_LETTER,armeggedon
3682,200,A_LETTER,art
3683,200,A_LETTER,artist
3684,200,A_LETTER,artistic
3685,200,A_LETTER,animal
3686,200,A_LETTER,animalistic
3687,200,A_LETTER,appointment
3688,200,A_LETTER,alchemy
3689,200,A_LETTER,aunt
3690,200,A_LETTER,amazing
3691,200,A_LETTER,ardent
3692,200,A_LETTER,ass
3693,200,A_LETTER,answer
3694,200,A_LETTER,autobiography
3695,200,A_LETTER,amicable
3696,200,A_LETTER,aggressive
3697,201,A_LETTER,Apple
3698,201,A_LETTER,angle
3699,201,A_LETTER,angel
3700,201,A_LETTER,arrive
3701,201,A_LETTER,answer
3702,201,A_LETTER,agree
3703,201,A_LETTER,agreement
3704,201,A_LETTER,argument
3705,201,A_LETTER,application
3706,201,A_LETTER,apply
3707,201,A_LETTER,angry
3708,201,A_LETTER,awesome
3709,201,A_LETTER,annoy
3710,201,A_LETTER,aggrivate
3711,201,A_LETTER,age
3712,201,A_LETTER,alliance
3713,201,A_LETTER,ally
3714,201,A_LETTER,acute
3715,201,A_LETTER,action
3716,201,A_LETTER,active
3717,201,A_LETTER,activate
3718,201,A_LETTER,audio
3719,201,A_LETTER,audition
3720,201,A_LETTER,audit
3721,202,A_LETTER,Ass
3722,202,A_LETTER,asshole
3723,202,A_LETTER,apple
3724,202,A_LETTER,apricot
3725,202,A_LETTER,airport
3726,202,A_LETTER,autism
3727,202,A_LETTER,auto
3728,202,A_LETTER,automobile
3729,202,A_LETTER,acorn
3730,202,A_LETTER,art
3731,202,A_LETTER,asthma
3732,202,A_LETTER,ash
3733,202,A_LETTER,am
3734,202,A_LETTER,arm
3735,202,A_LETTER,army
3736,202,A_LETTER,aristocrats
3737,202,A_LETTER,artisans
3738,202,A_LETTER,armory
3739,202,A_LETTER,asmr
3740,202,A_LETTER,athlete
3741,202,A_LETTER,alabama
3742,202,A_LETTER,atlanta
3743,202,A_LETTER,atlantis
3744,202,A_LETTER,ant
3745,202,A_LETTER,s aunts
3746,202,A_LETTER,alarms
3747,202,A_LETTER,aurbys
3748,203,A_LETTER,Are
3749,203,A_LETTER,and
3750,203,A_LETTER,ambiale
3751,203,A_LETTER,art
3752,203,A_LETTER,angry
3753,203,A_LETTER,ambitious
3754,203,A_LETTER,asshole
3755,203,A_LETTER,also
3756,203,A_LETTER,always
3757,203,A_LETTER,after
3758,203,A_LETTER,artist
3759,203,A_LETTER,artistic
3760,203,A_LETTER,anything
3761,203,A_LETTER,able
3762,203,A_LETTER,abis
3763,203,A_LETTER,agitated
3764,203,A_LETTER,agravated
3765,204,A_LETTER,Apple
3766,204,A_LETTER,arm
3767,204,A_LETTER,argument
3768,204,A_LETTER,angry
3769,204,A_LETTER,aristocrat
3770,204,A_LETTER,anyway
3771,204,A_LETTER,assiliation
3772,204,A_LETTER,anicle
3773,204,A_LETTER,angle
3774,204,A_LETTER,arise
3775,204,A_LETTER,amount
3776,204,A_LETTER,agriculture
3777,204,A_LETTER,architecture
3778,204,A_LETTER,artery
3779,204,A_LETTER,aside
3780,204,A_LETTER,argo
3781,204,A_LETTER,arismethic
3782,204,A_LETTER,attractive
3783,205,A_LETTER,Apple
3784,205,A_LETTER,alligator
3785,205,A_LETTER,also
3786,205,A_LETTER,able
3787,205,A_LETTER,a
3788,205,A_LETTER,adjective
3789,205,A_LETTER,appreciate
3790,205,A_LETTER,appetite
3791,205,A_LETTER,and
3792,205,A_LETTER,attitude
3793,205,A_LETTER,Albany
3794,206,A_LETTER,Apple ass
3795,206,A_LETTER,astonishing
3796,206,A_LETTER,astrinaunt
3797,206,A_LETTER,aggravation
3798,206,A_LETTER,aggravated
3799,206,A_LETTER,and
3800,206,A_LETTER,angel
3801,206,A_LETTER,angle
3802,206,A_LETTER,astronomy
3803,206,A_LETTER,astrophysics
3804,206,A_LETTER,annoying
3805,206,A_LETTER,astined
3806,206,A_LETTER,asteam
3807,207,A_LETTER,Apple
3808,207,A_LETTER,association
3809,207,A_LETTER,axe
3810,207,A_LETTER,anger
3811,207,A_LETTER,adopt
3812,207,A_LETTER,always
3813,207,A_LETTER,all
3814,207,A_LETTER,act
3815,207,A_LETTER,action
3816,207,A_LETTER,actor
3817,207,A_LETTER,average
3818,207,A_LETTER,ant
3819,207,A_LETTER,anchor
3820,207,A_LETTER,altruism
3821,207,A_LETTER,attend
3822,207,A_LETTER,attendance
3823,207,A_LETTER,answer
3824,207,A_LETTER,and
3825,207,A_LETTER,attack
3826,207,A_LETTER,assymetry
3827,207,A_LETTER,as
3828,207,A_LETTER,ass
3829,207,A_LETTER,assault
3830,207,A_LETTER,antique
3831,207,A_LETTER,affirm
3832,207,A_LETTER,anchovies
3833,207,A_LETTER,alt
3834,208,A_LETTER,Animal
3835,208,A_LETTER,animosity
3836,208,A_LETTER,ark
3837,208,A_LETTER,arch
3838,208,A_LETTER,aspen
3839,208,A_LETTER,asrkansas
3840,208,A_LETTER,and
3841,208,A_LETTER,above
3842,208,A_LETTER,at
3843,208,A_LETTER,am
3844,208,A_LETTER,apple
3845,208,A_LETTER,anaconda
3846,208,A_LETTER,amanda
3847,208,A_LETTER,asap
3848,208,A_LETTER,able
3849,208,A_LETTER,abnormal
3850,208,A_LETTER,asexual
3851,208,A_LETTER,audi
3852,209,A_LETTER,And
3853,209,A_LETTER,a
3854,209,A_LETTER,ambition
3855,209,A_LETTER,ambitious
3856,209,A_LETTER,ambidexturous
3857,209,A_LETTER,arson
3858,209,A_LETTER,arsenal
3859,209,A_LETTER,all
3860,209,A_LETTER,alphabet
3861,209,A_LETTER,act
3862,209,A_LETTER,acted
3863,209,A_LETTER,awesome
3864,209,A_LETTER,awkward
3865,209,A_LETTER,although
3866,209,A_LETTER,alltogether
3867,209,A_LETTER,aforementioned
3868,209,A_LETTER,adolescent
3869,209,A_LETTER,acid
3870,209,A_LETTER,also
3871,209,A_LETTER,at
3872,209,A_LETTER,attack
3873,209,A_LETTER,attacked
3874,209,A_LETTER,about
3875,209,A_LETTER,above
3876,209,A_LETTER,across
3877,209,A_LETTER,after
3878,209,A_LETTER,against
3879,210,A_LETTER,Anaconda
3880,210,A_LETTER,asparagus
3881,210,A_LETTER,assume
3882,210,A_LETTER,as
3883,210,A_LETTER,a**hole
3884,210,A_LETTER,a**
3885,210,A_LETTER,anal
3886,210,A_LETTER,asymptomatic
3887,210,A_LETTER,asymetrical
3888,210,A_LETTER,analyze
3889,210,A_LETTER,assumption
3890,210,A_LETTER,all
3891,210,A_LETTER,although
3892,210,A_LETTER,alter
3893,210,A_LETTER,allow
3894,210,A_LETTER,available
3895,210,A_LETTER,await
3896,210,A_LETTER,acclimate
3897,210,A_LETTER,avail
3898,210,A_LETTER,alive
3899,210,A_LETTER,aloof
3900,211,A_LETTER,Apple
3901,211,A_LETTER,ape
3902,211,A_LETTER,appeal
3903,211,A_LETTER,applaud
3904,211,A_LETTER,ace
3905,211,A_LETTER,aunt
3906,211,A_LETTER,ally
3907,211,A_LETTER,athiest
3908,211,A_LETTER,aim
3909,211,A_LETTER,anxiety
3910,211,A_LETTER,adrenaline
3911,211,A_LETTER,afferent
3912,211,A_LETTER,affluent
3913,211,A_LETTER,art
3914,211,A_LETTER,artist
3915,211,A_LETTER,anterior
3916,211,A_LETTER,allocate
3917,211,A_LETTER,allow
3918,211,A_LETTER,allowance
3919,212,A_LETTER,All
3920,212,A_LETTER,at
3921,212,A_LETTER,ant
3922,212,A_LETTER,alligator
3923,212,A_LETTER,and
3924,212,A_LETTER,are
3925,212,A_LETTER,area
3926,212,A_LETTER,arrange
3927,212,A_LETTER,anger
3928,212,A_LETTER,angry
3929,212,A_LETTER,answer
3930,212,A_LETTER,around
3931,212,A_LETTER,alternate
3932,212,A_LETTER,altercate
3933,212,A_LETTER,altercation
3934,212,A_LETTER,alphabet
3935,212,A_LETTER,alien
3936,212,A_LETTER,along
3937,212,A_LETTER,ankle
3938,212,A_LETTER,amule
3939,212,A_LETTER,amulet
3940,212,A_LETTER,amount
3941,212,A_LETTER,among
3942,212,A_LETTER,ample
3943,212,A_LETTER,arm
3944,212,A_LETTER,armpit angle
3945,213,A_LETTER,Apple
3946,213,A_LETTER,always
3947,213,A_LETTER,and
3948,213,A_LETTER,airy
3949,213,A_LETTER,alliteration
3950,213,A_LETTER,assonansce
3951,213,A_LETTER,argue
3952,213,A_LETTER,ask
3953,213,A_LETTER,answer
3954,213,A_LETTER,all
3955,213,A_LETTER,around
3956,213,A_LETTER,alphabet
3957,213,A_LETTER,astronaut
3958,213,A_LETTER,ax
3959,213,A_LETTER,aggrivate
3960,213,A_LETTER,angry
3961,214,A_LETTER,Ashley
3962,214,A_LETTER,aston
3963,214,A_LETTER,apple
3964,214,A_LETTER,alternate
3965,214,A_LETTER,artist
3966,214,A_LETTER,arm
3967,214,A_LETTER,anti
3968,214,A_LETTER,ants
3969,214,A_LETTER,articulate
3970,214,A_LETTER,article
3971,214,A_LETTER,anchovee
3972,214,A_LETTER,arden
3973,214,A_LETTER,archer
3974,214,A_LETTER,arrow
3975,214,A_LETTER,animated
3976,214,A_LETTER,anime
3977,214,A_LETTER,animal
3978,214,A_LETTER,anna
3979,214,A_LETTER,anabel
3980,214,A_LETTER,axe
3981,214,A_LETTER,accident
3982,215,A_LETTER,Alliance
3983,215,A_LETTER,alley
3984,215,A_LETTER,ailment
3985,215,A_LETTER,allow
3986,215,A_LETTER,age
3987,215,A_LETTER,ableism
3988,215,A_LETTER,africa
3989,215,A_LETTER,america
3990,215,A_LETTER,apple
3991,215,A_LETTER,s axe
3992,215,A_LETTER,asset
3993,215,A_LETTER,assist
3994,215,A_LETTER,air
3995,215,A_LETTER,argue
3996,215,A_LETTER,attend
3997,215,A_LETTER,attendance
3998,215,A_LETTER,access
3999,215,A_LETTER,accessible
4000,215,A_LETTER,about
4001,215,A_LETTER,adapt
4002,215,A_LETTER,acting
4003,216,A_LETTER,Area
4004,216,A_LETTER,allen
4005,216,A_LETTER,alliance
4006,216,A_LETTER,all
4007,216,A_LETTER,amazing
4008,216,A_LETTER,asteric
4009,216,A_LETTER,allieviate
4010,216,A_LETTER,american
4011,216,A_LETTER,alabama
4012,216,A_LETTER,austria
4013,216,A_LETTER,arlington
4014,216,A_LETTER,arm
4015,216,A_LETTER,apple
4016,216,A_LETTER,ape
4017,216,A_LETTER,ate
4018,216,A_LETTER,abe
4019,216,A_LETTER,arkansas
4020,216,A_LETTER,asia
4021,217,A_LETTER,Amanda
4022,217,A_LETTER,a
4023,217,A_LETTER,always
4024,217,A_LETTER,ask
4025,217,A_LETTER,and
4026,217,A_LETTER,alaska
4027,217,A_LETTER,anaionda
4028,217,A_LETTER,antartica
4029,217,A_LETTER,anna
4030,217,A_LETTER,astounishing
4031,217,A_LETTER,astound
4032,217,A_LETTER,amazed
4033,217,A_LETTER,alex
4034,217,A_LETTER,anapasta
4035,217,A_LETTER,arkansa
4036,217,A_LETTER,australlia
4037,217,A_LETTER,africa
4038,217,A_LETTER,asia
4039,217,A_LETTER,as
4040,217,A_LETTER,anthony
4041,218,A_LETTER,Andrea
4042,218,A_LETTER,apple
4043,218,A_LETTER,air
4044,218,A_LETTER,airsoft
4045,218,A_LETTER,armor
4046,218,A_LETTER,arm
4047,218,A_LETTER,apricot
4048,218,A_LETTER,aggressive
4049,218,A_LETTER,almost
4050,218,A_LETTER,allot
4051,218,A_LETTER,and
4052,218,A_LETTER,although
4053,218,A_LETTER,ant
4054,218,A_LETTER,antler
4055,218,A_LETTER,airplane
4056,218,A_LETTER,arrow
4057,218,A_LETTER,add
4058,218,A_LETTER,addiction
4059,218,A_LETTER,alcohol
4060,218,A_LETTER,arm
4061,218,A_LETTER,army
4062,219,A_LETTER,Apple
4063,219,A_LETTER,aunt
4064,219,A_LETTER,approach
4065,219,A_LETTER,air
4066,219,A_LETTER,airplane
4067,219,A_LETTER,airplanes
4068,219,A_LETTER,ash
4069,219,A_LETTER,ashes
4070,219,A_LETTER,accommodate
4071,219,A_LETTER,address
4072,219,A_LETTER,apprehend
4073,219,A_LETTER,android
4074,219,A_LETTER,app
4075,219,A_LETTER,ant
4076,219,A_LETTER,aglet
4077,219,A_LETTER,antelope
4078,219,A_LETTER,angel
4079,219,A_LETTER,angels
4080,219,A_LETTER,angles
4081,219,A_LETTER,angry
4082,219,A_LETTER,arrow
4083,219,A_LETTER,arrows
4084,219,A_LETTER,annonymous
4085,220,A_LETTER,Ant
4086,220,A_LETTER,and
4087,220,A_LETTER,animal
4088,220,A_LETTER,annonymus
4089,220,A_LETTER,ambigus
4090,220,A_LETTER,analigy
4091,220,A_LETTER,analyse
4092,220,A_LETTER,anal
4093,220,A_LETTER,aluminum
4094,220,A_LETTER,advanced
4095,220,A_LETTER,avalanche
4096,220,A_LETTER,avocado
4097,220,A_LETTER,anchovies
4098,221,A_LETTER,Amber
4099,221,A_LETTER,ally
4100,221,A_LETTER,aunt
4101,221,A_LETTER,arch
4102,221,A_LETTER,archery
4103,221,A_LETTER,arsenal
4104,221,A_LETTER,armory
4105,221,A_LETTER,arm
4106,221,A_LETTER,archive
4107,221,A_LETTER,alliance
4108,221,A_LETTER,apple
4109,221,A_LETTER,aim
4110,221,A_LETTER,appreciate
4111,221,A_LETTER,appeal
4112,221,A_LETTER,artist
4113,221,A_LETTER,and
4114,221,A_LETTER,as
4115,221,A_LETTER,a
4116,221,A_LETTER,affirmative
4117,221,A_LETTER,action
4118,221,A_LETTER,active
4119,221,A_LETTER,amazing
4120,221,A_LETTER,aspire
4121,221,A_LETTER,aspiration
4122,221,A_LETTER,attire
4123,221,A_LETTER,attitude
4124,221,A_LETTER,appearance
4125,222,A_LETTER,Apple
4126,222,A_LETTER,act
4127,222,A_LETTER,ass
4128,222,A_LETTER,asshole
4129,222,A_LETTER,ambivalent
4130,222,A_LETTER,allow
4131,222,A_LETTER,anxious
4132,222,A_LETTER,anxiety
4133,222,A_LETTER,anger
4134,222,A_LETTER,anger
4135,222,A_LETTER,angst
4136,222,A_LETTER,ant
4137,222,A_LETTER,arm
4138,222,A_LETTER,all
4139,222,A_LETTER,am
4140,222,A_LETTER,ankle
4141,222,A_LETTER,air
4142,222,A_LETTER,airpod
4143,222,A_LETTER,airplane
4144,222,A_LETTER,also
4145,222,A_LETTER,art
4146,222,A_LETTER,artsy
4147,222,A_LETTER,are
4148,222,A_LETTER,aim
4149,222,A_LETTER,arrow
4150,222,A_LETTER,amrose
4151,222,A_LETTER,able
4152,222,A_LETTER,application
4153,223,A_LETTER,Art
4154,223,A_LETTER,apple
4155,223,A_LETTER,anxiety
4156,223,A_LETTER,angry
4157,223,A_LETTER,alphabet
4158,223,A_LETTER,an
4159,223,A_LETTER,a
4160,223,A_LETTER,and
4161,223,A_LETTER,answer
4162,223,A_LETTER,ask
4163,223,A_LETTER,artistic
4164,223,A_LETTER,anger
4165,223,A_LETTER,axe
4166,223,A_LETTER,axle
4167,223,A_LETTER,appropriate
4168,223,A_LETTER,ancient
4169,223,A_LETTER,author
4170,223,A_LETTER,alabama
4171,223,A_LETTER,arkansas
4172,223,A_LETTER,alaska
4173,223,A_LETTER,arizona
4174,223,A_LETTER,ally
4175,223,A_LETTER,about
4176,224,A_LETTER,Animals
4177,224,A_LETTER,anime
4178,224,A_LETTER,amend
4179,224,A_LETTER,asset
4180,224,A_LETTER,aim
4181,224,A_LETTER,act
4182,224,A_LETTER,allie
4183,224,A_LETTER,allegedly
4184,224,A_LETTER,allow
4185,224,A_LETTER,actor
4186,224,A_LETTER,ace
4187,224,A_LETTER,align
4188,224,A_LETTER,apply
4189,224,A_LETTER,also
4190,224,A_LETTER,as
4191,224,A_LETTER,arrange
4192,224,A_LETTER,attribute
4193,225,A_LETTER,Able
4194,225,A_LETTER,attribute
4195,225,A_LETTER,attitude
4196,225,A_LETTER,alternative
4197,225,A_LETTER,asl
4198,225,A_LETTER,any
4199,225,A_LETTER,ant
4200,225,A_LETTER,aunt
4201,225,A_LETTER,ability
4202,225,A_LETTER,anti
4203,225,A_LETTER,availability
4204,225,A_LETTER,asking
4205,226,A_LETTER,Apple
4206,226,A_LETTER,ace
4207,226,A_LETTER,arm
4208,226,A_LETTER,aim
4209,226,A_LETTER,about
4210,226,A_LETTER,abovel
4211,226,A_LETTER,artist
4212,226,A_LETTER,arcitecture
4213,226,A_LETTER,all
4214,226,A_LETTER,argue
4215,226,A_LETTER,aptitude
4216,226,A_LETTER,and
4217,226,A_LETTER,air
4218,226,A_LETTER,accurate
4219,226,A_LETTER,atitude
4220,226,A_LETTER,attention
4221,226,A_LETTER,act
4222,226,A_LETTER,agree
4223,226,A_LETTER,allowed
4224,227,A_LETTER,Alphabet
4225,227,A_LETTER,amazing
4226,227,A_LETTER,amanda
4227,227,A_LETTER,avalanche
4228,227,A_LETTER,anonymous
4229,227,A_LETTER,at
4230,227,A_LETTER,an
4231,227,A_LETTER,are
4232,227,A_LETTER,as
4233,227,A_LETTER,ass
4234,227,A_LETTER,ash
4235,227,A_LETTER,ashes
4236,227,A_LETTER,ashy
4237,227,A_LETTER,alive
4238,227,A_LETTER,around
4239,227,A_LETTER,afraid
4240,227,A_LETTER,absolute
4241,227,A_LETTER,amazed
4242,227,A_LETTER,art
4243,227,A_LETTER,artist
4244,227,A_LETTER,alone
4245,227,A_LETTER,apple
4246,227,A_LETTER,arch
4247,227,A_LETTER,arc
4248,227,A_LETTER,absent
4249,227,A_LETTER,absence
4250,227,A_LETTER,ask
4251,227,A_LETTER,asked
4252,227,A_LETTER,any
4253,227,A_LETTER,agree
4254,227,A_LETTER,ace
4255,227,A_LETTER,aces
4256,227,A_LETTER,angry
4257,227,A_LETTER,atrophy
4258,228,A_LETTER,Apple
4259,228,A_LETTER,android
4260,228,A_LETTER,ant
4261,228,A_LETTER,antenna
4262,228,A_LETTER,allergy
4263,228,A_LETTER,allergic
4264,228,A_LETTER,ace
4265,228,A_LETTER,are
4266,228,A_LETTER,arent
4267,228,A_LETTER,able
4268,228,A_LETTER,allow
4269,228,A_LETTER,allowed
4270,228,A_LETTER,avenue
4271,228,A_LETTER,all
4272,228,A_LETTER,avocado
4273,228,A_LETTER,advent
4274,228,A_LETTER,april
4275,228,A_LETTER,avid
4276,228,A_LETTER,alter
4277,228,A_LETTER,altered
4278,228,A_LETTER,altering
4279,228,A_LETTER,ask
4280,228,A_LETTER,asked
4281,228,A_LETTER,asking
4282,228,A_LETTER,alternate
4283,228,A_LETTER,alternative
4284,228,A_LETTER,act
4285,228,A_LETTER,actor
4286,228,A_LETTER,actress
4287,228,A_LETTER,application
4288,229,A_LETTER,Apple
4289,229,A_LETTER,apartment
4290,229,A_LETTER,able
4291,229,A_LETTER,airplane
4292,229,A_LETTER,air
4293,229,A_LETTER,aim
4294,229,A_LETTER,alien
4295,229,A_LETTER,are
4296,229,A_LETTER,art
4297,229,A_LETTER,all
4298,229,A_LETTER,album
4299,229,A_LETTER,always
4300,229,A_LETTER,anger
4301,229,A_LETTER,and
4302,229,A_LETTER,age
4303,229,A_LETTER,appropriate
4304,229,A_LETTER,animal
4305,229,A_LETTER,ate
4306,229,A_LETTER,acre
4307,229,A_LETTER,ancient
4308,230,A_LETTER,Alphabet
4309,230,A_LETTER,alpha
4310,230,A_LETTER,ape
4311,230,A_LETTER,are
4312,230,A_LETTER,and
4313,230,A_LETTER,adverse
4314,230,A_LETTER,adversary
4315,230,A_LETTER,anniversary
4316,230,A_LETTER,articulate
4317,230,A_LETTER,ask
4318,230,A_LETTER,answer
4319,230,A_LETTER,anonymous
4320,230,A_LETTER,android
4321,230,A_LETTER,ant
4322,230,A_LETTER,anthropology
4323,230,A_LETTER,astrology
4324,230,A_LETTER,astronomical
4325,230,A_LETTER,anticipate
4326,230,A_LETTER,anger
4327,230,A_LETTER,advertise
4328,231,A_LETTER,Alphabet
4329,231,A_LETTER,always
4330,231,A_LETTER,almost
4331,231,A_LETTER,are
4332,231,A_LETTER,apple
4333,231,A_LETTER,amazing
4334,231,A_LETTER,actually
4335,231,A_LETTER,air
4336,231,A_LETTER,airy
4337,231,A_LETTER,ape
4338,231,A_LETTER,a
4339,231,A_LETTER,an
4340,231,A_LETTER,apparently
4341,231,A_LETTER,applied
4342,231,A_LETTER,apply
4343,232,A_LETTER,Adam
4344,232,A_LETTER,anthony
4345,232,A_LETTER,apple
4346,232,A_LETTER,and
4347,232,A_LETTER,an
4348,232,A_LETTER,annie
4349,232,A_LETTER,audio
4350,232,A_LETTER,auto
4351,232,A_LETTER,automobile
4352,232,A_LETTER,automatic
4353,232,A_LETTER,autum
4354,232,A_LETTER,april
4355,232,A_LETTER,amy
4356,232,A_LETTER,asperger
4357,232,A_LETTER,autism
4358,232,A_LETTER,anxiety
4359,232,A_LETTER,ankle
4360,232,A_LETTER,android
4361,232,A_LETTER,andrew
4362,232,A_LETTER,astro
4363,232,A_LETTER,acorns
4364,232,A_LETTER,ant
4365,232,A_LETTER,animal
4366,232,A_LETTER,anteater
4367,233,A_LETTER,Angle
4368,233,A_LETTER,angel
4369,233,A_LETTER,anami
4370,233,A_LETTER,annoying
4371,233,A_LETTER,animal
4372,233,A_LETTER,anticipate
4373,233,A_LETTER,acrobat
4374,233,A_LETTER,arobic
4375,233,A_LETTER,arts
4376,233,A_LETTER,antilop
4377,233,A_LETTER,angry
4378,233,A_LETTER,answer
4379,233,A_LETTER,artic
4380,233,A_LETTER,apple
4381,233,A_LETTER,august
4382,233,A_LETTER,april
4383,233,A_LETTER,artichoke
4384,233,A_LETTER,anomoly
4385,233,A_LETTER,alphabet
4386,233,A_LETTER,aim
4387,233,A_LETTER,ancent
4388,233,A_LETTER,alot
4389,234,A_LETTER,Apple
4390,234,A_LETTER,and
4391,234,A_LETTER,atom
4392,234,A_LETTER,atomic
4393,234,A_LETTER,atrocious
4394,234,A_LETTER,anatomy
4395,234,A_LETTER,also
4396,234,A_LETTER,although
4397,234,A_LETTER,another
4398,234,A_LETTER,angle
4399,234,A_LETTER,angel
4400,234,A_LETTER,act
4401,234,A_LETTER,actor
4402,234,A_LETTER,ask
4403,234,A_LETTER,are
4404,234,A_LETTER,arc
4405,234,A_LETTER,architecture
4406,234,A_LETTER,arrange
4407,234,A_LETTER,allow
4408,234,A_LETTER,able
4409,234,A_LETTER,as
4410,235,A_LETTER,Alligator
4411,235,A_LETTER,all
4412,235,A_LETTER,apple
4413,235,A_LETTER,arm
4414,235,A_LETTER,acrobat
4415,235,A_LETTER,able
4416,235,A_LETTER,animal
4417,235,A_LETTER,aspect
4418,235,A_LETTER,another
4419,235,A_LETTER,any
4420,235,A_LETTER,anything
4421,235,A_LETTER,after
4422,235,A_LETTER,accident
4423,235,A_LETTER,albany
4424,235,A_LETTER,associated
4425,235,A_LETTER,associate
4426,235,A_LETTER,antibody
4427,236,A_LETTER,Ass
4428,236,A_LETTER,apple
4429,236,A_LETTER,air
4430,236,A_LETTER,autobus
4431,236,A_LETTER,autoerotic
4432,236,A_LETTER,acronym
4433,236,A_LETTER,ask
4434,236,A_LETTER,at
4435,236,A_LETTER,available
4436,236,A_LETTER,attention
4437,236,A_LETTER,allll
4438,236,A_LETTER,aston
4439,236,A_LETTER,austin
4440,236,A_LETTER,ate
4441,236,A_LETTER,aight
4442,237,A_LETTER,Awesome
4443,237,A_LETTER,aware
4444,237,A_LETTER,asshole
4445,237,A_LETTER,arizona
4446,237,A_LETTER,apple
4447,237,A_LETTER,apex
4448,237,A_LETTER,alaska
4449,237,A_LETTER,air
4450,237,A_LETTER,above
4451,237,A_LETTER,affair
4452,237,A_LETTER,anger
4453,237,A_LETTER,angry
4454,237,A_LETTER,ate
4455,237,A_LETTER,attack
4456,237,A_LETTER,alumni
4457,237,A_LETTER,albany
4458,237,A_LETTER,align
4459,237,A_LETTER,access
4460,238,A_LETTER,Alpha
4461,238,A_LETTER,ascertain
4462,238,A_LETTER,apple
4463,238,A_LETTER,and
4464,238,A_LETTER,apply
4465,238,A_LETTER,aorta
4466,238,A_LETTER,attain
4467,238,A_LETTER,air
4468,238,A_LETTER,are
4469,238,A_LETTER,assault
4470,238,A_LETTER,anyeurism
4471,238,A_LETTER,awful
4472,238,A_LETTER,awe
4473,238,A_LETTER,always
4474,238,A_LETTER,all
4475,238,A_LETTER,anyway
4476,239,A_LETTER,Amazing
4477,239,A_LETTER,apple
4478,239,A_LETTER,appraise
4479,239,A_LETTER,apart
4480,239,A_LETTER,apparent
4481,239,A_LETTER,attitude
4482,239,A_LETTER,an
4483,239,A_LETTER,arch
4484,239,A_LETTER,aggressive
4485,239,A_LETTER,annoying
4486,239,A_LETTER,aggitated
4487,239,A_LETTER,always
4488,239,A_LETTER,align
4489,239,A_LETTER,anyway
4490,239,A_LETTER,again
4491,239,A_LETTER,alien
4492,240,A_LETTER,Apple
4493,240,A_LETTER,air
4494,240,A_LETTER,angle
4495,240,A_LETTER,alien
4496,240,A_LETTER,apricot
4497,240,A_LETTER,amazon
4498,240,A_LETTER,all
4499,240,A_LETTER,ankle
4500,240,A_LETTER,alliance
4501,240,A_LETTER,asia
4502,240,A_LETTER,australia
4503,240,A_LETTER,america
4504,240,A_LETTER,ally
4505,240,A_LETTER,alot
4506,240,A_LETTER,attention
4507,241,A_LETTER,Abstinence
4508,241,A_LETTER,anorexic
4509,241,A_LETTER,apple
4510,241,A_LETTER,applesauce
4511,241,A_LETTER,alligator
4512,241,A_LETTER,agitated
4513,241,A_LETTER,aggressive
4514,241,A_LETTER,annoying
4515,241,A_LETTER,arguing
4516,241,A_LETTER,arguable
4517,241,A_LETTER,asterik
4518,241,A_LETTER,acorn
4519,241,A_LETTER,argumentative
4520,241,A_LETTER,alout
4521,242,A_LETTER,Apple
4522,242,A_LETTER,animal
4523,242,A_LETTER,alien
4524,242,A_LETTER,ant
4525,242,A_LETTER,art
4526,242,A_LETTER,artist
4527,242,A_LETTER,analysis
4528,242,A_LETTER,analyze
4529,242,A_LETTER,anal
4530,242,A_LETTER,and
4531,242,A_LETTER,aardvark
4532,242,A_LETTER,anteater
4533,242,A_LETTER,army
4534,242,A_LETTER,arm
4535,242,A_LETTER,acorn
4536,242,A_LETTER,alienate
4537,242,A_LETTER,alive
4538,242,A_LETTER,alias
4539,243,A_LETTER,Apple
4540,243,A_LETTER,animal
4541,243,A_LETTER,and
4542,243,A_LETTER,amaze
4543,243,A_LETTER,amazing
4544,243,A_LETTER,amanda
4545,243,A_LETTER,ashlee
4546,243,A_LETTER,ashley
4547,243,A_LETTER,author
4548,243,A_LETTER,alexz
4549,243,A_LETTER,athletic
4550,243,A_LETTER,able
4551,243,A_LETTER,act
4552,243,A_LETTER,avtor
4553,243,A_LETTER,alot
4554,243,A_LETTER,aspargus
4555,244,A_LETTER,Autumn
4556,244,A_LETTER,awesome
4557,244,A_LETTER,all
4558,244,A_LETTER,ailment
4559,244,A_LETTER,alibaster
4560,244,A_LETTER,autonomy
4561,244,A_LETTER,autonomous
4562,244,A_LETTER,anatomy
4563,244,A_LETTER,atomic
4564,244,A_LETTER,atom
4565,244,A_LETTER,abcess
4566,244,A_LETTER,acrue
4567,244,A_LETTER,accredit
4568,244,A_LETTER,acquire
4569,244,A_LETTER,affect
4570,244,A_LETTER,apple
4571,244,A_LETTER,annoying
4572,244,A_LETTER,annoy
4573,244,A_LETTER,annoyance
4574,244,A_LETTER,amazing
4575,244,A_LETTER,abnormal
4576,245,A_LETTER,Applesauce
4577,245,A_LETTER,apple
4578,245,A_LETTER,africa
4579,245,A_LETTER,america
4580,245,A_LETTER,alphabet
4581,245,A_LETTER,ass
4582,245,A_LETTER,arctic
4583,245,A_LETTER,all
4584,245,A_LETTER,anybody
4585,245,A_LETTER,anywhere
4586,245,A_LETTER,angst
4587,245,A_LETTER,anguish
4588,245,A_LETTER,anger
4589,245,A_LETTER,art
4590,245,A_LETTER,architect
4591,245,A_LETTER,archive
4592,245,A_LETTER,arc
4593,245,A_LETTER,assimilate
4594,245,A_LETTER,assess
4595,245,A_LETTER,anthropology
4596,245,A_LETTER,artist
4597,245,A_LETTER,anteater
4598,245,A_LETTER,antelope
4599,245,A_LETTER,ant
4600,246,A_LETTER,At
4601,246,A_LETTER,ant
4602,246,A_LETTER,and
4603,246,A_LETTER,andrew
4604,246,A_LETTER,act
4605,246,A_LETTER,america
4606,246,A_LETTER,antartica
4607,246,A_LETTER,atleast
4608,246,A_LETTER,abtain
4609,246,A_LETTER,actor
4610,246,A_LETTER,actress
4611,246,A_LETTER,aquire
4612,246,A_LETTER,animal
4613,246,A_LETTER,anphibian
4614,246,A_LETTER,accord
4615,246,A_LETTER,accordion
4616,246,A_LETTER,ask
4617,247,A_LETTER,Apple
4618,247,A_LETTER,air
4619,247,A_LETTER,airplane
4620,247,A_LETTER,alien
4621,247,A_LETTER,adam
4622,247,A_LETTER,arman
4623,247,A_LETTER,are
4624,247,A_LETTER,act
4625,247,A_LETTER,ace
4626,247,A_LETTER,aero
4627,247,A_LETTER,arrow
4628,247,A_LETTER,ant
4629,247,A_LETTER,anteater
4630,247,A_LETTER,ardvark
4631,247,A_LETTER,ancram
4632,247,A_LETTER,acid
4633,247,A_LETTER,appricott
4634,248,A_LETTER,Apple
4635,248,A_LETTER,appropriate
4636,248,A_LETTER,appreciate
4637,248,A_LETTER,approximately
4638,248,A_LETTER,aardvark
4639,248,A_LETTER,around
4640,248,A_LETTER,allow
4641,248,A_LETTER,aloud
4642,248,A_LETTER,all
4643,248,A_LETTER,appendix
4644,248,A_LETTER,abstract
4645,248,A_LETTER,art
4646,248,A_LETTER,amazing
4647,248,A_LETTER,amatuer
4648,248,A_LETTER,association
4649,248,A_LETTER,athlete
4650,248,A_LETTER,athletic
4651,249,A_LETTER,Apple
4652,249,A_LETTER,astrology
4653,249,A_LETTER,adele
4654,249,A_LETTER,application
4655,249,A_LETTER,apreciate
4656,249,A_LETTER,awesome
4657,249,A_LETTER,amazing
4658,249,A_LETTER,astounding
4659,249,A_LETTER,asian
4660,250,A_LETTER,Anna
4661,250,A_LETTER,asshole
4662,250,A_LETTER,ass
4663,250,A_LETTER,actually
4664,250,A_LETTER,aquarium
4665,250,A_LETTER,anal
4666,250,A_LETTER,after
4667,250,A_LETTER,afford
4668,250,A_LETTER,apple
4669,250,A_LETTER,astute
4670,250,A_LETTER,afluent
4671,250,A_LETTER,add
4672,250,A_LETTER,ad
4673,250,A_LETTER,ask
4674,250,A_LETTER,asking
4675,250,A_LETTER,asked
4676,250,A_LETTER,advent
4677,250,A_LETTER,ash
4678,250,A_LETTER,all
4679,250,A_LETTER,armadillo
4680,250,A_LETTER,anteater
4681,250,A_LETTER,ant
4682,250,A_LETTER,aunt
4683,251,A_LETTER,Apple
4684,251,A_LETTER,army
4685,251,A_LETTER,arm
4686,251,A_LETTER,able
4687,251,A_LETTER,act
4688,251,A_LETTER,actor
4689,251,A_LETTER,actress
4690,251,A_LETTER,assign
4691,251,A_LETTER,assignment
4692,251,A_LETTER,a
4693,251,A_LETTER,as
4694,251,A_LETTER,an
4695,251,A_LETTER,assault
4696,251,A_LETTER,astro
4697,252,A_LETTER,Apple
4698,252,A_LETTER,aware
4699,252,A_LETTER,awareness
4700,252,A_LETTER,astounding
4701,252,A_LETTER,astrology
4702,252,A_LETTER,amazing
4703,252,A_LETTER,ass
4704,252,A_LETTER,asshole
4705,252,A_LETTER,arganoil
4706,252,A_LETTER,artihemitic
4707,252,A_LETTER,arrithus
4708,252,A_LETTER,appendix
4709,252,A_LETTER,accounting
4710,252,A_LETTER,accountant
4711,252,A_LETTER,academics
4712,252,A_LETTER,amazing
4713,252,A_LETTER,awesome
4714,252,A_LETTER,allright
4715,252,A_LETTER,allow
4716,252,A_LETTER,also
4717,252,A_LETTER,and
4718,253,A_LETTER,Axe
4719,253,A_LETTER,apple
4720,253,A_LETTER,ape
4721,253,A_LETTER,alligator
4722,253,A_LETTER,adam
4723,253,A_LETTER,amsterdam
4724,253,A_LETTER,austria
4725,253,A_LETTER,austin
4726,253,A_LETTER,alex
4727,253,A_LETTER,australia
4728,253,A_LETTER,africa
4729,253,A_LETTER,asia
4730,253,A_LETTER,america
4731,253,A_LETTER,ant
4732,253,A_LETTER,anteater
4733,253,A_LETTER,alien
4734,253,A_LETTER,angle
4735,253,A_LETTER,ally
4736,253,A_LETTER,alley
4737,253,A_LETTER,air
4738,253,A_LETTER,angry
4739,253,A_LETTER,aim
4740,254,A_LETTER,Apple
4741,254,A_LETTER,arrow
4742,254,A_LETTER,aloe
4743,254,A_LETTER,am
4744,254,A_LETTER,are
4745,254,A_LETTER,all
4746,254,A_LETTER,anal
4747,254,A_LETTER,ape
4748,254,A_LETTER,ant
4749,254,A_LETTER,antelope
4750,254,A_LETTER,alex
4751,254,A_LETTER,altercation
4752,254,A_LETTER,alternative
4753,254,A_LETTER,average
4754,254,A_LETTER,ache
4755,254,A_LETTER,app
4756,254,A_LETTER,aid
4757,254,A_LETTER,allow
4758,254,A_LETTER,act
4759,254,A_LETTER,assume
4760,254,A_LETTER,acedemic
4761,255,A_LETTER,Apple
4762,255,A_LETTER,acorn
4763,255,A_LETTER,archery
4764,255,A_LETTER,acres
4765,255,A_LETTER,almost
4766,255,A_LETTER,amazing
4767,255,A_LETTER,apps
4768,255,A_LETTER,aim
4769,255,A_LETTER,art
4770,256,A_LETTER,Ate
4771,256,A_LETTER,anthropology
4772,256,A_LETTER,argument
4773,256,A_LETTER,antecedent
4774,256,A_LETTER,auto
4775,256,A_LETTER,alive
4776,256,A_LETTER,animal
4777,256,A_LETTER,actual
4778,256,A_LETTER,american
4779,256,A_LETTER,america
4780,256,A_LETTER,a
4781,256,A_LETTER,an
4782,256,A_LETTER,apple
4783,256,A_LETTER,abduction
4784,256,A_LETTER,automobile
4785,256,A_LETTER,action
4786,256,A_LETTER,assistant
4787,256,A_LETTER,african
4788,256,A_LETTER,asian
4789,257,A_LETTER,Apple
4790,257,A_LETTER,able
4791,257,A_LETTER,any
4792,257,A_LETTER,alright
4793,257,A_LETTER,answer
4794,257,A_LETTER,aim
4795,257,A_LETTER,an
4796,257,A_LETTER,animal
4797,257,A_LETTER,alphabet
4798,257,A_LETTER,aloe
4799,257,A_LETTER,also
4800,257,A_LETTER,although
4801,257,A_LETTER,as
4802,257,A_LETTER,awhile
4803,257,A_LETTER,along
4804,257,A_LETTER,above
4805,257,A_LETTER,alto
4806,257,A_LETTER,at
4807,257,A_LETTER,attribute
4808,257,A_LETTER,accredited
4809,257,A_LETTER,amount
4810,257,A_LETTER,ape
4811,258,A_LETTER,All
4812,258,A_LETTER,alternate
4813,258,A_LETTER,apple
4814,258,A_LETTER,awesome
4815,258,A_LETTER,amazing
4816,258,A_LETTER,amazon
4817,258,A_LETTER,angel
4818,258,A_LETTER,answer
4819,258,A_LETTER,antenna
4820,258,A_LETTER,ask
4821,258,A_LETTER,always
4822,258,A_LETTER,ash
4823,258,A_LETTER,antique
4824,258,A_LETTER,allegory
4825,258,A_LETTER,ancient
4826,258,A_LETTER,america
4827,258,A_LETTER,actual
4828,258,A_LETTER,accredited
4829,258,A_LETTER,ants
4830,258,A_LETTER,amphibean
4831,258,A_LETTER,also
4832,258,A_LETTER,after
4833,258,A_LETTER,and
4834,259,A_LETTER,A
4835,259,A_LETTER,apple
4836,259,A_LETTER,aardvark
4837,259,A_LETTER,arithmatic
4838,259,A_LETTER,ass
4839,259,A_LETTER,assume
4840,259,A_LETTER,after
4841,259,A_LETTER,ask
4842,259,A_LETTER,anagram
4843,259,A_LETTER,appetite
4844,259,A_LETTER,aggregate
4845,259,A_LETTER,aggrivate
4846,259,A_LETTER,agriculture
4847,259,A_LETTER,ample
4848,259,A_LETTER,amicable
4849,259,A_LETTER,affluent
4850,260,A_LETTER,Apple
4851,260,A_LETTER,amaze
4852,260,A_LETTER,amazing
4853,260,A_LETTER,amazon
4854,260,A_LETTER,apricot
4855,260,A_LETTER,azalea
4856,260,A_LETTER,any
4857,260,A_LETTER,anybody
4858,260,A_LETTER,anyone
4859,260,A_LETTER,anywhere
4860,260,A_LETTER,alone
4861,260,A_LETTER,annoyed
4862,260,A_LETTER,amazed
4863,260,A_LETTER,allowed
4864,260,A_LETTER,after
4865,260,A_LETTER,along
4866,260,A_LETTER,ant
4867,260,A_LETTER,ant-eater
4868,260,A_LETTER,albany
4869,260,A_LETTER,across
4870,260,A_LETTER,aristocrat
4871,261,A_LETTER,Apple
4872,261,A_LETTER,actual
4873,261,A_LETTER,ant
4874,261,A_LETTER,aunt
4875,261,A_LETTER,antimony
4876,261,A_LETTER,ascend
4877,261,A_LETTER,ascension
4878,261,A_LETTER,affirm
4879,261,A_LETTER,affirmative
4880,261,A_LETTER,assassination
4881,261,A_LETTER,assassinate
4882,261,A_LETTER,amber
4883,261,A_LETTER,axe
4884,261,A_LETTER,and
4885,261,A_LETTER,ample
4886,261,A_LETTER,affluent
4887,261,A_LETTER,anxious
4888,261,A_LETTER,anxiety
4889,261,A_LETTER,ancient
4890,262,A_LETTER,Apple
4891,262,A_LETTER,ape
4892,262,A_LETTER,as
4893,262,A_LETTER,aspirin
4894,262,A_LETTER,ankle
4895,262,A_LETTER,able
4896,262,A_LETTER,asset
4897,262,A_LETTER,asexual
4898,262,A_LETTER,after
4899,262,A_LETTER,astro
4900,262,A_LETTER,and
4901,262,A_LETTER,area
4902,263,A_LETTER,Alphabet
4903,263,A_LETTER,apple
4904,263,A_LETTER,appeal
4905,263,A_LETTER,animal
4906,263,A_LETTER,allow
4907,263,A_LETTER,aloud
4908,263,A_LETTER,any
4909,263,A_LETTER,anything
4910,263,A_LETTER,around
4911,263,A_LETTER,and
4912,263,A_LETTER,are
4913,263,A_LETTER,awesome
4914,263,A_LETTER,a
4915,263,A_LETTER,aware
4916,263,A_LETTER,awareness
4917,263,A_LETTER,audience
4918,263,A_LETTER,activist
4919,263,A_LETTER,act
4920,263,A_LETTER,acting
4921,263,A_LETTER,avoid
4922,263,A_LETTER,alliance
4923,263,A_LETTER,alley
4924,264,A_LETTER,Ape
4925,264,A_LETTER,apple
4926,264,A_LETTER,air
4927,264,A_LETTER,anatomy
4928,264,A_LETTER,anus
4929,264,A_LETTER,asia
4930,264,A_LETTER,arctic
4931,264,A_LETTER,atrocious
4932,264,A_LETTER,awful
4933,264,A_LETTER,anger
4934,264,A_LETTER,angry
4935,264,A_LETTER,angst
4936,264,A_LETTER,anguish
4937,264,A_LETTER,anthem
4938,264,A_LETTER,ambush
4939,264,A_LETTER,african
4940,264,A_LETTER,afro
4941,264,A_LETTER,athlete
4942,264,A_LETTER,author
4943,264,A_LETTER,acute
4944,264,A_LETTER,able
4945,264,A_LETTER,ate
4946,265,A_LETTER,Apple
4947,265,A_LETTER,and
4948,265,A_LETTER,after
4949,265,A_LETTER,affirmation
4950,265,A_LETTER,around
4951,265,A_LETTER,arch
4952,265,A_LETTER,any
4953,265,A_LETTER,appendix
4954,265,A_LETTER,area
4955,265,A_LETTER,angry
4956,265,A_LETTER,about
4957,265,A_LETTER,attic
4958,266,A_LETTER,Apple
4959,266,A_LETTER,already
4960,266,A_LETTER,another
4961,266,A_LETTER,abbolition
4962,266,A_LETTER,anyways
4963,266,A_LETTER,and
4964,266,A_LETTER,an
4965,266,A_LETTER,apparently
4966,266,A_LETTER,although
4967,266,A_LETTER,according
4968,266,A_LETTER,around
4969,266,A_LETTER,about
4970,266,A_LETTER,abolish
4971,266,A_LETTER,aprehend
4972,266,A_LETTER,applaud
4973,267,A_LETTER,Assisistant
4974,267,A_LETTER,assembly
4975,267,A_LETTER,assemble
4976,267,A_LETTER,around
4977,267,A_LETTER,ass
4978,267,A_LETTER,annoying
4979,267,A_LETTER,administer
4980,267,A_LETTER,administration
4981,267,A_LETTER,admire
4982,267,A_LETTER,adhere
4983,267,A_LETTER,aderol
4984,267,A_LETTER,answer
4985,267,A_LETTER,ally
4986,267,A_LETTER,alert
4987,267,A_LETTER,allowance
4988,267,A_LETTER,allow
4989,267,A_LETTER,absent
4990,267,A_LETTER,absence
4991,267,A_LETTER,astonish
4992,267,A_LETTER,allocate
4993,268,A_LETTER,Apple
4994,268,A_LETTER,acknowledge
4995,268,A_LETTER,ask
4996,268,A_LETTER,and
4997,268,A_LETTER,act
4998,268,A_LETTER,attitude
4999,268,A_LETTER,adreniline
5000,268,A_LETTER,adhesive
5001,268,A_LETTER,actor
5002,268,A_LETTER,actress
5003,268,A_LETTER,abomination
5004,268,A_LETTER,assassination
5005,269,A_LETTER,Apple
5006,269,A_LETTER,an
5007,269,A_LETTER,above
5008,269,A_LETTER,adjacent
5009,269,A_LETTER,adjust
5010,269,A_LETTER,animosity
5011,269,A_LETTER,applaud
5012,269,A_LETTER,appeal
5013,269,A_LETTER,arrive
5014,269,A_LETTER,attack
5015,269,A_LETTER,a
5016,269,A_LETTER,affect
5017,269,A_LETTER,approve
5018,269,A_LETTER,asexual
5019,269,A_LETTER,ambiguous
5020,270,A_LETTER,Apple
5021,270,A_LETTER,artichoke
5022,270,A_LETTER,anchovies
5023,270,A_LETTER,amazing
5024,270,A_LETTER,awesome
5025,270,A_LETTER,alabama
5026,270,A_LETTER,and
5027,270,A_LETTER,antarctica
5028,270,A_LETTER,abnormal
5029,270,A_LETTER,absolute
5030,270,A_LETTER,approximately
5031,270,A_LETTER,about
5032,270,A_LETTER,above
5033,270,A_LETTER,abhorrent
5034,270,A_LETTER,art
5035,270,A_LETTER,a
5036,271,A_LETTER,And
5037,271,A_LETTER,at
5038,271,A_LETTER,animal
5039,271,A_LETTER,aware
5040,271,A_LETTER,alike
5041,271,A_LETTER,above
5042,271,A_LETTER,ant
5043,271,A_LETTER,awful
5044,271,A_LETTER,abnormal
5045,271,A_LETTER,are
5046,271,A_LETTER,age
5047,271,A_LETTER,all
5048,271,A_LETTER,although
5049,271,A_LETTER,any
5050,271,A_LETTER,autumn
5051,271,A_LETTER,abdominal
5052,272,A_LETTER,About
5053,272,A_LETTER,allow
5054,272,A_LETTER,allowed
5055,272,A_LETTER,accuse
5056,272,A_LETTER,assume
5057,272,A_LETTER,assumption
5058,272,A_LETTER,apple
5059,272,A_LETTER,algorithm
5060,272,A_LETTER,aluminum
5061,272,A_LETTER,aggravated
5062,272,A_LETTER,angry
5063,272,A_LETTER,amazed
5064,272,A_LETTER,allowance
5065,272,A_LETTER,age
5066,272,A_LETTER,although
5067,272,A_LETTER,any
5068,272,A_LETTER,anew
5069,273,A_LETTER,Air
5070,273,A_LETTER,assault
5071,273,A_LETTER,assist
5072,273,A_LETTER,assassinate
5073,273,A_LETTER,assassination
5074,273,A_LETTER,acorn
5075,273,A_LETTER,across
5076,273,A_LETTER,ambush
5077,273,A_LETTER,airlift
5078,273,A_LETTER,adjacent
5079,273,A_LETTER,ajoined
5080,273,A_LETTER,amber
5081,273,A_LETTER,any
5082,273,A_LETTER,alert
5083,273,A_LETTER,anyone
5084,273,A_LETTER,anybody
5085,273,A_LETTER,antibody
5086,273,A_LETTER,amphibian
5087,273,A_LETTER,article
5088,273,A_LETTER,assimilate
5089,273,A_LETTER,assimilation
5090,273,A_LETTER,are
5091,273,A_LETTER,arch
5092,274,A_LETTER,Act
5093,274,A_LETTER,academy
5094,274,A_LETTER,active
5095,274,A_LETTER,actor
5096,274,A_LETTER,arrest
5097,274,A_LETTER,agitated
5098,274,A_LETTER,agitate
5099,274,A_LETTER,all
5100,274,A_LETTER,amazing
5101,274,A_LETTER,almost
5102,274,A_LETTER,agnostic
5103,274,A_LETTER,address
5104,274,A_LETTER,adhere
5105,274,A_LETTER,adhesive
5106,274,A_LETTER,aggressive
5107,274,A_LETTER,arise
5108,274,A_LETTER,atom
5109,274,A_LETTER,atomic
5110,274,A_LETTER,at
5111,274,A_LETTER,age
5112,274,A_LETTER,add
5113,274,A_LETTER,addition
5114,1,ANIMAL,Dogs
5115,1,ANIMAL,cats
5116,1,ANIMAL,horse
5117,1,ANIMAL,gorilla
5118,1,ANIMAL,elephant
5119,1,ANIMAL,tiger
5120,1,ANIMAL,sheep
5121,1,ANIMAL,panther
5122,1,ANIMAL,falcon
5123,1,ANIMAL,hawk
5124,1,ANIMAL,eagle
5125,1,ANIMAL,ravens
5126,1,ANIMAL,bears
5127,1,ANIMAL,lion
5128,1,ANIMAL,anteater
5129,1,ANIMAL,butterfly
5130,1,ANIMAL,spider
5131,1,ANIMAL,girafee
5132,1,ANIMAL,zooplankton
5133,1,ANIMAL,fish
5134,1,ANIMAL,rabbit
5135,1,ANIMAL,pig
5136,1,ANIMAL,chicken
5137,2,ANIMAL,Skunk
5138,2,ANIMAL,cats
5139,2,ANIMAL,dogs
5140,2,ANIMAL,squirrels
5141,2,ANIMAL,birds
5142,2,ANIMAL,pigeons
5143,2,ANIMAL,monkeys
5144,2,ANIMAL,rats
5145,2,ANIMAL,cockroach
5146,2,ANIMAL,ants
5147,2,ANIMAL,spiders
5148,2,ANIMAL,orangutang
5149,2,ANIMAL,owls
5150,2,ANIMAL,hawks
5151,2,ANIMAL,falcons
5152,2,ANIMAL,elephants
5153,2,ANIMAL,giraffes
5154,2,ANIMAL,hippopotamus
5155,2,ANIMAL,zebras
5156,2,ANIMAL,penguins
5157,2,ANIMAL,polar bears
5158,2,ANIMAL,bears
5159,2,ANIMAL,pandas
5160,2,ANIMAL,turtles
5161,2,ANIMAL,fish
5162,2,ANIMAL,tortois
5163,3,ANIMAL,Snail
5164,3,ANIMAL,sea-horse
5165,3,ANIMAL,snake
5166,3,ANIMAL,cat
5167,3,ANIMAL,dog
5168,3,ANIMAL,mouse
5169,3,ANIMAL,pig
5170,3,ANIMAL,horse
5171,3,ANIMAL,rat
5172,3,ANIMAL,ginea pig
5173,3,ANIMAL,chicken
5174,3,ANIMAL,cow
5175,3,ANIMAL,turkey
5176,3,ANIMAL,hamster
5177,3,ANIMAL,leopard
5178,3,ANIMAL,tiger
5179,3,ANIMAL,lion
5180,3,ANIMAL,hippo
5181,3,ANIMAL,elephant
5182,3,ANIMAL,boar
5183,3,ANIMAL,wolf
5184,3,ANIMAL,deer
5185,4,ANIMAL,Snake
5186,4,ANIMAL,cat
5187,4,ANIMAL,dog
5188,4,ANIMAL,rabbit
5189,4,ANIMAL,rat
5190,4,ANIMAL,bat
5191,4,ANIMAL,ant
5192,4,ANIMAL,anteater
5193,4,ANIMAL,insect
5194,4,ANIMAL,mammal
5195,4,ANIMAL,bird
5196,4,ANIMAL,chicken
5197,4,ANIMAL,cow
5198,4,ANIMAL,elephant
5199,4,ANIMAL,pig
5200,4,ANIMAL,sheep
5201,4,ANIMAL,giraffe
5202,4,ANIMAL,lion
5203,4,ANIMAL,wildebeest
5204,4,ANIMAL,gnu
5205,4,ANIMAL,gnat
5206,4,ANIMAL,fly
5207,4,ANIMAL,robin
5208,4,ANIMAL,wren
5209,4,ANIMAL,raven
5210,4,ANIMAL,hamster
5211,4,ANIMAL,gerbil
5212,4,ANIMAL,rodent
5213,4,ANIMAL,guinea pig
5214,4,ANIMAL,chameleon
5215,4,ANIMAL,lizard
5216,4,ANIMAL,crocodile
5217,4,ANIMAL,alligator
5218,4,ANIMAL,dinosaur
5219,4,ANIMAL,reptile
5220,4,ANIMAL,bear
5221,4,ANIMAL,racoon
5222,4,ANIMAL,camel
5223,4,ANIMAL,horse
5224,4,ANIMAL,alpaca
5225,4,ANIMAL,llama
5226,5,ANIMAL,Chimpanzee
5227,5,ANIMAL,gorilla
5228,5,ANIMAL,monkey
5229,5,ANIMAL,orangutan
5230,5,ANIMAL,ape
5231,5,ANIMAL,owl
5232,5,ANIMAL,armadillo
5233,5,ANIMAL,seabass
5234,5,ANIMAL,octopus
5235,5,ANIMAL,squid
5236,5,ANIMAL,seal
5237,5,ANIMAL,sealion
5238,5,ANIMAL,dog
5239,5,ANIMAL,cat
5240,5,ANIMAL,wolf
5241,5,ANIMAL,lion
5242,5,ANIMAL,cheatah
5243,5,ANIMAL,puma
5244,5,ANIMAL,sloth
5245,5,ANIMAL,koala
5246,5,ANIMAL,rabbit
5247,5,ANIMAL,mouse
5248,5,ANIMAL,rat
5249,5,ANIMAL,manta ray
5250,5,ANIMAL,robin
5251,5,ANIMAL,hawk
5252,5,ANIMAL,eagle
5253,5,ANIMAL,starfish
5254,5,ANIMAL,squirrel
5255,6,ANIMAL,Dog
5256,6,ANIMAL,cat
5257,6,ANIMAL,whale
5258,6,ANIMAL,tiger
5259,6,ANIMAL,dolphin
5260,6,ANIMAL,fish
5261,6,ANIMAL,goat
5262,6,ANIMAL,pig
5263,6,ANIMAL,bird
5264,6,ANIMAL,squirrel
5265,6,ANIMAL,shark
5266,6,ANIMAL,ant
5267,6,ANIMAL,hamster
5268,6,ANIMAL,bunny
5269,6,ANIMAL,roach
5270,6,ANIMAL,cow
5271,6,ANIMAL,giraffe
5272,6,ANIMAL,elephant
5273,6,ANIMAL,peacock
5274,6,ANIMAL,boar
5275,6,ANIMAL,wolf
5276,6,ANIMAL,leopard
5277,6,ANIMAL,tarantula
5278,6,ANIMAL,butterfly
5279,7,ANIMAL,Dog
5280,7,ANIMAL,monkey
5281,7,ANIMAL,cat
5282,7,ANIMAL,bird
5283,7,ANIMAL,ferret
5284,7,ANIMAL,hedgehog
5285,7,ANIMAL,pig
5286,7,ANIMAL,elephant
5287,7,ANIMAL,bear
5288,7,ANIMAL,deer
5289,7,ANIMAL,snow leopard
5290,7,ANIMAL,polar bear
5291,7,ANIMAL,alligator
5292,7,ANIMAL,mouse
5293,7,ANIMAL,rat
5294,7,ANIMAL,hippo
5295,7,ANIMAL,squirrel
5296,7,ANIMAL,chipmunk
5297,7,ANIMAL,horse
5298,7,ANIMAL,llama
5299,7,ANIMAL,alpaca
5300,7,ANIMAL,sheep
5301,7,ANIMAL,goat
5302,8,ANIMAL,Dog
5303,8,ANIMAL,cat
5304,8,ANIMAL,bird
5305,8,ANIMAL,hamster
5306,8,ANIMAL,rhino
5307,8,ANIMAL,scorpion
5308,8,ANIMAL,vulture
5309,8,ANIMAL,panther
5310,8,ANIMAL,tiger
5311,8,ANIMAL,weasel
5312,8,ANIMAL,snake
5313,8,ANIMAL,lizard
5314,8,ANIMAL,octopus
5315,8,ANIMAL,elephant
5316,8,ANIMAL,duck
5317,8,ANIMAL,swan
5318,8,ANIMAL,butterfly
5319,8,ANIMAL,fly
5320,8,ANIMAL,moth
5321,8,ANIMAL,frog
5322,8,ANIMAL,crocodile
5323,8,ANIMAL,alligator
5324,8,ANIMAL,pigeon
5325,9,ANIMAL,Dog
5326,9,ANIMAL,cat
5327,9,ANIMAL,albatross
5328,9,ANIMAL,monkey
5329,9,ANIMAL,lion
5330,9,ANIMAL,peacock
5331,9,ANIMAL,panther
5332,9,ANIMAL,sparrow
5333,9,ANIMAL,condor
5334,9,ANIMAL,fish
5335,9,ANIMAL,heron
5336,9,ANIMAL,pelican
5337,9,ANIMAL,robin
5338,9,ANIMAL,owl
5339,9,ANIMAL,raptor
5340,9,ANIMAL,eagle
5341,9,ANIMAL,frog
5342,9,ANIMAL,ant
5343,9,ANIMAL,bull
5344,9,ANIMAL,cow
5345,9,ANIMAL,horse
5346,9,ANIMAL,crow
5347,9,ANIMAL,hummingbird
5348,9,ANIMAL,bee
5349,9,ANIMAL,alligator
5350,9,ANIMAL,crocodile
5351,9,ANIMAL,piranha
5352,9,ANIMAL,turtle
5353,9,ANIMAL,shark
5354,9,ANIMAL,snake
5355,9,ANIMAL,leopard
5356,9,ANIMAL,tiger
5357,10,ANIMAL,Lion
5358,10,ANIMAL,tiger
5359,10,ANIMAL,bear
5360,10,ANIMAL,cheetah
5361,10,ANIMAL,panda
5362,10,ANIMAL,chicken
5363,10,ANIMAL,hen
5364,10,ANIMAL,duck
5365,10,ANIMAL,cow
5366,10,ANIMAL,pig
5367,10,ANIMAL,ox
5368,10,ANIMAL,deer
5369,10,ANIMAL,squirrel
5370,10,ANIMAL,beaver
5371,10,ANIMAL,racoon
5372,10,ANIMAL,chipmunk
5373,10,ANIMAL,panther
5374,10,ANIMAL,cat
5375,10,ANIMAL,dog
5376,10,ANIMAL,hamster
5377,11,ANIMAL,Peacock
5378,11,ANIMAL,koala
5379,11,ANIMAL,squirrel
5380,11,ANIMAL,cow
5381,11,ANIMAL,pig
5382,11,ANIMAL,sheep
5383,11,ANIMAL,dog
5384,11,ANIMAL,cat
5385,11,ANIMAL,bunny
5386,11,ANIMAL,horse
5387,11,ANIMAL,bird
5388,11,ANIMAL,pigeon
5389,11,ANIMAL,raccoon
5390,11,ANIMAL,goat
5391,11,ANIMAL,chicken
5392,11,ANIMAL,duck
5393,11,ANIMAL,seagull
5394,11,ANIMAL,swan
5395,11,ANIMAL,giraffe
5396,11,ANIMAL,zebra
5397,11,ANIMAL,llama
5398,11,ANIMAL,camel
5399,11,ANIMAL,ostrich
5400,11,ANIMAL,flamingo
5401,11,ANIMAL,bull
5402,12,ANIMAL,Dog
5403,12,ANIMAL,cat
5404,12,ANIMAL,lion
5405,12,ANIMAL,panther
5406,12,ANIMAL,grizzly bear
5407,12,ANIMAL,polar bear
5408,12,ANIMAL,squirrl
5409,12,ANIMAL,rat
5410,12,ANIMAL,rattlesnake
5411,12,ANIMAL,python
5412,12,ANIMAL,anaconda
5413,12,ANIMAL,toad
5414,12,ANIMAL,bull frog
5415,12,ANIMAL,tree frog
5416,12,ANIMAL,geco
5417,12,ANIMAL,iguiana
5418,12,ANIMAL,kamoto dragon
5419,12,ANIMAL,zebra
5420,12,ANIMAL,emperor penguin
5421,12,ANIMAL,elephant
5422,12,ANIMAL,elephant seal
5423,12,ANIMAL,dolphin
5424,12,ANIMAL,whale
5425,12,ANIMAL,jaguar
5426,12,ANIMAL,wolf
5427,13,ANIMAL,Fish
5428,13,ANIMAL,goat
5429,13,ANIMAL,cow
5430,13,ANIMAL,sheep
5431,13,ANIMAL,chicken
5432,13,ANIMAL,rooster
5433,13,ANIMAL,hen
5434,13,ANIMAL,whale
5435,13,ANIMAL,shark
5436,13,ANIMAL,dolphin
5437,13,ANIMAL,stingray
5438,13,ANIMAL,cheetah
5439,13,ANIMAL,lion
5440,13,ANIMAL,tigar
5441,13,ANIMAL,elephant
5442,13,ANIMAL,giraffe
5443,13,ANIMAL,ram
5444,13,ANIMAL,dog
5445,13,ANIMAL,cat
5446,13,ANIMAL,turtle
5447,13,ANIMAL,starfish
5448,13,ANIMAL,lizard
5449,13,ANIMAL,frog
5450,13,ANIMAL,dragonfly
5451,13,ANIMAL,mosquito
5452,13,ANIMAL,spider
5453,13,ANIMAL,ant
5454,13,ANIMAL,bumble bee
5455,13,ANIMAL,fly
5456,13,ANIMAL,butterfly
5457,13,ANIMAL,cockroach
5458,13,ANIMAL,beetle
5459,14,ANIMAL,Kitten
5460,14,ANIMAL,dog
5461,14,ANIMAL,bat
5462,14,ANIMAL,cow
5463,14,ANIMAL,horse
5464,14,ANIMAL,pig
5465,14,ANIMAL,frog
5466,14,ANIMAL,chicken
5467,14,ANIMAL,rabbit
5468,14,ANIMAL,turtle
5469,14,ANIMAL,duck
5470,14,ANIMAL,bull
5471,14,ANIMAL,fish
5472,14,ANIMAL,whale
5473,14,ANIMAL,octopus
5474,14,ANIMAL,elephant
5475,14,ANIMAL,lions
5476,14,ANIMAL,tigers
5477,14,ANIMAL,bears
5478,14,ANIMAL,penguins
5479,14,ANIMAL,giraffes
5480,14,ANIMAL,hawk
5481,14,ANIMAL,hamster
5482,14,ANIMAL,rat
5483,14,ANIMAL,guinea pig
5484,14,ANIMAL,armadillo
5485,15,ANIMAL,Elephant
5486,15,ANIMAL,snake
5487,15,ANIMAL,dog
5488,15,ANIMAL,cat
5489,15,ANIMAL,monkey
5490,15,ANIMAL,gorilla
5491,15,ANIMAL,porcupine
5492,15,ANIMAL,octopus
5493,15,ANIMAL,dolphin
5494,15,ANIMAL,lion
5495,15,ANIMAL,tiger
5496,15,ANIMAL,giraffe
5497,15,ANIMAL,anteater
5498,15,ANIMAL,seal
5499,15,ANIMAL,whale
5500,15,ANIMAL,shark
5501,15,ANIMAL,manatee
5502,15,ANIMAL,buffalo
5503,15,ANIMAL,sheep
5504,15,ANIMAL,goat
5505,15,ANIMAL,pig
5506,15,ANIMAL,fish
5507,15,ANIMAL,cow
5508,15,ANIMAL,gerbil
5509,16,ANIMAL,Goat
5510,16,ANIMAL,cow
5511,16,ANIMAL,sheep
5512,16,ANIMAL,hen
5513,16,ANIMAL,duck
5514,16,ANIMAL,antellope
5515,16,ANIMAL,lion
5516,16,ANIMAL,zebra
5517,16,ANIMAL,girrafe
5518,16,ANIMAL,elephant
5519,16,ANIMAL,crocodile
5520,16,ANIMAL,hipoptamus
5521,16,ANIMAL,dear
5522,16,ANIMAL,leopard
5523,16,ANIMAL,chicken
5524,16,ANIMAL,puma
5525,17,ANIMAL,Cat
5526,17,ANIMAL,dog
5527,17,ANIMAL,bird
5528,17,ANIMAL,dolphin
5529,17,ANIMAL,monkey
5530,17,ANIMAL,polar bear
5531,17,ANIMAL,ardvark
5532,17,ANIMAL,brown bear
5533,17,ANIMAL,tiger
5534,17,ANIMAL,lion
5535,17,ANIMAL,cheetah
5536,17,ANIMAL,puma/mountain lion
5537,17,ANIMAL,hyinah
5538,17,ANIMAL,moose
5539,17,ANIMAL,penguin
5540,17,ANIMAL,seal
5541,17,ANIMAL,otter
5542,17,ANIMAL,ant
5543,17,ANIMAL,squirrle
5544,17,ANIMAL,chipmunk
5545,17,ANIMAL,hamster
5546,17,ANIMAL,parrot
5547,17,ANIMAL,gorilla
5548,18,ANIMAL,Lion
5549,18,ANIMAL,dog
5550,18,ANIMAL,cat
5551,18,ANIMAL,frog
5552,18,ANIMAL,ostrich
5553,18,ANIMAL,penguin
5554,18,ANIMAL,tiger
5555,18,ANIMAL,bird
5556,18,ANIMAL,kangaroo
5557,18,ANIMAL,emu
5558,18,ANIMAL,kiwi
5559,18,ANIMAL,giraffe
5560,18,ANIMAL,seal
5561,18,ANIMAL,whale
5562,18,ANIMAL,fish
5563,18,ANIMAL,shark
5564,18,ANIMAL,toad
5565,18,ANIMAL,squrrile
5566,18,ANIMAL,chipmunk
5567,18,ANIMAL,woodpecker
5568,18,ANIMAL,tadpole
5569,18,ANIMAL,polar bear
5570,18,ANIMAL,fox
5571,18,ANIMAL,wolf
5572,18,ANIMAL,monkey
5573,19,ANIMAL,Dog
5574,19,ANIMAL,cat
5575,19,ANIMAL,fish
5576,19,ANIMAL,frog
5577,19,ANIMAL,gerbil
5578,19,ANIMAL,hamster
5579,19,ANIMAL,rat
5580,19,ANIMAL,mouse
5581,19,ANIMAL,weasel
5582,19,ANIMAL,otter
5583,19,ANIMAL,whale
5584,19,ANIMAL,seal
5585,19,ANIMAL,shark
5586,19,ANIMAL,turtle
5587,19,ANIMAL,octopus
5588,19,ANIMAL,dolphin
5589,19,ANIMAL,lizard
5590,19,ANIMAL,snake
5591,19,ANIMAL,spider
5592,19,ANIMAL,koala
5593,19,ANIMAL,gorilla
5594,19,ANIMAL,chimpanzee
5595,19,ANIMAL,llama
5596,19,ANIMAL,goat
5597,19,ANIMAL,sheep
5598,19,ANIMAL,cow
5599,19,ANIMAL,rabbit
5600,20,ANIMAL,Dog
5601,20,ANIMAL,cat
5602,20,ANIMAL,worm
5603,20,ANIMAL,fish
5604,20,ANIMAL,deer
5605,20,ANIMAL,bear
5606,20,ANIMAL,rat
5607,20,ANIMAL,mouse
5608,20,ANIMAL,fly
5609,20,ANIMAL,spiders
5610,20,ANIMAL,turkeys
5611,20,ANIMAL,partriadge
5612,20,ANIMAL,raccoon
5613,20,ANIMAL,possumn
5614,20,ANIMAL,chinchilla
5615,20,ANIMAL,crab
5616,20,ANIMAL,snake
5617,20,ANIMAL,alligator
5618,20,ANIMAL,platypus
5619,20,ANIMAL,lion
5620,20,ANIMAL,tiger
5621,20,ANIMAL,antelope
5622,20,ANIMAL,sloth
5623,20,ANIMAL,bird
5624,20,ANIMAL,hyeana
5625,20,ANIMAL,buffalo
5626,20,ANIMAL,wolf
5627,20,ANIMAL,coyote
5628,20,ANIMAL,moose
5629,21,ANIMAL,Dog
5630,21,ANIMAL,cat
5631,21,ANIMAL,elephant
5632,21,ANIMAL,mouse
5633,21,ANIMAL,dolphin
5634,21,ANIMAL,giraffe
5635,21,ANIMAL,pig
5636,21,ANIMAL,horse
5637,21,ANIMAL,anteater
5638,21,ANIMAL,armadillo
5639,21,ANIMAL,bird
5640,21,ANIMAL,deer
5641,21,ANIMAL,chicken
5642,21,ANIMAL,sheep
5643,21,ANIMAL,llama
5644,21,ANIMAL,calf
5645,21,ANIMAL,shark
5646,21,ANIMAL,rabbit
5647,21,ANIMAL,frog
5648,21,ANIMAL,zebra
5649,21,ANIMAL,mammoth
5650,22,ANIMAL,Shark
5651,22,ANIMAL,dolphin
5652,22,ANIMAL,giraffe
5653,22,ANIMAL,lion
5654,22,ANIMAL,tiger
5655,22,ANIMAL,bear
5656,22,ANIMAL,tiger
5657,22,ANIMAL,dog
5658,22,ANIMAL,cat
5659,22,ANIMAL,fish
5660,22,ANIMAL,hamster
5661,22,ANIMAL,frog
5662,22,ANIMAL,manatee
5663,22,ANIMAL,jellyfish
5664,22,ANIMAL,fox
5665,22,ANIMAL,rabbit
5666,22,ANIMAL,coyote
5667,22,ANIMAL,whale
5668,22,ANIMAL,elephant
5669,22,ANIMAL,rhino
5670,23,ANIMAL,Cat
5671,23,ANIMAL,dog
5672,23,ANIMAL,elephant
5673,23,ANIMAL,fish
5674,23,ANIMAL,polar bear
5675,23,ANIMAL,black bear
5676,23,ANIMAL,chipmunk
5677,23,ANIMAL,squid
5678,23,ANIMAL,turtle
5679,23,ANIMAL,horse
5680,23,ANIMAL,cow
5681,23,ANIMAL,pig
5682,23,ANIMAL,hawk
5683,23,ANIMAL,crow
5684,23,ANIMAL,eagle
5685,23,ANIMAL,rat
5686,23,ANIMAL,mouse
5687,23,ANIMAL,goat
5688,23,ANIMAL,sheep
5689,23,ANIMAL,llama
5690,23,ANIMAL,lamb
5691,23,ANIMAL,ant
5692,23,ANIMAL,spider
5693,23,ANIMAL,frog
5694,23,ANIMAL,fruit fly
5695,24,ANIMAL,Hamster
5696,24,ANIMAL,cat
5697,24,ANIMAL,dog
5698,24,ANIMAL,snal
5699,24,ANIMAL,fish
5700,24,ANIMAL,wolve
5701,24,ANIMAL,lion
5702,24,ANIMAL,panther
5703,24,ANIMAL,tiger
5704,24,ANIMAL,bear
5705,24,ANIMAL,squirrel
5706,24,ANIMAL,rabit
5707,24,ANIMAL,chipmunk
5708,24,ANIMAL,turtle
5709,24,ANIMAL,monkey
5710,24,ANIMAL,gorilla
5711,24,ANIMAL,eel
5712,24,ANIMAL,chicken
5713,24,ANIMAL,pig
5714,24,ANIMAL,cow
5715,24,ANIMAL,sheep
5716,24,ANIMAL,goat
5717,25,ANIMAL,Frog
5718,25,ANIMAL,fish
5719,25,ANIMAL,cat
5720,25,ANIMAL,dog
5721,25,ANIMAL,mouse
5722,25,ANIMAL,bird
5723,25,ANIMAL,aligator
5724,25,ANIMAL,crocodile
5725,25,ANIMAL,snake
5726,25,ANIMAL,slug
5727,25,ANIMAL,spider
5728,25,ANIMAL,scorpion
5729,25,ANIMAL,fox
5730,25,ANIMAL,mink
5731,25,ANIMAL,ferret
5732,25,ANIMAL,hamster
5733,25,ANIMAL,lizard
5734,25,ANIMAL,turtle
5735,25,ANIMAL,shark
5736,25,ANIMAL,whale
5737,25,ANIMAL,penguin
5738,25,ANIMAL,seal
5739,25,ANIMAL,polar bear
5740,25,ANIMAL,deer
5741,25,ANIMAL,porcupine
5742,26,ANIMAL,Wolf
5743,26,ANIMAL,lion
5744,26,ANIMAL,tiger
5745,26,ANIMAL,bear
5746,26,ANIMAL,giraffe
5747,26,ANIMAL,hippo
5748,26,ANIMAL,dog
5749,26,ANIMAL,cat
5750,26,ANIMAL,zebra
5751,26,ANIMAL,monkey
5752,26,ANIMAL,deer
5753,26,ANIMAL,sheep
5754,26,ANIMAL,goat
5755,26,ANIMAL,cow
5756,26,ANIMAL,ram
5757,26,ANIMAL,horse
5758,27,ANIMAL,Gorilla
5759,27,ANIMAL,frog
5760,27,ANIMAL,ostrich
5761,27,ANIMAL,penguin
5762,27,ANIMAL,elephant
5763,27,ANIMAL,zebra
5764,27,ANIMAL,lion
5765,27,ANIMAL,tiger
5766,27,ANIMAL,bear
5767,27,ANIMAL,racoon
5768,27,ANIMAL,chipmunk
5769,27,ANIMAL,squirrel
5770,27,ANIMAL,iguana
5771,27,ANIMAL,cheetah
5772,27,ANIMAL,leopard
5773,27,ANIMAL,armadillo
5774,27,ANIMAL,flamigo
5775,27,ANIMAL,panda
5776,27,ANIMAL,polar bear
5777,27,ANIMAL,seal
5778,27,ANIMAL,crab
5779,27,ANIMAL,birds
5780,28,ANIMAL,Dog
5781,28,ANIMAL,cat
5782,28,ANIMAL,chicken
5783,28,ANIMAL,rooster
5784,28,ANIMAL,cow
5785,28,ANIMAL,bird
5786,28,ANIMAL,lizard
5787,28,ANIMAL,crocodile
5788,28,ANIMAL,alligator
5789,28,ANIMAL,ant
5790,28,ANIMAL,mouse
5791,28,ANIMAL,rat
5792,28,ANIMAL,bat
5793,28,ANIMAL,horse
5794,28,ANIMAL,llama
5795,28,ANIMAL,camel
5796,28,ANIMAL,alpaca
5797,28,ANIMAL,bull
5798,28,ANIMAL,roach
5799,28,ANIMAL,butterfly
5800,28,ANIMAL,moose
5801,28,ANIMAL,cougar
5802,28,ANIMAL,lion
5803,28,ANIMAL,tiger
5804,28,ANIMAL,hyena
5805,29,ANIMAL,Dog
5806,29,ANIMAL,cat
5807,29,ANIMAL,mouse
5808,29,ANIMAL,fish
5809,29,ANIMAL,rat
5810,29,ANIMAL,lizard
5811,29,ANIMAL,dragon
5812,29,ANIMAL,frog
5813,29,ANIMAL,girraffe
5814,29,ANIMAL,elephant
5815,29,ANIMAL,bird
5816,29,ANIMAL,eagle
5817,29,ANIMAL,owl
5818,29,ANIMAL,bison
5819,29,ANIMAL,bear
5820,29,ANIMAL,buffalo
5821,29,ANIMAL,hippo
5822,29,ANIMAL,zebra
5823,29,ANIMAL,lion
5824,29,ANIMAL,tiger
5825,29,ANIMAL,cheetah
5826,29,ANIMAL,panther
5827,29,ANIMAL,snake
5828,29,ANIMAL,python
5829,29,ANIMAL,garden snake
5830,29,ANIMAL,rattle snake
5831,29,ANIMAL,shark
5832,29,ANIMAL,dolphin
5833,29,ANIMAL,turttle
5834,29,ANIMAL,sheep
5835,29,ANIMAL,horse
5836,29,ANIMAL,cow
5837,29,ANIMAL,pig
5838,29,ANIMAL,chicken
5839,29,ANIMAL,rooster
5840,29,ANIMAL,llama
5841,29,ANIMAL,camel
5842,29,ANIMAL,starfish
5843,29,ANIMAL,conch
5844,29,ANIMAL,jellyfish
5845,29,ANIMAL,seahorse
5846,29,ANIMAL,chamelion
5847,29,ANIMAL,ladybug
5848,30,ANIMAL,Bee
5849,30,ANIMAL,beaver
5850,30,ANIMAL,squirrel
5851,30,ANIMAL,walrus
5852,30,ANIMAL,anteater
5853,30,ANIMAL,ardvark
5854,30,ANIMAL,turtle
5855,30,ANIMAL,fish
5856,30,ANIMAL,bird
5857,30,ANIMAL,flamingo
5858,30,ANIMAL,sea urchin
5859,30,ANIMAL,butterfly
5860,30,ANIMAL,lizard
5861,30,ANIMAL,scorpion
5862,30,ANIMAL,cicaida
5863,30,ANIMAL,cat
5864,30,ANIMAL,dog
5865,30,ANIMAL,ferrett
5866,30,ANIMAL,chinchilla
5867,31,ANIMAL,Dog
5868,31,ANIMAL,cat
5869,31,ANIMAL,bird
5870,31,ANIMAL,fox
5871,31,ANIMAL,lion
5872,31,ANIMAL,bear
5873,31,ANIMAL,goat
5874,31,ANIMAL,sheep
5875,31,ANIMAL,chicken
5876,31,ANIMAL,fish
5877,31,ANIMAL,shark
5878,31,ANIMAL,lizard
5879,31,ANIMAL,cow
5880,31,ANIMAL,horse
5881,31,ANIMAL,wolf
5882,31,ANIMAL,snake
5883,31,ANIMAL,possum
5884,31,ANIMAL,skunk
5885,31,ANIMAL,squirell
5886,31,ANIMAL,chipmunk
5887,31,ANIMAL,groundhog
5888,31,ANIMAL,pig
5889,31,ANIMAL,vole
5890,31,ANIMAL,mouse
5891,31,ANIMAL,rat
5892,31,ANIMAL,mole
5893,31,ANIMAL,giraffe
5894,32,ANIMAL,Dog
5895,32,ANIMAL,cat
5896,32,ANIMAL,shark
5897,32,ANIMAL,bear
5898,32,ANIMAL,frog
5899,32,ANIMAL,hamster
5900,32,ANIMAL,capybara
5901,32,ANIMAL,chinchilla
5902,32,ANIMAL,ferret
5903,32,ANIMAL,dolphin
5904,32,ANIMAL,fish
5905,32,ANIMAL,lizard
5906,32,ANIMAL,snake
5907,32,ANIMAL,bird
5908,32,ANIMAL,turtle
5909,32,ANIMAL,anole
5910,32,ANIMAL,gerbil
5911,32,ANIMAL,sugar-glider
5912,32,ANIMAL,chameleon
5913,32,ANIMAL,gecko
5914,32,ANIMAL,horse
5915,32,ANIMAL,pig
5916,32,ANIMAL,goat
5917,32,ANIMAL,chicken
5918,32,ANIMAL,rooster
5919,32,ANIMAL,cow
5920,33,ANIMAL,Dog
5921,33,ANIMAL,cat
5922,33,ANIMAL,rhino
5923,33,ANIMAL,elephant
5924,33,ANIMAL,zebra
5925,33,ANIMAL,giraffe
5926,33,ANIMAL,hippopotamus
5927,33,ANIMAL,emu
5928,33,ANIMAL,humans
5929,33,ANIMAL,gorilla
5930,33,ANIMAL,ferret
5931,33,ANIMAL,mouse
5932,33,ANIMAL,rat
5933,33,ANIMAL,owl
5934,33,ANIMAL,falcon
5935,33,ANIMAL,hawk
5936,33,ANIMAL,eagle
5937,33,ANIMAL,lion
5938,33,ANIMAL,tiger
5939,33,ANIMAL,bear
5940,33,ANIMAL,cheetah
5941,33,ANIMAL,puma
5942,33,ANIMAL,leopard
5943,33,ANIMAL,snow leopard
5944,33,ANIMAL,dolphin
5945,33,ANIMAL,gazelle
5946,33,ANIMAL,goat
5947,33,ANIMAL,cow
5948,33,ANIMAL,pig
5949,33,ANIMAL,chicken
5950,34,ANIMAL,Cat
5951,34,ANIMAL,dog
5952,34,ANIMAL,zebra
5953,34,ANIMAL,fish
5954,34,ANIMAL,alligator
5955,34,ANIMAL,crocodile
5956,34,ANIMAL,elephant
5957,34,ANIMAL,rhino
5958,34,ANIMAL,narwhal
5959,34,ANIMAL,whale
5960,34,ANIMAL,kangaroo
5961,34,ANIMAL,bunny
5962,34,ANIMAL,monkey
5963,34,ANIMAL,ostrich
5964,34,ANIMAL,penguin
5965,34,ANIMAL,bird
5966,34,ANIMAL,squirrel
5967,34,ANIMAL,turtle
5968,34,ANIMAL,guinea pig
5969,34,ANIMAL,lion
5970,34,ANIMAL,tiger
5971,34,ANIMAL,bear
5972,34,ANIMAL,ant
5973,34,ANIMAL,spider
5974,34,ANIMAL,mosquito
5975,34,ANIMAL,horse
5976,35,ANIMAL,Dog
5977,35,ANIMAL,cat
5978,35,ANIMAL,fish
5979,35,ANIMAL,frog
5980,35,ANIMAL,hampster
5981,35,ANIMAL,lion
5982,35,ANIMAL,tiger
5983,35,ANIMAL,giraffe
5984,35,ANIMAL,bear
5985,35,ANIMAL,polar bear
5986,35,ANIMAL,birds
5987,35,ANIMAL,cardinals
5988,35,ANIMAL,eagle
5989,35,ANIMAL,hawk
5990,35,ANIMAL,turtle
5991,35,ANIMAL,fish
5992,35,ANIMAL,shark
5993,35,ANIMAL,whale
5994,35,ANIMAL,dolphin
5995,35,ANIMAL,seahorse
5996,35,ANIMAL,leopard
5997,35,ANIMAL,mountain lion
5998,35,ANIMAL,alligator
5999,35,ANIMAL,crocodile
6000,35,ANIMAL,caterpillar
6001,35,ANIMAL,butterfly
6002,35,ANIMAL,slug
6003,35,ANIMAL,worm
6004,35,ANIMAL,clown fish
6005,35,ANIMAL,algae
6006,35,ANIMAL,fox
6007,36,ANIMAL,Cow
6008,36,ANIMAL,dog
6009,36,ANIMAL,shep
6010,36,ANIMAL,boar
6011,36,ANIMAL,cat
6012,36,ANIMAL,pig
6013,36,ANIMAL,goat
6014,36,ANIMAL,lion
6015,36,ANIMAL,tiger
6016,36,ANIMAL,bear
6017,36,ANIMAL,hyena
6018,36,ANIMAL,elephant
6019,36,ANIMAL,duck
6020,36,ANIMAL,rabbit
6021,36,ANIMAL,fly
6022,36,ANIMAL,ant
6023,36,ANIMAL,butterfly
6024,36,ANIMAL,giraffe
6025,36,ANIMAL,fox
6026,36,ANIMAL,dolphin
6027,36,ANIMAL,codfish
6028,36,ANIMAL,shark
6029,36,ANIMAL,whale
6030,36,ANIMAL,snail
6031,36,ANIMAL,penguin
6032,36,ANIMAL,panther
6033,36,ANIMAL,jaguar
6034,36,ANIMAL,zebra
6035,36,ANIMAL,starfish
6036,36,ANIMAL,oyster
6037,36,ANIMAL,clam
6038,36,ANIMAL,shrimp
6039,36,ANIMAL,squid
6040,36,ANIMAL,octopus
6041,36,ANIMAL,hamster
6042,36,ANIMAL,squirrel
6043,36,ANIMAL,mouse
6044,36,ANIMAL,rat
6045,36,ANIMAL,gopher
6046,36,ANIMAL,groundhog
6047,36,ANIMAL,snake
6048,36,ANIMAL,hound
6049,37,ANIMAL,Panda
6050,37,ANIMAL,kingkjus
6051,37,ANIMAL,wolf
6052,37,ANIMAL,snow leopards
6053,37,ANIMAL,pigs
6054,37,ANIMAL,hogs
6055,37,ANIMAL,dogs
6056,37,ANIMAL,cats
6057,37,ANIMAL,mouse
6058,37,ANIMAL,rats
6059,37,ANIMAL,lemur
6060,37,ANIMAL,gorilla
6061,37,ANIMAL,chimps
6062,37,ANIMAL,baboons
6063,37,ANIMAL,lizards
6064,37,ANIMAL,lions
6065,37,ANIMAL,tigers
6066,37,ANIMAL,bears
6067,37,ANIMAL,roaches
6068,37,ANIMAL,birds
6069,37,ANIMAL,sharks
6070,37,ANIMAL,sea turtles
6071,37,ANIMAL,fish
6072,37,ANIMAL,jagur
6073,37,ANIMAL,panter
6074,37,ANIMAL,cougar
6075,37,ANIMAL,leporads
6076,37,ANIMAL,whales
6077,38,ANIMAL,Lion
6078,38,ANIMAL,fish
6079,38,ANIMAL,tiger
6080,38,ANIMAL,bird
6081,38,ANIMAL,shark
6082,38,ANIMAL,monkey
6083,38,ANIMAL,gorilla
6084,38,ANIMAL,lemur
6085,38,ANIMAL,snake
6086,38,ANIMAL,lizard
6087,38,ANIMAL,dog
6088,38,ANIMAL,cat
6089,38,ANIMAL,hamster
6090,38,ANIMAL,pig
6091,38,ANIMAL,cow
6092,38,ANIMAL,chicken
6093,38,ANIMAL,horse
6094,38,ANIMAL,zebra
6095,38,ANIMAL,deer
6096,38,ANIMAL,alligator
6097,38,ANIMAL,jaguar
6098,39,ANIMAL,Dog
6099,39,ANIMAL,cat
6100,39,ANIMAL,koala
6101,39,ANIMAL,giraffe
6102,39,ANIMAL,zebra
6103,39,ANIMAL,lion
6104,39,ANIMAL,gorilla
6105,39,ANIMAL,snake
6106,39,ANIMAL,aligator
6107,39,ANIMAL,crocoldile
6108,39,ANIMAL,shark
6109,39,ANIMAL,newt
6110,39,ANIMAL,frog
6111,39,ANIMAL,crayfish
6112,39,ANIMAL,lobster
6113,39,ANIMAL,crab
6114,39,ANIMAL,fish
6115,39,ANIMAL,lemur
6116,39,ANIMAL,penguin
6117,39,ANIMAL,dolphin
6118,39,ANIMAL,whale
6119,39,ANIMAL,seal
6120,39,ANIMAL,bird
6121,39,ANIMAL,eagle
6122,39,ANIMAL,hawk
6123,39,ANIMAL,bluejay
6124,39,ANIMAL,hamster
6125,39,ANIMAL,guineapig
6126,39,ANIMAL,rat
6127,39,ANIMAL,mouse
6128,40,ANIMAL,Peacock
6129,40,ANIMAL,lion
6130,40,ANIMAL,sea lion
6131,40,ANIMAL,seal
6132,40,ANIMAL,walrus
6133,40,ANIMAL,penguin
6134,40,ANIMAL,wolf
6135,40,ANIMAL,jaugar
6136,40,ANIMAL,monkey
6137,40,ANIMAL,gorilla
6138,40,ANIMAL,cat
6139,40,ANIMAL,dog
6140,40,ANIMAL,mouse
6141,40,ANIMAL,elephant
6142,40,ANIMAL,tiger
6143,40,ANIMAL,panda
6144,40,ANIMAL,koala
6145,40,ANIMAL,bear
6146,40,ANIMAL,snow lepoard
6147,40,ANIMAL,robin
6148,40,ANIMAL,hawk
6149,40,ANIMAL,eagle
6150,40,ANIMAL,tree frong
6151,40,ANIMAL,alligator
6152,40,ANIMAL,crocodile
6153,40,ANIMAL,snapping turtle
6154,41,ANIMAL,Elephant
6155,41,ANIMAL,Dog
6156,41,ANIMAL,cat
6157,41,ANIMAL,Giraffe
6158,41,ANIMAL,Penguin
6159,41,ANIMAL,raccoon
6160,41,ANIMAL,lion
6161,41,ANIMAL,tiger
6162,41,ANIMAL,leopard
6163,41,ANIMAL,monkey
6164,41,ANIMAL,ostrich
6165,41,ANIMAL,Bear
6166,41,ANIMAL,porcupine
6167,41,ANIMAL,kangaroo
6168,41,ANIMAL,pig
6169,41,ANIMAL,fish
6170,41,ANIMAL,cow
6171,42,ANIMAL,Cat
6172,42,ANIMAL,dog
6173,42,ANIMAL,panda
6174,42,ANIMAL,red panda
6175,42,ANIMAL,elephant
6176,42,ANIMAL,girraffe
6177,42,ANIMAL,mouse
6178,42,ANIMAL,bear
6179,42,ANIMAL,camel
6180,42,ANIMAL,moose
6181,42,ANIMAL,rat
6182,42,ANIMAL,ferrett
6183,42,ANIMAL,deer
6184,42,ANIMAL,tiger
6185,42,ANIMAL,lion
6186,42,ANIMAL,ardvark
6187,42,ANIMAL,bird
6188,42,ANIMAL,squirrel
6189,42,ANIMAL,puppy
6190,42,ANIMAL,fish
6191,42,ANIMAL,parrot
6192,42,ANIMAL,lizard
6193,42,ANIMAL,turtle
6194,42,ANIMAL,wolf
6195,42,ANIMAL,gazelle
6196,42,ANIMAL,monkey
6197,42,ANIMAL,oragatang
6198,42,ANIMAL,alpaca
6199,42,ANIMAL,llama
6200,42,ANIMAL,goat
6201,42,ANIMAL,sheep
6202,42,ANIMAL,cow
6203,42,ANIMAL,pig
6204,42,ANIMAL,chicken
6205,42,ANIMAL,duck
6206,42,ANIMAL,swan
6207,42,ANIMAL,goose
6208,43,ANIMAL,Dog
6209,43,ANIMAL,cat
6210,43,ANIMAL,lizard
6211,43,ANIMAL,gecko
6212,43,ANIMAL,bird
6213,43,ANIMAL,cheeta
6214,43,ANIMAL,axolotyl
6215,43,ANIMAL,fish
6216,43,ANIMAL,elephant
6217,43,ANIMAL,giraffe
6218,43,ANIMAL,deer
6219,43,ANIMAL,moose
6220,43,ANIMAL,rabbit
6221,43,ANIMAL,squirrel
6222,43,ANIMAL,fox
6223,43,ANIMAL,lion
6224,43,ANIMAL,leopard
6225,43,ANIMAL,zebra
6226,43,ANIMAL,donkey
6227,43,ANIMAL,llama
6228,43,ANIMAL,alpaca
6229,43,ANIMAL,frog
6230,43,ANIMAL,cow
6231,43,ANIMAL,chicken
6232,43,ANIMAL,pig
6233,43,ANIMAL,lamb
6234,44,ANIMAL,Dog
6235,44,ANIMAL,Cat
6236,44,ANIMAL,horse
6237,44,ANIMAL,monkey
6238,44,ANIMAL,shark
6239,44,ANIMAL,fish
6240,44,ANIMAL,bird
6241,44,ANIMAL,turtle
6242,44,ANIMAL,hamster
6243,44,ANIMAL,snake
6244,44,ANIMAL,crab
6245,44,ANIMAL,Whale
6246,44,ANIMAL,lion
6247,44,ANIMAL,Tiger
6248,44,ANIMAL,Bear
6249,44,ANIMAL,Puma
6250,44,ANIMAL,Pig
6251,44,ANIMAL,Cow
6252,44,ANIMAL,Chicken
6253,45,ANIMAL,Lion
6254,45,ANIMAL,giraffe
6255,45,ANIMAL,dog
6256,45,ANIMAL,cat
6257,45,ANIMAL,duck
6258,45,ANIMAL,goose
6259,45,ANIMAL,tiger
6260,45,ANIMAL,leopard
6261,45,ANIMAL,rats
6262,45,ANIMAL,cheetah
6263,45,ANIMAL,shark
6264,45,ANIMAL,whale
6265,45,ANIMAL,fish
6266,45,ANIMAL,gorilla
6267,45,ANIMAL,chimpanzee
6268,45,ANIMAL,organtan
6269,45,ANIMAL,monkey
6270,45,ANIMAL,jaguar
6271,45,ANIMAL,zebra
6272,45,ANIMAL,hippo
6273,45,ANIMAL,bird
6274,45,ANIMAL,worm
6275,45,ANIMAL,raccoon
6276,45,ANIMAL,oppossum
6277,45,ANIMAL,eagle
6278,45,ANIMAL,bear
6279,45,ANIMAL,seal
6280,45,ANIMAL,flies
6281,45,ANIMAL,skunks
6282,45,ANIMAL,lizard
6283,45,ANIMAL,panda
6284,46,ANIMAL,Sharks
6285,46,ANIMAL,beavers
6286,46,ANIMAL,dogs
6287,46,ANIMAL,cats
6288,46,ANIMAL,meekrats
6289,46,ANIMAL,lions
6290,46,ANIMAL,lepoards
6291,46,ANIMAL,panthers
6292,46,ANIMAL,polar bears
6293,46,ANIMAL,black bears
6294,46,ANIMAL,grizzly bears
6295,46,ANIMAL,black bears
6296,46,ANIMAL,grizzly bears
6297,46,ANIMAL,monkeys
6298,46,ANIMAL,alpaccas
6299,46,ANIMAL,llamas
6300,46,ANIMAL,turtle
6301,46,ANIMAL,clownfish
6302,46,ANIMAL,jellyfish
6303,46,ANIMAL,spiders
6304,46,ANIMAL,scorpions
6305,46,ANIMAL,parrots
6306,46,ANIMAL,crows
6307,46,ANIMAL,rhino
6308,46,ANIMAL,wildabeast
6309,46,ANIMAL,girraffe
6310,46,ANIMAL,hyenas
6311,46,ANIMAL,penguins
6312,46,ANIMAL,seals
6313,46,ANIMAL,whales
6314,46,ANIMAL,cows
6315,46,ANIMAL,horses
6316,46,ANIMAL,goats
6317,47,ANIMAL,Monkey
6318,47,ANIMAL,ape
6319,47,ANIMAL,gorilla
6320,47,ANIMAL,human
6321,47,ANIMAL,girrafe
6322,47,ANIMAL,rhino
6323,47,ANIMAL,dog
6324,47,ANIMAL,cat
6325,47,ANIMAL,mouse
6326,47,ANIMAL,rat
6327,47,ANIMAL,bird
6328,47,ANIMAL,hawk
6329,47,ANIMAL,eagle
6330,47,ANIMAL,falcon
6331,47,ANIMAL,lion
6332,47,ANIMAL,tiger
6333,47,ANIMAL,bear
6334,47,ANIMAL,squirrel
6335,47,ANIMAL,panda
6336,47,ANIMAL,elephant
6337,47,ANIMAL,alligator
6338,47,ANIMAL,hippo
6339,47,ANIMAL,hampster
6340,47,ANIMAL,fish
6341,47,ANIMAL,octopus
6342,47,ANIMAL,shark
6343,47,ANIMAL,sebra
6344,47,ANIMAL,gazel
6345,47,ANIMAL,bush-baby
6346,47,ANIMAL,rabbit
6347,47,ANIMAL,fox
6348,48,ANIMAL,Dog
6349,48,ANIMAL,cat
6350,48,ANIMAL,rat
6351,48,ANIMAL,mouse
6352,48,ANIMAL,lizard
6353,48,ANIMAL,gecko
6354,48,ANIMAL,frog
6355,48,ANIMAL,chipmunk
6356,48,ANIMAL,squirrel
6357,48,ANIMAL,deer
6358,48,ANIMAL,rooster
6359,48,ANIMAL,crow
6360,48,ANIMAL,cow
6361,48,ANIMAL,hen
6362,48,ANIMAL,bull
6363,48,ANIMAL,goat
6364,48,ANIMAL,sheep
6365,48,ANIMAL,pig
6366,48,ANIMAL,baboon
6367,48,ANIMAL,gorilla
6368,48,ANIMAL,monkey
6369,48,ANIMAL,cheetah
6370,48,ANIMAL,elephant
6371,48,ANIMAL,eagle
6372,48,ANIMAL,hawk
6373,48,ANIMAL,muskrat
6374,48,ANIMAL,tiger
6375,49,ANIMAL,Ant
6376,49,ANIMAL,anteater
6377,49,ANIMAL,alligator
6378,49,ANIMAL,dog
6379,49,ANIMAL,cat
6380,49,ANIMAL,lion
6381,49,ANIMAL,rabbit
6382,49,ANIMAL,fox
6383,49,ANIMAL,snake
6384,49,ANIMAL,sheep
6385,49,ANIMAL,goat
6386,49,ANIMAL,bird
6387,49,ANIMAL,bee
6388,49,ANIMAL,butterfly
6389,49,ANIMAL,polar bear
6390,49,ANIMAL,pelican
6391,49,ANIMAL,shark
6392,49,ANIMAL,whale
6393,49,ANIMAL,monkey
6394,49,ANIMAL,penguin
6395,49,ANIMAL,cheetah
6396,49,ANIMAL,dolphin
6397,49,ANIMAL,zebra
6398,49,ANIMAL,squirrel
6399,49,ANIMAL,mosquito
6400,49,ANIMAL,hippopotamus
6401,49,ANIMAL,chimpanzee
6402,49,ANIMAL,seal
6403,49,ANIMAL,guinea pig
6404,50,ANIMAL,Dog
6405,50,ANIMAL,cat
6406,50,ANIMAL,lizard
6407,50,ANIMAL,fish
6408,50,ANIMAL,hamster
6409,50,ANIMAL,cow
6410,50,ANIMAL,pig
6411,50,ANIMAL,rooster
6412,50,ANIMAL,chicken
6413,50,ANIMAL,alligator
6414,50,ANIMAL,spider
6415,50,ANIMAL,monkey
6416,50,ANIMAL,gorilla
6417,50,ANIMAL,giraffe
6418,50,ANIMAL,mice
6419,50,ANIMAL,roach
6420,50,ANIMAL,squirrel
6421,50,ANIMAL,frogs
6422,50,ANIMAL,ants
6423,50,ANIMAL,doplphins
6424,50,ANIMAL,whales
6425,50,ANIMAL,fox
6426,50,ANIMAL,panda bear
6427,50,ANIMAL,caterpillars
6428,50,ANIMAL,birds
6429,50,ANIMAL,guinea pigs
6430,50,ANIMAL,turtles
6431,50,ANIMAL,butterfly
6432,51,ANIMAL,Cat
6433,51,ANIMAL,dog
6434,51,ANIMAL,lion
6435,51,ANIMAL,ostrich
6436,51,ANIMAL,jaguar
6437,51,ANIMAL,leopard
6438,51,ANIMAL,lemur
6439,51,ANIMAL,donkey
6440,51,ANIMAL,horse
6441,51,ANIMAL,whale
6442,51,ANIMAL,shark
6443,51,ANIMAL,seal
6444,51,ANIMAL,polar bear
6445,51,ANIMAL,black bear
6446,51,ANIMAL,koala
6447,51,ANIMAL,panda
6448,51,ANIMAL,raccoon
6449,51,ANIMAL,possum
6450,51,ANIMAL,elephant
6451,51,ANIMAL,rhino
6452,51,ANIMAL,giraffe
6453,51,ANIMAL,elk
6454,51,ANIMAL,moose
6455,51,ANIMAL,deer
6456,51,ANIMAL,squirrel
6457,51,ANIMAL,groundhog
6458,51,ANIMAL,prairie dog
6459,52,ANIMAL,Zebra
6460,52,ANIMAL,snake
6461,52,ANIMAL,shark
6462,52,ANIMAL,great white shark
6463,52,ANIMAL,megaladon
6464,52,ANIMAL,dolphin
6465,52,ANIMAL,bear
6466,52,ANIMAL,chimpanzie
6467,52,ANIMAL,gorilla
6468,52,ANIMAL,fish
6469,52,ANIMAL,octopus
6470,52,ANIMAL,dog
6471,52,ANIMAL,cat
6472,52,ANIMAL,bird
6473,52,ANIMAL,mouse
6474,52,ANIMAL,lion
6475,52,ANIMAL,tiger
6476,53,ANIMAL,Cat
6477,53,ANIMAL,dog
6478,53,ANIMAL,frog
6479,53,ANIMAL,horse
6480,53,ANIMAL,mouse
6481,53,ANIMAL,rat
6482,53,ANIMAL,aligator
6483,53,ANIMAL,bird
6484,53,ANIMAL,kangaroo
6485,53,ANIMAL,snake
6486,53,ANIMAL,skunk
6487,53,ANIMAL,pig
6488,53,ANIMAL,chicken
6489,53,ANIMAL,racoon
6490,54,ANIMAL,Dolphins
6491,54,ANIMAL,dogs
6492,54,ANIMAL,cats
6493,54,ANIMAL,hamsters
6494,54,ANIMAL,whales
6495,54,ANIMAL,sharks
6496,54,ANIMAL,snail
6497,54,ANIMAL,squirrel
6498,54,ANIMAL,fish
6499,54,ANIMAL,iguana
6500,54,ANIMAL,sloth
6501,54,ANIMAL,bear
6502,54,ANIMAL,pigeon
6503,54,ANIMAL,goose
6504,54,ANIMAL,duck
6505,54,ANIMAL,snakes
6506,54,ANIMAL,skunks
6507,54,ANIMAL,fox
6508,54,ANIMAL,rabbits
6509,54,ANIMAL,sea lions
6510,54,ANIMAL,lizard
6511,54,ANIMAL,lion
6512,54,ANIMAL,tiger
6513,54,ANIMAL,giraffe
6514,54,ANIMAL,polar bear
6515,54,ANIMAL,zebra
6516,54,ANIMAL,horse
6517,54,ANIMAL,rat
6518,55,ANIMAL,Lion
6519,55,ANIMAL,tiger
6520,55,ANIMAL,zebra
6521,55,ANIMAL,leopard
6522,55,ANIMAL,cat
6523,55,ANIMAL,bog
6524,55,ANIMAL,snake
6525,55,ANIMAL,elephant
6526,55,ANIMAL,monkey
6527,55,ANIMAL,gorilla
6528,55,ANIMAL,bird
6529,55,ANIMAL,kangaroo
6530,55,ANIMAL,rabbit
6531,55,ANIMAL,bunny
6532,55,ANIMAL,penguin
6533,56,ANIMAL,Dog
6534,56,ANIMAL,cat
6535,56,ANIMAL,snake
6536,56,ANIMAL,anteater
6537,56,ANIMAL,gorilla
6538,56,ANIMAL,monkey
6539,56,ANIMAL,bird
6540,56,ANIMAL,lion
6541,56,ANIMAL,rhino
6542,56,ANIMAL,penguin
6543,56,ANIMAL,bears
6544,56,ANIMAL,alligators
6545,56,ANIMAL,crocodiles
6546,56,ANIMAL,panther
6547,56,ANIMAL,tigers
6548,56,ANIMAL,squirrels
6549,56,ANIMAL,skunks
6550,57,ANIMAL,Cat
6551,57,ANIMAL,dog
6552,57,ANIMAL,bird
6553,57,ANIMAL,crab
6554,57,ANIMAL,fish
6555,57,ANIMAL,dolphin
6556,57,ANIMAL,lion
6557,57,ANIMAL,tiger
6558,57,ANIMAL,monkey
6559,57,ANIMAL,gorilla
6560,57,ANIMAL,leopard
6561,57,ANIMAL,panther
6562,57,ANIMAL,bobcat
6563,57,ANIMAL,wolf
6564,57,ANIMAL,deer
6565,57,ANIMAL,moose
6566,57,ANIMAL,doe
6567,57,ANIMAL,elk
6568,57,ANIMAL,alligator
6569,57,ANIMAL,crocodile
6570,57,ANIMAL,flamingo
6571,57,ANIMAL,snake
6572,57,ANIMAL,lizard
6573,57,ANIMAL,jellyfish
6574,57,ANIMAL,walwrus
6575,57,ANIMAL,sea lion
6576,57,ANIMAL,penguin
6577,58,ANIMAL,Dog
6578,58,ANIMAL,car
6579,58,ANIMAL,sloth
6580,58,ANIMAL,tiger
6581,58,ANIMAL,orangutan
6582,58,ANIMAL,koala
6583,58,ANIMAL,monkey
6584,58,ANIMAL,sheep
6585,58,ANIMAL,cow
6586,58,ANIMAL,chicken
6587,58,ANIMAL,turkey
6588,58,ANIMAL,horse
6589,58,ANIMAL,hamster
6590,58,ANIMAL,rat
6591,58,ANIMAL,squirrel
6592,58,ANIMAL,racoon
6593,58,ANIMAL,possum
6594,58,ANIMAL,bear
6595,58,ANIMAL,cuote
6596,58,ANIMAL,coyote
6597,58,ANIMAL,giraffe
6598,58,ANIMAL,elephant
6599,59,ANIMAL,Fox
6600,59,ANIMAL,bear
6601,59,ANIMAL,horse
6602,59,ANIMAL,dog
6603,59,ANIMAL,cat
6604,59,ANIMAL,tarantula
6605,59,ANIMAL,kangaroo
6606,59,ANIMAL,elephant
6607,59,ANIMAL,lion
6608,59,ANIMAL,tiger
6609,59,ANIMAL,monkey
6610,59,ANIMAL,jaguar
6611,59,ANIMAL,panther
6612,59,ANIMAL,polar bear
6613,59,ANIMAL,penguins
6614,59,ANIMAL,fish
6615,59,ANIMAL,whale
6616,59,ANIMAL,starfish
6617,59,ANIMAL,squid
6618,59,ANIMAL,crab
6619,59,ANIMAL,shrimp
6620,59,ANIMAL,lobster
6621,59,ANIMAL,caterpillar
6622,59,ANIMAL,butterfly
6623,59,ANIMAL,birds
6624,59,ANIMAL,rabbit
6625,59,ANIMAL,bunny
6626,59,ANIMAL,hamster
6627,59,ANIMAL,lizard
6628,59,ANIMAL,snake
6629,59,ANIMAL,squirrel
6630,59,ANIMAL,chipmunk
6631,60,ANIMAL,Bear
6632,60,ANIMAL,giraffe
6633,60,ANIMAL,dog
6634,60,ANIMAL,cat
6635,60,ANIMAL,fish
6636,60,ANIMAL,hamster
6637,60,ANIMAL,wolf
6638,60,ANIMAL,shark
6639,60,ANIMAL,dolphin
6640,60,ANIMAL,deer
6641,60,ANIMAL,fox
6642,60,ANIMAL,squirrel
6643,60,ANIMAL,guinea pig
6644,60,ANIMAL,lion
6645,60,ANIMAL,zebra
6646,60,ANIMAL,boar
6647,60,ANIMAL,hyena
6648,60,ANIMAL,polar bear
6649,60,ANIMAL,bobcat
6650,60,ANIMAL,mountain lion
6651,60,ANIMAL,gecko
6652,60,ANIMAL,frog
6653,60,ANIMAL,monkey
6654,60,ANIMAL,partridge
6655,60,ANIMAL,dove
6656,60,ANIMAL,eagle
6657,60,ANIMAL,moose
6658,60,ANIMAL,woodchuck
6659,60,ANIMAL,gopher
6660,60,ANIMAL,groundhog
6661,60,ANIMAL,mouse
6662,61,ANIMAL,Zebra
6663,61,ANIMAL,cat
6664,61,ANIMAL,dog
6665,61,ANIMAL,mouse
6666,61,ANIMAL,elephant
6667,61,ANIMAL,horse
6668,61,ANIMAL,frog
6669,61,ANIMAL,deer
6670,61,ANIMAL,moose
6671,61,ANIMAL,reindeer
6672,61,ANIMAL,elk
6673,61,ANIMAL,rabbit
6674,61,ANIMAL,fox
6675,61,ANIMAL,wolf
6676,61,ANIMAL,polar bear
6677,61,ANIMAL,bear
6678,61,ANIMAL,fish
6679,61,ANIMAL,lizard
6680,61,ANIMAL,snake
6681,61,ANIMAL,spider
6682,61,ANIMAL,giraffe
6683,61,ANIMAL,kangaroo
6684,61,ANIMAL,Tasmanian devil
6685,61,ANIMAL,emu
6686,61,ANIMAL,ostrich
6687,61,ANIMAL,penguin
6688,61,ANIMAL,shark
6689,61,ANIMAL,eagle
6690,61,ANIMAL,bird
6691,61,ANIMAL,falcon
6692,61,ANIMAL,ant
6693,61,ANIMAL,rat
6694,61,ANIMAL,hamster
6695,61,ANIMAL,ferret
6696,61,ANIMAL,canary
6697,61,ANIMAL,goat
6698,62,ANIMAL,Snail
6699,62,ANIMAL,snake
6700,62,ANIMAL,tiger
6701,62,ANIMAL,giraffe
6702,62,ANIMAL,lion
6703,62,ANIMAL,cat
6704,62,ANIMAL,dog
6705,62,ANIMAL,turtle
6706,62,ANIMAL,mouse
6707,62,ANIMAL,chimpanzee
6708,62,ANIMAL,gorilla
6709,62,ANIMAL,shark
6710,62,ANIMAL,whale
6711,62,ANIMAL,dolphin
6712,62,ANIMAL,birds
6713,62,ANIMAL,fish
6714,62,ANIMAL,rabbit
6715,62,ANIMAL,bunny
6716,62,ANIMAL,deer
6717,62,ANIMAL,moose
6718,62,ANIMAL,hawk
6719,62,ANIMAL,crow
6720,62,ANIMAL,kangaroo
6721,63,ANIMAL,Flamingo
6722,63,ANIMAL,octupus
6723,63,ANIMAL,whale
6724,63,ANIMAL,dolphin
6725,63,ANIMAL,fish
6726,63,ANIMAL,hippo
6727,63,ANIMAL,cat
6728,63,ANIMAL,dog
6729,63,ANIMAL,monkey
6730,63,ANIMAL,mouse
6731,63,ANIMAL,rat
6732,63,ANIMAL,lion
6733,63,ANIMAL,tiger
6734,63,ANIMAL,bird
6735,63,ANIMAL,shark
6736,63,ANIMAL,guinea pig
6737,63,ANIMAL,giraffe
6738,63,ANIMAL,cheetah
6739,63,ANIMAL,prairie dog
6740,63,ANIMAL,zebra
6741,63,ANIMAL,horse
6742,63,ANIMAL,pig
6743,63,ANIMAL,dove
6744,64,ANIMAL,Dog
6745,64,ANIMAL,cat
6746,64,ANIMAL,bird
6747,64,ANIMAL,mouse
6748,64,ANIMAL,lizard
6749,64,ANIMAL,tiger
6750,64,ANIMAL,lion
6751,64,ANIMAL,snake
6752,64,ANIMAL,rabbit
6753,64,ANIMAL,horse
6754,64,ANIMAL,donkey
6755,64,ANIMAL,sting ray
6756,64,ANIMAL,preying mantis
6757,64,ANIMAL,spider
6758,64,ANIMAL,bed bugs
6759,64,ANIMAL,wolf
6760,64,ANIMAL,fox
6761,64,ANIMAL,frog
6762,64,ANIMAL,toad
6763,64,ANIMAL,ostrich
6764,64,ANIMAL,penguin
6765,64,ANIMAL,flamingo
6766,64,ANIMAL,turtle
6767,64,ANIMAL,shark
6768,64,ANIMAL,dolphin
6769,64,ANIMAL,guinea pig
6770,64,ANIMAL,fish
6771,64,ANIMAL,sponge
6772,64,ANIMAL,jellyfish
6773,65,ANIMAL,Panda
6774,65,ANIMAL,ape
6775,65,ANIMAL,salomander
6776,65,ANIMAL,salmon
6777,65,ANIMAL,fish
6778,65,ANIMAL,octopus
6779,65,ANIMAL,frog
6780,65,ANIMAL,cat
6781,65,ANIMAL,dog
6782,65,ANIMAL,neut
6783,65,ANIMAL,penguin
6784,65,ANIMAL,bird
6785,65,ANIMAL,mouse
6786,65,ANIMAL,rat
6787,65,ANIMAL,peacock
6788,65,ANIMAL,lion
6789,65,ANIMAL,bear
6790,65,ANIMAL,bat
6791,65,ANIMAL,goat
6792,65,ANIMAL,sheep
6793,65,ANIMAL,cow
6794,65,ANIMAL,chicken
6795,65,ANIMAL,horse
6796,65,ANIMAL,sealion
6797,66,ANIMAL,Dog
6798,66,ANIMAL,cat
6799,66,ANIMAL,elephant
6800,66,ANIMAL,lion
6801,66,ANIMAL,tiger
6802,66,ANIMAL,bear
6803,66,ANIMAL,fish
6804,66,ANIMAL,frog
6805,66,ANIMAL,girrafe
6806,66,ANIMAL,leopard
6807,66,ANIMAL,cheetah
6808,66,ANIMAL,rat
6809,66,ANIMAL,hamster
6810,66,ANIMAL,panda
6811,66,ANIMAL,whale
6812,66,ANIMAL,shark
6813,66,ANIMAL,octopus
6814,66,ANIMAL,jellyfish
6815,66,ANIMAL,penguin
6816,66,ANIMAL,seal
6817,66,ANIMAL,pigeon
6818,66,ANIMAL,falcon
6819,66,ANIMAL,eagle
6820,66,ANIMAL,hawk
6821,66,ANIMAL,monkey
6822,66,ANIMAL,gorilla
6823,66,ANIMAL,snake
6824,67,ANIMAL,Sheep
6825,67,ANIMAL,wolves
6826,67,ANIMAL,coyotes
6827,67,ANIMAL,pig
6828,67,ANIMAL,cow
6829,67,ANIMAL,horse
6830,67,ANIMAL,cat
6831,67,ANIMAL,dog
6832,67,ANIMAL,turtle
6833,67,ANIMAL,seahorse
6834,67,ANIMAL,trout
6835,67,ANIMAL,bass
6836,67,ANIMAL,shark
6837,67,ANIMAL,whale
6838,67,ANIMAL,dolphin
6839,67,ANIMAL,octopus
6840,67,ANIMAL,squid
6841,67,ANIMAL,squirrel
6842,67,ANIMAL,sponge
6843,67,ANIMAL,starfish
6844,67,ANIMAL,pufferfish
6845,67,ANIMAL,lions
6846,67,ANIMAL,tigers
6847,67,ANIMAL,bears
6848,67,ANIMAL,millipede
6849,67,ANIMAL,racoon
6850,67,ANIMAL,ferret
6851,68,ANIMAL,Cat
6852,68,ANIMAL,dog
6853,68,ANIMAL,bird
6854,68,ANIMAL,horse
6855,68,ANIMAL,pig
6856,68,ANIMAL,chicken
6857,68,ANIMAL,cow
6858,68,ANIMAL,moose
6859,68,ANIMAL,camel
6860,68,ANIMAL,gorilla
6861,68,ANIMAL,tiger
6862,68,ANIMAL,cheetah
6863,68,ANIMAL,elephant
6864,68,ANIMAL,giraffe
6865,68,ANIMAL,hippo
6866,68,ANIMAL,lion
6867,68,ANIMAL,snail
6868,68,ANIMAL,ants
6869,68,ANIMAL,roach
6870,68,ANIMAL,whale
6871,68,ANIMAL,fish
6872,68,ANIMAL,hamster
6873,68,ANIMAL,rat
6874,68,ANIMAL,mouse
6875,69,ANIMAL,Cat
6876,69,ANIMAL,dog
6877,69,ANIMAL,bunny
6878,69,ANIMAL,fish
6879,69,ANIMAL,cow
6880,69,ANIMAL,sheep
6881,69,ANIMAL,hamster
6882,69,ANIMAL,ferret
6883,69,ANIMAL,bird
6884,69,ANIMAL,guinea pig
6885,69,ANIMAL,pig
6886,69,ANIMAL,horse
6887,69,ANIMAL,mouse
6888,69,ANIMAL,goats
6889,69,ANIMAL,elephants
6890,69,ANIMAL,lions
6891,69,ANIMAL,rams
6892,69,ANIMAL,giraffes
6893,69,ANIMAL,kangaroos
6894,69,ANIMAL,shark
6895,69,ANIMAL,whale
6896,69,ANIMAL,crab
6897,69,ANIMAL,dolphins
6898,69,ANIMAL,snakes
6899,69,ANIMAL,crocidioles
6900,69,ANIMAL,allegators
6901,69,ANIMAL,spider
6902,69,ANIMAL,worm
6903,69,ANIMAL,donkey
6904,69,ANIMAL,bats
6905,69,ANIMAL,deer
6906,69,ANIMAL,monkey
6907,69,ANIMAL,bear
6908,70,ANIMAL,Dog
6909,70,ANIMAL,cat
6910,70,ANIMAL,tiger
6911,70,ANIMAL,fish
6912,70,ANIMAL,whale
6913,70,ANIMAL,deer
6914,70,ANIMAL,giaffee
6915,70,ANIMAL,bear
6916,70,ANIMAL,lions
6917,70,ANIMAL,wolf
6918,70,ANIMAL,horse
6919,70,ANIMAL,dinosaur
6920,70,ANIMAL,birds
6921,70,ANIMAL,penguins
6922,70,ANIMAL,elephants
6923,70,ANIMAL,snakes
6924,71,ANIMAL,Hippo
6925,71,ANIMAL,gizelle
6926,71,ANIMAL,lion
6927,71,ANIMAL,bear
6928,71,ANIMAL,polarbear
6929,71,ANIMAL,mountain lion
6930,71,ANIMAL,shark
6931,71,ANIMAL,tiger
6932,71,ANIMAL,zebra
6933,71,ANIMAL,giraffe
6934,71,ANIMAL,dog
6935,71,ANIMAL,cat
6936,71,ANIMAL,leopard
6937,71,ANIMAL,armadillo
6938,71,ANIMAL,snake
6939,71,ANIMAL,lizard
6940,71,ANIMAL,monkey
6941,71,ANIMAL,guerilla
6942,71,ANIMAL,tarantula
6943,71,ANIMAL,iguana
6944,71,ANIMAL,octopus
6945,71,ANIMAL,starfish
6946,71,ANIMAL,crocodile
6947,71,ANIMAL,alligator
6948,71,ANIMAL,squirrel
6949,71,ANIMAL,bird
6950,72,ANIMAL,Dog
6951,72,ANIMAL,cat
6952,72,ANIMAL,sheep
6953,72,ANIMAL,lion
6954,72,ANIMAL,fish
6955,72,ANIMAL,leopard
6956,72,ANIMAL,bear
6957,72,ANIMAL,tiger
6958,72,ANIMAL,toad
6959,72,ANIMAL,frog
6960,72,ANIMAL,deer
6961,72,ANIMAL,racoon
6962,72,ANIMAL,bunny
6963,72,ANIMAL,snake
6964,72,ANIMAL,eagle
6965,72,ANIMAL,raven
6966,72,ANIMAL,bangel
6967,72,ANIMAL,bird
6968,72,ANIMAL,possum
6969,72,ANIMAL,rat
6970,72,ANIMAL,lizard
6971,72,ANIMAL,alligator
6972,72,ANIMAL,hippo
6973,72,ANIMAL,giraffe
6974,72,ANIMAL,elephant
6975,72,ANIMAL,moose
6976,72,ANIMAL,bat
6977,72,ANIMAL,jellyfish
6978,72,ANIMAL,shark
6979,72,ANIMAL,whale
6980,72,ANIMAL,dolphin
6981,72,ANIMAL,sting ray
6982,72,ANIMAL,clown fish
6983,72,ANIMAL,dinosaur
6984,73,ANIMAL,Doe
6985,73,ANIMAL,deer
6986,73,ANIMAL,donkey
6987,73,ANIMAL,fish
6988,73,ANIMAL,shark
6989,73,ANIMAL,dolphin
6990,73,ANIMAL,whale
6991,73,ANIMAL,seahorse
6992,73,ANIMAL,dog
6993,73,ANIMAL,cat
6994,73,ANIMAL,cheetah
6995,73,ANIMAL,jaguar
6996,73,ANIMAL,owl
6997,73,ANIMAL,parrot
6998,73,ANIMAL,eagle
6999,73,ANIMAL,falcon
7000,73,ANIMAL,toucan
7001,73,ANIMAL,lion
7002,73,ANIMAL,monkey
7003,73,ANIMAL,giraffe
7004,73,ANIMAL,gorilla
7005,73,ANIMAL,orangutan
7006,73,ANIMAL,ferret
7007,73,ANIMAL,cow
7008,73,ANIMAL,moose
7009,73,ANIMAL,bull
7010,73,ANIMAL,sheep
7011,73,ANIMAL,goat
7012,73,ANIMAL,lamb
7013,73,ANIMAL,alpaca
7014,73,ANIMAL,hamster
7015,73,ANIMAL,guinea pig
7016,73,ANIMAL,lizard
7017,73,ANIMAL,bunny/rabbit
7018,74,ANIMAL,Tiger
7019,74,ANIMAL,bear
7020,74,ANIMAL,lion
7021,74,ANIMAL,parrot
7022,74,ANIMAL,dog
7023,74,ANIMAL,cat
7024,74,ANIMAL,hippo
7025,74,ANIMAL,rhino
7026,74,ANIMAL,iguana
7027,74,ANIMAL,bearded dragon
7028,74,ANIMAL,fish
7029,74,ANIMAL,raven
7030,74,ANIMAL,eagle
7031,74,ANIMAL,squieral
7032,74,ANIMAL,chipmunk
7033,74,ANIMAL,turtle
7034,74,ANIMAL,frog
7035,74,ANIMAL,bat
7036,74,ANIMAL,snake
7037,74,ANIMAL,sloth
7038,74,ANIMAL,llama
7039,74,ANIMAL,giraffe
7040,74,ANIMAL,camel
7041,74,ANIMAL,flamingo
7042,74,ANIMAL,goat
7043,74,ANIMAL,sheep
7044,74,ANIMAL,alpaca
7045,74,ANIMAL,bunny
7046,75,ANIMAL,Dog
7047,75,ANIMAL,cat
7048,75,ANIMAL,fish
7049,75,ANIMAL,lobster
7050,75,ANIMAL,shrimp
7051,75,ANIMAL,crab
7052,75,ANIMAL,lion
7053,75,ANIMAL,tiger
7054,75,ANIMAL,bear
7055,75,ANIMAL,spider
7056,75,ANIMAL,rabbit
7057,75,ANIMAL,hare
7058,75,ANIMAL,opposum
7059,75,ANIMAL,squirrel
7060,75,ANIMAL,turtle
7061,75,ANIMAL,elephant
7062,75,ANIMAL,giraffe
7063,75,ANIMAL,chipmunck
7064,75,ANIMAL,chicken
7065,75,ANIMAL,pig
7066,75,ANIMAL,cow
7067,75,ANIMAL,donkey
7068,75,ANIMAL,horse
7069,75,ANIMAL,pony
7070,75,ANIMAL,mouse
7071,75,ANIMAL,rat
7072,75,ANIMAL,zebra
7073,75,ANIMAL,rhino
7074,75,ANIMAL,sloth
7075,75,ANIMAL,camel
7076,75,ANIMAL,moose
7077,76,ANIMAL,Tiger
7078,76,ANIMAL,lion
7079,76,ANIMAL,monkey
7080,76,ANIMAL,dog
7081,76,ANIMAL,cat
7082,76,ANIMAL,mouse
7083,76,ANIMAL,rat
7084,76,ANIMAL,cheetah
7085,76,ANIMAL,cow
7086,76,ANIMAL,horse
7087,76,ANIMAL,pig
7088,76,ANIMAL,chicken
7089,76,ANIMAL,sheep
7090,76,ANIMAL,llama
7091,76,ANIMAL,donkey
7092,76,ANIMAL,mule
7093,76,ANIMAL,reindeer
7094,76,ANIMAL,deer
7095,76,ANIMAL,duck
7096,76,ANIMAL,pigeon
7097,76,ANIMAL,dove
7098,76,ANIMAL,quail
7099,76,ANIMAL,goat
7100,76,ANIMAL,eagle
7101,76,ANIMAL,falcon
7102,76,ANIMAL,buffalo
7103,76,ANIMAL,elephant
7104,76,ANIMAL,giraffe
7105,76,ANIMAL,gorilla
7106,76,ANIMAL,bear
7107,76,ANIMAL,polar bear
7108,76,ANIMAL,black bear
7109,76,ANIMAL,raccoon
7110,76,ANIMAL,possum
7111,76,ANIMAL,turtle
7112,76,ANIMAL,fox
7113,76,ANIMAL,rabbit
7114,76,ANIMAL,seal
7115,76,ANIMAL,penguin
7116,76,ANIMAL,bugs
7117,76,ANIMAL,lizard
7118,76,ANIMAL,gecko
7119,77,ANIMAL,Pig
7120,77,ANIMAL,cat
7121,77,ANIMAL,dog
7122,77,ANIMAL,snake
7123,77,ANIMAL,rat
7124,77,ANIMAL,mouse
7125,77,ANIMAL,lion
7126,77,ANIMAL,tiger
7127,77,ANIMAL,elephants
7128,77,ANIMAL,racoon
7129,77,ANIMAL,aligator
7130,77,ANIMAL,crocodile
7131,77,ANIMAL,fish
7132,77,ANIMAL,shark
7133,77,ANIMAL,birds
7134,77,ANIMAL,hamster
7135,77,ANIMAL,guinea pig
7136,78,ANIMAL,Dog
7137,78,ANIMAL,cat
7138,78,ANIMAL,giraffe
7139,78,ANIMAL,hamster
7140,78,ANIMAL,bird
7141,78,ANIMAL,flamingo
7142,78,ANIMAL,tiger
7143,78,ANIMAL,lion
7144,78,ANIMAL,bear
7145,78,ANIMAL,jaguar
7146,78,ANIMAL,bunny
7147,78,ANIMAL,lizard
7148,78,ANIMAL,mamouth
7149,78,ANIMAL,elephant
7150,78,ANIMAL,parrot
7151,78,ANIMAL,kangaroo
7152,78,ANIMAL,monkey
7153,78,ANIMAL,donkey
7154,78,ANIMAL,horse
7155,78,ANIMAL,zebra
7156,78,ANIMAL,gerbil
7157,78,ANIMAL,fish
7158,78,ANIMAL,mouse
7159,78,ANIMAL,rat
7160,78,ANIMAL,koala
7161,78,ANIMAL,panda
7162,79,ANIMAL,Dogs
7163,79,ANIMAL,cats
7164,79,ANIMAL,bird
7165,79,ANIMAL,parrot
7166,79,ANIMAL,cockateil
7167,79,ANIMAL,golden retriver
7168,79,ANIMAL,yorki
7169,79,ANIMAL,poodle
7170,79,ANIMAL,labrador
7171,79,ANIMAL,husky
7172,79,ANIMAL,fish
7173,79,ANIMAL,salmon
7174,79,ANIMAL,eel
7175,79,ANIMAL,sharks
7176,79,ANIMAL,octopus
7177,79,ANIMAL,lions
7178,79,ANIMAL,tigers
7179,79,ANIMAL,hyena
7180,79,ANIMAL,pig
7181,79,ANIMAL,cow
7182,79,ANIMAL,chicken
7183,79,ANIMAL,guinea pig
7184,79,ANIMAL,hamster
7185,79,ANIMAL,squid
7186,79,ANIMAL,rooster
7187,79,ANIMAL,turkey
7188,80,ANIMAL,Cat
7189,80,ANIMAL,dog
7190,80,ANIMAL,bear
7191,80,ANIMAL,bird
7192,80,ANIMAL,ferret
7193,80,ANIMAL,iguana
7194,80,ANIMAL,snake
7195,80,ANIMAL,antalope
7196,80,ANIMAL,red ealer
7197,80,ANIMAL,whale
7198,80,ANIMAL,goldfish
7199,80,ANIMAL,eel
7200,80,ANIMAL,fluke
7201,80,ANIMAL,manta ray
7202,80,ANIMAL,seagul
7203,80,ANIMAL,turtle
7204,80,ANIMAL,frog
7205,80,ANIMAL,tiger
7206,80,ANIMAL,lion
7207,80,ANIMAL,hippo
7208,80,ANIMAL,penguin
7209,80,ANIMAL,manatee
7210,80,ANIMAL,human
7211,80,ANIMAL,giraffe
7212,80,ANIMAL,bat
7213,80,ANIMAL,hawk
7214,80,ANIMAL,eagle
7215,81,ANIMAL,Dog
7216,81,ANIMAL,cat
7217,81,ANIMAL,bird
7218,81,ANIMAL,rabbit
7219,81,ANIMAL,squirrel
7220,81,ANIMAL,lion
7221,81,ANIMAL,tiger
7222,81,ANIMAL,bear
7223,81,ANIMAL,gorilla
7224,81,ANIMAL,monkey
7225,81,ANIMAL,mouse
7226,81,ANIMAL,rat
7227,81,ANIMAL,lizard
7228,81,ANIMAL,seal
7229,81,ANIMAL,dolphin
7230,81,ANIMAL,shark
7231,81,ANIMAL,fish
7232,81,ANIMAL,parrot
7233,81,ANIMAL,snake
7234,81,ANIMAL,mountain lion
7235,81,ANIMAL,goat
7236,81,ANIMAL,sheep
7237,81,ANIMAL,cow
7238,81,ANIMAL,pig
7239,81,ANIMAL,turkey
7240,81,ANIMAL,chicken
7241,81,ANIMAL,deer
7242,81,ANIMAL,moose
7243,81,ANIMAL,giraffe
7244,81,ANIMAL,elephant
7245,81,ANIMAL,hippo
7246,81,ANIMAL,sloth
7247,81,ANIMAL,koala
7248,81,ANIMAL,kangaroo
7249,82,ANIMAL,Zebra
7250,82,ANIMAL,antelope
7251,82,ANIMAL,lion
7252,82,ANIMAL,elephant
7253,82,ANIMAL,jaguar
7254,82,ANIMAL,giraffe
7255,82,ANIMAL,cat
7256,82,ANIMAL,dog
7257,82,ANIMAL,hippo
7258,82,ANIMAL,crocodile
7259,82,ANIMAL,worm
7260,82,ANIMAL,squrrel
7261,82,ANIMAL,chipmunk
7262,82,ANIMAL,skunk
7263,82,ANIMAL,deer
7264,82,ANIMAL,beer
7265,82,ANIMAL,rabbit
7266,82,ANIMAL,hare
7267,82,ANIMAL,bunny
7268,82,ANIMAL,chinchilla
7269,82,ANIMAL,mouse
7270,82,ANIMAL,rat
7271,82,ANIMAL,pig
7272,82,ANIMAL,horse
7273,82,ANIMAL,sheep
7274,82,ANIMAL,cow
7275,82,ANIMAL,bull
7276,82,ANIMAL,ox
7277,82,ANIMAL,buffalo
7278,82,ANIMAL,goat
7279,82,ANIMAL,wolfe
7280,82,ANIMAL,prairie dog
7281,82,ANIMAL,coyote
7282,82,ANIMAL,fox
7283,82,ANIMAL,bat
7284,82,ANIMAL,platapus
7285,82,ANIMAL,penguin
7286,82,ANIMAL,monkey
7287,82,ANIMAL,ape
7288,82,ANIMAL,chimpanzee
7289,82,ANIMAL,mountain lion
7290,82,ANIMAL,miercat
7291,83,ANIMAL,Alligator
7292,83,ANIMAL,arrmadilo
7293,83,ANIMAL,snake
7294,83,ANIMAL,crocodile
7295,83,ANIMAL,elephant
7296,83,ANIMAL,dog
7297,83,ANIMAL,cat
7298,83,ANIMAL,lizard
7299,83,ANIMAL,frog
7300,83,ANIMAL,toad
7301,83,ANIMAL,tadpole
7302,83,ANIMAL,fish
7303,83,ANIMAL,shark
7304,83,ANIMAL,eel
7305,83,ANIMAL,whale
7306,83,ANIMAL,bird
7307,83,ANIMAL,kangaroo
7308,83,ANIMAL,wallabee
7309,83,ANIMAL,cucubora
7310,83,ANIMAL,turtle
7311,83,ANIMAL,tortise
7312,83,ANIMAL,salamander
7313,83,ANIMAL,rabbit
7314,83,ANIMAL,headgehog
7315,83,ANIMAL,giraffe
7316,83,ANIMAL,lion
7317,83,ANIMAL,tigerk
7318,83,ANIMAL,bear
7319,83,ANIMAL,jaguar
7320,83,ANIMAL,lepard
7321,83,ANIMAL,anteater
7322,83,ANIMAL,bat
7323,83,ANIMAL,lemur
7324,84,ANIMAL,Dog
7325,84,ANIMAL,cat
7326,84,ANIMAL,fish
7327,84,ANIMAL,hamster
7328,84,ANIMAL,gerbil
7329,84,ANIMAL,shark
7330,84,ANIMAL,dolphin
7331,84,ANIMAL,zebra
7332,84,ANIMAL,horse
7333,84,ANIMAL,giraffe
7334,84,ANIMAL,lion
7335,84,ANIMAL,tiger
7336,84,ANIMAL,bear
7337,84,ANIMAL,fox
7338,84,ANIMAL,deer
7339,84,ANIMAL,moose
7340,84,ANIMAL,rabbit
7341,84,ANIMAL,turtle
7342,84,ANIMAL,kangaroo
7343,84,ANIMAL,bird
7344,84,ANIMAL,seagull
7345,84,ANIMAL,crab
7346,84,ANIMAL,lobster
7347,84,ANIMAL,chicken
7348,84,ANIMAL,pig
7349,84,ANIMAL,cow
7350,84,ANIMAL,mule
7351,84,ANIMAL,donkey
7352,84,ANIMAL,bobcat
7353,84,ANIMAL,coyote
7354,84,ANIMAL,wolf
7355,85,ANIMAL,Dog
7356,85,ANIMAL,cat
7357,85,ANIMAL,iguana
7358,85,ANIMAL,lion
7359,85,ANIMAL,giraffe
7360,85,ANIMAL,hippopatamus
7361,85,ANIMAL,tiger
7362,85,ANIMAL,liger
7363,85,ANIMAL,chimpanzee
7364,85,ANIMAL,monkey
7365,85,ANIMAL,gorilla
7366,85,ANIMAL,hyena
7367,85,ANIMAL,gazelle
7368,85,ANIMAL,zebra
7369,85,ANIMAL,sparrow
7370,85,ANIMAL,hawk
7371,85,ANIMAL,snake
7372,85,ANIMAL,orangutang
7373,85,ANIMAL,shark
7374,85,ANIMAL,eel
7375,85,ANIMAL,rhinoceraus
7376,85,ANIMAL,bull
7377,85,ANIMAL,squirrel
7378,86,ANIMAL,Bird
7379,86,ANIMAL,fox
7380,86,ANIMAL,squirrel
7381,86,ANIMAL,cat
7382,86,ANIMAL,dog
7383,86,ANIMAL,shark
7384,86,ANIMAL,turtle
7385,86,ANIMAL,seal
7386,86,ANIMAL,alligator
7387,86,ANIMAL,crocodile
7388,86,ANIMAL,owl
7389,86,ANIMAL,tiger
7390,86,ANIMAL,lion
7391,86,ANIMAL,chimpanzee
7392,86,ANIMAL,monkey
7393,86,ANIMAL,baboon
7394,86,ANIMAL,rat
7395,86,ANIMAL,mouse
7396,86,ANIMAL,fish
7397,86,ANIMAL,seal
7398,86,ANIMAL,black bear
7399,86,ANIMAL,grizzley bear
7400,86,ANIMAL,polar bear
7401,86,ANIMAL,penguin
7402,86,ANIMAL,octopus
7403,86,ANIMAL,dinosaur
7404,86,ANIMAL,spider
7405,86,ANIMAL,ant
7406,87,ANIMAL,Fish
7407,87,ANIMAL,dog
7408,87,ANIMAL,elephant
7409,87,ANIMAL,giraffe
7410,87,ANIMAL,cat
7411,87,ANIMAL,lizard
7412,87,ANIMAL,pig
7413,87,ANIMAL,goat
7414,87,ANIMAL,donkey
7415,87,ANIMAL,bear
7416,87,ANIMAL,tiger
7417,87,ANIMAL,lion
7418,87,ANIMAL,cow
7419,87,ANIMAL,horse
7420,87,ANIMAL,sloth
7421,87,ANIMAL,monkeys
7422,87,ANIMAL,birds
7423,87,ANIMAL,hamsters
7424,87,ANIMAL,rats
7425,87,ANIMAL,panther
7426,87,ANIMAL,jaguar
7427,87,ANIMAL,chinchillas
7428,87,ANIMAL,fox
7429,87,ANIMAL,gerbal
7430,87,ANIMAL,guinea pigs
7431,87,ANIMAL,rabbit
7432,87,ANIMAL,deer
7433,88,ANIMAL,Giraffe
7434,88,ANIMAL,tiger
7435,88,ANIMAL,lion
7436,88,ANIMAL,ostrich
7437,88,ANIMAL,elephant
7438,88,ANIMAL,sheep
7439,88,ANIMAL,goat
7440,88,ANIMAL,rhino
7441,88,ANIMAL,hippo
7442,88,ANIMAL,eagle
7443,88,ANIMAL,falcon
7444,88,ANIMAL,pigeon
7445,88,ANIMAL,hawk
7446,88,ANIMAL,dog
7447,88,ANIMAL,cat
7448,88,ANIMAL,snake
7449,88,ANIMAL,hamster
7450,88,ANIMAL,rat
7451,88,ANIMAL,deer
7452,88,ANIMAL,moose
7453,88,ANIMAL,antelope
7454,88,ANIMAL,wildebeest
7455,88,ANIMAL,camel
7456,88,ANIMAL,koala
7457,88,ANIMAL,alpaca
7458,88,ANIMAL,llama
7459,88,ANIMAL,bear
7460,88,ANIMAL,alligator
7461,88,ANIMAL,komodo dragon
7462,88,ANIMAL,lizard
7463,88,ANIMAL,hummingbird
7464,88,ANIMAL,wolf
7465,88,ANIMAL,coyote
7466,88,ANIMAL,bobcat
7467,88,ANIMAL,lynx
7468,88,ANIMAL,puma
7469,88,ANIMAL,meerkat
7470,88,ANIMAL,warthog
7471,88,ANIMAL,pig
7472,88,ANIMAL,cow
7473,88,ANIMAL,horse
7474,89,ANIMAL,Dog
7475,89,ANIMAL,cat
7476,89,ANIMAL,pig
7477,89,ANIMAL,giraffe
7478,89,ANIMAL,gorilla
7479,89,ANIMAL,alligator
7480,89,ANIMAL,lion
7481,89,ANIMAL,tiger
7482,89,ANIMAL,hippo
7483,89,ANIMAL,squarale
7484,89,ANIMAL,rat
7485,89,ANIMAL,bird
7486,89,ANIMAL,snake
7487,89,ANIMAL,shark
7488,89,ANIMAL,monkey
7489,89,ANIMAL,zebra
7490,89,ANIMAL,bull
7491,89,ANIMAL,horse
7492,89,ANIMAL,duck
7493,90,ANIMAL,Dolphin
7494,90,ANIMAL,elephant
7495,90,ANIMAL,hippo
7496,90,ANIMAL,cheetah
7497,90,ANIMAL,brown bear
7498,90,ANIMAL,black bear
7499,90,ANIMAL,monkey
7500,90,ANIMAL,chimp
7501,90,ANIMAL,gorilla
7502,90,ANIMAL,tiger
7503,90,ANIMAL,dog
7504,90,ANIMAL,cat
7505,90,ANIMAL,giraffe
7506,90,ANIMAL,bird
7507,90,ANIMAL,tucan
7508,90,ANIMAL,osprey
7509,90,ANIMAL,deer
7510,90,ANIMAL,moose
7511,90,ANIMAL,mouse
7512,90,ANIMAL,rat
7513,90,ANIMAL,hamster
7514,90,ANIMAL,horse
7515,90,ANIMAL,cow
7516,90,ANIMAL,chicken
7517,90,ANIMAL,rooster
7518,90,ANIMAL,squirrel
7519,90,ANIMAL,wild dog
7520,90,ANIMAL,great white shark
7521,90,ANIMAL,tiger shark
7522,90,ANIMAL,nurse shark
7523,90,ANIMAL,turtle
7524,90,ANIMAL,green sea turtle
7525,90,ANIMAL,penguine
7526,90,ANIMAL,orca
7527,91,ANIMAL,Ants
7528,91,ANIMAL,monkeys
7529,91,ANIMAL,dogs
7530,91,ANIMAL,cats
7531,91,ANIMAL,giraffes
7532,91,ANIMAL,snakes
7533,91,ANIMAL,birds
7534,91,ANIMAL,bees
7535,91,ANIMAL,grasshoppers
7536,91,ANIMAL,lizards
7537,91,ANIMAL,iguanas
7538,91,ANIMAL,bears
7539,91,ANIMAL,lions
7540,91,ANIMAL,tigers
7541,91,ANIMAL,bats
7542,91,ANIMAL,fish
7543,91,ANIMAL,hippos
7544,91,ANIMAL,turtles
7545,91,ANIMAL,starfish
7546,91,ANIMAL,penguins
7547,92,ANIMAL,Dog
7548,92,ANIMAL,cat
7549,92,ANIMAL,bird
7550,92,ANIMAL,cheetah
7551,92,ANIMAL,lion
7552,92,ANIMAL,tiger
7553,92,ANIMAL,snake
7554,92,ANIMAL,bunny
7555,92,ANIMAL,big
7556,92,ANIMAL,bear
7557,92,ANIMAL,cow
7558,92,ANIMAL,turtle
7559,92,ANIMAL,frog
7560,92,ANIMAL,gopher
7561,92,ANIMAL,groundhog
7562,92,ANIMAL,deer
7563,92,ANIMAL,anteater
7564,92,ANIMAL,raccoon
7565,92,ANIMAL,fox
7566,92,ANIMAL,cyotee
7567,92,ANIMAL,whale
7568,92,ANIMAL,dolphin
7569,92,ANIMAL,crab
7570,92,ANIMAL,shark
7571,92,ANIMAL,ferret
7572,92,ANIMAL,mouse
7573,92,ANIMAL,chinchilla
7574,92,ANIMAL,rat
7575,92,ANIMAL,guinea pig
7576,92,ANIMAL,hamster
7577,92,ANIMAL,crocadille
7578,92,ANIMAL,armadillo
7579,92,ANIMAL,mole
7580,93,ANIMAL,Cat
7581,93,ANIMAL,dog
7582,93,ANIMAL,platypus
7583,93,ANIMAL,mouse
7584,93,ANIMAL,rat
7585,93,ANIMAL,cow
7586,93,ANIMAL,llama
7587,93,ANIMAL,horse
7588,93,ANIMAL,elephant
7589,93,ANIMAL,crow
7590,93,ANIMAL,bird
7591,93,ANIMAL,dinosaur
7592,93,ANIMAL,cheetah
7593,93,ANIMAL,lion
7594,93,ANIMAL,tiger
7595,93,ANIMAL,zebra
7596,93,ANIMAL,mouse
7597,93,ANIMAL,penguin
7598,93,ANIMAL,hamster
7599,93,ANIMAL,parrot
7600,93,ANIMAL,hippopotamus
7601,93,ANIMAL,dolphin
7602,93,ANIMAL,shark
7603,93,ANIMAL,fish
7604,93,ANIMAL,stingray
7605,93,ANIMAL,skunk
7606,93,ANIMAL,iguana
7607,93,ANIMAL,lizard
7608,93,ANIMAL,pony
7609,94,ANIMAL,Kangaroo
7610,94,ANIMAL,cat
7611,94,ANIMAL,dog
7612,94,ANIMAL,turtle
7613,94,ANIMAL,zebra
7614,94,ANIMAL,giraffe
7615,94,ANIMAL,lions
7616,94,ANIMAL,tiger
7617,94,ANIMAL,bear
7618,94,ANIMAL,lizard
7619,94,ANIMAL,iguana
7620,94,ANIMAL,girble
7621,94,ANIMAL,ant
7622,94,ANIMAL,elephant
7623,94,ANIMAL,snake
7624,94,ANIMAL,squirrel
7625,94,ANIMAL,bird
7626,94,ANIMAL,rhinosauraus
7627,94,ANIMAL,hippo
7628,94,ANIMAL,polar bear
7629,94,ANIMAL,monkey
7630,94,ANIMAL,chimpanzee
7631,94,ANIMAL,owl
7632,94,ANIMAL,bat
7633,94,ANIMAL,unicorn
7634,95,ANIMAL,Anteater
7635,95,ANIMAL,bear
7636,95,ANIMAL,bird
7637,95,ANIMAL,cayote
7638,95,ANIMAL,crocodile
7639,95,ANIMAL,buck
7640,95,ANIMAL,elephant
7641,95,ANIMAL,fox
7642,95,ANIMAL,ferret
7643,95,ANIMAL,giraffe
7644,95,ANIMAL,goat
7645,95,ANIMAL,hyena
7646,95,ANIMAL,human
7647,95,ANIMAL,iguana
7648,95,ANIMAL,kangaroo
7649,95,ANIMAL,lion
7650,95,ANIMAL,leopard
7651,95,ANIMAL,penguin
7652,95,ANIMAL,orangatan
7653,95,ANIMAL,panda
7654,95,ANIMAL,rabbit
7655,95,ANIMAL,bunny
7656,95,ANIMAL,sloth
7657,95,ANIMAL,toad
7658,95,ANIMAL,turtle
7659,95,ANIMAL,wombat
7660,95,ANIMAL,watterbuffalo
7661,95,ANIMAL,buffalo
7662,95,ANIMAL,zebra
7663,95,ANIMAL,monkey
7664,95,ANIMAL,pig
7665,95,ANIMAL,horse
7666,95,ANIMAL,dog
7667,95,ANIMAL,cat
7668,96,ANIMAL,Zebra
7669,96,ANIMAL,giraffe
7670,96,ANIMAL,hippo
7671,96,ANIMAL,frog
7672,96,ANIMAL,dog
7673,96,ANIMAL,cat
7674,96,ANIMAL,monkey
7675,96,ANIMAL,armadillo
7676,96,ANIMAL,snake
7677,96,ANIMAL,bear
7678,96,ANIMAL,horse
7679,96,ANIMAL,cow
7680,96,ANIMAL,pig
7681,96,ANIMAL,chicken
7682,96,ANIMAL,rooster
7683,96,ANIMAL,boar
7684,96,ANIMAL,bull
7685,96,ANIMAL,duck
7686,96,ANIMAL,fly
7687,96,ANIMAL,mosquito
7688,96,ANIMAL,butterfly
7689,96,ANIMAL,caterpillar
7690,96,ANIMAL,worm
7691,96,ANIMAL,fish
7692,96,ANIMAL,shrimp
7693,96,ANIMAL,octopus
7694,96,ANIMAL,squid
7695,96,ANIMAL,ant
7696,96,ANIMAL,anteater
7697,96,ANIMAL,sloth
7698,97,ANIMAL,Cat
7699,97,ANIMAL,dog
7700,97,ANIMAL,rabbit
7701,97,ANIMAL,horse
7702,97,ANIMAL,giraff
7703,97,ANIMAL,zebra
7704,97,ANIMAL,tiger
7705,97,ANIMAL,lion
7706,97,ANIMAL,snake
7707,97,ANIMAL,cow
7708,97,ANIMAL,monkey
7709,97,ANIMAL,elephant
7710,97,ANIMAL,wolf
7711,98,ANIMAL,Squirrel
7712,98,ANIMAL,dog
7713,98,ANIMAL,cat
7714,98,ANIMAL,giraffe
7715,98,ANIMAL,elephant
7716,98,ANIMAL,bear
7717,98,ANIMAL,koala bear
7718,98,ANIMAL,hamster
7719,98,ANIMAL,guinea pig
7720,98,ANIMAL,rabbit
7721,98,ANIMAL,birds
7722,98,ANIMAL,sugarbaby
7723,98,ANIMAL,polar bear
7724,98,ANIMAL,lion
7725,98,ANIMAL,tiger
7726,98,ANIMAL,panda
7727,98,ANIMAL,panther
7728,98,ANIMAL,deer
7729,98,ANIMAL,moose
7730,98,ANIMAL,gazelle
7731,98,ANIMAL,alpaca
7732,98,ANIMAL,llama
7733,98,ANIMAL,pig
7734,98,ANIMAL,oxen
7735,98,ANIMAL,donkey
7736,98,ANIMAL,chicken
7737,98,ANIMAL,rooster
7738,98,ANIMAL,goose
7739,98,ANIMAL,duck
7740,98,ANIMAL,swan
7741,98,ANIMAL,whale
7742,98,ANIMAL,dolphin
7743,98,ANIMAL,fish
7744,98,ANIMAL,eel
7745,98,ANIMAL,snake
7746,98,ANIMAL,toad
7747,98,ANIMAL,frog
7748,99,ANIMAL,Dogs
7749,99,ANIMAL,cats
7750,99,ANIMAL,turtles
7751,99,ANIMAL,lion
7752,99,ANIMAL,tigers
7753,99,ANIMAL,ceetah
7754,99,ANIMAL,hippo
7755,99,ANIMAL,penguins
7756,99,ANIMAL,birds
7757,99,ANIMAL,rats
7758,99,ANIMAL,goose
7759,99,ANIMAL,ducks
7760,99,ANIMAL,giraffe
7761,99,ANIMAL,sloths
7762,99,ANIMAL,deer
7763,99,ANIMAL,bats
7764,99,ANIMAL,crocodile
7765,99,ANIMAL,alligators
7766,99,ANIMAL,snakes
7767,99,ANIMAL,ox
7768,99,ANIMAL,rhino
7769,99,ANIMAL,pigs
7770,99,ANIMAL,goldfish
7771,99,ANIMAL,snails
7772,99,ANIMAL,chimpanzee
7773,99,ANIMAL,apes
7774,99,ANIMAL,gorillas
7775,99,ANIMAL,horse
7776,99,ANIMAL,seahorse
7777,99,ANIMAL,donkey
7778,99,ANIMAL,llamas
7779,99,ANIMAL,alpacas
7780,100,ANIMAL,Giraffe
7781,100,ANIMAL,elephant
7782,100,ANIMAL,alpaca
7783,100,ANIMAL,condor
7784,100,ANIMAL,rat
7785,100,ANIMAL,mouse
7786,100,ANIMAL,moose
7787,100,ANIMAL,goose
7788,100,ANIMAL,cow
7789,100,ANIMAL,llama
7790,100,ANIMAL,eagle
7791,100,ANIMAL,hawk
7792,100,ANIMAL,horse
7793,100,ANIMAL,dog
7794,100,ANIMAL,cat
7795,100,ANIMAL,tiger
7796,100,ANIMAL,lion
7797,100,ANIMAL,jaguar
7798,100,ANIMAL,coyote
7799,100,ANIMAL,crocodile
7800,100,ANIMAL,alligator
7801,100,ANIMAL,zebra
7802,100,ANIMAL,monkey
7803,100,ANIMAL,gorrilla
7804,100,ANIMAL,pig
7805,100,ANIMAL,boar
7806,100,ANIMAL,anteater
7807,101,ANIMAL,Dog
7808,101,ANIMAL,cat
7809,101,ANIMAL,fox
7810,101,ANIMAL,lion
7811,101,ANIMAL,tiger
7812,101,ANIMAL,anteater
7813,101,ANIMAL,bear
7814,101,ANIMAL,owl
7815,101,ANIMAL,snake
7816,101,ANIMAL,sloth
7817,101,ANIMAL,panda
7818,101,ANIMAL,dolphin
7819,101,ANIMAL,hamster
7820,101,ANIMAL,wolf
7821,101,ANIMAL,bird
7822,101,ANIMAL,fish
7823,101,ANIMAL,shark
7824,101,ANIMAL,moose
7825,101,ANIMAL,yack
7826,101,ANIMAL,cow
7827,101,ANIMAL,chicken
7828,101,ANIMAL,ox
7829,101,ANIMAL,pig
7830,101,ANIMAL,monkey
7831,101,ANIMAL,salamander
7832,101,ANIMAL,lizard
7833,101,ANIMAL,frog
7834,101,ANIMAL,bat
7835,102,ANIMAL,Bear
7836,102,ANIMAL,dog
7837,102,ANIMAL,cat
7838,102,ANIMAL,bird
7839,102,ANIMAL,lion
7840,102,ANIMAL,panther
7841,102,ANIMAL,cougar
7842,102,ANIMAL,falcon
7843,102,ANIMAL,hamster
7844,102,ANIMAL,monkey
7845,102,ANIMAL,squirrel
7846,102,ANIMAL,deer
7847,102,ANIMAL,fox
7848,102,ANIMAL,seal
7849,102,ANIMAL,koala
7850,102,ANIMAL,sloth
7851,102,ANIMAL,elephant
7852,102,ANIMAL,giraffe
7853,102,ANIMAL,rhino
7854,102,ANIMAL,hippo
7855,103,ANIMAL,Ape
7856,103,ANIMAL,dog
7857,103,ANIMAL,cat
7858,103,ANIMAL,rabbit
7859,103,ANIMAL,gerbil
7860,103,ANIMAL,mouse
7861,103,ANIMAL,ferret
7862,103,ANIMAL,degu
7863,103,ANIMAL,bear
7864,103,ANIMAL,bird
7865,103,ANIMAL,giaraffe
7866,103,ANIMAL,whale
7867,103,ANIMAL,penguin
7868,103,ANIMAL,seal
7869,103,ANIMAL,monkey
7870,103,ANIMAL,lemur
7871,103,ANIMAL,hamster
7872,103,ANIMAL,rat
7873,103,ANIMAL,elephant
7874,103,ANIMAL,racoon
7875,103,ANIMAL,possum
7876,103,ANIMAL,squirrel
7877,103,ANIMAL,pig
7878,103,ANIMAL,cow
7879,103,ANIMAL,sheep
7880,103,ANIMAL,horse
7881,103,ANIMAL,ox
7882,103,ANIMAL,donkey
7883,104,ANIMAL,Monkey
7884,104,ANIMAL,giraffe
7885,104,ANIMAL,dog
7886,104,ANIMAL,cat
7887,104,ANIMAL,antelope
7888,104,ANIMAL,shark
7889,104,ANIMAL,fish
7890,104,ANIMAL,whale
7891,104,ANIMAL,kangaroo
7892,104,ANIMAL,kowala
7893,104,ANIMAL,deer
7894,104,ANIMAL,moose
7895,104,ANIMAL,geese
7896,104,ANIMAL,eagle
7897,104,ANIMAL,hawk
7898,104,ANIMAL,raven
7899,104,ANIMAL,pigeon
7900,104,ANIMAL,zebra
7901,104,ANIMAL,crocodile
7902,104,ANIMAL,alligator
7903,104,ANIMAL,snake
7904,104,ANIMAL,lizard
7905,104,ANIMAL,frog
7906,104,ANIMAL,dolphin
7907,104,ANIMAL,panda
7908,104,ANIMAL,llama
7909,104,ANIMAL,polar bear
7910,105,ANIMAL,Fish
7911,105,ANIMAL,dog
7912,105,ANIMAL,cat
7913,105,ANIMAL,ant
7914,105,ANIMAL,elephant
7915,105,ANIMAL,zebra
7916,105,ANIMAL,giraffe
7917,105,ANIMAL,whale
7918,105,ANIMAL,peiguin
7919,105,ANIMAL,bird
7920,105,ANIMAL,mouse
7921,105,ANIMAL,rat
7922,105,ANIMAL,tiger
7923,105,ANIMAL,dolphin
7924,105,ANIMAL,starfist
7925,105,ANIMAL,crab
7926,105,ANIMAL,shrimp
7927,105,ANIMAL,turkey
7928,105,ANIMAL,chicken
7929,105,ANIMAL,cow
7930,105,ANIMAL,bear
7931,105,ANIMAL,hampster
7932,105,ANIMAL,kingarow
7933,105,ANIMAL,frog
7934,105,ANIMAL,butterfly
7935,106,ANIMAL,Dog
7936,106,ANIMAL,cat
7937,106,ANIMAL,horse
7938,106,ANIMAL,turtle
7939,106,ANIMAL,unicorn
7940,106,ANIMAL,dragon
7941,106,ANIMAL,lizard
7942,106,ANIMAL,bird
7943,106,ANIMAL,deer
7944,106,ANIMAL,fox
7945,106,ANIMAL,wolf
7946,106,ANIMAL,coyote
7947,106,ANIMAL,bear
7948,106,ANIMAL,lion
7949,106,ANIMAL,tiger
7950,106,ANIMAL,panther
7951,106,ANIMAL,porqupine
7952,106,ANIMAL,vole
7953,106,ANIMAL,mole
7954,106,ANIMAL,goat
7955,106,ANIMAL,parakeet
7956,106,ANIMAL,finch
7957,106,ANIMAL,whale
7958,106,ANIMAL,shark
7959,106,ANIMAL,whale-shark
7960,106,ANIMAL,tiger head shark
7961,106,ANIMAL,hammerhead shark
7962,106,ANIMAL,great white shark
7963,106,ANIMAL,fish
7964,106,ANIMAL,pig
7965,106,ANIMAL,baby pig/piglet
7966,107,ANIMAL,Dog
7967,107,ANIMAL,cat
7968,107,ANIMAL,rat
7969,107,ANIMAL,mouse
7970,107,ANIMAL,hampster
7971,107,ANIMAL,bunny
7972,107,ANIMAL,cow
7973,107,ANIMAL,sheep
7974,107,ANIMAL,pig
7975,107,ANIMAL,goat
7976,107,ANIMAL,horse
7977,107,ANIMAL,monkey
7978,107,ANIMAL,snake
7979,107,ANIMAL,alligator
7980,107,ANIMAL,tiger
7981,107,ANIMAL,lion
7982,107,ANIMAL,bear
7983,107,ANIMAL,turtle
7984,107,ANIMAL,chimpanzee
7985,107,ANIMAL,bird
7986,107,ANIMAL,butterfly
7987,108,ANIMAL,Cat
7988,108,ANIMAL,dog
7989,108,ANIMAL,horsh
7990,108,ANIMAL,fish
7991,108,ANIMAL,turtle
7992,108,ANIMAL,spider
7993,108,ANIMAL,bees
7994,108,ANIMAL,bunnies
7995,108,ANIMAL,snakes
7996,108,ANIMAL,elephant
7997,108,ANIMAL,tiger
7998,108,ANIMAL,leapard
7999,108,ANIMAL,toucan
8000,108,ANIMAL,monkey
8001,108,ANIMAL,ape
8002,108,ANIMAL,gorilla
8003,108,ANIMAL,shark
8004,108,ANIMAL,whale
8005,108,ANIMAL,dolphin
8006,108,ANIMAL,mouse
8007,108,ANIMAL,rat
8008,108,ANIMAL,gerbal
8009,108,ANIMAL,hamster
8010,108,ANIMAL,giraffe
8011,108,ANIMAL,dinosaur
8012,108,ANIMAL,butterfly
8013,108,ANIMAL,rhino
8014,108,ANIMAL,lion
8015,108,ANIMAL,deer
8016,108,ANIMAL,moose
8017,109,ANIMAL,Cheetah
8018,109,ANIMAL,elephant
8019,109,ANIMAL,rhino
8020,109,ANIMAL,canary
8021,109,ANIMAL,bird
8022,109,ANIMAL,cardinal
8023,109,ANIMAL,cockatoo
8024,109,ANIMAL,crocodile
8025,109,ANIMAL,alligator
8026,109,ANIMAL,platypus
8027,109,ANIMAL,hippo
8028,109,ANIMAL,zebra
8029,109,ANIMAL,tiger
8030,109,ANIMAL,monkey
8031,109,ANIMAL,baboon
8032,109,ANIMAL,jaguar
8033,109,ANIMAL,starfish
8034,109,ANIMAL,leopard
8035,109,ANIMAL,panther
8036,109,ANIMAL,hound
8037,109,ANIMAL,dog
8038,109,ANIMAL,wolf
8039,109,ANIMAL,fox
8040,109,ANIMAL,cat
8041,109,ANIMAL,lynx
8042,109,ANIMAL,sunfish
8043,110,ANIMAL,Cockatto
8044,110,ANIMAL,eclectus parrot
8045,110,ANIMAL,African grey parrot
8046,110,ANIMAL,cockatiel
8047,110,ANIMAL,parrakeet
8048,110,ANIMAL,toucan
8049,110,ANIMAL,swan
8050,110,ANIMAL,flamingo
8051,110,ANIMAL,conure
8052,110,ANIMAL,conture
8053,110,ANIMAL,love-bird
8054,110,ANIMAL,falcon
8055,110,ANIMAL,hawk
8056,110,ANIMAL,mouse
8057,110,ANIMAL,rat
8058,110,ANIMAL,gerbil
8059,110,ANIMAL,hamster
8060,110,ANIMAL,guniea pig
8061,110,ANIMAL,chinchilla
8062,110,ANIMAL,fox
8063,110,ANIMAL,wolf
8064,110,ANIMAL,coyote
8065,110,ANIMAL,dog
8066,110,ANIMAL,cat
8067,110,ANIMAL,lion
8068,110,ANIMAL,puma
8069,110,ANIMAL,panther
8070,110,ANIMAL,tiger
8071,110,ANIMAL,gazelle
8072,110,ANIMAL,deer
8073,110,ANIMAL,bunny
8074,110,ANIMAL,chipmunk
8075,110,ANIMAL,squirrel
8076,110,ANIMAL,bat
8077,110,ANIMAL,snake
8078,110,ANIMAL,turtle
8079,110,ANIMAL,frog
8080,110,ANIMAL,owl
8081,111,ANIMAL,Kangaroo
8082,111,ANIMAL,zebra
8083,111,ANIMAL,hippo
8084,111,ANIMAL,dog
8085,111,ANIMAL,snake
8086,111,ANIMAL,rabbit
8087,111,ANIMAL,lion
8088,111,ANIMAL,jaguar
8089,111,ANIMAL,ostrich
8090,111,ANIMAL,flamingo
8091,111,ANIMAL,turtle
8092,111,ANIMAL,fish
8093,111,ANIMAL,ant
8094,111,ANIMAL,lizard
8095,111,ANIMAL,chipmunk
8096,111,ANIMAL,pigeon
8097,111,ANIMAL,lamb
8098,111,ANIMAL,goat
8099,111,ANIMAL,pigs
8100,111,ANIMAL,horse
8101,111,ANIMAL,hen
8102,111,ANIMAL,monkey
8103,111,ANIMAL,penguin
8104,111,ANIMAL,seal
8105,111,ANIMAL,dolphin
8106,111,ANIMAL,whale
8107,111,ANIMAL,shark
8108,111,ANIMAL,octopus
8109,112,ANIMAL,Cow
8110,112,ANIMAL,human
8111,112,ANIMAL,cat
8112,112,ANIMAL,bird
8113,112,ANIMAL,dog
8114,112,ANIMAL,hippo
8115,112,ANIMAL,tiger
8116,112,ANIMAL,lion
8117,112,ANIMAL,bear
8118,112,ANIMAL,shark
8119,112,ANIMAL,whale
8120,112,ANIMAL,walrus
8121,112,ANIMAL,dinosaur
8122,112,ANIMAL,wolf
8123,112,ANIMAL,deer
8124,112,ANIMAL,snail
8125,112,ANIMAL,crocodile
8126,112,ANIMAL,panda
8127,112,ANIMAL,zebra
8128,112,ANIMAL,giraffe
8129,112,ANIMAL,hyena
8130,113,ANIMAL,Sloth
8131,113,ANIMAL,snake
8132,113,ANIMAL,dog
8133,113,ANIMAL,cat
8134,113,ANIMAL,whale
8135,113,ANIMAL,dolphin
8136,113,ANIMAL,fish
8137,113,ANIMAL,panther
8138,113,ANIMAL,elephant
8139,113,ANIMAL,giraffe
8140,113,ANIMAL,zebra
8141,113,ANIMAL,mussel
8142,113,ANIMAL,squid
8143,113,ANIMAL,lobster
8144,113,ANIMAL,crab
8145,113,ANIMAL,rabbit
8146,113,ANIMAL,coyote
8147,113,ANIMAL,deer
8148,113,ANIMAL,bear
8149,113,ANIMAL,ostrich
8150,113,ANIMAL,fox
8151,113,ANIMAL,spider
8152,113,ANIMAL,rat
8153,113,ANIMAL,mice
8154,113,ANIMAL,gecko
8155,113,ANIMAL,bearded dragon
8156,113,ANIMAL,monkey
8157,113,ANIMAL,pherret
8158,114,ANIMAL,Cat
8159,114,ANIMAL,dog
8160,114,ANIMAL,whale
8161,114,ANIMAL,frog
8162,114,ANIMAL,fish
8163,114,ANIMAL,jaguar
8164,114,ANIMAL,hamster
8165,114,ANIMAL,rabbit
8166,114,ANIMAL,squirrel
8167,114,ANIMAL,raccoon
8168,114,ANIMAL,possum
8169,114,ANIMAL,crab
8170,114,ANIMAL,giraffe
8171,114,ANIMAL,lion
8172,114,ANIMAL,cheetah
8173,114,ANIMAL,panther
8174,114,ANIMAL,skunk
8175,114,ANIMAL,deer
8176,114,ANIMAL,elephant
8177,114,ANIMAL,monkey
8178,114,ANIMAL,ape
8179,114,ANIMAL,orangutan
8180,114,ANIMAL,penguin
8181,114,ANIMAL,turtle
8182,114,ANIMAL,walrus
8183,114,ANIMAL,shark
8184,114,ANIMAL,shrimp
8185,114,ANIMAL,lobster
8186,115,ANIMAL,Dog
8187,115,ANIMAL,cat
8188,115,ANIMAL,mouse
8189,115,ANIMAL,shark
8190,115,ANIMAL,turtle
8191,115,ANIMAL,lion
8192,115,ANIMAL,tiger
8193,115,ANIMAL,bear
8194,115,ANIMAL,deer
8195,115,ANIMAL,racoon
8196,115,ANIMAL,snake
8197,115,ANIMAL,lizard
8198,115,ANIMAL,hippo
8199,115,ANIMAL,giraffe
8200,115,ANIMAL,panda
8201,115,ANIMAL,horse
8202,115,ANIMAL,duck
8203,115,ANIMAL,cow
8204,115,ANIMAL,chicken
8205,115,ANIMAL,birds
8206,116,ANIMAL,Sloth
8207,116,ANIMAL,monkey
8208,116,ANIMAL,ape
8209,116,ANIMAL,gazelle
8210,116,ANIMAL,antelope
8211,116,ANIMAL,lion
8212,116,ANIMAL,cougar
8213,116,ANIMAL,red panda
8214,116,ANIMAL,hippo
8215,116,ANIMAL,dog
8216,116,ANIMAL,cat
8217,116,ANIMAL,snake
8218,116,ANIMAL,horse
8219,116,ANIMAL,armadillo
8220,116,ANIMAL,anteater
8221,116,ANIMAL,tiger
8222,116,ANIMAL,panther
8223,116,ANIMAL,penguin
8224,116,ANIMAL,parrot
8225,116,ANIMAL,dove
8226,116,ANIMAL,kangaroo
8227,116,ANIMAL,camel
8228,116,ANIMAL,giraffe
8229,116,ANIMAL,elaphant
8230,116,ANIMAL,rhino
8231,116,ANIMAL,snail
8232,116,ANIMAL,frog
8233,117,ANIMAL,Duck
8234,117,ANIMAL,dog
8235,117,ANIMAL,pig
8236,117,ANIMAL,pug
8237,117,ANIMAL,bird
8238,117,ANIMAL,parrot
8239,117,ANIMAL,chipmunk
8240,117,ANIMAL,rat
8241,117,ANIMAL,mouse
8242,117,ANIMAL,rodent
8243,117,ANIMAL,bunny
8244,117,ANIMAL,rabbit
8245,117,ANIMAL,hare
8246,117,ANIMAL,cat
8247,117,ANIMAL,kitten
8248,117,ANIMAL,chicken
8249,117,ANIMAL,chick
8250,117,ANIMAL,snake
8251,117,ANIMAL,lion
8252,117,ANIMAL,tiger
8253,117,ANIMAL,panther
8254,117,ANIMAL,hyeena
8255,117,ANIMAL,jaguar
8256,117,ANIMAL,worm
8257,117,ANIMAL,spider
8258,117,ANIMAL,bug
8259,117,ANIMAL,ant
8260,117,ANIMAL,fish
8261,117,ANIMAL,shark
8262,117,ANIMAL,seahorse
8263,117,ANIMAL,whale
8264,117,ANIMAL,dolphin
8265,117,ANIMAL,skunk
8266,117,ANIMAL,anteater
8267,117,ANIMAL,racoon
8268,117,ANIMAL,hummingbird
8269,117,ANIMAL,chameleon
8270,117,ANIMAL,komodo
8271,118,ANIMAL,Polar bear
8272,118,ANIMAL,zebra
8273,118,ANIMAL,donkey
8274,118,ANIMAL,wolly mamoth
8275,118,ANIMAL,rats
8276,118,ANIMAL,dogs
8277,118,ANIMAL,cats
8278,118,ANIMAL,bears
8279,118,ANIMAL,hyena
8280,118,ANIMAL,lions
8281,118,ANIMAL,tigers
8282,118,ANIMAL,money
8283,118,ANIMAL,geicko
8284,118,ANIMAL,silver back gorilla
8285,118,ANIMAL,chamelion
8286,118,ANIMAL,lebra
8287,118,ANIMAL,puma
8288,118,ANIMAL,jaguar
8289,118,ANIMAL,cheetah
8290,118,ANIMAL,koala
8291,118,ANIMAL,crocodiles
8292,118,ANIMAL,anteaters
8293,118,ANIMAL,deers
8294,118,ANIMAL,moose
8295,118,ANIMAL,sloths
8296,118,ANIMAL,mouse
8297,118,ANIMAL,pigs
8298,119,ANIMAL,Penguin
8299,119,ANIMAL,panda
8300,119,ANIMAL,dog
8301,119,ANIMAL,lion
8302,119,ANIMAL,leporad
8303,119,ANIMAL,seal
8304,119,ANIMAL,dolphin
8305,119,ANIMAL,shark
8306,119,ANIMAL,whale
8307,119,ANIMAL,turtle
8308,119,ANIMAL,lemur
8309,119,ANIMAL,cheetah
8310,119,ANIMAL,cat
8311,119,ANIMAL,fish
8312,119,ANIMAL,bear
8313,119,ANIMAL,bird
8314,119,ANIMAL,monkey
8315,119,ANIMAL,giraffe
8316,119,ANIMAL,zebra
8317,119,ANIMAL,chimpanzee
8318,119,ANIMAL,tiger
8319,119,ANIMAL,antelope
8320,119,ANIMAL,deer
8321,119,ANIMAL,moose
8322,119,ANIMAL,geese
8323,119,ANIMAL,ducks
8324,119,ANIMAL,bunny
8325,120,ANIMAL,Cat
8326,120,ANIMAL,dog
8327,120,ANIMAL,cow
8328,120,ANIMAL,mouse
8329,120,ANIMAL,tiger
8330,120,ANIMAL,cheetah
8331,120,ANIMAL,lion
8332,120,ANIMAL,goat
8333,120,ANIMAL,bird
8334,120,ANIMAL,snake
8335,120,ANIMAL,horse
8336,120,ANIMAL,mule
8337,120,ANIMAL,donkey
8338,120,ANIMAL,raccon
8339,120,ANIMAL,rat
8340,120,ANIMAL,fish
8341,121,ANIMAL,Dog
8342,121,ANIMAL,cat
8343,121,ANIMAL,fish
8344,121,ANIMAL,bird
8345,121,ANIMAL,lion
8346,121,ANIMAL,tiger
8347,121,ANIMAL,bear
8348,121,ANIMAL,rabbit
8349,121,ANIMAL,guinea pig
8350,121,ANIMAL,hamster
8351,121,ANIMAL,hammer head shark
8352,121,ANIMAL,killer whale
8353,121,ANIMAL,whale
8354,121,ANIMAL,dolphin
8355,121,ANIMAL,otter
8356,121,ANIMAL,seal
8357,121,ANIMAL,squid
8358,121,ANIMAL,shellfish
8359,121,ANIMAL,shrimp
8360,121,ANIMAL,cheetah
8361,121,ANIMAL,panather
8362,121,ANIMAL,squirrel
8363,121,ANIMAL,rat
8364,121,ANIMAL,mouse
8365,122,ANIMAL,Dog
8366,122,ANIMAL,cat
8367,122,ANIMAL,parrot
8368,122,ANIMAL,jaguar
8369,122,ANIMAL,cheetah
8370,122,ANIMAL,giraffe
8371,122,ANIMAL,rhino
8372,122,ANIMAL,flamingo
8373,122,ANIMAL,lizard
8374,122,ANIMAL,grasshopper
8375,122,ANIMAL,dolphin
8376,122,ANIMAL,sea otter
8377,122,ANIMAL,turtle
8378,122,ANIMAL,ox
8379,122,ANIMAL,cow
8380,122,ANIMAL,pig
8381,122,ANIMAL,chicken
8382,122,ANIMAL,snake
8383,122,ANIMAL,lamb
8384,122,ANIMAL,mice
8385,122,ANIMAL,kangaroo
8386,122,ANIMAL,monkey
8387,122,ANIMAL,ape
8388,122,ANIMAL,rabbit
8389,122,ANIMAL,llama
8390,123,ANIMAL,Dog
8391,123,ANIMAL,cat
8392,123,ANIMAL,kangaroo
8393,123,ANIMAL,alligator
8394,123,ANIMAL,giraffe
8395,123,ANIMAL,hippo
8396,123,ANIMAL,bull
8397,123,ANIMAL,gorilla
8398,123,ANIMAL,bird
8399,123,ANIMAL,sea lion
8400,123,ANIMAL,walrus
8401,123,ANIMAL,parrot
8402,123,ANIMAL,fish
8403,123,ANIMAL,ferrett
8404,123,ANIMAL,rat
8405,123,ANIMAL,raccoon
8406,123,ANIMAL,possum
8407,123,ANIMAL,hamster
8408,123,ANIMAL,bunny
8409,123,ANIMAL,taranchula
8410,123,ANIMAL,iguana
8411,123,ANIMAL,horse
8412,123,ANIMAL,deer
8413,123,ANIMAL,tiger
8414,123,ANIMAL,lion
8415,123,ANIMAL,gazelle
8416,123,ANIMAL,cheetah
8417,123,ANIMAL,jaguar
8418,123,ANIMAL,lizard
8419,123,ANIMAL,snake
8420,124,ANIMAL,Dog
8421,124,ANIMAL,cat
8422,124,ANIMAL,bunny
8423,124,ANIMAL,squirrel
8424,124,ANIMAL,pig
8425,124,ANIMAL,horse
8426,124,ANIMAL,cow
8427,124,ANIMAL,chinchilla
8428,124,ANIMAL,guinea pig
8429,124,ANIMAL,hamster
8430,124,ANIMAL,mouse
8431,124,ANIMAL,rat
8432,124,ANIMAL,deer
8433,124,ANIMAL,antelope
8434,124,ANIMAL,moose
8435,124,ANIMAL,elephant
8436,124,ANIMAL,hippo
8437,124,ANIMAL,lion
8438,124,ANIMAL,cheetah
8439,124,ANIMAL,zebra
8440,124,ANIMAL,tiger
8441,124,ANIMAL,bear
8442,124,ANIMAL,llama
8443,124,ANIMAL,alpaca
8444,124,ANIMAL,giraffe
8445,124,ANIMAL,koala
8446,124,ANIMAL,quoka
8447,124,ANIMAL,meerkat
8448,125,ANIMAL,Monkey
8449,125,ANIMAL,giraffe
8450,125,ANIMAL,dog
8451,125,ANIMAL,cat
8452,125,ANIMAL,hamster
8453,125,ANIMAL,horse
8454,125,ANIMAL,fish
8455,125,ANIMAL,cow
8456,125,ANIMAL,pig
8457,125,ANIMAL,tiger
8458,125,ANIMAL,osterich
8459,125,ANIMAL,elephant
8460,125,ANIMAL,anteater
8461,125,ANIMAL,seal
8462,125,ANIMAL,gorilla
8463,125,ANIMAL,dolphin
8464,125,ANIMAL,penguin
8465,125,ANIMAL,whale
8466,125,ANIMAL,shark
8467,125,ANIMAL,flamingo
8468,125,ANIMAL,toucan
8469,125,ANIMAL,pelican
8470,125,ANIMAL,lion
8471,125,ANIMAL,bear
8472,125,ANIMAL,snake
8473,125,ANIMAL,guinea pig
8474,125,ANIMAL,chinchilla
8475,125,ANIMAL,parrot
8476,126,ANIMAL,Cat
8477,126,ANIMAL,dog
8478,126,ANIMAL,frog
8479,126,ANIMAL,snake
8480,126,ANIMAL,giraffe
8481,126,ANIMAL,squirrel
8482,126,ANIMAL,lizard
8483,126,ANIMAL,koala
8484,126,ANIMAL,gunea pig
8485,126,ANIMAL,pig
8486,126,ANIMAL,eel
8487,126,ANIMAL,chinchilla
8488,126,ANIMAL,llama
8489,126,ANIMAL,bird
8490,126,ANIMAL,ant
8491,126,ANIMAL,wasp
8492,126,ANIMAL,spider
8493,126,ANIMAL,bunny
8494,126,ANIMAL,rabit
8495,126,ANIMAL,hamster
8496,127,ANIMAL,Ape
8497,127,ANIMAL,hamster
8498,127,ANIMAL,alligator
8499,127,ANIMAL,crocidile
8500,127,ANIMAL,elephant
8501,127,ANIMAL,dog
8502,127,ANIMAL,hippo
8503,127,ANIMAL,bird
8504,127,ANIMAL,shark
8505,127,ANIMAL,fish
8506,127,ANIMAL,octopus
8507,127,ANIMAL,rat
8508,127,ANIMAL,mouse
8509,127,ANIMAL,horse
8510,127,ANIMAL,hedgehog
8511,127,ANIMAL,getco
8512,127,ANIMAL,lizard
8513,127,ANIMAL,snake
8514,127,ANIMAL,python
8515,127,ANIMAL,lion
8516,127,ANIMAL,tiger
8517,127,ANIMAL,gorilla
8518,127,ANIMAL,bear
8519,127,ANIMAL,jaguar
8520,127,ANIMAL,cheetah
8521,127,ANIMAL,fox
8522,127,ANIMAL,deer
8523,128,ANIMAL,Dog
8524,128,ANIMAL,cat
8525,128,ANIMAL,penguin
8526,128,ANIMAL,bear
8527,128,ANIMAL,polar bear
8528,128,ANIMAL,lion
8529,128,ANIMAL,zebra
8530,128,ANIMAL,bird
8531,128,ANIMAL,cougar
8532,128,ANIMAL,shark
8533,128,ANIMAL,dolphin
8534,128,ANIMAL,elephant
8535,128,ANIMAL,snake
8536,128,ANIMAL,turtle
8537,128,ANIMAL,snail
8538,128,ANIMAL,ferret
8539,128,ANIMAL,rat
8540,128,ANIMAL,mouse
8541,128,ANIMAL,whale
8542,129,ANIMAL,Cat
8543,129,ANIMAL,dog
8544,129,ANIMAL,bird
8545,129,ANIMAL,bear
8546,129,ANIMAL,lizard
8547,129,ANIMAL,fish
8548,129,ANIMAL,whale
8549,129,ANIMAL,shark
8550,129,ANIMAL,hamster
8551,129,ANIMAL,wolf
8552,129,ANIMAL,cyote
8553,129,ANIMAL,squirell
8554,129,ANIMAL,tiger
8555,129,ANIMAL,lion
8556,129,ANIMAL,hippo
8557,129,ANIMAL,rhino
8558,129,ANIMAL,giraffe
8559,129,ANIMAL,ostritch
8560,129,ANIMAL,pigeon
8561,129,ANIMAL,rat
8562,129,ANIMAL,mouse
8563,129,ANIMAL,bunny
8564,129,ANIMAL,fox
8565,130,ANIMAL,Frog
8566,130,ANIMAL,ant
8567,130,ANIMAL,lion
8568,130,ANIMAL,bear
8569,130,ANIMAL,dolphin
8570,130,ANIMAL,whale
8571,130,ANIMAL,kangaroo
8572,130,ANIMAL,koala
8573,130,ANIMAL,giraffe
8574,130,ANIMAL,penguin
8575,130,ANIMAL,cheetah
8576,130,ANIMAL,horse
8577,130,ANIMAL,dog
8578,130,ANIMAL,cat
8579,130,ANIMAL,fish
8580,130,ANIMAL,lizard
8581,130,ANIMAL,gecko
8582,130,ANIMAL,seahorse
8583,130,ANIMAL,sting-ray
8584,130,ANIMAL,camel
8585,130,ANIMAL,shark
8586,130,ANIMAL,dane
8587,130,ANIMAL,toad
8588,130,ANIMAL,tiger
8589,130,ANIMAL,bird
8590,130,ANIMAL,gorilla
8591,131,ANIMAL,Tiger
8592,131,ANIMAL,lion
8593,131,ANIMAL,dog
8594,131,ANIMAL,cat
8595,131,ANIMAL,bird
8596,131,ANIMAL,elephant
8597,131,ANIMAL,girrafe
8598,131,ANIMAL,zebra
8599,131,ANIMAL,hippo
8600,131,ANIMAL,rhino
8601,131,ANIMAL,cheetah
8602,131,ANIMAL,leporad
8603,131,ANIMAL,hamster
8604,131,ANIMAL,rabbit
8605,131,ANIMAL,chicken
8606,131,ANIMAL,horse
8607,131,ANIMAL,cow
8608,131,ANIMAL,pig
8609,131,ANIMAL,flamingo
8610,131,ANIMAL,llama
8611,131,ANIMAL,ostrich
8612,131,ANIMAL,wolf
8613,131,ANIMAL,coyote
8614,131,ANIMAL,deer
8615,131,ANIMAL,squirrel
8616,132,ANIMAL,Dog
8617,132,ANIMAL,cat
8618,132,ANIMAL,rabit
8619,132,ANIMAL,hamster
8620,132,ANIMAL,guinea pig
8621,132,ANIMAL,chinchilla
8622,132,ANIMAL,mouse
8623,132,ANIMAL,monkey
8624,132,ANIMAL,horse
8625,132,ANIMAL,donkey
8626,132,ANIMAL,emu
8627,132,ANIMAL,cavie
8628,132,ANIMAL,pig
8629,132,ANIMAL,chicken
8630,132,ANIMAL,elephant
8631,132,ANIMAL,lion
8632,132,ANIMAL,tiger
8633,132,ANIMAL,bear
8634,132,ANIMAL,bird
8635,132,ANIMAL,wolf
8636,132,ANIMAL,cyote
8637,132,ANIMAL,fox
8638,132,ANIMAL,mole
8639,132,ANIMAL,llama
8640,132,ANIMAL,ostrich
8641,132,ANIMAL,alpacka
8642,133,ANIMAL,Dogs
8643,133,ANIMAL,cats
8644,133,ANIMAL,zebra
8645,133,ANIMAL,lion
8646,133,ANIMAL,frog
8647,133,ANIMAL,hamster
8648,133,ANIMAL,bull
8649,133,ANIMAL,horse
8650,133,ANIMAL,sheep
8651,133,ANIMAL,hen
8652,133,ANIMAL,chicken
8653,133,ANIMAL,eagles
8654,133,ANIMAL,doves
8655,133,ANIMAL,seahawks
8656,133,ANIMAL,elephant
8657,133,ANIMAL,monkey
8658,133,ANIMAL,snake
8659,133,ANIMAL,turtle
8660,133,ANIMAL,tiger
8661,133,ANIMAL,goose
8662,133,ANIMAL,gorilla
8663,133,ANIMAL,duck
8664,133,ANIMAL,swan
8665,134,ANIMAL,Fish
8666,134,ANIMAL,dog
8667,134,ANIMAL,cat
8668,134,ANIMAL,T-rex
8669,134,ANIMAL,shark
8670,134,ANIMAL,mice
8671,134,ANIMAL,rat
8672,134,ANIMAL,iguana
8673,134,ANIMAL,snake
8674,134,ANIMAL,bird
8675,134,ANIMAL,eagle
8676,134,ANIMAL,hawk
8677,134,ANIMAL,squirrel
8678,134,ANIMAL,frog
8679,135,ANIMAL,Dog
8680,135,ANIMAL,cat
8681,135,ANIMAL,snail
8682,135,ANIMAL,mouse
8683,135,ANIMAL,horse
8684,135,ANIMAL,pig
8685,135,ANIMAL,donkey
8686,135,ANIMAL,camel
8687,135,ANIMAL,cow
8688,135,ANIMAL,antelope
8689,135,ANIMAL,elephant
8690,135,ANIMAL,lion
8691,135,ANIMAL,gecko
8692,135,ANIMAL,spider
8693,135,ANIMAL,ant
8694,135,ANIMAL,tiger
8695,135,ANIMAL,cheetah
8696,135,ANIMAL,mountain lion
8697,135,ANIMAL,frog
8698,135,ANIMAL,fish
8699,135,ANIMAL,goats
8700,135,ANIMAL,sheep
8701,135,ANIMAL,lambs
8702,135,ANIMAL,reindeer
8703,135,ANIMAL,snake
8704,135,ANIMAL,chickens
8705,135,ANIMAL,ducks
8706,135,ANIMAL,dolphins
8707,135,ANIMAL,sharks
8708,135,ANIMAL,whales
8709,135,ANIMAL,anteater
8710,135,ANIMAL,hippo
8711,135,ANIMAL,rhino
8712,136,ANIMAL,Dog
8713,136,ANIMAL,cat
8714,136,ANIMAL,bird
8715,136,ANIMAL,fish
8716,136,ANIMAL,snake
8717,136,ANIMAL,chameleon
8718,136,ANIMAL,tiger
8719,136,ANIMAL,bear
8720,136,ANIMAL,lion
8721,136,ANIMAL,raccoon
8722,136,ANIMAL,rat
8723,136,ANIMAL,mouse
8724,136,ANIMAL,hamster
8725,136,ANIMAL,gerbil
8726,136,ANIMAL,gunieapig
8727,136,ANIMAL,bunny
8728,136,ANIMAL,sugarglider
8729,136,ANIMAL,crocodile
8730,136,ANIMAL,alligator
8731,136,ANIMAL,moose
8732,136,ANIMAL,deer
8733,136,ANIMAL,duck
8734,136,ANIMAL,cow
8735,136,ANIMAL,pig
8736,136,ANIMAL,goat
8737,136,ANIMAL,reindeer
8738,136,ANIMAL,chicken
8739,136,ANIMAL,rooster
8740,136,ANIMAL,hen
8741,136,ANIMAL,squirrel
8742,136,ANIMAL,chipmunk
8743,136,ANIMAL,horse
8744,136,ANIMAL,owl
8745,137,ANIMAL,Dog
8746,137,ANIMAL,cat
8747,137,ANIMAL,bird
8748,137,ANIMAL,sheep
8749,137,ANIMAL,elephant
8750,137,ANIMAL,iguana
8751,137,ANIMAL,fish
8752,137,ANIMAL,shark
8753,137,ANIMAL,whale
8754,137,ANIMAL,lion
8755,137,ANIMAL,monkey
8756,137,ANIMAL,squiral
8757,137,ANIMAL,giraff
8758,137,ANIMAL,seal
8759,137,ANIMAL,hamster
8760,137,ANIMAL,snake
8761,137,ANIMAL,ferret
8762,137,ANIMAL,beattle
8763,137,ANIMAL,ants
8764,137,ANIMAL,insects
8765,137,ANIMAL,parrot
8766,137,ANIMAL,hippo
8767,137,ANIMAL,dolphin
8768,138,ANIMAL,Dog
8769,138,ANIMAL,cat
8770,138,ANIMAL,frog
8771,138,ANIMAL,mouse
8772,138,ANIMAL,moose
8773,138,ANIMAL,rat
8774,138,ANIMAL,bat
8775,138,ANIMAL,antelope
8776,138,ANIMAL,anteater
8777,138,ANIMAL,deer
8778,138,ANIMAL,rabbit
8779,138,ANIMAL,cow
8780,138,ANIMAL,pig
8781,138,ANIMAL,horse
8782,138,ANIMAL,chicken
8783,138,ANIMAL,goose
8784,138,ANIMAL,duck
8785,138,ANIMAL,goat
8786,138,ANIMAL,sheep
8787,138,ANIMAL,fish
8788,138,ANIMAL,salamander
8789,138,ANIMAL,lizard
8790,138,ANIMAL,iguana
8791,138,ANIMAL,jellyfish
8792,138,ANIMAL,shark
8793,138,ANIMAL,dolphin
8794,138,ANIMAL,whale
8795,138,ANIMAL,clam
8796,138,ANIMAL,crab
8797,138,ANIMAL,lobster
8798,138,ANIMAL,snake
8799,138,ANIMAL,squirrel
8800,138,ANIMAL,chipmunk
8801,138,ANIMAL,bird
8802,138,ANIMAL,toad
8803,139,ANIMAL,Dogs
8804,139,ANIMAL,cats
8805,139,ANIMAL,fishes
8806,139,ANIMAL,chickens
8807,139,ANIMAL,deers
8808,139,ANIMAL,turtles
8809,139,ANIMAL,hamsters
8810,139,ANIMAL,frogs
8811,139,ANIMAL,bunnies
8812,139,ANIMAL,rabbits
8813,139,ANIMAL,ducks
8814,139,ANIMAL,chameleons
8815,139,ANIMAL,rats
8816,139,ANIMAL,mice
8817,139,ANIMAL,monkeys
8818,139,ANIMAL,crocodiles
8819,139,ANIMAL,lions
8820,139,ANIMAL,jaguars
8821,139,ANIMAL,hawks
8822,139,ANIMAL,tigers
8823,139,ANIMAL,bears
8824,139,ANIMAL,eagles
8825,139,ANIMAL,sharks
8826,139,ANIMAL,whales
8827,140,ANIMAL,Anteater
8828,140,ANIMAL,cat
8829,140,ANIMAL,dog
8830,140,ANIMAL,lion
8831,140,ANIMAL,cheetah
8832,140,ANIMAL,wolf
8833,140,ANIMAL,coyote
8834,140,ANIMAL,kit
8835,140,ANIMAL,seal
8836,140,ANIMAL,penguin
8837,140,ANIMAL,elephant
8838,140,ANIMAL,bird
8839,140,ANIMAL,flamingo
8840,140,ANIMAL,octopus
8841,140,ANIMAL,rhino
8842,140,ANIMAL,deer
8843,140,ANIMAL,bunny
8844,140,ANIMAL,rabbit
8845,140,ANIMAL,hare
8846,140,ANIMAL,ant
8847,140,ANIMAL,parrot
8848,140,ANIMAL,fowl
8849,140,ANIMAL,whale
8850,140,ANIMAL,walrus
8851,141,ANIMAL,Ant
8852,141,ANIMAL,anteater
8853,141,ANIMAL,ape
8854,141,ANIMAL,bat
8855,141,ANIMAL,boa
8856,141,ANIMAL,crocodile
8857,141,ANIMAL,crow
8858,141,ANIMAL,deer
8859,141,ANIMAL,dove
8860,141,ANIMAL,dinosaur
8861,141,ANIMAL,dolphin
8862,141,ANIMAL,elephant
8863,141,ANIMAL,flamingo
8864,141,ANIMAL,gorilla
8865,141,ANIMAL,hippo
8866,141,ANIMAL,jaguar
8867,141,ANIMAL,kangaroo
8868,141,ANIMAL,lion
8869,141,ANIMAL,mammoth
8870,141,ANIMAL,narwhal
8871,141,ANIMAL,octopus
8872,141,ANIMAL,porcupine
8873,141,ANIMAL,quail
8874,141,ANIMAL,rooster
8875,141,ANIMAL,snake
8876,142,ANIMAL,Dog
8877,142,ANIMAL,cat
8878,142,ANIMAL,chimpanzee
8879,142,ANIMAL,hamster
8880,142,ANIMAL,bird
8881,142,ANIMAL,guinea pig
8882,142,ANIMAL,mouse
8883,142,ANIMAL,rat
8884,142,ANIMAL,capybara
8885,142,ANIMAL,sugar glider
8886,142,ANIMAL,fish
8887,142,ANIMAL,crab
8888,142,ANIMAL,clam
8889,142,ANIMAL,elephant
8890,142,ANIMAL,giraffe
8891,142,ANIMAL,antelope
8892,142,ANIMAL,gazelle
8893,142,ANIMAL,squirrel
8894,142,ANIMAL,groundhog
8895,142,ANIMAL,deer
8896,142,ANIMAL,tiger
8897,142,ANIMAL,lion
8898,142,ANIMAL,bear
8899,142,ANIMAL,moose
8900,142,ANIMAL,elk
8901,142,ANIMAL,shrew
8902,142,ANIMAL,mole
8903,142,ANIMAL,beaver
8904,142,ANIMAL,penguin
8905,142,ANIMAL,blackbird
8906,142,ANIMAL,swallow
8907,142,ANIMAL,cardinal
8908,143,ANIMAL,Lizard
8909,143,ANIMAL,iguana
8910,143,ANIMAL,snake
8911,143,ANIMAL,rabitt
8912,143,ANIMAL,dog
8913,143,ANIMAL,cat
8914,143,ANIMAL,chameleon
8915,143,ANIMAL,sand shark
8916,143,ANIMAL,great white shark
8917,143,ANIMAL,emu
8918,143,ANIMAL,whale
8919,143,ANIMAL,hammerhead shark
8920,143,ANIMAL,robin
8921,143,ANIMAL,birds
8922,143,ANIMAL,bluejay
8923,143,ANIMAL,kangaroo
8924,143,ANIMAL,joey
8925,143,ANIMAL,tasmanian devil
8926,143,ANIMAL,dodo bird
8927,143,ANIMAL,locust
8928,143,ANIMAL,spider
8929,143,ANIMAL,koala bear
8930,143,ANIMAL,tiger
8931,143,ANIMAL,panther
8932,143,ANIMAL,cheetah
8933,143,ANIMAL,elephant
8934,143,ANIMAL,seal
8935,143,ANIMAL,water buffalo
8936,143,ANIMAL,deer
8937,143,ANIMAL,fox
8938,144,ANIMAL,Coyote
8939,144,ANIMAL,fish
8940,144,ANIMAL,cat
8941,144,ANIMAL,dog
8942,144,ANIMAL,alligator
8943,144,ANIMAL,spider
8944,144,ANIMAL,crocodile
8945,144,ANIMAL,gila monster
8946,144,ANIMAL,tarantula
8947,144,ANIMAL,gecko
8948,144,ANIMAL,hawk
8949,144,ANIMAL,eagle
8950,144,ANIMAL,ant
8951,144,ANIMAL,wolf
8952,144,ANIMAL,chicken
8953,144,ANIMAL,cow
8954,144,ANIMAL,pig
8955,144,ANIMAL,fly
8956,144,ANIMAL,tick
8957,144,ANIMAL,deer
8958,144,ANIMAL,turkey
8959,144,ANIMAL,flamingo
8960,144,ANIMAL,hippo
8961,144,ANIMAL,elephant
8962,144,ANIMAL,giraffe
8963,145,ANIMAL,Lions
8964,145,ANIMAL,tigers
8965,145,ANIMAL,bunnies
8966,145,ANIMAL,penguins
8967,145,ANIMAL,killer whales
8968,145,ANIMAL,guinea pigs
8969,145,ANIMAL,fox
8970,145,ANIMAL,pony
8971,145,ANIMAL,horse
8972,145,ANIMAL,hamsters
8973,145,ANIMAL,arctic fox
8974,145,ANIMAL,polar bears
8975,145,ANIMAL,rattlesnakes
8976,145,ANIMAL,fish
8977,145,ANIMAL,seahorse
8978,145,ANIMAL,flamingo
8979,145,ANIMAL,antelopes
8980,145,ANIMAL,squirrel
8981,145,ANIMAL,white shark
8982,145,ANIMAL,seagull
8983,145,ANIMAL,owl
8984,145,ANIMAL,chipmunks
8985,145,ANIMAL,frogs
8986,145,ANIMAL,crab
8987,145,ANIMAL,cat
8988,145,ANIMAL,dog
8989,145,ANIMAL,goldfish
8990,145,ANIMAL,turtles
8991,145,ANIMAL,catfish
8992,145,ANIMAL,hammerhead shark
8993,145,ANIMAL,elephants
8994,145,ANIMAL,monkey
8995,145,ANIMAL,giraffe
8996,145,ANIMAL,panda
8997,145,ANIMAL,gorilla
8998,146,ANIMAL,Kangaroo
8999,146,ANIMAL,dog
9000,146,ANIMAL,cat
9001,146,ANIMAL,snake
9002,146,ANIMAL,bird
9003,146,ANIMAL,allegator
9004,146,ANIMAL,crocodile
9005,146,ANIMAL,lizard
9006,146,ANIMAL,cow
9007,146,ANIMAL,pig
9008,146,ANIMAL,duck
9009,146,ANIMAL,chicken
9010,146,ANIMAL,rooster
9011,146,ANIMAL,hen
9012,146,ANIMAL,horse
9013,146,ANIMAL,calf
9014,146,ANIMAL,goat
9015,146,ANIMAL,panda
9016,146,ANIMAL,gorilla
9017,146,ANIMAL,ape
9018,146,ANIMAL,monkey
9019,146,ANIMAL,fox
9020,146,ANIMAL,lion
9021,146,ANIMAL,tiger
9022,146,ANIMAL,bear
9023,146,ANIMAL,fish
9024,146,ANIMAL,salmon
9025,146,ANIMAL,shark
9026,146,ANIMAL,flounder
9027,146,ANIMAL,crab
9028,146,ANIMAL,shrimp
9029,146,ANIMAL,lobster
9030,146,ANIMAL,cheetah
9031,146,ANIMAL,leopard
9032,146,ANIMAL,polar bear
9033,146,ANIMAL,sloth
9034,147,ANIMAL,Dog
9035,147,ANIMAL,cat
9036,147,ANIMAL,fish
9037,147,ANIMAL,bird
9038,147,ANIMAL,seal
9039,147,ANIMAL,snake
9040,147,ANIMAL,squirrel
9041,147,ANIMAL,owl
9042,147,ANIMAL,jaguar
9043,147,ANIMAL,tiger
9044,147,ANIMAL,lion
9045,147,ANIMAL,hampster
9046,147,ANIMAL,bobcat
9047,147,ANIMAL,jiraffes
9048,147,ANIMAL,hippos
9049,147,ANIMAL,cows
9050,147,ANIMAL,pigs
9051,147,ANIMAL,ducks
9052,147,ANIMAL,roosters
9053,147,ANIMAL,horse
9054,147,ANIMAL,zebra
9055,147,ANIMAL,mountain lion
9056,147,ANIMAL,monkeys
9057,147,ANIMAL,chimpanzee
9058,147,ANIMAL,rats
9059,148,ANIMAL,Dog
9060,148,ANIMAL,cat
9061,148,ANIMAL,tiger
9062,148,ANIMAL,elephant
9063,148,ANIMAL,giraffe
9064,148,ANIMAL,human
9065,148,ANIMAL,squirrel
9066,148,ANIMAL,groundhog
9067,148,ANIMAL,deer
9068,148,ANIMAL,mouse
9069,148,ANIMAL,cheetah
9070,148,ANIMAL,frog
9071,148,ANIMAL,bird
9072,148,ANIMAL,robin
9073,148,ANIMAL,eagle
9074,148,ANIMAL,coyote
9075,148,ANIMAL,zebra
9076,148,ANIMAL,sloth
9077,148,ANIMAL,cow
9078,148,ANIMAL,pig
9079,148,ANIMAL,chicken
9080,148,ANIMAL,lamb
9081,148,ANIMAL,rabbit
9082,148,ANIMAL,hamster
9083,148,ANIMAL,guinea pig
9084,148,ANIMAL,ferret
9085,148,ANIMAL,bear
9086,148,ANIMAL,seal
9087,148,ANIMAL,dolphin
9088,148,ANIMAL,fish
9089,148,ANIMAL,shark
9090,149,ANIMAL,Ant
9091,149,ANIMAL,bat
9092,149,ANIMAL,cat
9093,149,ANIMAL,dog
9094,149,ANIMAL,elephant
9095,149,ANIMAL,frog
9096,149,ANIMAL,giraffe
9097,149,ANIMAL,horse
9098,149,ANIMAL,iguana
9099,149,ANIMAL,jaguar
9100,149,ANIMAL,kangaroo
9101,149,ANIMAL,lion
9102,149,ANIMAL,manatee
9103,149,ANIMAL,octopus
9104,149,ANIMAL,panda
9105,149,ANIMAL,rat
9106,149,ANIMAL,snail
9107,149,ANIMAL,zebra
9108,149,ANIMAL,squid
9109,149,ANIMAL,deer
9110,149,ANIMAL,monkey
9111,149,ANIMAL,chimpanzee
9112,149,ANIMAL,bee
9113,150,ANIMAL,Rabbit
9114,150,ANIMAL,turtle
9115,150,ANIMAL,tasmanian devil
9116,150,ANIMAL,ant
9117,150,ANIMAL,jaguar
9118,150,ANIMAL,hippo
9119,150,ANIMAL,black bear
9120,150,ANIMAL,lion
9121,150,ANIMAL,tiger
9122,150,ANIMAL,polar bear
9123,150,ANIMAL,brown bear
9124,150,ANIMAL,tortoise
9125,150,ANIMAL,penguin
9126,150,ANIMAL,puffin
9127,150,ANIMAL,seagul
9128,150,ANIMAL,pigeon
9129,150,ANIMAL,blue jay
9130,150,ANIMAL,robin
9131,150,ANIMAL,raven
9132,150,ANIMAL,dove
9133,150,ANIMAL,vulture
9134,150,ANIMAL,panda
9135,150,ANIMAL,red panda
9136,150,ANIMAL,duck
9137,150,ANIMAL,dog
9138,150,ANIMAL,mountain lion
9139,150,ANIMAL,cheeta
9140,150,ANIMAL,human
9141,150,ANIMAL,dodo bird
9142,150,ANIMAL,dinosaur
9143,150,ANIMAL,cobra
9144,150,ANIMAL,corgi
9145,151,ANIMAL,Dog
9146,151,ANIMAL,cat
9147,151,ANIMAL,tiger
9148,151,ANIMAL,lion
9149,151,ANIMAL,gorilla
9150,151,ANIMAL,giraffe
9151,151,ANIMAL,whale
9152,151,ANIMAL,dolphin
9153,151,ANIMAL,shark
9154,151,ANIMAL,seal
9155,151,ANIMAL,fish
9156,151,ANIMAL,starfish
9157,151,ANIMAL,octopus
9158,151,ANIMAL,rabbit
9159,151,ANIMAL,hamster
9160,151,ANIMAL,guineapig
9161,151,ANIMAL,pig
9162,151,ANIMAL,lizard
9163,151,ANIMAL,frog
9164,151,ANIMAL,mosquito
9165,151,ANIMAL,fly
9166,151,ANIMAL,snail
9167,151,ANIMAL,fox
9168,151,ANIMAL,deer
9169,151,ANIMAL,moose
9170,151,ANIMAL,geese
9171,151,ANIMAL,turkey
9172,151,ANIMAL,pigieon
9173,151,ANIMAL,chicken
9174,151,ANIMAL,bear
9175,151,ANIMAL,catipilliar
9176,151,ANIMAL,butterfly
9177,151,ANIMAL,moth
9178,151,ANIMAL,sugar glider
9179,152,ANIMAL,Shrimp
9180,152,ANIMAL,lamb
9181,152,ANIMAL,dog
9182,152,ANIMAL,cat
9183,152,ANIMAL,guinea pig
9184,152,ANIMAL,llama
9185,152,ANIMAL,camel
9186,152,ANIMAL,alpaca
9187,152,ANIMAL,fox
9188,152,ANIMAL,hound
9189,152,ANIMAL,crab
9190,152,ANIMAL,sealion
9191,152,ANIMAL,monate
9192,152,ANIMAL,starfish
9193,152,ANIMAL,clam
9194,152,ANIMAL,mussel
9195,152,ANIMAL,shark
9196,152,ANIMAL,whale
9197,152,ANIMAL,killer whale
9198,152,ANIMAL,spermwale
9199,152,ANIMAL,whale shark
9200,152,ANIMAL,dolphin
9201,152,ANIMAL,barracuda
9202,152,ANIMAL,snake
9203,152,ANIMAL,(boa constrictor and garden snake are crossed out)
9204,152,ANIMAL,penguin
9205,152,ANIMAL,bird
9206,152,ANIMAL,chipmunk
9207,152,ANIMAL,squirrel
9208,152,ANIMAL,butlerfly? (participant puts ?)
9209,153,ANIMAL,Ant
9210,153,ANIMAL,antelope
9211,153,ANIMAL,dog
9212,153,ANIMAL,cat
9213,153,ANIMAL,lion
9214,153,ANIMAL,tiger
9215,153,ANIMAL,hawk
9216,153,ANIMAL,snake
9217,153,ANIMAL,snail
9218,153,ANIMAL,shark
9219,153,ANIMAL,whale
9220,153,ANIMAL,fish
9221,153,ANIMAL,eel
9222,153,ANIMAL,hippopotamus
9223,153,ANIMAL,rhino
9224,153,ANIMAL,frog
9225,153,ANIMAL,camel
9226,153,ANIMAL,donkey
9227,153,ANIMAL,horse
9228,153,ANIMAL,toad
9229,153,ANIMAL,octopus
9230,153,ANIMAL,crab
9231,153,ANIMAL,leopard
9232,153,ANIMAL,cheetah
9233,154,ANIMAL,Mouse
9234,154,ANIMAL,cat
9235,154,ANIMAL,lion
9236,154,ANIMAL,jaguar
9237,154,ANIMAL,giraffe
9238,154,ANIMAL,cheetah
9239,154,ANIMAL,dolphin
9240,154,ANIMAL,aligator
9241,154,ANIMAL,crocodile
9242,154,ANIMAL,sea line
9243,154,ANIMAL,tiger
9244,154,ANIMAL,monkey
9245,154,ANIMAL,ape
9246,154,ANIMAL,snake
9247,154,ANIMAL,penguin
9248,154,ANIMAL,red panda
9249,154,ANIMAL,panda
9250,154,ANIMAL,kangaroo
9251,154,ANIMAL,bird
9252,154,ANIMAL,elephant
9253,154,ANIMAL,anteloupe
9254,154,ANIMAL,mouse
9255,154,ANIMAL,hippo
9256,154,ANIMAL,dog
9257,154,ANIMAL,bunny
9258,154,ANIMAL,rabbit
9259,154,ANIMAL,turtle
9260,154,ANIMAL,sheep
9261,154,ANIMAL,cow
9262,154,ANIMAL,bull
9263,154,ANIMAL,ram
9264,154,ANIMAL,dragon
9265,154,ANIMAL,ox
9266,154,ANIMAL,chicken
9267,154,ANIMAL,rooster
9268,155,ANIMAL,Gurilla
9269,155,ANIMAL,giraffe
9270,155,ANIMAL,buffalo
9271,155,ANIMAL,dog
9272,155,ANIMAL,cat
9273,155,ANIMAL,mouse
9274,155,ANIMAL,rat
9275,155,ANIMAL,hamster
9276,155,ANIMAL,snake
9277,155,ANIMAL,crocidile
9278,155,ANIMAL,alligator
9279,155,ANIMAL,panda
9280,155,ANIMAL,bear
9281,155,ANIMAL,baboon
9282,155,ANIMAL,ape
9283,155,ANIMAL,monkey
9284,155,ANIMAL,walrus
9285,155,ANIMAL,dolphin
9286,155,ANIMAL,shark
9287,155,ANIMAL,frog
9288,155,ANIMAL,turtle
9289,156,ANIMAL,Dog
9290,156,ANIMAL,pig
9291,156,ANIMAL,cat
9292,156,ANIMAL,cow
9293,156,ANIMAL,horse
9294,156,ANIMAL,turtle
9295,156,ANIMAL,dolphin
9296,156,ANIMAL,shark
9297,156,ANIMAL,fish
9298,156,ANIMAL,crab
9299,156,ANIMAL,whale
9300,156,ANIMAL,bird
9301,156,ANIMAL,butterfly
9302,156,ANIMAL,bug
9303,156,ANIMAL,lizard
9304,156,ANIMAL,zebra
9305,156,ANIMAL,fox
9306,156,ANIMAL,cheetah
9307,156,ANIMAL,lion
9308,156,ANIMAL,chicken
9309,156,ANIMAL,monkey
9310,156,ANIMAL,chimpanzee
9311,156,ANIMAL,gorilla
9312,156,ANIMAL,giraffe
9313,157,ANIMAL,Flamingo
9314,157,ANIMAL,ant
9315,157,ANIMAL,antelope
9316,157,ANIMAL,penguin
9317,157,ANIMAL,gorilla
9318,157,ANIMAL,octupus
9319,157,ANIMAL,orangutang
9320,157,ANIMAL,beat
9321,157,ANIMAL,polar bear
9322,157,ANIMAL,baffon
9323,157,ANIMAL,monkey
9324,157,ANIMAL,girrafe
9325,157,ANIMAL,alligator
9326,157,ANIMAL,crocodile
9327,157,ANIMAL,fish
9328,157,ANIMAL,shark
9329,157,ANIMAL,snake
9330,157,ANIMAL,kangaroo
9331,157,ANIMAL,centipede
9332,157,ANIMAL,butterfly
9333,157,ANIMAL,dog
9334,157,ANIMAL,cat
9335,157,ANIMAL,bird
9336,157,ANIMAL,hamster
9337,157,ANIMAL,guinea pig
9338,157,ANIMAL,dwarf hamster
9339,158,ANIMAL,Bevarian mountain dog
9340,158,ANIMAL,gricko
9341,158,ANIMAL,rat
9342,158,ANIMAL,rabbit
9343,158,ANIMAL,horse
9344,158,ANIMAL,mule
9345,158,ANIMAL,dog
9346,158,ANIMAL,elephant
9347,158,ANIMAL,cat
9348,158,ANIMAL,pigme
9349,158,ANIMAL,ptarmigen
9350,158,ANIMAL,zebra
9351,158,ANIMAL,tiger
9352,158,ANIMAL,chiwawa
9353,158,ANIMAL,mole
9354,158,ANIMAL,voll
9355,158,ANIMAL,shark
9356,158,ANIMAL,rihno
9357,158,ANIMAL,hippo
9358,158,ANIMAL,lion
9359,158,ANIMAL,hellbender
9360,159,ANIMAL,Dog
9361,159,ANIMAL,cat
9362,159,ANIMAL,bird
9363,159,ANIMAL,elephant
9364,159,ANIMAL,tiger
9365,159,ANIMAL,giraffe
9366,159,ANIMAL,lion
9367,159,ANIMAL,bear
9368,159,ANIMAL,dolphin
9369,159,ANIMAL,seal
9370,159,ANIMAL,buluga
9371,159,ANIMAL,whale
9372,159,ANIMAL,fish
9373,159,ANIMAL,goat
9374,159,ANIMAL,cow
9375,159,ANIMAL,pig
9376,159,ANIMAL,duck
9377,159,ANIMAL,goose
9378,159,ANIMAL,spider
9379,159,ANIMAL,hamster
9380,159,ANIMAL,snake
9381,159,ANIMAL,rabbit
9382,159,ANIMAL,gerbel
9383,159,ANIMAL,mouse
9384,159,ANIMAL,rat
9385,159,ANIMAL,fox
9386,159,ANIMAL,wolf
9387,160,ANIMAL,Dog
9388,160,ANIMAL,cat
9389,160,ANIMAL,elephant
9390,160,ANIMAL,giraffe
9391,160,ANIMAL,lion
9392,160,ANIMAL,zebra
9393,160,ANIMAL,tiger
9394,160,ANIMAL,ant
9395,160,ANIMAL,bettle
9396,160,ANIMAL,horse
9397,160,ANIMAL,rabbit
9398,160,ANIMAL,hyiena
9399,160,ANIMAL,wasp
9400,160,ANIMAL,lizard
9401,160,ANIMAL,monkey
9402,160,ANIMAL,chimpanzee
9403,160,ANIMAL,anteater
9404,160,ANIMAL,hippo
9405,160,ANIMAL,rhino
9406,160,ANIMAL,alligator
9407,160,ANIMAL,jellyfish
9408,160,ANIMAL,whale
9409,160,ANIMAL,fish
9410,160,ANIMAL,dolphin
9411,160,ANIMAL,turtle
9412,160,ANIMAL,seal
9413,160,ANIMAL,penguin
9414,160,ANIMAL,polar bear
9415,160,ANIMAL,koala
9416,160,ANIMAL,seagull
9417,161,ANIMAL,Snake
9418,161,ANIMAL,rat
9419,161,ANIMAL,dog
9420,161,ANIMAL,cat
9421,161,ANIMAL,dragon
9422,161,ANIMAL,bear
9423,161,ANIMAL,bore
9424,161,ANIMAL,bee
9425,161,ANIMAL,tiger
9426,161,ANIMAL,lion
9427,161,ANIMAL,cheetah
9428,161,ANIMAL,giraffe
9429,161,ANIMAL,hippo
9430,161,ANIMAL,parrot
9431,161,ANIMAL,blue jay
9432,161,ANIMAL,cardinal
9433,161,ANIMAL,eagle
9434,161,ANIMAL,sloth
9435,161,ANIMAL,raccon
9436,161,ANIMAL,panda
9437,162,ANIMAL,Cat
9438,162,ANIMAL,dog
9439,162,ANIMAL,tiger
9440,162,ANIMAL,leopard
9441,162,ANIMAL,rat
9442,162,ANIMAL,rabbit
9443,162,ANIMAL,goose
9444,162,ANIMAL,panther
9445,162,ANIMAL,moose
9446,162,ANIMAL,lion
9447,162,ANIMAL,deer
9448,162,ANIMAL,chicken
9449,162,ANIMAL,parrot
9450,162,ANIMAL,tucan
9451,162,ANIMAL,monkey
9452,162,ANIMAL,rooster
9453,162,ANIMAL,duck
9454,162,ANIMAL,gorilla
9455,162,ANIMAL,alligator
9456,162,ANIMAL,lizard
9457,162,ANIMAL,pig
9458,162,ANIMAL,fish
9459,162,ANIMAL,shark
9460,162,ANIMAL,whale
9461,162,ANIMAL,cow
9462,162,ANIMAL,sheep
9463,163,ANIMAL,Dog
9464,163,ANIMAL,cat
9465,163,ANIMAL,monkey
9466,163,ANIMAL,tiger
9467,163,ANIMAL,cricket
9468,163,ANIMAL,cockroach
9469,163,ANIMAL,leamur
9470,163,ANIMAL,lion
9471,163,ANIMAL,dolphin
9472,163,ANIMAL,shark
9473,163,ANIMAL,starfish
9474,163,ANIMAL,snail
9475,163,ANIMAL,crab
9476,163,ANIMAL,sparrow
9477,163,ANIMAL,butterfly
9478,163,ANIMAL,moth
9479,163,ANIMAL,fly
9480,163,ANIMAL,hamster
9481,163,ANIMAL,mouse
9482,163,ANIMAL,owl
9483,163,ANIMAL,eagele
9484,163,ANIMAL,lynx
9485,163,ANIMAL,bobcat
9486,163,ANIMAL,wolf
9487,163,ANIMAL,cougar
9488,163,ANIMAL,kangaroo
9489,163,ANIMAL,platypus
9490,163,ANIMAL,koala
9491,163,ANIMAL,el
9492,164,ANIMAL,Ape
9493,164,ANIMAL,lion
9494,164,ANIMAL,moose
9495,164,ANIMAL,crocodile
9496,164,ANIMAL,gerbil
9497,164,ANIMAL,bison
9498,164,ANIMAL,beaver
9499,164,ANIMAL,tiger
9500,164,ANIMAL,nird
9501,164,ANIMAL,whale
9502,164,ANIMAL,guinea pig
9503,164,ANIMAL,goat
9504,164,ANIMAL,cat
9505,164,ANIMAL,deer
9506,164,ANIMAL,snake
9507,164,ANIMAL,horse
9508,164,ANIMAL,mongoose
9509,164,ANIMAL,dog
9510,164,ANIMAL,turtle
9511,164,ANIMAL,gazelle
9512,164,ANIMAL,lizard
9513,164,ANIMAL,rat
9514,164,ANIMAL,panther
9515,164,ANIMAL,penguin
9516,164,ANIMAL,alligator
9517,164,ANIMAL,hamster
9518,164,ANIMAL,cheetah
9519,165,ANIMAL,Cat
9520,165,ANIMAL,dog
9521,165,ANIMAL,tiger
9522,165,ANIMAL,rabbit
9523,165,ANIMAL,lion
9524,165,ANIMAL,monkey
9525,165,ANIMAL,chimpanzees
9526,165,ANIMAL,mouse
9527,165,ANIMAL,rats
9528,165,ANIMAL,mice
9529,165,ANIMAL,bats
9530,165,ANIMAL,birds
9531,165,ANIMAL,hippopatamus
9532,165,ANIMAL,zebra
9533,165,ANIMAL,deers
9534,165,ANIMAL,goose
9535,165,ANIMAL,fox
9536,165,ANIMAL,owl
9537,165,ANIMAL,seal
9538,165,ANIMAL,polar bear
9539,165,ANIMAL,panda
9540,165,ANIMAL,gorilla
9541,165,ANIMAL,hamsters
9542,165,ANIMAL,guinea pig
9543,165,ANIMAL,horse
9544,165,ANIMAL,peacocks
9545,165,ANIMAL,walrus
9546,165,ANIMAL,coyotees
9547,166,ANIMAL,Cat
9548,166,ANIMAL,dog
9549,166,ANIMAL,zebra
9550,166,ANIMAL,horse
9551,166,ANIMAL,bird
9552,166,ANIMAL,lion
9553,166,ANIMAL,tiger
9554,166,ANIMAL,emu
9555,166,ANIMAL,deer
9556,166,ANIMAL,frog
9557,166,ANIMAL,lizard
9558,166,ANIMAL,bear
9559,166,ANIMAL,ostrich
9560,166,ANIMAL,toucan
9561,166,ANIMAL,crane
9562,166,ANIMAL,hummingbird
9563,166,ANIMAL,gecko
9564,166,ANIMAL,cappybara
9565,166,ANIMAL,sloth
9566,166,ANIMAL,anteater
9567,166,ANIMAL,koala
9568,166,ANIMAL,rabbit
9569,166,ANIMAL,squirrel
9570,166,ANIMAL,kangaroo
9571,166,ANIMAL,lepoard
9572,166,ANIMAL,panther
9573,166,ANIMAL,flamingo
9574,166,ANIMAL,prairie dog
9575,166,ANIMAL,fish
9576,166,ANIMAL,whale
9577,166,ANIMAL,tuna
9578,166,ANIMAL,dolphin
9579,166,ANIMAL,turtle
9580,166,ANIMAL,orcha
9581,166,ANIMAL,shark
9582,166,ANIMAL,jellyfish
9583,167,ANIMAL,Dog
9584,167,ANIMAL,cat
9585,167,ANIMAL,bird
9586,167,ANIMAL,fish
9587,167,ANIMAL,mouse
9588,167,ANIMAL,rat
9589,167,ANIMAL,giraffe
9590,167,ANIMAL,guinea pig
9591,167,ANIMAL,elephant
9592,167,ANIMAL,dolphin
9593,167,ANIMAL,shark
9594,167,ANIMAL,whale
9595,167,ANIMAL,ant
9596,167,ANIMAL,bugs
9597,167,ANIMAL,sloth
9598,167,ANIMAL,monkey
9599,167,ANIMAL,kangaroo
9600,167,ANIMAL,kawala
9601,167,ANIMAL,polar bear
9602,167,ANIMAL,panda
9603,167,ANIMAL,seal
9604,167,ANIMAL,lion
9605,167,ANIMAL,tiger
9606,167,ANIMAL,bear
9607,167,ANIMAL,skunk
9608,167,ANIMAL,squirrel
9609,167,ANIMAL,rabbit
9610,167,ANIMAL,bunny
9611,168,ANIMAL,Zebra
9612,168,ANIMAL,elephant
9613,168,ANIMAL,tiger
9614,168,ANIMAL,lion
9615,168,ANIMAL,mountain lion
9616,168,ANIMAL,frog
9617,168,ANIMAL,toad
9618,168,ANIMAL,allegator
9619,168,ANIMAL,dog
9620,168,ANIMAL,cat
9621,168,ANIMAL,rabbit
9622,168,ANIMAL,boar
9623,168,ANIMAL,fox
9624,168,ANIMAL,finnex fox
9625,168,ANIMAL,snail
9626,168,ANIMAL,snake
9627,168,ANIMAL,horse
9628,168,ANIMAL,crab
9629,168,ANIMAL,lobster
9630,168,ANIMAL,fish
9631,168,ANIMAL,bear
9632,168,ANIMAL,lizard
9633,168,ANIMAL,chicken
9634,168,ANIMAL,chimpagnzee
9635,168,ANIMAL,bonobo
9636,169,ANIMAL,Dog
9637,169,ANIMAL,cat
9638,169,ANIMAL,crocodile
9639,169,ANIMAL,bear
9640,169,ANIMAL,wolf
9641,169,ANIMAL,blackbird
9642,169,ANIMAL,parrot
9643,169,ANIMAL,parrotkeet
9644,169,ANIMAL,hermet crab
9645,169,ANIMAL,sea turtle
9646,169,ANIMAL,turtle
9647,169,ANIMAL,fish
9648,169,ANIMAL,seahorse
9649,169,ANIMAL,whale
9650,169,ANIMAL,shark
9651,169,ANIMAL,pigeon
9652,169,ANIMAL,racoon
9653,169,ANIMAL,possum
9654,169,ANIMAL,squirrel rabbit
9655,169,ANIMAL,goat
9656,169,ANIMAL,horse
9657,169,ANIMAL,Pig
9658,169,ANIMAL,cow
9659,169,ANIMAL,bull
9660,169,ANIMAL,chicken
9661,169,ANIMAL,turkey
9662,169,ANIMAL,deer
9663,169,ANIMAL,snake
9664,170,ANIMAL,Frog
9665,170,ANIMAL,hermit crab
9666,170,ANIMAL,dolphin
9667,170,ANIMAL,shark
9668,170,ANIMAL,snail
9669,170,ANIMAL,turtle
9670,170,ANIMAL,worm
9671,170,ANIMAL,dog
9672,170,ANIMAL,cat
9673,170,ANIMAL,horse
9674,170,ANIMAL,bird
9675,170,ANIMAL,fly
9676,170,ANIMAL,bee
9677,170,ANIMAL,wasp
9678,170,ANIMAL,snake
9679,170,ANIMAL,lizard
9680,170,ANIMAL,guinea pig
9681,170,ANIMAL,gerbil
9682,170,ANIMAL,zebra
9683,170,ANIMAL,ferret
9684,170,ANIMAL,hamster
9685,170,ANIMAL,monkey
9686,170,ANIMAL,lion
9687,170,ANIMAL,tiger
9688,170,ANIMAL,cheetah
9689,170,ANIMAL,elephant
9690,170,ANIMAL,jaguar
9691,170,ANIMAL,whale
9692,170,ANIMAL,kangaroo.
9693,171,ANIMAL,Tiger
9694,171,ANIMAL,dog
9695,171,ANIMAL,cat
9696,171,ANIMAL,bull
9697,171,ANIMAL,frog
9698,171,ANIMAL,lizard
9699,171,ANIMAL,horse
9700,171,ANIMAL,pony
9701,171,ANIMAL,lion
9702,171,ANIMAL,cheeta
9703,171,ANIMAL,chob
9704,171,ANIMAL,zeebra
9705,171,ANIMAL,worm
9706,171,ANIMAL,caterpillar. Fish
9707,171,ANIMAL,brids
9708,171,ANIMAL,whales
9709,171,ANIMAL,sharks
9710,171,ANIMAL,jellyfish.
9711,172,ANIMAL,Lion
9712,172,ANIMAL,tiger
9713,172,ANIMAL,hippo
9714,172,ANIMAL,squirrel
9715,172,ANIMAL,frog
9716,172,ANIMAL,dog
9717,172,ANIMAL,cat
9718,172,ANIMAL,hyeena
9719,172,ANIMAL,fox
9720,172,ANIMAL,bear
9721,172,ANIMAL,rabbit
9722,172,ANIMAL,guinea pig
9723,172,ANIMAL,deer
9724,172,ANIMAL,zebra
9725,172,ANIMAL,monkey
9726,172,ANIMAL,gorilla
9727,172,ANIMAL,cayote
9728,172,ANIMAL,elephant
9729,172,ANIMAL,gazell
9730,172,ANIMAL,squirell monkey
9731,172,ANIMAL,rhinosorus
9732,173,ANIMAL,Snake
9733,173,ANIMAL,frog
9734,173,ANIMAL,dogs
9735,173,ANIMAL,cats
9736,173,ANIMAL,birds
9737,173,ANIMAL,hawks
9738,173,ANIMAL,whales
9739,173,ANIMAL,fish
9740,173,ANIMAL,sharks
9741,173,ANIMAL,lion
9742,173,ANIMAL,elephant
9743,173,ANIMAL,guurple (possibly gerbil?)
9744,173,ANIMAL,cheetah
9745,173,ANIMAL,bob cat
9746,173,ANIMAL,mountain lion
9747,173,ANIMAL,squirrels
9748,173,ANIMAL,dane
9749,173,ANIMAL,hound
9750,173,ANIMAL,monkey
9751,173,ANIMAL,chimpanzee. Eagle
9752,173,ANIMAL,tuna
9753,173,ANIMAL,eel
9754,173,ANIMAL,blue whale
9755,173,ANIMAL,sperm whale
9756,173,ANIMAL,squid
9757,173,ANIMAL,turtles
9758,173,ANIMAL,snails
9759,173,ANIMAL,mussels
9760,173,ANIMAL,lady bug
9761,173,ANIMAL,centiped
9762,173,ANIMAL,crickets
9763,173,ANIMAL,ants
9764,173,ANIMAL,fire ants
9765,173,ANIMAL,spiders
9766,173,ANIMAL,worms
9767,174,ANIMAL,Crocodile
9768,174,ANIMAL,snake
9769,174,ANIMAL,lion
9770,174,ANIMAL,tiger
9771,174,ANIMAL,cow
9772,174,ANIMAL,horse
9773,174,ANIMAL,mino
9774,174,ANIMAL,dog
9775,174,ANIMAL,cat
9776,174,ANIMAL,goldfish
9777,174,ANIMAL,scorpiom
9778,174,ANIMAL,platypus
9779,174,ANIMAL,koala
9780,174,ANIMAL,kangaroo
9781,174,ANIMAL,sheep
9782,174,ANIMAL,goat
9783,174,ANIMAL,pony
9784,174,ANIMAL,donkey
9785,174,ANIMAL,zebra
9786,174,ANIMAL,chiwowa
9787,174,ANIMAL,great dane
9788,174,ANIMAL,st. bernard
9789,174,ANIMAL,spider
9790,174,ANIMAL,eagle
9791,174,ANIMAL,goldfinch
9792,174,ANIMAL,mountain lion
9793,174,ANIMAL,bear
9794,174,ANIMAL,polar bear
9795,174,ANIMAL,bug
9796,174,ANIMAL,lizard
9797,174,ANIMAL,iguana
9798,174,ANIMAL,hippo
9799,174,ANIMAL,gazelle
9800,175,ANIMAL,Spider
9801,175,ANIMAL,cat
9802,175,ANIMAL,dog
9803,175,ANIMAL,shark
9804,175,ANIMAL,fish
9805,175,ANIMAL,lizard
9806,175,ANIMAL,bird
9807,175,ANIMAL,owl
9808,175,ANIMAL,ant
9809,175,ANIMAL,ferret
9810,175,ANIMAL,pig
9811,175,ANIMAL,cow
9812,175,ANIMAL,goat
9813,175,ANIMAL,duck
9814,175,ANIMAL,turtle
9815,175,ANIMAL,seahorse
9816,175,ANIMAL,crab
9817,175,ANIMAL,lobster
9818,175,ANIMAL,fly
9819,175,ANIMAL,horse
9820,175,ANIMAL,chicken
9821,176,ANIMAL,Cat
9822,176,ANIMAL,dog
9823,176,ANIMAL,turtle
9824,176,ANIMAL,fish
9825,176,ANIMAL,cow
9826,176,ANIMAL,horse
9827,176,ANIMAL,pig
9828,176,ANIMAL,sheep
9829,176,ANIMAL,rabbit
9830,176,ANIMAL,hamster
9831,176,ANIMAL,rat
9832,176,ANIMAL,fox
9833,176,ANIMAL,bear
9834,176,ANIMAL,lion
9835,176,ANIMAL,tiger
9836,176,ANIMAL,zebra
9837,176,ANIMAL,bird
9838,176,ANIMAL,deer
9839,176,ANIMAL,elephant
9840,176,ANIMAL,wolf
9841,177,ANIMAL,Dog
9842,177,ANIMAL,cat
9843,177,ANIMAL,frog
9844,177,ANIMAL,giraffe
9845,177,ANIMAL,elephant
9846,177,ANIMAL,guinea pig
9847,177,ANIMAL,hamster
9848,177,ANIMAL,bird
9849,177,ANIMAL,bear
9850,177,ANIMAL,fox
9851,177,ANIMAL,mouse
9852,177,ANIMAL,rat
9853,177,ANIMAL,lizard
9854,177,ANIMAL,gecko
9855,177,ANIMAL,squri
9856,177,ANIMAL,chipmunk
9857,177,ANIMAL,rabbit
9858,177,ANIMAL,hare
9859,177,ANIMAL,tiger
9860,177,ANIMAL,lion
9861,177,ANIMAL,jaguar
9862,177,ANIMAL,polar bear
9863,177,ANIMAL,gorrilla
9864,177,ANIMAL,monkey
9865,177,ANIMAL,koala
9866,177,ANIMAL,hippo
9867,177,ANIMAL,rhino
9868,177,ANIMAL,gerbil
9869,177,ANIMAL,fish
9870,177,ANIMAL,shark
9871,177,ANIMAL,jelly fish
9872,177,ANIMAL,whale
9873,177,ANIMAL,dolphin
9874,177,ANIMAL,seal
9875,177,ANIMAL,seahorse
9876,177,ANIMAL,horse
9877,178,ANIMAL,Wolf
9878,178,ANIMAL,dog
9879,178,ANIMAL,cat
9880,178,ANIMAL,fish
9881,178,ANIMAL,bird
9882,178,ANIMAL,kangaroo
9883,178,ANIMAL,koala
9884,178,ANIMAL,lizard
9885,178,ANIMAL,shark
9886,178,ANIMAL,rat
9887,178,ANIMAL,mouse
9888,178,ANIMAL,deer
9889,178,ANIMAL,jaguar
9890,178,ANIMAL,lion
9891,178,ANIMAL,giraffe
9892,178,ANIMAL,elephant
9893,178,ANIMAL,dinisaur
9894,178,ANIMAL,lear
9895,178,ANIMAL,snake
9896,178,ANIMAL,anteater
9897,178,ANIMAL,antalope
9898,178,ANIMAL,monky
9899,178,ANIMAL,gorilla
9900,178,ANIMAL,elephant
9901,178,ANIMAL,chimpanzee
9902,178,ANIMAL,human
9903,178,ANIMAL,turtle
9904,178,ANIMAL,salmon
9905,178,ANIMAL,chicken
9906,178,ANIMAL,rooster
9907,179,ANIMAL,Dog
9908,179,ANIMAL,cat
9909,179,ANIMAL,fish
9910,179,ANIMAL,whale
9911,179,ANIMAL,moose
9912,179,ANIMAL,deer
9913,179,ANIMAL,mouse
9914,179,ANIMAL,seal
9915,179,ANIMAL,penguin
9916,179,ANIMAL,guinea pig
9917,179,ANIMAL,pig
9918,179,ANIMAL,cow
9919,179,ANIMAL,cattle
9920,179,ANIMAL,ox
9921,179,ANIMAL,zebra
9922,179,ANIMAL,giraffe
9923,179,ANIMAL,hippopattamus
9924,179,ANIMAL,monkey
9925,179,ANIMAL,gorilla
9926,179,ANIMAL,cheetah
9927,179,ANIMAL,lion
9928,179,ANIMAL,tiger
9929,179,ANIMAL,panther
9930,179,ANIMAL,mountain cat
9931,179,ANIMAL,polar bear
9932,179,ANIMAL,shark
9933,179,ANIMAL,ants
9934,179,ANIMAL,flys
9935,180,ANIMAL,Cat
9936,180,ANIMAL,dog
9937,180,ANIMAL,elephant
9938,180,ANIMAL,horse
9939,180,ANIMAL,hippo
9940,180,ANIMAL,bird
9941,180,ANIMAL,giraffe
9942,180,ANIMAL,chicken
9943,180,ANIMAL,rabbit
9944,180,ANIMAL,donkey
9945,180,ANIMAL,pig
9946,180,ANIMAL,zebra
9947,180,ANIMAL,lion
9948,180,ANIMAL,rhino
9949,180,ANIMAL,ghecko
9950,180,ANIMAL,bearded dragon
9951,180,ANIMAL,guinea pig
9952,180,ANIMAL,hamster
9953,180,ANIMAL,duck
9954,180,ANIMAL,alligator
9955,180,ANIMAL,snake
9956,180,ANIMAL,squirrel
9957,180,ANIMAL,chipmunk
9958,181,ANIMAL,Snake
9959,181,ANIMAL,cobra
9960,181,ANIMAL,python
9961,181,ANIMAL,penguin
9962,181,ANIMAL,birds
9963,181,ANIMAL,cockroach
9964,181,ANIMAL,ostrich
9965,181,ANIMAL,lion
9966,181,ANIMAL,tiger
9967,181,ANIMAL,parrot
9968,181,ANIMAL,cat
9969,181,ANIMAL,leopard
9970,181,ANIMAL,elephant
9971,181,ANIMAL,dog
9972,181,ANIMAL,wolf
9973,181,ANIMAL,fox
9974,181,ANIMAL,rabbit
9975,181,ANIMAL,fly
9976,181,ANIMAL,butterfly
9977,181,ANIMAL,moth
9978,181,ANIMAL,scorpion
9979,181,ANIMAL,frog
9980,181,ANIMAL,toad
9981,181,ANIMAL,hyena
9982,181,ANIMAL,pig
9983,181,ANIMAL,chicken
9984,181,ANIMAL,cow
9985,181,ANIMAL,horse
9986,182,ANIMAL,Butterfly
9987,182,ANIMAL,cat
9988,182,ANIMAL,dog
9989,182,ANIMAL,bird
9990,182,ANIMAL,snake
9991,182,ANIMAL,squirrel
9992,182,ANIMAL,skunk
9993,182,ANIMAL,rabbit
9994,182,ANIMAL,hamster
9995,182,ANIMAL,alligator
9996,182,ANIMAL,bee
9997,182,ANIMAL,elephant
9998,182,ANIMAL,rat
9999,182,ANIMAL,octopus
10000,182,ANIMAL,platypus
10001,182,ANIMAL,kangaroo
10002,182,ANIMAL,spider
10003,182,ANIMAL,whale
10004,182,ANIMAL,eagle
10005,183,ANIMAL,Birds
10006,183,ANIMAL,dogs
10007,183,ANIMAL,cats
10008,183,ANIMAL,fish
10009,183,ANIMAL,lion
10010,183,ANIMAL,bear
10011,183,ANIMAL,tiger
10012,183,ANIMAL,hippo
10013,183,ANIMAL,squirrel
10014,183,ANIMAL,snail
10015,183,ANIMAL,horse
10016,183,ANIMAL,sealion
10017,183,ANIMAL,shark
10018,183,ANIMAL,whale
10019,183,ANIMAL,seahorse
10020,183,ANIMAL,hamster
10021,183,ANIMAL,frog
10022,183,ANIMAL,crab
10023,183,ANIMAL,giraffe
10024,184,ANIMAL,Dog
10025,184,ANIMAL,cat
10026,184,ANIMAL,cheetah
10027,184,ANIMAL,chimp
10028,184,ANIMAL,monkey
10029,184,ANIMAL,gorilla
10030,184,ANIMAL,parot
10031,184,ANIMAL,lion
10032,184,ANIMAL,wolf
10033,184,ANIMAL,kangaroo
10034,184,ANIMAL,frog
10035,184,ANIMAL,grasshopper
10036,184,ANIMAL,snake
10037,184,ANIMAL,snail
10038,184,ANIMAL,turtle
10039,184,ANIMAL,mountain lion
10040,184,ANIMAL,panda
10041,185,ANIMAL,Puppy
10042,185,ANIMAL,dog
10043,185,ANIMAL,cat
10044,185,ANIMAL,elephant
10045,185,ANIMAL,otter
10046,185,ANIMAL,lion
10047,185,ANIMAL,monkey
10048,185,ANIMAL,tiger
10049,185,ANIMAL,owl
10050,185,ANIMAL,wolf
10051,185,ANIMAL,pig
10052,185,ANIMAL,cow
10053,185,ANIMAL,dolphin
10054,185,ANIMAL,whale
10055,185,ANIMAL,fish
10056,185,ANIMAL,sealion
10057,185,ANIMAL,stingray
10058,185,ANIMAL,lizard
10059,185,ANIMAL,aligator
10060,185,ANIMAL,crocidile
10061,185,ANIMAL,moose
10062,185,ANIMAL,dear
10063,185,ANIMAL,squirl
10064,185,ANIMAL,bug
10065,185,ANIMAL,ant
10066,185,ANIMAL,spider
10067,185,ANIMAL,lady bug
10068,185,ANIMAL,stink bug
10069,185,ANIMAL,frog
10070,185,ANIMAL,reindeer
10071,185,ANIMAL,kitten
10072,185,ANIMAL,chinchilla
10073,185,ANIMAL,toad
10074,186,ANIMAL,Dog
10075,186,ANIMAL,cat
10076,186,ANIMAL,bunny
10077,186,ANIMAL,fish
10078,186,ANIMAL,octapus
10079,186,ANIMAL,lizard
10080,186,ANIMAL,monkey
10081,186,ANIMAL,shark
10082,186,ANIMAL,lion
10083,186,ANIMAL,tiger
10084,186,ANIMAL,bear
10085,186,ANIMAL,squirrel
10086,186,ANIMAL,bird
10087,186,ANIMAL,hawk
10088,186,ANIMAL,mouse
10089,186,ANIMAL,rat
10090,186,ANIMAL,hedgehog
10091,186,ANIMAL,horse
10092,186,ANIMAL,goat
10093,186,ANIMAL,cow
10094,186,ANIMAL,chicken
10095,186,ANIMAL,bull
10096,186,ANIMAL,rhino
10097,186,ANIMAL,hippo
10098,186,ANIMAL,fox
10099,186,ANIMAL,wolf
10100,186,ANIMAL,sheep
10101,186,ANIMAL,bat
10102,186,ANIMAL,koala
10103,187,ANIMAL,Frog
10104,187,ANIMAL,dog
10105,187,ANIMAL,cat
10106,187,ANIMAL,rabbit
10107,187,ANIMAL,snake
10108,187,ANIMAL,bear
10109,187,ANIMAL,deer
10110,187,ANIMAL,antelope
10111,187,ANIMAL,moose
10112,187,ANIMAL,crocodile
10113,187,ANIMAL,alligator
10114,187,ANIMAL,kangaroo
10115,187,ANIMAL,koala
10116,187,ANIMAL,giraffe
10117,187,ANIMAL,elephant
10118,187,ANIMAL,lion
10119,187,ANIMAL,tiger
10120,187,ANIMAL,leopard
10121,187,ANIMAL,jaguar
10122,187,ANIMAL,zebra
10123,187,ANIMAL,monkey
10124,187,ANIMAL,hippopotamus
10125,187,ANIMAL,rhinocerous
10126,187,ANIMAL,rat
10127,187,ANIMAL,hamster
10128,187,ANIMAL,guinea pig
10129,187,ANIMAL,pig
10130,187,ANIMAL,cow
10131,187,ANIMAL,horse
10132,187,ANIMAL,duck
10133,187,ANIMAL,goose
10134,187,ANIMAL,bird
10135,187,ANIMAL,penguin
10136,187,ANIMAL,rooster
10137,188,ANIMAL,Lion
10138,188,ANIMAL,Zebra
10139,188,ANIMAL,Giraffe
10140,188,ANIMAL,cobra
10141,188,ANIMAL,sloth
10142,188,ANIMAL,spider
10143,188,ANIMAL,leapord
10144,188,ANIMAL,frog
10145,188,ANIMAL,tad-pool
10146,188,ANIMAL,fish
10147,188,ANIMAL,octopus
10148,188,ANIMAL,squid
10149,188,ANIMAL,shark
10150,188,ANIMAL,dolphin
10151,188,ANIMAL,crab
10152,188,ANIMAL,hawk
10153,188,ANIMAL,human
10154,188,ANIMAL,goat
10155,189,ANIMAL,Shark
10156,189,ANIMAL,shrimp
10157,189,ANIMAL,dog
10158,189,ANIMAL,cat
10159,189,ANIMAL,monkey
10160,189,ANIMAL,pig
10161,189,ANIMAL,horse
10162,189,ANIMAL,cow
10163,189,ANIMAL,dinosaur
10164,189,ANIMAL,zebra
10165,189,ANIMAL,giraffe
10166,189,ANIMAL,lion
10167,189,ANIMAL,tiger
10168,189,ANIMAL,bear
10169,189,ANIMAL,cougar
10170,189,ANIMAL,hamster
10171,189,ANIMAL,gerbil
10172,189,ANIMAL,bunny
10173,189,ANIMAL,fish
10174,189,ANIMAL,mouse
10175,189,ANIMAL,panther
10176,189,ANIMAL,elephant
10177,189,ANIMAL,deer
10178,189,ANIMAL,moose
10179,189,ANIMAL,wolf
10180,189,ANIMAL,gorilla
10181,189,ANIMAL,squid
10182,189,ANIMAL,octopus
10183,189,ANIMAL,dolphin
10184,189,ANIMAL,fox
10185,190,ANIMAL,Cat
10186,190,ANIMAL,dog
10187,190,ANIMAL,lizard
10188,190,ANIMAL,snake
10189,190,ANIMAL,squirrel
10190,190,ANIMAL,jaguar
10191,190,ANIMAL,cheetah
10192,190,ANIMAL,hippo
10193,190,ANIMAL,lion
10194,190,ANIMAL,giraffe
10195,190,ANIMAL,polar bear
10196,190,ANIMAL,zebra
10197,190,ANIMAL,penguin
10198,190,ANIMAL,frog
10199,190,ANIMAL,skunk
10200,190,ANIMAL,possum
10201,190,ANIMAL,iguana
10202,190,ANIMAL,crocodile
10203,190,ANIMAL,fish
10204,190,ANIMAL,deer
10205,190,ANIMAL,bear
10206,190,ANIMAL,chimpanzee
10207,190,ANIMAL,monkey
10208,190,ANIMAL,ape
10209,191,ANIMAL,Owl
10210,191,ANIMAL,dog
10211,191,ANIMAL,cat
10212,191,ANIMAL,tiger
10213,191,ANIMAL,lion
10214,191,ANIMAL,bird
10215,191,ANIMAL,toucan
10216,191,ANIMAL,parrot
10217,191,ANIMAL,parakeet
10218,191,ANIMAL,turtle
10219,191,ANIMAL,tortoise
10220,191,ANIMAL,hamster
10221,191,ANIMAL,guinea pig
10222,191,ANIMAL,lizard
10223,191,ANIMAL,bearded dragon
10224,191,ANIMAL,iguana
10225,191,ANIMAL,snail
10226,191,ANIMAL,fish
10227,191,ANIMAL,salmon
10228,191,ANIMAL,jellyfish
10229,191,ANIMAL,dolphin
10230,191,ANIMAL,shark
10231,191,ANIMAL,sheep
10232,191,ANIMAL,pig
10233,191,ANIMAL,chicken
10234,191,ANIMAL,rooster
10235,191,ANIMAL,chick
10236,191,ANIMAL,hen
10237,191,ANIMAL,giraffe
10238,191,ANIMAL,camel
10239,191,ANIMAL,turkey
10240,191,ANIMAL,zebra
10241,191,ANIMAL,deer
10242,191,ANIMAL,reindeer
10243,192,ANIMAL,Dog
10244,192,ANIMAL,cat
10245,192,ANIMAL,snake
10246,192,ANIMAL,snail
10247,192,ANIMAL,zebra
10248,192,ANIMAL,lion
10249,192,ANIMAL,elephant
10250,192,ANIMAL,tiger
10251,192,ANIMAL,alligator
10252,192,ANIMAL,garfaee
10253,192,ANIMAL,bird
10254,192,ANIMAL,egale
10255,192,ANIMAL,peigon
10256,192,ANIMAL,gerbal
10257,192,ANIMAL,hamster
10258,192,ANIMAL,rat
10259,192,ANIMAL,mouse
10260,193,ANIMAL,Tiger
10261,193,ANIMAL,lion
10262,193,ANIMAL,liger
10263,193,ANIMAL,donkey
10264,193,ANIMAL,horse
10265,193,ANIMAL,mull
10266,193,ANIMAL,pig
10267,193,ANIMAL,elephant
10268,193,ANIMAL,sloth
10269,193,ANIMAL,polar bear
10270,193,ANIMAL,panther
10271,193,ANIMAL,jaguar
10272,193,ANIMAL,dog
10273,193,ANIMAL,cat
10274,193,ANIMAL,mouse
10275,193,ANIMAL,rabbit
10276,193,ANIMAL,lemur
10277,193,ANIMAL,ferret
10278,193,ANIMAL,birds
10279,193,ANIMAL,parakeet
10280,193,ANIMAL,robin
10281,193,ANIMAL,guinea pig
10282,193,ANIMAL,lizard
10283,193,ANIMAL,chameleon
10284,193,ANIMAL,goat
10285,193,ANIMAL,sheep
10286,193,ANIMAL,fish
10287,193,ANIMAL,rhino
10288,193,ANIMAL,dinosaur
10289,194,ANIMAL,Dog
10290,194,ANIMAL,fish
10291,194,ANIMAL,bat
10292,194,ANIMAL,tiger
10293,194,ANIMAL,shark
10294,194,ANIMAL,whale
10295,194,ANIMAL,elephant
10296,194,ANIMAL,monkey
10297,194,ANIMAL,dragon
10298,194,ANIMAL,seal
10299,194,ANIMAL,squirrel
10300,194,ANIMAL,cat
10301,194,ANIMAL,horse
10302,194,ANIMAL,lion
10303,194,ANIMAL,bears
10304,194,ANIMAL,dolphin
10305,194,ANIMAL,mouse
10306,194,ANIMAL,lizard
10307,194,ANIMAL,penguin
10308,194,ANIMAL,bird
10309,195,ANIMAL,Cat
10310,195,ANIMAL,dog
10311,195,ANIMAL,fish
10312,195,ANIMAL,turtle
10313,195,ANIMAL,snake
10314,195,ANIMAL,spider
10315,195,ANIMAL,mouse
10316,195,ANIMAL,hamster
10317,195,ANIMAL,gerbil
10318,195,ANIMAL,squirrel
10319,195,ANIMAL,aligator
10320,195,ANIMAL,shark
10321,195,ANIMAL,dolphin
10322,195,ANIMAL,whales
10323,195,ANIMAL,tiger
10324,195,ANIMAL,lion
10325,195,ANIMAL,bear
10326,195,ANIMAL,cheetah
10327,195,ANIMAL,giraffee
10328,196,ANIMAL,Turtle
10329,196,ANIMAL,giraffe
10330,196,ANIMAL,elephant
10331,196,ANIMAL,frog
10332,196,ANIMAL,bunny
10333,196,ANIMAL,snake
10334,196,ANIMAL,snail
10335,196,ANIMAL,slug
10336,196,ANIMAL,monkey
10337,196,ANIMAL,raccoon
10338,196,ANIMAL,opposum
10339,196,ANIMAL,squirrel
10340,196,ANIMAL,gorilla
10341,196,ANIMAL,fish
10342,196,ANIMAL,flamingo
10343,196,ANIMAL,zebra
10344,196,ANIMAL,lion
10345,196,ANIMAL,tiger
10346,196,ANIMAL,bear
10347,196,ANIMAL,penguin
10348,196,ANIMAL,whale
10349,196,ANIMAL,shark
10350,196,ANIMAL,bison
10351,196,ANIMAL,bull
10352,197,ANIMAL,Monkey
10353,197,ANIMAL,ape
10354,197,ANIMAL,cat
10355,197,ANIMAL,dog
10356,197,ANIMAL,fish
10357,197,ANIMAL,gorilla
10358,197,ANIMAL,bear
10359,197,ANIMAL,elephant
10360,197,ANIMAL,rhino
10361,197,ANIMAL,penguin
10362,197,ANIMAL,mouse
10363,197,ANIMAL,dolphin
10364,197,ANIMAL,shark
10365,197,ANIMAL,tiger
10366,197,ANIMAL,lion
10367,197,ANIMAL,jaguar
10368,197,ANIMAL,bobcat
10369,197,ANIMAL,wolf
10370,197,ANIMAL,coyote
10371,197,ANIMAL,duck
10372,197,ANIMAL,beaver
10373,197,ANIMAL,bird
10374,198,ANIMAL,Ant
10375,198,ANIMAL,flamingo
10376,198,ANIMAL,shark
10377,198,ANIMAL,bear
10378,198,ANIMAL,dolphin
10379,198,ANIMAL,bee
10380,198,ANIMAL,butterfly
10381,198,ANIMAL,fly
10382,198,ANIMAL,elephant
10383,198,ANIMAL,mouse
10384,198,ANIMAL,dog
10385,198,ANIMAL,cat
10386,198,ANIMAL,pig
10387,198,ANIMAL,goat
10388,198,ANIMAL,chicken
10389,198,ANIMAL,cow
10390,198,ANIMAL,horse
10391,198,ANIMAL,crocodile
10392,198,ANIMAL,beetle
10393,198,ANIMAL,platypus
10394,198,ANIMAL,molluse
10395,198,ANIMAL,jellyfish
10396,198,ANIMAL,lobster
10397,198,ANIMAL,crab
10398,198,ANIMAL,clam
10399,198,ANIMAL,owl
10400,198,ANIMAL,robin
10401,198,ANIMAL,bluejay
10402,198,ANIMAL,bat
10403,198,ANIMAL,assorted fish
10404,198,ANIMAL,squirrel
10405,198,ANIMAL,rabbit
10406,198,ANIMAL,mink
10407,198,ANIMAL,weasel
10408,199,ANIMAL,Dog
10409,199,ANIMAL,cat
10410,199,ANIMAL,frog
10411,199,ANIMAL,fish
10412,199,ANIMAL,rabbit
10413,199,ANIMAL,mouse
10414,199,ANIMAL,rat
10415,199,ANIMAL,bird
10416,199,ANIMAL,lion
10417,199,ANIMAL,tiger
10418,199,ANIMAL,bear
10419,199,ANIMAL,moose
10420,199,ANIMAL,lemur
10421,199,ANIMAL,hedgehog
10422,199,ANIMAL,groundhog
10423,199,ANIMAL,fox
10424,199,ANIMAL,polar bear
10425,199,ANIMAL,giraffe
10426,199,ANIMAL,elephant
10427,199,ANIMAL,turtle
10428,199,ANIMAL,panda
10429,199,ANIMAL,monkey
10430,199,ANIMAL,gorilla
10431,199,ANIMAL,snake
10432,199,ANIMAL,rhino
10433,199,ANIMAL,hippo
10434,200,ANIMAL,Aardvark
10435,200,ANIMAL,ant
10436,200,ANIMAL,bear
10437,200,ANIMAL,dog
10438,200,ANIMAL,cat
10439,200,ANIMAL,giraffe
10440,200,ANIMAL,lion
10441,200,ANIMAL,tiger
10442,200,ANIMAL,bug
10443,200,ANIMAL,mosquito
10444,200,ANIMAL,bird
10445,200,ANIMAL,sloth
10446,200,ANIMAL,snake
10447,200,ANIMAL,frog
10448,200,ANIMAL,toad
10449,200,ANIMAL,deer
10450,200,ANIMAL,boar
10451,200,ANIMAL,pig
10452,200,ANIMAL,cow
10453,200,ANIMAL,chicken
10454,200,ANIMAL,hen
10455,200,ANIMAL,rooster
10456,200,ANIMAL,turkey
10457,200,ANIMAL,elk
10458,200,ANIMAL,moose
10459,200,ANIMAL,zebra
10460,200,ANIMAL,horse
10461,200,ANIMAL,donkey
10462,200,ANIMAL,mule
10463,200,ANIMAL,ferrer
10464,200,ANIMAL,guinie pig
10465,200,ANIMAL,gerbil
10466,200,ANIMAL,mouse
10467,200,ANIMAL,rat
10468,200,ANIMAL,chimp
10469,200,ANIMAL,monkey
10470,200,ANIMAL,ape
10471,200,ANIMAL,hawk
10472,200,ANIMAL,crow
10473,200,ANIMAL,eagle
10474,200,ANIMAL,vulture
10475,200,ANIMAL,grasshopper
10476,201,ANIMAL,Dog
10477,201,ANIMAL,cat
10478,201,ANIMAL,hamster
10479,201,ANIMAL,tiger
10480,201,ANIMAL,lion
10481,201,ANIMAL,giraffe
10482,201,ANIMAL,elephant
10483,201,ANIMAL,zebra
10484,201,ANIMAL,hippo
10485,201,ANIMAL,libra
10486,201,ANIMAL,mountain lion
10487,201,ANIMAL,pig
10488,201,ANIMAL,bunny/rabbit
10489,201,ANIMAL,skunk
10490,201,ANIMAL,squirrel
10491,201,ANIMAL,chipmunk
10492,201,ANIMAL,possum
10493,201,ANIMAL,racoon
10494,202,ANIMAL,Salomander
10495,202,ANIMAL,sloth
10496,202,ANIMAL,penguin
10497,202,ANIMAL,tiger
10498,202,ANIMAL,lion
10499,202,ANIMAL,gazel
10500,202,ANIMAL,sheep
10501,202,ANIMAL,cat
10502,202,ANIMAL,dog
10503,202,ANIMAL,snake
10504,202,ANIMAL,lizard
10505,202,ANIMAL,dragon
10506,202,ANIMAL,whale
10507,202,ANIMAL,narwal
10508,202,ANIMAL,bettle
10509,202,ANIMAL,fly
10510,202,ANIMAL,ant
10511,202,ANIMAL,ant eater
10512,202,ANIMAL,antalope
10513,202,ANIMAL,moose
10514,202,ANIMAL,deer
10515,202,ANIMAL,cow
10516,202,ANIMAL,pig
10517,202,ANIMAL,chicken
10518,202,ANIMAL,horse
10519,202,ANIMAL,catterpiller
10520,202,ANIMAL,frog
10521,202,ANIMAL,cock
10522,202,ANIMAL,bull
10523,202,ANIMAL,toad
10524,202,ANIMAL,parrot
10525,202,ANIMAL,segull
10526,202,ANIMAL,pelican
10527,202,ANIMAL,blue jay
10528,202,ANIMAL,red wing black bird
10529,202,ANIMAL,road runner
10530,202,ANIMAL,humming bird
10531,203,ANIMAL,Dog
10532,203,ANIMAL,cat
10533,203,ANIMAL,fish
10534,203,ANIMAL,reptiles
10535,203,ANIMAL,elephant
10536,203,ANIMAL,snake
10537,203,ANIMAL,turtle
10538,203,ANIMAL,bird
10539,203,ANIMAL,dinosaur
10540,203,ANIMAL,rabbit
10541,203,ANIMAL,snail
10542,203,ANIMAL,bunny
10543,203,ANIMAL,cheetah
10544,203,ANIMAL,lion
10545,203,ANIMAL,eagle
10546,203,ANIMAL,husky
10547,203,ANIMAL,lab
10548,203,ANIMAL,turkey
10549,203,ANIMAL,chicken
10550,204,ANIMAL,Bird
10551,204,ANIMAL,lion
10552,204,ANIMAL,turtle
10553,204,ANIMAL,dog
10554,204,ANIMAL,car
10555,204,ANIMAL,chamelion
10556,204,ANIMAL,fish
10557,204,ANIMAL,bear
10558,204,ANIMAL,crocodile
10559,204,ANIMAL,frog
10560,204,ANIMAL,horse
10561,204,ANIMAL,sheep
10562,204,ANIMAL,goat
10563,204,ANIMAL,cow
10564,204,ANIMAL,eagle
10565,204,ANIMAL,yak
10566,204,ANIMAL,camel
10567,204,ANIMAL,rat
10568,204,ANIMAL,mouse
10569,204,ANIMAL,lizard
10570,204,ANIMAL,butterfly
10571,204,ANIMAL,fly
10572,204,ANIMAL,dolphine
10573,204,ANIMAL,shark
10574,204,ANIMAL,octopus
10575,204,ANIMAL,whale
10576,205,ANIMAL,Fish
10577,205,ANIMAL,bird
10578,205,ANIMAL,cat
10579,205,ANIMAL,dog
10580,205,ANIMAL,alligator
10581,205,ANIMAL,crocodile
10582,205,ANIMAL,snake
10583,205,ANIMAL,lizard
10584,205,ANIMAL,hamster
10585,205,ANIMAL,pig
10586,205,ANIMAL,monkey
10587,205,ANIMAL,rabbit
10588,205,ANIMAL,octopus
10589,205,ANIMAL,squid
10590,205,ANIMAL,squirrel
10591,205,ANIMAL,frog
10592,206,ANIMAL,Humans
10593,206,ANIMAL,dog
10594,206,ANIMAL,cat
10595,206,ANIMAL,tiger
10596,206,ANIMAL,mountain lion
10597,206,ANIMAL,cheetah
10598,206,ANIMAL,leapord
10599,206,ANIMAL,snow-leapord
10600,206,ANIMAL,giraffi
10601,206,ANIMAL,elephant
10602,206,ANIMAL,rhino
10603,206,ANIMAL,hamster
10604,206,ANIMAL,porkie-pig
10605,206,ANIMAL,raccon
10606,206,ANIMAL,deer
10607,206,ANIMAL,bears
10608,206,ANIMAL,headge hog
10609,207,ANIMAL,Lion
10610,207,ANIMAL,tiger
10611,207,ANIMAL,panther
10612,207,ANIMAL,dog
10613,207,ANIMAL,cat
10614,207,ANIMAL,fish
10615,207,ANIMAL,shark
10616,207,ANIMAL,deer
10617,207,ANIMAL,bear
10618,207,ANIMAL,frog
10619,207,ANIMAL,bird
10620,207,ANIMAL,hippo
10621,207,ANIMAL,possum
10622,207,ANIMAL,raccoon
10623,207,ANIMAL,rat
10624,207,ANIMAL,mice
10625,207,ANIMAL,mouse
10626,207,ANIMAL,dinosaur
10627,207,ANIMAL,snake
10628,207,ANIMAL,alligator
10629,207,ANIMAL,owl
10630,207,ANIMAL,pigeoun
10631,207,ANIMAL,wolf
10632,207,ANIMAL,bat
10633,207,ANIMAL,sloth
10634,207,ANIMAL,monkey
10635,207,ANIMAL,gorilla
10636,207,ANIMAL,fox
10637,207,ANIMAL,seal
10638,208,ANIMAL,Girafe
10639,208,ANIMAL,fish
10640,208,ANIMAL,snake
10641,208,ANIMAL,pelican
10642,208,ANIMAL,bird
10643,208,ANIMAL,seagull
10644,208,ANIMAL,snail
10645,208,ANIMAL,butterfly
10646,208,ANIMAL,bat
10647,208,ANIMAL,cat
10648,208,ANIMAL,dog
10649,208,ANIMAL,frog
10650,208,ANIMAL,salimander
10651,208,ANIMAL,tadpole
10652,208,ANIMAL,goat
10653,208,ANIMAL,chicken
10654,208,ANIMAL,monkey
10655,208,ANIMAL,tiger
10656,208,ANIMAL,bear
10657,208,ANIMAL,lion
10658,208,ANIMAL,cheetah
10659,208,ANIMAL,hyenah
10660,208,ANIMAL,crap
10661,208,ANIMAL,seahorse
10662,208,ANIMAL,squirrel
10663,208,ANIMAL,octopus
10664,208,ANIMAL,whale
10665,208,ANIMAL,starfish
10666,209,ANIMAL,Horse
10667,209,ANIMAL,panda
10668,209,ANIMAL,fox
10669,209,ANIMAL,bear
10670,209,ANIMAL,dog
10671,209,ANIMAL,wolf
10672,209,ANIMAL,cat
10673,209,ANIMAL,eagle
10674,209,ANIMAL,leopard
10675,209,ANIMAL,tiger
10676,209,ANIMAL,lion
10677,209,ANIMAL,bear
10678,209,ANIMAL,polar bear
10679,209,ANIMAL,fish
10680,209,ANIMAL,elephant
10681,209,ANIMAL,giraffe
10682,209,ANIMAL,ostrich
10683,209,ANIMAL,flamingo
10684,209,ANIMAL,mere cat
10685,209,ANIMAL,sting ray
10686,209,ANIMAL,dolphin
10687,209,ANIMAL,whale
10688,209,ANIMAL,otter
10689,209,ANIMAL,beaver
10690,209,ANIMAL,turtle
10691,209,ANIMAL,frog
10692,209,ANIMAL,lizard
10693,209,ANIMAL,gecko
10694,209,ANIMAL,hippopotamus
10695,210,ANIMAL,Ant
10696,210,ANIMAL,fly
10697,210,ANIMAL,duck
10698,210,ANIMAL,goose
10699,210,ANIMAL,buffalo
10700,210,ANIMAL,water buffalo
10701,210,ANIMAL,ox
10702,210,ANIMAL,moose
10703,210,ANIMAL,squirrel
10704,210,ANIMAL,cow
10705,210,ANIMAL,hen
10706,210,ANIMAL,chicken
10707,210,ANIMAL,rooster
10708,210,ANIMAL,swan
10709,210,ANIMAL,bird
10710,210,ANIMAL,pigeon
10711,210,ANIMAL,falcon
10712,210,ANIMAL,hawk
10713,210,ANIMAL,eagle
10714,210,ANIMAL,horse
10715,210,ANIMAL,donkey
10716,210,ANIMAL,mule
10717,210,ANIMAL,cat
10718,210,ANIMAL,dog
10719,210,ANIMAL,gopher
10720,210,ANIMAL,groundhog
10721,210,ANIMAL,hedgehog
10722,210,ANIMAL,tazmanian devil
10723,210,ANIMAL,lemur
10724,210,ANIMAL,loris
10725,210,ANIMAL,chimpanzee
10726,210,ANIMAL,gorilla
10727,210,ANIMAL,orangutan
10728,210,ANIMAL,otter
10729,210,ANIMAL,platypus
10730,210,ANIMAL,beaver
10731,210,ANIMAL,roadrunner
10732,211,ANIMAL,Dog
10733,211,ANIMAL,cat
10734,211,ANIMAL,tiger
10735,211,ANIMAL,lion
10736,211,ANIMAL,bear
10737,211,ANIMAL,ape
10738,211,ANIMAL,monkey
10739,211,ANIMAL,wolf
10740,211,ANIMAL,chicken
10741,211,ANIMAL,cow
10742,211,ANIMAL,goat
10743,211,ANIMAL,llama
10744,211,ANIMAL,deer
10745,211,ANIMAL,frog
10746,211,ANIMAL,snake
10747,211,ANIMAL,bird
10748,211,ANIMAL,duck
10749,211,ANIMAL,fish
10750,211,ANIMAL,shark
10751,211,ANIMAL,eel
10752,211,ANIMAL,elephant
10753,211,ANIMAL,ferret
10754,211,ANIMAL,turtle
10755,211,ANIMAL,tortoise
10756,211,ANIMAL,gazelle
10757,211,ANIMAL,zebra
10758,211,ANIMAL,horse
10759,211,ANIMAL,pig
10760,211,ANIMAL,hyena
10761,212,ANIMAL,Snake
10762,212,ANIMAL,bear
10763,212,ANIMAL,ant
10764,212,ANIMAL,deer
10765,212,ANIMAL,fish
10766,212,ANIMAL,whale
10767,212,ANIMAL,shark
10768,212,ANIMAL,bunny
10769,212,ANIMAL,squirrel
10770,212,ANIMAL,bird
10771,212,ANIMAL,scorpion
10772,212,ANIMAL,seal
10773,212,ANIMAL,otter
10774,212,ANIMAL,dog
10775,212,ANIMAL,cat
10776,212,ANIMAL,hamster
10777,212,ANIMAL,alligator
10778,212,ANIMAL,hippo
10779,212,ANIMAL,lion
10780,212,ANIMAL,tiger
10781,212,ANIMAL,panther
10782,212,ANIMAL,monkey
10783,212,ANIMAL,lemur
10784,212,ANIMAL,chipmunk
10785,212,ANIMAL,beetle
10786,213,ANIMAL,Rabbit
10787,213,ANIMAL,owl
10788,213,ANIMAL,fox
10789,213,ANIMAL,snake
10790,213,ANIMAL,chinchilla
10791,213,ANIMAL,lizard
10792,213,ANIMAL,deer
10793,213,ANIMAL,bear
10794,213,ANIMAL,lion
10795,213,ANIMAL,tiger
10796,213,ANIMAL,elk
10797,213,ANIMAL,ox
10798,213,ANIMAL,moose
10799,213,ANIMAL,giraffe
10800,213,ANIMAL,elephant
10801,213,ANIMAL,dog
10802,213,ANIMAL,cat
10803,213,ANIMAL,pig
10804,213,ANIMAL,cow
10805,213,ANIMAL,cheetah
10806,213,ANIMAL,horse
10807,213,ANIMAL,wolf
10808,213,ANIMAL,bird
10809,213,ANIMAL,squirrel
10810,213,ANIMAL,chipmunk
10811,213,ANIMAL,bat
10812,213,ANIMAL,eagle
10813,214,ANIMAL,Bat
10814,214,ANIMAL,fox
10815,214,ANIMAL,wolf
10816,214,ANIMAL,cat
10817,214,ANIMAL,dog
10818,214,ANIMAL,deer
10819,214,ANIMAL,owl
10820,214,ANIMAL,lion
10821,214,ANIMAL,eagle
10822,214,ANIMAL,pigeon
10823,214,ANIMAL,crow
10824,214,ANIMAL,moose
10825,214,ANIMAL,bear
10826,214,ANIMAL,shark
10827,214,ANIMAL,squid
10828,214,ANIMAL,fish
10829,214,ANIMAL,jellyfish
10830,214,ANIMAL,electric eel
10831,214,ANIMAL,snake
10832,214,ANIMAL,rat
10833,214,ANIMAL,hamster
10834,214,ANIMAL,parrot
10835,215,ANIMAL,Dog
10836,215,ANIMAL,jackal
10837,215,ANIMAL,leopard
10838,215,ANIMAL,lion
10839,215,ANIMAL,tiger
10840,215,ANIMAL,monkey
10841,215,ANIMAL,squirrel
10842,215,ANIMAL,bear
10843,215,ANIMAL,skunk
10844,215,ANIMAL,raccoon
10845,215,ANIMAL,snake
10846,215,ANIMAL,cat
10847,215,ANIMAL,gorilla
10848,215,ANIMAL,rabbit
10849,215,ANIMAL,elephant
10850,215,ANIMAL,hamster
10851,215,ANIMAL,gerbal
10852,215,ANIMAL,turkey
10853,215,ANIMAL,pig
10854,215,ANIMAL,orangutan
10855,215,ANIMAL,whale
10856,215,ANIMAL,waterbuffalo
10857,215,ANIMAL,goat
10858,215,ANIMAL,sheep
10859,215,ANIMAL,cow
10860,215,ANIMAL,polarbear
10861,215,ANIMAL,fishl
10862,215,ANIMAL,moose
10863,216,ANIMAL,Bird
10864,216,ANIMAL,buffalo
10865,216,ANIMAL,fish
10866,216,ANIMAL,dog
10867,216,ANIMAL,poodle
10868,216,ANIMAL,chihuahua
10869,216,ANIMAL,pitbull
10870,216,ANIMAL,boxer
10871,216,ANIMAL,pomeranian
10872,216,ANIMAL,lhaso apso
10873,216,ANIMAL,turtle
10874,216,ANIMAL,bird
10875,216,ANIMAL,crab
10876,216,ANIMAL,lobster
10877,216,ANIMAL,snail
10878,216,ANIMAL,monkey
10879,216,ANIMAL,snake
10880,216,ANIMAL,cow
10881,216,ANIMAL,rooster
10882,216,ANIMAL,chicken
10883,216,ANIMAL,pig
10884,216,ANIMAL,cat
10885,216,ANIMAL,horse
10886,216,ANIMAL,seahorse
10887,216,ANIMAL,zebra
10888,216,ANIMAL,cheetah
10889,216,ANIMAL,leopard
10890,217,ANIMAL,Cat
10891,217,ANIMAL,dog
10892,217,ANIMAL,horse
10893,217,ANIMAL,rabbit
10894,217,ANIMAL,zebra
10895,217,ANIMAL,monkey
10896,217,ANIMAL,jagur
10897,217,ANIMAL,cheettah
10898,217,ANIMAL,anaconda
10899,217,ANIMAL,gorilla
10900,217,ANIMAL,fish
10901,217,ANIMAL,beaver
10902,217,ANIMAL,m otter
10903,217,ANIMAL,seal
10904,217,ANIMAL,whale
10905,217,ANIMAL,shark
10906,217,ANIMAL,dolphin
10907,217,ANIMAL,turtle
10908,217,ANIMAL,hamster
10909,217,ANIMAL,guinnea pig
10910,217,ANIMAL,parrot
10911,217,ANIMAL,lizard
10912,217,ANIMAL,gecko
10913,217,ANIMAL,pig
10914,217,ANIMAL,goat
10915,217,ANIMAL,cow
10916,217,ANIMAL,snake
10917,218,ANIMAL,Dog
10918,218,ANIMAL,cat
10919,218,ANIMAL,horse
10920,218,ANIMAL,fish
10921,218,ANIMAL,deer
10922,218,ANIMAL,hamster
10923,218,ANIMAL,shark
10924,218,ANIMAL,elephant
10925,218,ANIMAL,tiger
10926,218,ANIMAL,cheetah
10927,218,ANIMAL,puma
10928,218,ANIMAL,zebra
10929,218,ANIMAL,snake
10930,218,ANIMAL,monkey
10931,218,ANIMAL,whale
10932,218,ANIMAL,llama
10933,218,ANIMAL,sheep
10934,218,ANIMAL,lamb
10935,218,ANIMAL,donkey
10936,218,ANIMAL,pig
10937,218,ANIMAL,bear
10938,218,ANIMAL,polar bear
10939,218,ANIMAL,penguin
10940,218,ANIMAL,rabbit
10941,218,ANIMAL,chipmunk
10942,218,ANIMAL,bird
10943,218,ANIMAL,eagle
10944,218,ANIMAL,hawk
10945,218,ANIMAL,camel
10946,219,ANIMAL,Elephant
10947,219,ANIMAL,cat
10948,219,ANIMAL,dog
10949,219,ANIMAL,moose
10950,219,ANIMAL,horse
10951,219,ANIMAL,owl
10952,219,ANIMAL,turtle
10953,219,ANIMAL,snake
10954,219,ANIMAL,rabbit
10955,219,ANIMAL,giraffe
10956,219,ANIMAL,monkey
10957,219,ANIMAL,cow
10958,219,ANIMAL,hamster
10959,219,ANIMAL,rat
10960,219,ANIMAL,mouse
10961,219,ANIMAL,shark
10962,219,ANIMAL,whale
10963,219,ANIMAL,pig
10964,219,ANIMAL,dolphin
10965,219,ANIMAL,fish
10966,219,ANIMAL,jellyfish
10967,219,ANIMAL,eagle
10968,219,ANIMAL,pigeon
10969,219,ANIMAL,ant
10970,219,ANIMAL,spider
10971,219,ANIMAL,catepillar
10972,219,ANIMAL,ferret
10973,219,ANIMAL,scorpion
10974,219,ANIMAL,ram
10975,219,ANIMAL,lobster
10976,219,ANIMAL,shrimp
10977,219,ANIMAL,catfish
10978,219,ANIMAL,flounder
10979,219,ANIMAL,mocking bird
10980,219,ANIMAL,parrot
10981,219,ANIMAL,sheep
10982,219,ANIMAL,duck
10983,219,ANIMAL,goose
10984,220,ANIMAL,Cat
10985,220,ANIMAL,dog
10986,220,ANIMAL,fish
10987,220,ANIMAL,bird
10988,220,ANIMAL,cow
10989,220,ANIMAL,pig
10990,220,ANIMAL,sheep
10991,220,ANIMAL,lion
10992,220,ANIMAL,tiger
10993,220,ANIMAL,bear
10994,220,ANIMAL,ostrich
10995,220,ANIMAL,elephant
10996,220,ANIMAL,hippo
10997,220,ANIMAL,rhino
10998,220,ANIMAL,alligator
10999,220,ANIMAL,crocodile
11000,220,ANIMAL,monkey
11001,220,ANIMAL,fox
11002,220,ANIMAL,gorilla
11003,220,ANIMAL,frog
11004,220,ANIMAL,salamander
11005,220,ANIMAL,octopus
11006,220,ANIMAL,shark
11007,220,ANIMAL,sea turtle
11008,220,ANIMAL,dolphin
11009,220,ANIMAL,camel
11010,220,ANIMAL,llama
11011,220,ANIMAL,giraffe
11012,221,ANIMAL,Cheetah
11013,221,ANIMAL,dog
11014,221,ANIMAL,cat
11015,221,ANIMAL,bunny
11016,221,ANIMAL,lion
11017,221,ANIMAL,panda
11018,221,ANIMAL,giraffe
11019,221,ANIMAL,elephant
11020,221,ANIMAL,koala bear
11021,221,ANIMAL,walrus
11022,221,ANIMAL,penguin
11023,221,ANIMAL,fish
11024,221,ANIMAL,jellyfish
11025,221,ANIMAL,jaguar
11026,221,ANIMAL,gazelle
11027,221,ANIMAL,kangaroo
11028,221,ANIMAL,buffalo
11029,221,ANIMAL,deer
11030,221,ANIMAL,squirrel
11031,221,ANIMAL,bird
11032,221,ANIMAL,spider
11033,221,ANIMAL,monkey
11034,222,ANIMAL,Flamingo
11035,222,ANIMAL,dog
11036,222,ANIMAL,cat
11037,222,ANIMAL,horse
11038,222,ANIMAL,cow
11039,222,ANIMAL,pig
11040,222,ANIMAL,chicken
11041,222,ANIMAL,lizard
11042,222,ANIMAL,fish
11043,222,ANIMAL,whale
11044,222,ANIMAL,walrus
11045,222,ANIMAL,seal
11046,222,ANIMAL,penguin
11047,222,ANIMAL,polar bear
11048,222,ANIMAL,spider
11049,222,ANIMAL,bunny
11050,222,ANIMAL,kangaroo
11051,222,ANIMAL,monkey
11052,222,ANIMAL,snakes
11053,222,ANIMAL,elephants
11054,222,ANIMAL,fox
11055,222,ANIMAL,sheep
11056,222,ANIMAL,lamb
11057,222,ANIMAL,alligator
11058,222,ANIMAL,crocodile
11059,222,ANIMAL,parrots
11060,222,ANIMAL,peacock
11061,222,ANIMAL,turkey
11062,222,ANIMAL,pellican
11063,223,ANIMAL,Cat
11064,223,ANIMAL,dog
11065,223,ANIMAL,lion
11066,223,ANIMAL,bird
11067,223,ANIMAL,fish
11068,223,ANIMAL,tiger
11069,223,ANIMAL,ferret
11070,223,ANIMAL,chicken
11071,223,ANIMAL,rooster
11072,223,ANIMAL,bear
11073,223,ANIMAL,whale
11074,223,ANIMAL,dolphin
11075,223,ANIMAL,bunny/rabbit
11076,223,ANIMAL,cod
11077,223,ANIMAL,salmon
11078,223,ANIMAL,slamander
11079,223,ANIMAL,lizzard
11080,223,ANIMAL,monkey
11081,223,ANIMAL,chimpanzee
11082,223,ANIMAL,orangutang
11083,223,ANIMAL,ostrich
11084,223,ANIMAL,flamingo
11085,223,ANIMAL,people
11086,223,ANIMAL,elephant
11087,223,ANIMAL,penguin
11088,223,ANIMAL,rhinol
11089,223,ANIMAL,antelope
11090,223,ANIMAL,deer
11091,224,ANIMAL,Elephant
11092,224,ANIMAL,snake
11093,224,ANIMAL,snail
11094,224,ANIMAL,ant
11095,224,ANIMAL,horse
11096,224,ANIMAL,cat
11097,224,ANIMAL,dog
11098,224,ANIMAL,cow
11099,224,ANIMAL,pig
11100,224,ANIMAL,chicken
11101,224,ANIMAL,boar
11102,224,ANIMAL,deer
11103,224,ANIMAL,wolf
11104,224,ANIMAL,fox
11105,224,ANIMAL,antelope
11106,224,ANIMAL,rhino
11107,224,ANIMAL,jaguar
11108,224,ANIMAL,rabbit
11109,224,ANIMAL,chipmunck
11110,224,ANIMAL,squirrel
11111,224,ANIMAL,beetle
11112,224,ANIMAL,cheetah
11113,224,ANIMAL,goat
11114,224,ANIMAL,sheep
11115,224,ANIMAL,zebra
11116,225,ANIMAL,Dog
11117,225,ANIMAL,cat
11118,225,ANIMAL,fish
11119,225,ANIMAL,rat
11120,225,ANIMAL,mouse
11121,225,ANIMAL,snake
11122,225,ANIMAL,bird
11123,225,ANIMAL,dolphin
11124,225,ANIMAL,elephant
11125,225,ANIMAL,hippo
11126,225,ANIMAL,penguin
11127,225,ANIMAL,cheetah
11128,225,ANIMAL,lion
11129,225,ANIMAL,tiger
11130,225,ANIMAL,bear
11131,225,ANIMAL,turtle
11132,225,ANIMAL,deer
11133,225,ANIMAL,lizard
11134,225,ANIMAL,panda bear
11135,225,ANIMAL,giraffe
11136,226,ANIMAL,Dog
11137,226,ANIMAL,cat
11138,226,ANIMAL,rabbit
11139,226,ANIMAL,turtle
11140,226,ANIMAL,fish
11141,226,ANIMAL,shark
11142,226,ANIMAL,whale dolphin
11143,226,ANIMAL,coral
11144,226,ANIMAL,octopus
11145,226,ANIMAL,squid
11146,226,ANIMAL,elephant
11147,226,ANIMAL,rhino
11148,226,ANIMAL,bird
11149,226,ANIMAL,duck
11150,226,ANIMAL,owl
11151,226,ANIMAL,horse
11152,226,ANIMAL,rat
11153,226,ANIMAL,mouse
11154,226,ANIMAL,pig
11155,226,ANIMAL,cow
11156,226,ANIMAL,sheep
11157,226,ANIMAL,giraffe
11158,226,ANIMAL,alligator
11159,226,ANIMAL,crocidile
11160,226,ANIMAL,snake
11161,226,ANIMAL,camel
11162,226,ANIMAL,seal
11163,226,ANIMAL,polar bear
11164,226,ANIMAL,black bear
11165,226,ANIMAL,chimpanzee
11166,226,ANIMAL,gorilla
11167,227,ANIMAL,Giraffe
11168,227,ANIMAL,elephant
11169,227,ANIMAL,llama
11170,227,ANIMAL,goat
11171,227,ANIMAL,cat
11172,227,ANIMAL,dog
11173,227,ANIMAL,fish
11174,227,ANIMAL,snake
11175,227,ANIMAL,snail
11176,227,ANIMAL,hamster
11177,227,ANIMAL,armadillo
11178,227,ANIMAL,bird
11179,227,ANIMAL,bat
11180,227,ANIMAL,cougar
11181,227,ANIMAL,falcon
11182,227,ANIMAL,iguana
11183,227,ANIMAL,jaguar
11184,227,ANIMAL,kangaroo
11185,227,ANIMAL,lion
11186,227,ANIMAL,sea lion
11187,227,ANIMAL,manatee
11188,227,ANIMAL,chimpanzee
11189,227,ANIMAL,gorilla
11190,227,ANIMAL,monkey
11191,227,ANIMAL,cheetah
11192,227,ANIMAL,bear
11193,227,ANIMAL,tiger
11194,227,ANIMAL,dolphine
11195,227,ANIMAL,shark
11196,227,ANIMAL,octopus
11197,228,ANIMAL,Dog
11198,228,ANIMAL,cat
11199,228,ANIMAL,pig
11200,228,ANIMAL,cow
11201,228,ANIMAL,horse
11202,228,ANIMAL,chicken
11203,228,ANIMAL,crow
11204,228,ANIMAL,dove
11205,228,ANIMAL,alligator
11206,228,ANIMAL,crocodile
11207,228,ANIMAL,lizard
11208,228,ANIMAL,komoto dragon
11209,228,ANIMAL,rat
11210,228,ANIMAL,mice
11211,228,ANIMAL,seal
11212,228,ANIMAL,lion
11213,228,ANIMAL,tiger
11214,228,ANIMAL,panther
11215,228,ANIMAL,gorilla
11216,228,ANIMAL,bear
11217,228,ANIMAL,gazelle
11218,228,ANIMAL,cheetah
11219,228,ANIMAL,elephant
11220,228,ANIMAL,wolf
11221,228,ANIMAL,fox
11222,228,ANIMAL,hiyenna
11223,228,ANIMAL,snake
11224,228,ANIMAL,bee
11225,229,ANIMAL,Lizard
11226,229,ANIMAL,koala
11227,229,ANIMAL,tiger
11228,229,ANIMAL,lion
11229,229,ANIMAL,bear
11230,229,ANIMAL,otter
11231,229,ANIMAL,elephant
11232,229,ANIMAL,rhino
11233,229,ANIMAL,dog
11234,229,ANIMAL,snake
11235,229,ANIMAL,eagle
11236,229,ANIMAL,hawk
11237,229,ANIMAL,falcon
11238,229,ANIMAL,ox
11239,229,ANIMAL,emu
11240,229,ANIMAL,boar
11241,229,ANIMAL,cow
11242,229,ANIMAL,woodchuck
11243,229,ANIMAL,beaver
11244,229,ANIMAL,worm
11245,229,ANIMAL,bird
11246,229,ANIMAL,bluejay
11247,230,ANIMAL,Dolphin
11248,230,ANIMAL,ape
11249,230,ANIMAL,dog
11250,230,ANIMAL,cat
11251,230,ANIMAL,fish
11252,230,ANIMAL,horse
11253,230,ANIMAL,rooster
11254,230,ANIMAL,chicken
11255,230,ANIMAL,duck
11256,230,ANIMAL,bird
11257,230,ANIMAL,eagle
11258,230,ANIMAL,hawk
11259,230,ANIMAL,whale
11260,230,ANIMAL,shark
11261,230,ANIMAL,oragutang
11262,230,ANIMAL,gorilla
11263,230,ANIMAL,goat
11264,230,ANIMAL,cow
11265,230,ANIMAL,snake
11266,230,ANIMAL,mouse
11267,230,ANIMAL,rat
11268,230,ANIMAL,chinchilla
11269,230,ANIMAL,parrot
11270,230,ANIMAL,starfish
11271,230,ANIMAL,eel
11272,231,ANIMAL,Cat
11273,231,ANIMAL,dog
11274,231,ANIMAL,deer
11275,231,ANIMAL,elephant
11276,231,ANIMAL,tiger
11277,231,ANIMAL,lion
11278,231,ANIMAL,giraffe
11279,231,ANIMAL,hyena
11280,231,ANIMAL,hippo
11281,231,ANIMAL,fish
11282,231,ANIMAL,bird
11283,231,ANIMAL,monkey
11284,231,ANIMAL,rhino
11285,231,ANIMAL,anaconda
11286,231,ANIMAL,ferret
11287,231,ANIMAL,praire dog
11288,231,ANIMAL,polar bear
11289,231,ANIMAL,penguin
11290,231,ANIMAL,fox
11291,231,ANIMAL,coyote
11292,231,ANIMAL,bear
11293,231,ANIMAL,mountain lion
11294,232,ANIMAL,Cheetah
11295,232,ANIMAL,tiger
11296,232,ANIMAL,cat
11297,232,ANIMAL,dog
11298,232,ANIMAL,hamster
11299,232,ANIMAL,rat
11300,232,ANIMAL,mouse
11301,232,ANIMAL,deer
11302,232,ANIMAL,reindeer
11303,232,ANIMAL,elephant
11304,232,ANIMAL,gorilla
11305,232,ANIMAL,monkey
11306,232,ANIMAL,orangtuan
11307,232,ANIMAL,bear
11308,232,ANIMAL,polar bear
11309,232,ANIMAL,black bear
11310,232,ANIMAL,birds
11311,232,ANIMAL,raven
11312,232,ANIMAL,humming bird
11313,232,ANIMAL,lion
11314,232,ANIMAL,flamingo
11315,232,ANIMAL,ostrich
11316,232,ANIMAL,leopard
11317,232,ANIMAL,anteater
11318,232,ANIMAL,moose
11319,232,ANIMAL,goose
11320,232,ANIMAL,duck
11321,232,ANIMAL,pig
11322,232,ANIMAL,snake
11323,233,ANIMAL,Dog
11324,233,ANIMAL,cat
11325,233,ANIMAL,giraffe
11326,233,ANIMAL,elephant
11327,233,ANIMAL,rhino
11328,233,ANIMAL,tiger
11329,233,ANIMAL,lion
11330,233,ANIMAL,zebra
11331,233,ANIMAL,snake
11332,233,ANIMAL,antilope
11333,233,ANIMAL,ram
11334,233,ANIMAL,dragon
11335,233,ANIMAL,bear
11336,233,ANIMAL,polar bear
11337,233,ANIMAL,seal
11338,233,ANIMAL,penguin
11339,233,ANIMAL,chettah
11340,234,ANIMAL,Dog
11341,234,ANIMAL,cat
11342,234,ANIMAL,lion
11343,234,ANIMAL,bear
11344,234,ANIMAL,tiger
11345,234,ANIMAL,goldfish
11346,234,ANIMAL,antelope
11347,234,ANIMAL,crocodile
11348,234,ANIMAL,alligator
11349,234,ANIMAL,eagle
11350,234,ANIMAL,cardinal
11351,234,ANIMAL,blue jay
11352,234,ANIMAL,shark
11353,234,ANIMAL,snake
11354,234,ANIMAL,deer
11355,234,ANIMAL,rabbit
11356,234,ANIMAL,gecko
11357,234,ANIMAL,gila monster
11358,234,ANIMAL,trout
11359,234,ANIMAL,catfish
11360,234,ANIMAL,worm
11361,234,ANIMAL,spider
11362,234,ANIMAL,ant
11363,234,ANIMAL,ant-eater
11364,235,ANIMAL,Cat
11365,235,ANIMAL,dog
11366,235,ANIMAL,chicken
11367,235,ANIMAL,zebra
11368,235,ANIMAL,alligator
11369,235,ANIMAL,corcodile
11370,235,ANIMAL,fish
11371,235,ANIMAL,iguana
11372,235,ANIMAL,dolphin
11373,235,ANIMAL,shark
11374,235,ANIMAL,monkey
11375,235,ANIMAL,turtle
11376,235,ANIMAL,bird
11377,235,ANIMAL,tiger
11378,235,ANIMAL,lion
11379,235,ANIMAL,deer
11380,235,ANIMAL,jaguar
11381,235,ANIMAL,elephant
11382,235,ANIMAL,rino
11383,235,ANIMAL,leopard
11384,235,ANIMAL,giraffe
11385,235,ANIMAL,clam
11386,235,ANIMAL,lobster
11387,235,ANIMAL,crab
11388,235,ANIMAL,turkey
11389,235,ANIMAL,hoarse
11390,235,ANIMAL,pig
11391,235,ANIMAL,rooster
11392,235,ANIMAL,wolf
11393,235,ANIMAL,pigeon
11394,236,ANIMAL,Cat
11395,236,ANIMAL,dog
11396,236,ANIMAL,fish
11397,236,ANIMAL,alligator
11398,236,ANIMAL,butterfly
11399,236,ANIMAL,buffalo
11400,236,ANIMAL,hippo
11401,236,ANIMAL,giraffe
11402,236,ANIMAL,elephant
11403,236,ANIMAL,polar bear
11404,236,ANIMAL,octopus
11405,236,ANIMAL,shark
11406,236,ANIMAL,salmon
11407,236,ANIMAL,puffer fish
11408,236,ANIMAL,lion
11409,236,ANIMAL,tiger
11410,236,ANIMAL,panther
11411,236,ANIMAL,jaguar
11412,236,ANIMAL,bull
11413,236,ANIMAL,chicken
11414,236,ANIMAL,pig
11415,236,ANIMAL,cow
11416,236,ANIMAL,frog
11417,236,ANIMAL,wolf
11418,236,ANIMAL,t-rex
11419,236,ANIMAL,bees
11420,236,ANIMAL,wasps
11421,237,ANIMAL,Dog
11422,237,ANIMAL,cat
11423,237,ANIMAL,bird
11424,237,ANIMAL,snake
11425,237,ANIMAL,goats
11426,237,ANIMAL,giraffe
11427,237,ANIMAL,elephant
11428,237,ANIMAL,fish
11429,237,ANIMAL,seal
11430,237,ANIMAL,dolphin
11431,237,ANIMAL,shark
11432,237,ANIMAL,squirrel
11433,237,ANIMAL,chicken
11434,237,ANIMAL,owl
11435,237,ANIMAL,raccoon
11436,237,ANIMAL,frog
11437,237,ANIMAL,spider
11438,237,ANIMAL,ant
11439,237,ANIMAL,wolf
11440,237,ANIMAL,bear
11441,237,ANIMAL,fox
11442,237,ANIMAL,tiger
11443,237,ANIMAL,lion
11444,237,ANIMAL,deer
11445,238,ANIMAL,Dog
11446,238,ANIMAL,cat
11447,238,ANIMAL,guinea pig
11448,238,ANIMAL,hamster
11449,238,ANIMAL,giraffe
11450,238,ANIMAL,buffalo
11451,238,ANIMAL,deer
11452,238,ANIMAL,goose
11453,238,ANIMAL,moose
11454,238,ANIMAL,bear
11455,238,ANIMAL,rabbit
11456,238,ANIMAL,squirrel
11457,238,ANIMAL,mole
11458,238,ANIMAL,capybara
11459,238,ANIMAL,bat
11460,238,ANIMAL,alligator
11461,238,ANIMAL,hippo
11462,238,ANIMAL,cow
11463,238,ANIMAL,skunk
11464,238,ANIMAL,rhinoceros
11465,239,ANIMAL,Starfish
11466,239,ANIMAL,dog
11467,239,ANIMAL,cat
11468,239,ANIMAL,rabbit
11469,239,ANIMAL,bird
11470,239,ANIMAL,dolphin
11471,239,ANIMAL,whale
11472,239,ANIMAL,shark
11473,239,ANIMAL,deer
11474,239,ANIMAL,lion
11475,239,ANIMAL,hamster
11476,239,ANIMAL,pig
11477,239,ANIMAL,horse
11478,239,ANIMAL,camel
11479,239,ANIMAL,seahorse
11480,239,ANIMAL,fish
11481,239,ANIMAL,snake
11482,240,ANIMAL,Eagle
11483,240,ANIMAL,elephant
11484,240,ANIMAL,zebra
11485,240,ANIMAL,jaguar
11486,240,ANIMAL,lion
11487,240,ANIMAL,dog
11488,240,ANIMAL,cat
11489,240,ANIMAL,turtle
11490,240,ANIMAL,lizard
11491,240,ANIMAL,snake
11492,240,ANIMAL,octupus
11493,240,ANIMAL,gold=fish
11494,240,ANIMAL,hippopotamus
11495,240,ANIMAL,rhinosaurus
11496,240,ANIMAL,horse
11497,240,ANIMAL,jellyfish
11498,240,ANIMAL,cricket
11499,240,ANIMAL,frog
11500,240,ANIMAL,rabbit
11501,240,ANIMAL,turtoise
11502,241,ANIMAL,Fox
11503,241,ANIMAL,dolphins
11504,241,ANIMAL,penguins
11505,241,ANIMAL,elephants
11506,241,ANIMAL,fish
11507,241,ANIMAL,birds
11508,241,ANIMAL,eagles
11509,241,ANIMAL,hawks
11510,241,ANIMAL,koala
11511,241,ANIMAL,lizard
11512,241,ANIMAL,frog
11513,241,ANIMAL,squirrel
11514,241,ANIMAL,whale shark
11515,241,ANIMAL,hammerhead
11516,241,ANIMAL,great white shark
11517,241,ANIMAL,blue footed booby
11518,241,ANIMAL,dodo bird
11519,242,ANIMAL,Cat
11520,242,ANIMAL,dog
11521,242,ANIMAL,camel
11522,242,ANIMAL,elephant
11523,242,ANIMAL,aardvark
11524,242,ANIMAL,bird
11525,242,ANIMAL,sealion
11526,242,ANIMAL,manatee
11527,242,ANIMAL,monkey
11528,242,ANIMAL,gorilla
11529,242,ANIMAL,pig
11530,242,ANIMAL,wild hog
11531,242,ANIMAL,meerkat
11532,242,ANIMAL,panther
11533,242,ANIMAL,jaguar
11534,242,ANIMAL,lion
11535,242,ANIMAL,cheetah
11536,242,ANIMAL,hippopotamus
11537,242,ANIMAL,mouse
11538,242,ANIMAL,rat
11539,242,ANIMAL,snake
11540,242,ANIMAL,bear
11541,242,ANIMAL,dragonfly
11542,242,ANIMAL,chameleon
11543,242,ANIMAL,lizard
11544,242,ANIMAL,iguana
11545,243,ANIMAL,Fish
11546,243,ANIMAL,cat
11547,243,ANIMAL,dog
11548,243,ANIMAL,hamster
11549,243,ANIMAL,bird
11550,243,ANIMAL,duck
11551,243,ANIMAL,penguin
11552,243,ANIMAL,deer
11553,243,ANIMAL,squirel
11554,243,ANIMAL,bear
11555,243,ANIMAL,whale
11556,243,ANIMAL,shark
11557,243,ANIMAL,turtle
11558,243,ANIMAL,snail
11559,243,ANIMAL,insect
11560,243,ANIMAL,bee
11561,243,ANIMAL,bug
11562,243,ANIMAL,fly
11563,243,ANIMAL,rabbit
11564,243,ANIMAL,pig
11565,243,ANIMAL,kangeroo
11566,243,ANIMAL,flamingo
11567,243,ANIMAL,seatrurtle
11568,243,ANIMAL,snake
11569,244,ANIMAL,Dog
11570,244,ANIMAL,cat
11571,244,ANIMAL,tiger
11572,244,ANIMAL,bear
11573,244,ANIMAL,fish
11574,244,ANIMAL,bird
11575,244,ANIMAL,lizard
11576,244,ANIMAL,lion
11577,244,ANIMAL,turtle
11578,244,ANIMAL,alligator
11579,244,ANIMAL,crocodile
11580,244,ANIMAL,spider
11581,244,ANIMAL,rabbit
11582,244,ANIMAL,squirrel
11583,244,ANIMAL,chipmunk
11584,244,ANIMAL,mouse
11585,244,ANIMAL,gopher
11586,244,ANIMAL,beaver
11587,244,ANIMAL,elephant
11588,244,ANIMAL,giraffe
11589,244,ANIMAL,rhino
11590,245,ANIMAL,Antelope
11591,245,ANIMAL,ant
11592,245,ANIMAL,fish
11593,245,ANIMAL,cat
11594,245,ANIMAL,dog
11595,245,ANIMAL,bird
11596,245,ANIMAL,ostrich
11597,245,ANIMAL,flamingo
11598,245,ANIMAL,salmon
11599,245,ANIMAL,tuna
11600,245,ANIMAL,frog
11601,245,ANIMAL,fly
11602,245,ANIMAL,turantula
11603,245,ANIMAL,octopus
11604,245,ANIMAL,squid
11605,245,ANIMAL,crab
11606,245,ANIMAL,lobster
11607,245,ANIMAL,deer
11608,245,ANIMAL,wolf
11609,245,ANIMAL,cayote
11610,245,ANIMAL,bear
11611,245,ANIMAL,fox
11612,245,ANIMAL,squirrel
11613,245,ANIMAL,raccoon
11614,245,ANIMAL,panda
11615,245,ANIMAL,koala
11616,245,ANIMAL,llama
11617,245,ANIMAL,human
11618,245,ANIMAL,ladybug
11619,245,ANIMAL,butterfly
11620,245,ANIMAL,tilapia
11621,245,ANIMAL,goldfish
11622,245,ANIMAL,jellyfish
11623,245,ANIMAL,swordfish
11624,246,ANIMAL,Dog
11625,246,ANIMAL,cat
11626,246,ANIMAL,snake
11627,246,ANIMAL,monkey
11628,246,ANIMAL,tiger
11629,246,ANIMAL,lion
11630,246,ANIMAL,giraff
11631,246,ANIMAL,anteater
11632,246,ANIMAL,hippo
11633,246,ANIMAL,rino
11634,246,ANIMAL,turtle
11635,246,ANIMAL,lizard
11636,246,ANIMAL,frog
11637,246,ANIMAL,panther
11638,246,ANIMAL,raven
11639,246,ANIMAL,falcon
11640,246,ANIMAL,bear
11641,246,ANIMAL,hawk
11642,246,ANIMAL,penguin
11643,247,ANIMAL,Cow
11644,247,ANIMAL,snake
11645,247,ANIMAL,chicken
11646,247,ANIMAL,duck
11647,247,ANIMAL,moose
11648,247,ANIMAL,deer
11649,247,ANIMAL,pig
11650,247,ANIMAL,rat
11651,247,ANIMAL,mouse
11652,247,ANIMAL,anteater
11653,247,ANIMAL,ardvark
11654,247,ANIMAL,wolf
11655,247,ANIMAL,dog
11656,247,ANIMAL,cat
11657,247,ANIMAL,pigeon
11658,247,ANIMAL,bird
11659,247,ANIMAL,fish
11660,247,ANIMAL,squirrell
11661,247,ANIMAL,chipmunk
11662,247,ANIMAL,racoon
11663,247,ANIMAL,hedgehog
11664,247,ANIMAL,groundhog
11665,247,ANIMAL,bear
11666,247,ANIMAL,panther
11667,247,ANIMAL,lion
11668,247,ANIMAL,cheetah
11669,247,ANIMAL,coyote
11670,247,ANIMAL,mole
11671,248,ANIMAL,Bird
11672,248,ANIMAL,cat
11673,248,ANIMAL,dog
11674,248,ANIMAL,hamster
11675,248,ANIMAL,lizard
11676,248,ANIMAL,snake
11677,248,ANIMAL,spider
11678,248,ANIMAL,tiger
11679,248,ANIMAL,lion
11680,248,ANIMAL,monkey
11681,248,ANIMAL,femur
11682,248,ANIMAL,tiger
11683,248,ANIMAL,jaguar
11684,248,ANIMAL,cheetah
11685,248,ANIMAL,giraffe
11686,248,ANIMAL,deer
11687,248,ANIMAL,goose
11688,248,ANIMAL,bear
11689,248,ANIMAL,fish
11690,248,ANIMAL,shark
11691,248,ANIMAL,whale
11692,248,ANIMAL,elephant
11693,248,ANIMAL,penguin
11694,248,ANIMAL,seal
11695,248,ANIMAL,peacock
11696,249,ANIMAL,Dog
11697,249,ANIMAL,cat
11698,249,ANIMAL,rat
11699,249,ANIMAL,camel
11700,249,ANIMAL,elephant
11701,249,ANIMAL,cow
11702,249,ANIMAL,pig
11703,249,ANIMAL,bird
11704,249,ANIMAL,zebra
11705,249,ANIMAL,squirrel
11706,249,ANIMAL,lepord
11707,249,ANIMAL,lion
11708,249,ANIMAL,penguin
11709,250,ANIMAL,Bug
11710,250,ANIMAL,cheetah
11711,250,ANIMAL,ant
11712,250,ANIMAL,anteater
11713,250,ANIMAL,tiger
11714,250,ANIMAL,lion
11715,250,ANIMAL,shark
11716,250,ANIMAL,whale
11717,250,ANIMAL,bunny
11718,250,ANIMAL,rat
11719,250,ANIMAL,mouse
11720,250,ANIMAL,rabbit
11721,250,ANIMAL,dolphin
11722,250,ANIMAL,fish
11723,250,ANIMAL,giraffe
11724,250,ANIMAL,flamingo
11725,250,ANIMAL,elephant
11726,250,ANIMAL,deer
11727,250,ANIMAL,zebra
11728,250,ANIMAL,rhino
11729,250,ANIMAL,hippo
11730,250,ANIMAL,manatee
11731,250,ANIMAL,cat
11732,250,ANIMAL,dog
11733,250,ANIMAL,guinea pig
11734,250,ANIMAL,monkey
11735,250,ANIMAL,gorilla
11736,250,ANIMAL,chimpanzee
11737,250,ANIMAL,orangutang
11738,250,ANIMAL,toucan
11739,250,ANIMAL,bee
11740,250,ANIMAL,fly
11741,250,ANIMAL,penguin
11742,250,ANIMAL,ostrich
11743,250,ANIMAL,emu
11744,251,ANIMAL,Bear
11745,251,ANIMAL,cat
11746,251,ANIMAL,dog
11747,251,ANIMAL,rat
11748,251,ANIMAL,bird
11749,251,ANIMAL,beaver
11750,251,ANIMAL,otter
11751,251,ANIMAL,lion
11752,251,ANIMAL,tiger
11753,251,ANIMAL,t-rex
11754,251,ANIMAL,mouse
11755,251,ANIMAL,hamster
11756,251,ANIMAL,fish
11757,251,ANIMAL,shark
11758,251,ANIMAL,monkey
11759,251,ANIMAL,snake
11760,251,ANIMAL,scorpion
11761,251,ANIMAL,cricket
11762,251,ANIMAL,ant
11763,251,ANIMAL,deer
11764,251,ANIMAL,cow
11765,251,ANIMAL,horse
11766,251,ANIMAL,bunny
11767,251,ANIMAL,chicken
11768,251,ANIMAL,pig
11769,252,ANIMAL,Cat
11770,252,ANIMAL,dog
11771,252,ANIMAL,mouse
11772,252,ANIMAL,goose
11773,252,ANIMAL,duck
11774,252,ANIMAL,chicken
11775,252,ANIMAL,elephant
11776,252,ANIMAL,lion
11777,252,ANIMAL,cow
11778,252,ANIMAL,hippo
11779,252,ANIMAL,rhino
11780,252,ANIMAL,cheetah
11781,252,ANIMAL,lizard
11782,252,ANIMAL,snake
11783,252,ANIMAL,rat
11784,252,ANIMAL,parrot
11785,252,ANIMAL,penguin
11786,252,ANIMAL,whale
11787,252,ANIMAL,shark
11788,252,ANIMAL,dolphin
11789,252,ANIMAL,fish
11790,252,ANIMAL,hedgehog
11791,252,ANIMAL,hamster
11792,252,ANIMAL,polar bears
11793,252,ANIMAL,black bears
11794,252,ANIMAL,brown bears
11795,252,ANIMAL,giraffe
11796,252,ANIMAL,octopus
11797,252,ANIMAL,squirrel
11798,252,ANIMAL,bunny
11799,253,ANIMAL,Giraffe
11800,253,ANIMAL,pig
11801,253,ANIMAL,hen
11802,253,ANIMAL,turkey
11803,253,ANIMAL,rooster
11804,253,ANIMAL,shark
11805,253,ANIMAL,cow
11806,253,ANIMAL,dog
11807,253,ANIMAL,cat
11808,253,ANIMAL,mouse
11809,253,ANIMAL,komoto dragon
11810,253,ANIMAL,snail
11811,253,ANIMAL,seal
11812,253,ANIMAL,dolphin
11813,253,ANIMAL,crab
11814,253,ANIMAL,sloth
11815,253,ANIMAL,monkey
11816,253,ANIMAL,rhino
11817,253,ANIMAL,turtle
11818,253,ANIMAL,tiger
11819,253,ANIMAL,lion
11820,253,ANIMAL,ape
11821,253,ANIMAL,gorilla
11822,253,ANIMAL,tiger shark
11823,253,ANIMAL,toucan
11824,253,ANIMAL,bluejay
11825,253,ANIMAL,tarantula
11826,253,ANIMAL,spiders
11827,253,ANIMAL,black widow
11828,253,ANIMAL,fish
11829,254,ANIMAL,Shark
11830,254,ANIMAL,lion
11831,254,ANIMAL,bird
11832,254,ANIMAL,dig
11833,254,ANIMAL,cat
11834,254,ANIMAL,tiger
11835,254,ANIMAL,coyote
11836,254,ANIMAL,elk
11837,254,ANIMAL,moose
11838,254,ANIMAL,mouse
11839,254,ANIMAL,frog
11840,254,ANIMAL,alligator
11841,254,ANIMAL,elephant
11842,254,ANIMAL,giraffe
11843,254,ANIMAL,horse
11844,254,ANIMAL,chinchilla
11845,254,ANIMAL,monkey
11846,254,ANIMAL,gorilla
11847,254,ANIMAL,fish
11848,254,ANIMAL,donkey
11849,254,ANIMAL,zebra
11850,254,ANIMAL,rhino
11851,254,ANIMAL,hippo
11852,254,ANIMAL,wolf
11853,254,ANIMAL,deer
11854,254,ANIMAL,whale
11855,254,ANIMAL,walrus
11856,254,ANIMAL,bear
11857,255,ANIMAL,Dog
11858,255,ANIMAL,cat
11859,255,ANIMAL,hamster
11860,255,ANIMAL,ferret
11861,255,ANIMAL,gerbil
11862,255,ANIMAL,guinea pig
11863,255,ANIMAL,pig
11864,255,ANIMAL,cow
11865,255,ANIMAL,horse
11866,255,ANIMAL,zebra
11867,255,ANIMAL,lion
11868,255,ANIMAL,sheep
11869,255,ANIMAL,lamb
11870,255,ANIMAL,racoon
11871,255,ANIMAL,deer
11872,255,ANIMAL,fox
11873,255,ANIMAL,coyote
11874,255,ANIMAL,giraffe
11875,255,ANIMAL,hippo
11876,255,ANIMAL,elephant
11877,255,ANIMAL,jaguar
11878,255,ANIMAL,tiger
11879,256,ANIMAL,Whale
11880,256,ANIMAL,giraffe
11881,256,ANIMAL,dog
11882,256,ANIMAL,cat
11883,256,ANIMAL,chicken
11884,256,ANIMAL,pig
11885,256,ANIMAL,elephant
11886,256,ANIMAL,turtle
11887,256,ANIMAL,rhino
11888,256,ANIMAL,shark
11889,256,ANIMAL,fish
11890,256,ANIMAL,ant
11891,256,ANIMAL,hyphopothamus
11892,256,ANIMAL,lion
11893,256,ANIMAL,cheetah
11894,256,ANIMAL,birds
11895,256,ANIMAL,eagle
11896,256,ANIMAL,great dane
11897,256,ANIMAL,wolf
11898,256,ANIMAL,panther
11899,257,ANIMAL,Cat
11900,257,ANIMAL,dog
11901,257,ANIMAL,fish
11902,257,ANIMAL,pig
11903,257,ANIMAL,dolphin
11904,257,ANIMAL,cow
11905,257,ANIMAL,bull
11906,257,ANIMAL,chicken
11907,257,ANIMAL,rabbit
11908,257,ANIMAL,turtle
11909,257,ANIMAL,frog
11910,257,ANIMAL,squirrel
11911,257,ANIMAL,panda
11912,257,ANIMAL,shark
11913,257,ANIMAL,bear
11914,257,ANIMAL,moose
11915,257,ANIMAL,deer
11916,257,ANIMAL,raccoon
11917,257,ANIMAL,skunk
11918,257,ANIMAL,snake
11919,257,ANIMAL,possum
11920,257,ANIMAL,panther
11921,257,ANIMAL,lion
11922,257,ANIMAL,tiger
11923,257,ANIMAL,wolf
11924,257,ANIMAL,bird
11925,257,ANIMAL,duck
11926,258,ANIMAL,Dog
11927,258,ANIMAL,cat
11928,258,ANIMAL,fish
11929,258,ANIMAL,orangatang
11930,258,ANIMAL,seal
11931,258,ANIMAL,lion
11932,258,ANIMAL,anteater
11933,258,ANIMAL,skunk
11934,258,ANIMAL,mouse
11935,258,ANIMAL,chameleon
11936,258,ANIMAL,panda
11937,258,ANIMAL,hamster
11938,258,ANIMAL,flamingo
11939,258,ANIMAL,bird
11940,258,ANIMAL,penguin
11941,258,ANIMAL,bear
11942,258,ANIMAL,whale
11943,258,ANIMAL,shark
11944,258,ANIMAL,dolphin
11945,258,ANIMAL,frog
11946,258,ANIMAL,lizard
11947,258,ANIMAL,gecko
11948,258,ANIMAL,rabbit
11949,258,ANIMAL,guineapig
11950,258,ANIMAL,tiger
11951,258,ANIMAL,cougar
11952,259,ANIMAL,Tiger
11953,259,ANIMAL,bear
11954,259,ANIMAL,lion
11955,259,ANIMAL,aardvark
11956,259,ANIMAL,cat
11957,259,ANIMAL,dog
11958,259,ANIMAL,elephant
11959,259,ANIMAL,platypus
11960,259,ANIMAL,boar
11961,259,ANIMAL,deer
11962,259,ANIMAL,buck
11963,259,ANIMAL,snake
11964,259,ANIMAL,lizard
11965,259,ANIMAL,bird
11966,259,ANIMAL,cyote
11967,259,ANIMAL,wolf
11968,259,ANIMAL,fox
11969,259,ANIMAL,falcon
11970,259,ANIMAL,bat
11971,259,ANIMAL,insects
11972,259,ANIMAL,bugs
11973,259,ANIMAL,squirell
11974,259,ANIMAL,badger
11975,259,ANIMAL,beaver
11976,259,ANIMAL,possum
11977,259,ANIMAL,koala
11978,259,ANIMAL,cougar
11979,259,ANIMAL,puma
11980,259,ANIMAL,racoon
11981,260,ANIMAL,Dog
11982,260,ANIMAL,cat
11983,260,ANIMAL,sloth
11984,260,ANIMAL,turtle
11985,260,ANIMAL,worm
11986,260,ANIMAL,shark
11987,260,ANIMAL,snake
11988,260,ANIMAL,fish
11989,260,ANIMAL,lizard
11990,260,ANIMAL,bird
11991,260,ANIMAL,lion
11992,260,ANIMAL,cheeta
11993,260,ANIMAL,leapord
11994,260,ANIMAL,sabertooth-tiger
11995,260,ANIMAL,mammoth
11996,260,ANIMAL,toad
11997,260,ANIMAL,deer
11998,260,ANIMAL,rabbit
11999,260,ANIMAL,fox
12000,260,ANIMAL,mouse
12001,260,ANIMAL,pig
12002,260,ANIMAL,cow
12003,260,ANIMAL,horse
12004,260,ANIMAL,chicken
12005,260,ANIMAL,rooster
12006,260,ANIMAL,sheep
12007,260,ANIMAL,goat
12008,260,ANIMAL,hedgehog
12009,260,ANIMAL,hampster
12010,260,ANIMAL,owl
12011,261,ANIMAL,Dog
12012,261,ANIMAL,cat
12013,261,ANIMAL,monkey
12014,261,ANIMAL,owl
12015,261,ANIMAL,parrot
12016,261,ANIMAL,whale
12017,261,ANIMAL,shark
12018,261,ANIMAL,fish
12019,261,ANIMAL,elephant
12020,261,ANIMAL,tiger
12021,261,ANIMAL,lion
12022,261,ANIMAL,gorilla
12023,261,ANIMAL,chimpanzee
12024,261,ANIMAL,orangutan
12025,261,ANIMAL,giraffe
12026,261,ANIMAL,deer
12027,261,ANIMAL,hamster
12028,261,ANIMAL,mouse
12029,261,ANIMAL,dolphin
12030,261,ANIMAL,pig
12031,261,ANIMAL,cow
12032,261,ANIMAL,duck
12033,261,ANIMAL,chicken
12034,262,ANIMAL,Cat
12035,262,ANIMAL,dog
12036,262,ANIMAL,monkey
12037,262,ANIMAL,ape
12038,262,ANIMAL,orangutan
12039,262,ANIMAL,beaver
12040,262,ANIMAL,giraffe
12041,262,ANIMAL,wolf
12042,262,ANIMAL,cow
12043,262,ANIMAL,sheep
12044,262,ANIMAL,pig
12045,262,ANIMAL,snake
12046,262,ANIMAL,spiders
12047,262,ANIMAL,deer
12048,262,ANIMAL,bear
12049,262,ANIMAL,hamster
12050,262,ANIMAL,bunny
12051,262,ANIMAL,lions
12052,262,ANIMAL,tigers
12053,262,ANIMAL,jaguars
12054,263,ANIMAL,Panda
12055,263,ANIMAL,dog
12056,263,ANIMAL,cat
12057,263,ANIMAL,monkey
12058,263,ANIMAL,donkey
12059,263,ANIMAL,horse
12060,263,ANIMAL,bird
12061,263,ANIMAL,mouse
12062,263,ANIMAL,rat
12063,263,ANIMAL,hamster
12064,263,ANIMAL,sugar glider
12065,263,ANIMAL,whale
12066,263,ANIMAL,shark
12067,263,ANIMAL,deer
12068,263,ANIMAL,bull
12069,263,ANIMAL,cow
12070,263,ANIMAL,chicken
12071,263,ANIMAL,goat
12072,263,ANIMAL,llama
12073,263,ANIMAL,orangatan
12074,263,ANIMAL,raccoon
12075,263,ANIMAL,squirrel
12076,263,ANIMAL,pig
12077,263,ANIMAL,lion
12078,263,ANIMAL,tiger
12079,263,ANIMAL,bear
12080,263,ANIMAL,rabbit
12081,264,ANIMAL,Monkey
12082,264,ANIMAL,elephant
12083,264,ANIMAL,zebra
12084,264,ANIMAL,chimpanzee
12085,264,ANIMAL,gorilla
12086,264,ANIMAL,shark
12087,264,ANIMAL,toucan
12088,264,ANIMAL,hawk
12089,264,ANIMAL,eagle
12090,264,ANIMAL,falcon
12091,264,ANIMAL,tiger
12092,264,ANIMAL,lion
12093,264,ANIMAL,chipmunk
12094,264,ANIMAL,squirrel
12095,264,ANIMAL,crocodile
12096,264,ANIMAL,aligator
12097,264,ANIMAL,hippo
12098,264,ANIMAL,rhino
12099,264,ANIMAL,giraffe
12100,264,ANIMAL,lizard
12101,264,ANIMAL,rat
12102,264,ANIMAL,deer
12103,264,ANIMAL,coyote
12104,264,ANIMAL,dog
12105,264,ANIMAL,cat
12106,264,ANIMAL,goldfish
12107,264,ANIMAL,hamster
12108,264,ANIMAL,gerbil
12109,265,ANIMAL,Bear
12110,265,ANIMAL,rabbit
12111,265,ANIMAL,tiger
12112,265,ANIMAL,chinchilla
12113,265,ANIMAL,dog
12114,265,ANIMAL,cat
12115,265,ANIMAL,hamster
12116,265,ANIMAL,guinea pig
12117,265,ANIMAL,hedgehog
12118,265,ANIMAL,octopus
12119,265,ANIMAL,bird
12120,265,ANIMAL,lion
12121,265,ANIMAL,cheetah
12122,265,ANIMAL,fish
12123,265,ANIMAL,horse
12124,265,ANIMAL,giraffe
12125,265,ANIMAL,elephant
12126,265,ANIMAL,hippo
12127,265,ANIMAL,jaguar
12128,265,ANIMAL,ape
12129,265,ANIMAL,gorilla
12130,265,ANIMAL,monkey
12131,265,ANIMAL,snake
12132,265,ANIMAL,squirrel
12133,265,ANIMAL,chipmunk
12134,265,ANIMAL,crow
12135,265,ANIMAL,sparrow
12136,265,ANIMAL,dolphin
12137,265,ANIMAL,whale
12138,265,ANIMAL,seal
12139,266,ANIMAL,Bears
12140,266,ANIMAL,snakes
12141,266,ANIMAL,girrafe
12142,266,ANIMAL,lion tiger
12143,266,ANIMAL,cat
12144,266,ANIMAL,dog
12145,266,ANIMAL,fish
12146,266,ANIMAL,mouse
12147,266,ANIMAL,whale
12148,266,ANIMAL,shark
12149,266,ANIMAL,elephant
12150,266,ANIMAL,kanagroo
12151,266,ANIMAL,penguin
12152,266,ANIMAL,crow
12153,266,ANIMAL,moneky
12154,266,ANIMAL,deer
12155,266,ANIMAL,raccon
12156,266,ANIMAL,opposum
12157,266,ANIMAL,heasal
12158,266,ANIMAL,wolf
12159,266,ANIMAL,parrot
12160,267,ANIMAL,Elephant
12161,267,ANIMAL,dog
12162,267,ANIMAL,cat
12163,267,ANIMAL,aligator
12164,267,ANIMAL,monkey
12165,267,ANIMAL,bear
12166,267,ANIMAL,frog
12167,267,ANIMAL,pig
12168,267,ANIMAL,cow
12169,267,ANIMAL,giraffe
12170,267,ANIMAL,fish
12171,267,ANIMAL,tiger
12172,267,ANIMAL,lion
12173,267,ANIMAL,cheetah
12174,267,ANIMAL,zebra
12175,267,ANIMAL,sheep
12176,267,ANIMAL,goat
12177,267,ANIMAL,humans
12178,267,ANIMAL,whale
12179,267,ANIMAL,chicken
12180,267,ANIMAL,lam
12181,268,ANIMAL,Dog
12182,268,ANIMAL,cat
12183,268,ANIMAL,horse
12184,268,ANIMAL,duck
12185,268,ANIMAL,giraffe
12186,268,ANIMAL,gorilla
12187,268,ANIMAL,chimpanzee
12188,268,ANIMAL,oragutan
12189,268,ANIMAL,elephant
12190,268,ANIMAL,tiger
12191,268,ANIMAL,lion
12192,268,ANIMAL,hippo
12193,268,ANIMAL,penguin
12194,268,ANIMAL,shark
12195,268,ANIMAL,turtle
12196,268,ANIMAL,whale
12197,268,ANIMAL,seal
12198,268,ANIMAL,eagle
12199,268,ANIMAL,hummingbird
12200,268,ANIMAL,pig
12201,268,ANIMAL,pigeon
12202,268,ANIMAL,cow
12203,268,ANIMAL,chickens
12204,268,ANIMAL,snake
12205,268,ANIMAL,zebra
12206,268,ANIMAL,lemur
12207,268,ANIMAL,mouse
12208,268,ANIMAL,rat
12209,268,ANIMAL,guinae pig
12210,268,ANIMAL,hamster
12211,268,ANIMAL,birds
12212,268,ANIMAL,dolphin
12213,269,ANIMAL,Cat
12214,269,ANIMAL,dog
12215,269,ANIMAL,fish
12216,269,ANIMAL,shark
12217,269,ANIMAL,pig
12218,269,ANIMAL,cow
12219,269,ANIMAL,shrimp
12220,269,ANIMAL,crabs
12221,269,ANIMAL,mussels
12222,269,ANIMAL,clams
12223,269,ANIMAL,squid
12224,269,ANIMAL,plankton
12225,269,ANIMAL,goat
12226,269,ANIMAL,donkey
12227,269,ANIMAL,horse
12228,269,ANIMAL,flamingo
12229,269,ANIMAL,peacock
12230,269,ANIMAL,gorilla
12231,269,ANIMAL,snake
12232,269,ANIMAL,bird
12233,269,ANIMAL,ants
12234,269,ANIMAL,bee
12235,269,ANIMAL,butterfly
12236,269,ANIMAL,turtle
12237,269,ANIMAL,hamster
12238,269,ANIMAL,ferret
12239,269,ANIMAL,elephant
12240,269,ANIMAL,lion
12241,269,ANIMAL,tiger
12242,270,ANIMAL,Horse
12243,270,ANIMAL,duck
12244,270,ANIMAL,cow
12245,270,ANIMAL,pig
12246,270,ANIMAL,platypus
12247,270,ANIMAL,turtle
12248,270,ANIMAL,cat
12249,270,ANIMAL,dog
12250,270,ANIMAL,sheep
12251,270,ANIMAL,bull
12252,270,ANIMAL,fish
12253,270,ANIMAL,moose
12254,270,ANIMAL,bear
12255,270,ANIMAL,zebra
12256,270,ANIMAL,lion
12257,270,ANIMAL,tiger
12258,270,ANIMAL,seahorse
12259,270,ANIMAL,dolphin
12260,270,ANIMAL,rhino
12261,270,ANIMAL,shark
12262,270,ANIMAL,hippo
12263,270,ANIMAL,squirrel
12264,270,ANIMAL,chipmunk
12265,270,ANIMAL,hampster
12266,270,ANIMAL,bird
12267,271,ANIMAL,Zebra
12268,271,ANIMAL,monkey
12269,271,ANIMAL,gorilla
12270,271,ANIMAL,cat
12271,271,ANIMAL,dog
12272,271,ANIMAL,fish
12273,271,ANIMAL,snake
12274,271,ANIMAL,tiger
12275,271,ANIMAL,flamingo
12276,271,ANIMAL,peacock
12277,271,ANIMAL,horse
12278,271,ANIMAL,cow
12279,271,ANIMAL,goat
12280,271,ANIMAL,shark
12281,271,ANIMAL,dolphin
12282,271,ANIMAL,crab
12283,271,ANIMAL,whale
12284,271,ANIMAL,seal
12285,271,ANIMAL,stingray
12286,271,ANIMAL,parrot
12287,271,ANIMAL,panda
12288,271,ANIMAL,penguin
12289,271,ANIMAL,kangaroo
12290,271,ANIMAL,jaguar
12291,271,ANIMAL,spider
12292,271,ANIMAL,bull
12293,271,ANIMAL,ox
12294,271,ANIMAL,chicken
12295,272,ANIMAL,Cat
12296,272,ANIMAL,dog
12297,272,ANIMAL,rat
12298,272,ANIMAL,mouse
12299,272,ANIMAL,rabbit
12300,272,ANIMAL,hare
12301,272,ANIMAL,horse
12302,272,ANIMAL,monkey
12303,272,ANIMAL,chimpanzees
12304,272,ANIMAL,gorillas
12305,272,ANIMAL,orangutan
12306,272,ANIMAL,giraffe
12307,272,ANIMAL,lion
12308,272,ANIMAL,lizard
12309,272,ANIMAL,zebra
12310,272,ANIMAL,hippo
12311,272,ANIMAL,cheetah
12312,272,ANIMAL,leopard
12313,272,ANIMAL,iguanas
12314,272,ANIMAL,frogs
12315,272,ANIMAL,toads
12316,272,ANIMAL,crocodiles
12317,272,ANIMAL,alligator
12318,273,ANIMAL,Ocelot
12319,273,ANIMAL,cat
12320,273,ANIMAL,cheetah
12321,273,ANIMAL,lion
12322,273,ANIMAL,jaguar
12323,273,ANIMAL,panther
12324,273,ANIMAL,wildebeast
12325,273,ANIMAL,pig
12326,273,ANIMAL,boar
12327,273,ANIMAL,platypus
12328,273,ANIMAL,deer
12329,273,ANIMAL,antelope
12330,273,ANIMAL,elk
12331,273,ANIMAL,wren
12332,273,ANIMAL,robin
12333,273,ANIMAL,bluejay
12334,273,ANIMAL,raven
12335,273,ANIMAL,falcon
12336,273,ANIMAL,marmoset
12337,273,ANIMAL,lemur
12338,273,ANIMAL,gorilla
12339,273,ANIMAL,dog
12340,273,ANIMAL,wolf
12341,273,ANIMAL,hyena
12342,273,ANIMAL,armadillo
12343,273,ANIMAL,bee
12344,273,ANIMAL,wasp
12345,273,ANIMAL,hornet
12346,273,ANIMAL,leopard
12347,273,ANIMAL,llama
12348,274,ANIMAL,Bat
12349,274,ANIMAL,cat
12350,274,ANIMAL,rat
12351,274,ANIMAL,mice
12352,274,ANIMAL,dogs
12353,274,ANIMAL,dingos
12354,274,ANIMAL,hippos
12355,274,ANIMAL,rhinos
12356,274,ANIMAL,zebras
12357,274,ANIMAL,giraffes
12358,274,ANIMAL,cheetah
12359,274,ANIMAL,kangroos
12360,274,ANIMAL,lions
12361,274,ANIMAL,lepards
12362,274,ANIMAL,coyotes
12363,274,ANIMAL,roadrunners
12364,274,ANIMAL,bunnys
12365,274,ANIMAL,monkeys
12366,274,ANIMAL,gorillas
12367,274,ANIMAL,penguins
12368,1,F_LETTER,Fish
12369,1,F_LETTER,flying
12370,1,F_LETTER,flies
12371,1,F_LETTER,fire
12372,1,F_LETTER,freedom
12373,1,F_LETTER,free
12374,1,F_LETTER,for
12375,1,F_LETTER,fashion
12376,1,F_LETTER,fable
12377,1,F_LETTER,fan
12378,1,F_LETTER,friend
12379,1,F_LETTER,foe
12380,1,F_LETTER,form
12381,1,F_LETTER,formula
12382,2,F_LETTER,Fuck
12383,2,F_LETTER,finish
12384,2,F_LETTER,Finland
12385,2,F_LETTER,fury
12386,2,F_LETTER,furious
12387,2,F_LETTER,favorite
12388,2,F_LETTER,favor
12389,2,F_LETTER,flavor
12390,2,F_LETTER,fat
12391,2,F_LETTER,fetish
12392,2,F_LETTER,feel
12393,2,F_LETTER,feelings
12394,2,F_LETTER,fool
12395,2,F_LETTER,fell
12396,2,F_LETTER,fall
12397,2,F_LETTER,falling
12398,2,F_LETTER,freak
12399,2,F_LETTER,freaking
12400,2,F_LETTER,fraternity
12401,2,F_LETTER,flourish
12402,2,F_LETTER,flower
12403,2,F_LETTER,fond
12404,2,F_LETTER,flute
12405,2,F_LETTER,fungus
12406,3,F_LETTER,First
12407,3,F_LETTER,fuck
12408,3,F_LETTER,frank
12409,3,F_LETTER,fluency
12410,3,F_LETTER,fragrance
12411,3,F_LETTER,for
12412,3,F_LETTER,four
12413,3,F_LETTER,from
12414,3,F_LETTER,form
12415,3,F_LETTER,formula
12416,3,F_LETTER,formulation
12417,3,F_LETTER,frack
12418,3,F_LETTER,frankenstein
12419,3,F_LETTER,fred
12420,3,F_LETTER,frozen
12421,3,F_LETTER,freeze
12422,4,F_LETTER,Fine
12423,4,F_LETTER,finite
12424,4,F_LETTER,finish
12425,4,F_LETTER,fish
12426,4,F_LETTER,form
12427,4,F_LETTER,fuck
12428,4,F_LETTER,forgettable
12429,4,F_LETTER,forget
12430,4,F_LETTER,forge
12431,4,F_LETTER,ford
12432,4,F_LETTER,fork
12433,4,F_LETTER,fist
12434,4,F_LETTER,finger
12435,4,F_LETTER,fail
12436,4,F_LETTER,for
12437,4,F_LETTER,from
12438,4,F_LETTER,formation
12439,4,F_LETTER,fang
12440,4,F_LETTER,fort
12441,4,F_LETTER,fart
12442,4,F_LETTER,fond
12443,4,F_LETTER,fondant
12444,4,F_LETTER,first
12445,4,F_LETTER,fear
12446,4,F_LETTER,foracious
12447,4,F_LETTER,forest
12448,4,F_LETTER,fjord
12449,4,F_LETTER,fend
12450,4,F_LETTER,fight
12451,4,F_LETTER,flight
12452,5,F_LETTER,Far
12453,5,F_LETTER,fair
12454,5,F_LETTER,fairly
12455,5,F_LETTER,fairest
12456,5,F_LETTER,farthest
12457,5,F_LETTER,further
12458,5,F_LETTER,four
12459,5,F_LETTER,for
12460,5,F_LETTER,fore
12461,5,F_LETTER,forefront
12462,5,F_LETTER,forethought
12463,5,F_LETTER,forty
12464,5,F_LETTER,forest
12465,5,F_LETTER,forlorned
12466,5,F_LETTER,fairy
12467,5,F_LETTER,fourteen
12468,5,F_LETTER,fancy
12469,5,F_LETTER,frank
12470,5,F_LETTER,frankfurt
12471,5,F_LETTER,frankfurter
12472,5,F_LETTER,fugue
12473,5,F_LETTER,few
12474,5,F_LETTER,fewer
12475,5,F_LETTER,fewest
12476,5,F_LETTER,fly
12477,5,F_LETTER,flew
12478,5,F_LETTER,flying
12479,5,F_LETTER,flyer
12480,6,F_LETTER,Fran
12481,6,F_LETTER,flop
12482,6,F_LETTER,fall
12483,6,F_LETTER,facade
12484,6,F_LETTER,fellow
12485,6,F_LETTER,Fred
12486,6,F_LETTER,fan
12487,6,F_LETTER,fudge
12488,6,F_LETTER,fridge
12489,6,F_LETTER,family
12490,6,F_LETTER,friends
12491,6,F_LETTER,famine
12492,6,F_LETTER,foreign
12493,6,F_LETTER,for
12494,6,F_LETTER,from
12495,6,F_LETTER,freedom
12496,7,F_LETTER,Frank
12497,7,F_LETTER,fun
12498,7,F_LETTER,friends
12499,7,F_LETTER,full
12500,7,F_LETTER,fulfillment
12501,7,F_LETTER,fuck
12502,7,F_LETTER,free
12503,7,F_LETTER,french fries
12504,7,F_LETTER,ferris wheel
12505,7,F_LETTER,fridge
12506,7,F_LETTER,furniture
12507,7,F_LETTER,freedom
12508,7,F_LETTER,finance
12509,7,F_LETTER,France
12510,7,F_LETTER,family
12511,7,F_LETTER,forget
12512,8,F_LETTER,Follow
12513,8,F_LETTER,for
12514,8,F_LETTER,fart
12515,8,F_LETTER,fall
12516,8,F_LETTER,fell
12517,8,F_LETTER,form
12518,8,F_LETTER,fit
12519,8,F_LETTER,fitness
12520,8,F_LETTER,feel
12521,8,F_LETTER,feelings
12522,8,F_LETTER,farm
12523,8,F_LETTER,farmer
12524,8,F_LETTER,farming
12525,8,F_LETTER,fellow
12526,8,F_LETTER,fault
12527,8,F_LETTER,fort
12528,8,F_LETTER,forts
12529,8,F_LETTER,felt
12530,9,F_LETTER,Face
12531,9,F_LETTER,fame
12532,9,F_LETTER,fail
12533,9,F_LETTER,failure
12534,9,F_LETTER,free
12535,9,F_LETTER,freedom
12536,9,F_LETTER,female
12537,9,F_LETTER,feminism
12538,9,F_LETTER,fed
12539,9,F_LETTER,feed
12540,9,F_LETTER,feeding
12541,9,F_LETTER,force
12542,9,F_LETTER,forced
12543,9,F_LETTER,forcing
12544,9,F_LETTER,fluke
12545,9,F_LETTER,flunk
12546,9,F_LETTER,flight
12547,9,F_LETTER,fly
12548,9,F_LETTER,funk
12549,9,F_LETTER,fire
12550,9,F_LETTER,fired
12551,9,F_LETTER,frame
12552,9,F_LETTER,fizz
12553,9,F_LETTER,fuel
12554,9,F_LETTER,flee
12555,9,F_LETTER,fume
12556,9,F_LETTER,fun
12557,10,F_LETTER,Frail
12558,10,F_LETTER,faith
12559,10,F_LETTER,fantastic
12560,10,F_LETTER,finatic
12561,10,F_LETTER,fake
12562,10,F_LETTER,fragile
12563,10,F_LETTER,fort
12564,10,F_LETTER,fork
12565,10,F_LETTER,fair
12566,10,F_LETTER,face
12567,10,F_LETTER,fire
12568,10,F_LETTER,fate
12569,10,F_LETTER,furious
12570,10,F_LETTER,fast
12571,10,F_LETTER,far
12572,10,F_LETTER,father
12573,10,F_LETTER,further
12574,11,F_LETTER,Frequent
12575,11,F_LETTER,fast
12576,11,F_LETTER,food
12577,11,F_LETTER,friends
12578,11,F_LETTER,family
12579,11,F_LETTER,furniture
12580,11,F_LETTER,French
12581,11,F_LETTER,forensics
12582,11,F_LETTER,finance
12583,11,F_LETTER,floor
12584,11,F_LETTER,field
12585,11,F_LETTER,from
12586,11,F_LETTER,feet
12587,11,F_LETTER,flip
12588,11,F_LETTER,forest
12589,11,F_LETTER,forever
12590,11,F_LETTER,favorite
12591,11,F_LETTER,February
12592,11,F_LETTER,four
12593,11,F_LETTER,fourteen
12594,12,F_LETTER,Family
12595,12,F_LETTER,friends
12596,12,F_LETTER,freak
12597,12,F_LETTER,flick
12598,12,F_LETTER,flip
12599,12,F_LETTER,frozen
12600,12,F_LETTER,frank
12601,12,F_LETTER,fred
12602,12,F_LETTER,fix
12603,12,F_LETTER,fill
12604,12,F_LETTER,fruit
12605,12,F_LETTER,fat
12606,12,F_LETTER,fool
12607,12,F_LETTER,fit
12608,12,F_LETTER,franklin
12609,13,F_LETTER,Friday
12610,13,F_LETTER,Frank
12611,13,F_LETTER,Frech
12612,13,F_LETTER,French fry
12613,13,F_LETTER,fry
12614,13,F_LETTER,Fish
12615,13,F_LETTER,Finger
12616,13,F_LETTER,Forgot
12617,13,F_LETTER,Forbidden
12618,13,F_LETTER,Foreshadow
12619,13,F_LETTER,Flip
12620,13,F_LETTER,Follow
12621,13,F_LETTER,Fumble
12622,13,F_LETTER,Flow
12623,13,F_LETTER,float
12624,13,F_LETTER,Female
12625,13,F_LETTER,Fellow
12626,13,F_LETTER,Folk
12627,13,F_LETTER,Folklore
12628,13,F_LETTER,Felecia
12629,13,F_LETTER,Felicity
12630,14,F_LETTER,Fork
12631,14,F_LETTER,fine
12632,14,F_LETTER,find
12633,14,F_LETTER,food
12634,14,F_LETTER,flight
12635,14,F_LETTER,fight
12636,14,F_LETTER,fit
12637,14,F_LETTER,for
12638,14,F_LETTER,fur
12639,14,F_LETTER,far
12640,14,F_LETTER,forehead
12641,14,F_LETTER,fawn
12642,14,F_LETTER,fall
12643,14,F_LETTER,fake
12644,14,F_LETTER,face
12645,14,F_LETTER,fate
12646,14,F_LETTER,fridge
12647,14,F_LETTER,fellow
12648,14,F_LETTER,fierce
12649,14,F_LETTER,fidget
12650,14,F_LETTER,forecast
12651,14,F_LETTER,fuel
12652,14,F_LETTER,full
12653,14,F_LETTER,fanatasize
12654,14,F_LETTER,funky
12655,14,F_LETTER,frog
12656,14,F_LETTER,family
12657,15,F_LETTER,Fun
12658,15,F_LETTER,family
12659,15,F_LETTER,friends
12660,15,F_LETTER,frightened
12661,15,F_LETTER,friendly
12662,15,F_LETTER,find
12663,15,F_LETTER,faint
12664,15,F_LETTER,funny
12665,15,F_LETTER,fabulous
12666,15,F_LETTER,fantastic
12667,15,F_LETTER,frantic
12668,15,F_LETTER,fruit
12669,15,F_LETTER,fake
12670,15,F_LETTER,fast
12671,15,F_LETTER,fan
12672,15,F_LETTER,frankly
12673,15,F_LETTER,feast
12674,15,F_LETTER,fine
12675,16,F_LETTER,Fabulous
12676,16,F_LETTER,fashion
12677,16,F_LETTER,fantastic
12678,16,F_LETTER,feast [best guess - hard to read]
12679,16,F_LETTER,festival
12680,16,F_LETTER,fall
12681,16,F_LETTER,fail
12682,16,F_LETTER,false
12683,16,F_LETTER,fruit
12684,16,F_LETTER,football
12685,16,F_LETTER,from
12686,16,F_LETTER,faint
12687,16,F_LETTER,far
12688,16,F_LETTER,fair
12689,16,F_LETTER,farry
12690,17,F_LETTER,Fun
12691,17,F_LETTER,fart
12692,17,F_LETTER,fabulous
12693,17,F_LETTER,funny
12694,17,F_LETTER,flirt
12695,17,F_LETTER,facts
12696,17,F_LETTER,for
12697,17,F_LETTER,famous
12698,17,F_LETTER,floor
12699,17,F_LETTER,faint
12700,17,F_LETTER,fire
12701,17,F_LETTER,fur
12702,18,F_LETTER,Frog
12703,18,F_LETTER,fake
12704,18,F_LETTER,find
12705,18,F_LETTER,fair
12706,18,F_LETTER,fear
12707,18,F_LETTER,frank
12708,18,F_LETTER,free
12709,18,F_LETTER,fire
12710,18,F_LETTER,friend
12711,18,F_LETTER,four
12712,18,F_LETTER,five
12713,18,F_LETTER,fifteen
12714,18,F_LETTER,fond
12715,18,F_LETTER,feind
12716,18,F_LETTER,fat
12717,18,F_LETTER,fan
12718,18,F_LETTER,fit
12719,18,F_LETTER,fabulous
12720,18,F_LETTER,fish
12721,18,F_LETTER,feet
12722,18,F_LETTER,foot
12723,18,F_LETTER,fight
12724,18,F_LETTER,flight
12725,18,F_LETTER,fender
12726,19,F_LETTER,Fog
12727,19,F_LETTER,frog
12728,19,F_LETTER,fun
12729,19,F_LETTER,funnier
12730,19,F_LETTER,funny
12731,19,F_LETTER,flounder
12732,19,F_LETTER,fish
12733,19,F_LETTER,favorite
12734,19,F_LETTER,fiction
12735,19,F_LETTER,fictional
12736,19,F_LETTER,fact
12737,19,F_LETTER,factorial
12738,19,F_LETTER,factory
12739,19,F_LETTER,funnist
12740,19,F_LETTER,fan
12741,19,F_LETTER,fans
12742,19,F_LETTER,frogs
12743,19,F_LETTER,flounders
12744,19,F_LETTER,facts
12745,19,F_LETTER,fax
12746,19,F_LETTER,faxes
12747,20,F_LETTER,Frog
12748,20,F_LETTER,fish
12749,20,F_LETTER,four
12750,20,F_LETTER,flat
12751,20,F_LETTER,fat
12752,20,F_LETTER,favorite
12753,20,F_LETTER,fountain
12754,20,F_LETTER,fanta
12755,20,F_LETTER,ferry
12756,20,F_LETTER,fairy
12757,20,F_LETTER,F-150
12758,20,F_LETTER,flower
12759,20,F_LETTER,four-wheeler
12760,20,F_LETTER,fork
12761,20,F_LETTER,finger
12762,20,F_LETTER,fallopian
12763,20,F_LETTER,feather
12764,21,F_LETTER,Fail
12765,21,F_LETTER,fun
12766,21,F_LETTER,freak
12767,21,F_LETTER,flip
12768,21,F_LETTER,frequent
12769,21,F_LETTER,favorite
12770,21,F_LETTER,fake
12771,21,F_LETTER,funny
12772,21,F_LETTER,fire
12773,21,F_LETTER,farm
12774,21,F_LETTER,fan
12775,21,F_LETTER,fig
12776,21,F_LETTER,free
12777,21,F_LETTER,fabulous
12778,21,F_LETTER,fantastic
12779,21,F_LETTER,farm
12780,21,F_LETTER,from
12781,22,F_LETTER,Food
12782,22,F_LETTER,flood
12783,22,F_LETTER,fire
12784,22,F_LETTER,finger
12785,22,F_LETTER,fairy
12786,22,F_LETTER,faint
12787,22,F_LETTER,fall
12788,22,F_LETTER,finish
12789,22,F_LETTER,fake
12790,22,F_LETTER,fraud
12791,22,F_LETTER,flipper
12792,22,F_LETTER,fun
12793,22,F_LETTER,flip
12794,22,F_LETTER,flight
12795,22,F_LETTER,fly
12796,22,F_LETTER,fast
12797,22,F_LETTER,fact
12798,23,F_LETTER,Firetruck
12799,23,F_LETTER,false
12800,23,F_LETTER,firework
12801,23,F_LETTER,fake
12802,23,F_LETTER,fame
12803,23,F_LETTER,fan
12804,23,F_LETTER,fiction
12805,23,F_LETTER,fun
12806,23,F_LETTER,fraction
12807,23,F_LETTER,fabric
12808,23,F_LETTER,fabulous
12809,23,F_LETTER,fantastic
12810,23,F_LETTER,furniture
12811,23,F_LETTER,fabricated
12812,23,F_LETTER,future
12813,23,F_LETTER,futuristic
12814,23,F_LETTER,friend
12815,23,F_LETTER,fashion
12816,23,F_LETTER,Fitbit
12817,23,F_LETTER,foriegn
12818,23,F_LETTER,France
12819,23,F_LETTER,Ferdonia
12820,24,F_LETTER,Fried
12821,24,F_LETTER,food
12822,24,F_LETTER,flex
12823,24,F_LETTER,friend
12824,24,F_LETTER,flower
12825,24,F_LETTER,float
12826,24,F_LETTER,flint
12827,24,F_LETTER,frequent
12828,24,F_LETTER,forever
12829,24,F_LETTER,foremost
12830,24,F_LETTER,first
12831,24,F_LETTER,finish
12832,24,F_LETTER,flourish
12833,24,F_LETTER,flour
12834,24,F_LETTER,front
12835,24,F_LETTER,frog
12836,24,F_LETTER,fleet
12837,24,F_LETTER,flexible
12838,24,F_LETTER,found
12839,24,F_LETTER,for
12840,24,F_LETTER,from
12841,24,F_LETTER,fierce
12842,24,F_LETTER,flounder
12843,24,F_LETTER,fish
12844,24,F_LETTER,fountain
12845,24,F_LETTER,feed
12846,24,F_LETTER,formation
12847,25,F_LETTER,Fry
12848,25,F_LETTER,food
12849,25,F_LETTER,fish
12850,25,F_LETTER,feet
12851,25,F_LETTER,foot
12852,25,F_LETTER,fat
12853,25,F_LETTER,fill
12854,25,F_LETTER,for
12855,25,F_LETTER,full
12856,25,F_LETTER,fight
12857,25,F_LETTER,fought
12858,25,F_LETTER,fist
12859,25,F_LETTER,fire
12860,26,F_LETTER,Fruit
12861,26,F_LETTER,fragile
12862,26,F_LETTER,flag
12863,26,F_LETTER,frog
12864,26,F_LETTER,facts
12865,26,F_LETTER,fatile
12866,26,F_LETTER,frugal
12867,26,F_LETTER,factual
12868,26,F_LETTER,freedom
12869,26,F_LETTER,faith
12870,26,F_LETTER,fun
12871,26,F_LETTER,fast
12872,26,F_LETTER,frost
12873,26,F_LETTER,frozen
12874,26,F_LETTER,fan
12875,26,F_LETTER,forgot
12876,26,F_LETTER,forgotten
12877,26,F_LETTER,fatality
12878,26,F_LETTER,finish
12879,27,F_LETTER,Friends
12880,27,F_LETTER,family
12881,27,F_LETTER,franks
12882,27,F_LETTER,from
12883,27,F_LETTER,forget
12884,27,F_LETTER,forgive
12885,27,F_LETTER,for
12886,27,F_LETTER,found
12887,27,F_LETTER,fly
12888,27,F_LETTER,flutter
12889,27,F_LETTER,fabulous
12890,27,F_LETTER,founder
12891,27,F_LETTER,famine
12892,27,F_LETTER,fall
12893,27,F_LETTER,friendly
12894,27,F_LETTER,fame
12895,27,F_LETTER,four
12896,28,F_LETTER,Food
12897,28,F_LETTER,fun
12898,28,F_LETTER,fair
12899,28,F_LETTER,fix
12900,28,F_LETTER,finance
12901,28,F_LETTER,friend
12902,28,F_LETTER,fiend
12903,28,F_LETTER,fend
12904,28,F_LETTER,farm
12905,28,F_LETTER,forest
12906,28,F_LETTER,ford
12907,28,F_LETTER,fort
12908,28,F_LETTER,forensic
12909,28,F_LETTER,find
12910,28,F_LETTER,fancy
12911,28,F_LETTER,French
12912,28,F_LETTER,frank
12913,28,F_LETTER,faux
12914,28,F_LETTER,fan
12915,28,F_LETTER,fork
12916,28,F_LETTER,forever
12917,29,F_LETTER,Fun
12918,29,F_LETTER,filled
12919,29,F_LETTER,fantastic
12920,29,F_LETTER,flabbergasted
12921,29,F_LETTER,focus
12922,29,F_LETTER,food
12923,29,F_LETTER,favorite
12924,29,F_LETTER,furry
12925,29,F_LETTER,fall
12926,29,F_LETTER,fluffy
12927,29,F_LETTER,fat
12928,30,F_LETTER,Fool
12929,30,F_LETTER,fry
12930,30,F_LETTER,fish
12931,30,F_LETTER,freak
12932,30,F_LETTER,Freddy
12933,30,F_LETTER,fisker
12934,30,F_LETTER,fraud
12935,30,F_LETTER,freeze
12936,30,F_LETTER,funny
12937,30,F_LETTER,frank
12938,30,F_LETTER,fun
12939,30,F_LETTER,frisbee
12940,31,F_LETTER,Fort
12941,31,F_LETTER,found
12942,31,F_LETTER,four
12943,31,F_LETTER,fortunate
12944,31,F_LETTER,for
12945,31,F_LETTER,forever
12946,31,F_LETTER,fraud
12947,31,F_LETTER,fraudulent
12948,31,F_LETTER,forget
12949,31,F_LETTER,forgotten
12950,31,F_LETTER,free
12951,31,F_LETTER,freedom
12952,31,F_LETTER,fervent
12953,31,F_LETTER,fever
12954,31,F_LETTER,flounder
12955,31,F_LETTER,flalne
12956,31,F_LETTER,fame
12957,31,F_LETTER,fourtune
12958,31,F_LETTER,fawn
12959,31,F_LETTER,flee
12960,32,F_LETTER,Fantastic
12961,32,F_LETTER,finally
12962,32,F_LETTER,friday
12963,32,F_LETTER,fart
12964,32,F_LETTER,freak
12965,32,F_LETTER,fabulous
12966,32,F_LETTER,funny
12967,32,F_LETTER,fun
12968,32,F_LETTER,fullfilled
12969,32,F_LETTER,full
12970,32,F_LETTER,filled
12971,32,F_LETTER,fire
12972,32,F_LETTER,family
12973,32,F_LETTER,fundamentals
12974,32,F_LETTER,furoutios
12975,32,F_LETTER,fine
12976,32,F_LETTER,fluffy
12977,32,F_LETTER,flamingo
12978,33,F_LETTER,Fuck
12979,33,F_LETTER,feet
12980,33,F_LETTER,food
12981,33,F_LETTER,fear
12982,33,F_LETTER,feed
12983,33,F_LETTER,face
12984,33,F_LETTER,final
12985,33,F_LETTER,friends
12986,33,F_LETTER,family
12987,33,F_LETTER,fell
12988,33,F_LETTER,falcon
12989,33,F_LETTER,force
12990,33,F_LETTER,fade
12991,33,F_LETTER,fender
12992,33,F_LETTER,friday
12993,33,F_LETTER,four
12994,33,F_LETTER,february
12995,33,F_LETTER,fun
12996,33,F_LETTER,fries
12997,33,F_LETTER,france
12998,34,F_LETTER,Fluctuate
12999,34,F_LETTER,fascinating
13000,34,F_LETTER,fashion
13001,34,F_LETTER,freezing
13002,34,F_LETTER,formula
13003,34,F_LETTER,free
13004,34,F_LETTER,fold
13005,34,F_LETTER,faluable
13006,34,F_LETTER,forensics
13007,34,F_LETTER,for
13008,34,F_LETTER,focus
13009,34,F_LETTER,frustrating
13010,34,F_LETTER,form
13011,34,F_LETTER,feel
13012,34,F_LETTER,fell
13013,34,F_LETTER,fallen
13014,34,F_LETTER,forsaken
13015,34,F_LETTER,fraud
13016,34,F_LETTER,forbid
13017,35,F_LETTER,For
13018,35,F_LETTER,first
13019,35,F_LETTER,friends
13020,35,F_LETTER,fox
13021,35,F_LETTER,franklin
13022,35,F_LETTER,food
13023,35,F_LETTER,filafel
13024,35,F_LETTER,foxes
13025,35,F_LETTER,full
13026,35,F_LETTER,far
13027,35,F_LETTER,furthest
13028,35,F_LETTER,fill
13029,35,F_LETTER,fold
13030,35,F_LETTER,free
13031,35,F_LETTER,freedom
13032,35,F_LETTER,folly
13033,35,F_LETTER,find
13034,35,F_LETTER,fool
13035,35,F_LETTER,from
13036,35,F_LETTER,fiend
13037,35,F_LETTER,fred
13038,35,F_LETTER,freddy
13039,35,F_LETTER,frank
13040,35,F_LETTER,fest
13041,35,F_LETTER,fester
13042,36,F_LETTER,Flower
13043,36,F_LETTER,fawn
13044,36,F_LETTER,fauna
13045,36,F_LETTER,fork
13046,36,F_LETTER,fridgid
13047,36,F_LETTER,freezing
13048,36,F_LETTER,froze
13049,36,F_LETTER,flew
13050,36,F_LETTER,fly
13051,36,F_LETTER,flu
13052,36,F_LETTER,friend
13053,36,F_LETTER,fill
13054,36,F_LETTER,flop
13055,36,F_LETTER,flake
13056,36,F_LETTER,flapjack
13057,36,F_LETTER,force
13058,36,F_LETTER,frost
13059,36,F_LETTER,figure
13060,36,F_LETTER,fuck
13061,36,F_LETTER,flint
13062,36,F_LETTER,four
13063,36,F_LETTER,fort
13064,36,F_LETTER,figment
13065,36,F_LETTER,fissure
13066,36,F_LETTER,flavor
13067,36,F_LETTER,favorite
13068,36,F_LETTER,fashion
13069,36,F_LETTER,fuscia
13070,36,F_LETTER,finance
13071,36,F_LETTER,finesse
13072,36,F_LETTER,flip
13073,36,F_LETTER,frayed
13074,36,F_LETTER,finger
13075,36,F_LETTER,flap
13076,36,F_LETTER,find
13077,36,F_LETTER,found
13078,36,F_LETTER,filibuster.
13079,37,F_LETTER,Funny
13080,37,F_LETTER,fantastic
13081,37,F_LETTER,fear
13082,37,F_LETTER,frenzy
13083,37,F_LETTER,friends
13084,37,F_LETTER,friendship
13085,37,F_LETTER,forward
13086,37,F_LETTER,free
13087,37,F_LETTER,freedom
13088,37,F_LETTER,foreshadow
13089,37,F_LETTER,feelings
13090,37,F_LETTER,flow
13091,37,F_LETTER,false
13092,37,F_LETTER,fulfill
13093,37,F_LETTER,for
13094,37,F_LETTER,focus
13095,37,F_LETTER,function
13096,37,F_LETTER,fans
13097,38,F_LETTER,For
13098,38,F_LETTER,form
13099,38,F_LETTER,from
13100,38,F_LETTER,frog
13101,38,F_LETTER,freedom
13102,38,F_LETTER,free
13103,38,F_LETTER,fee
13104,38,F_LETTER,feel
13105,38,F_LETTER,front
13106,38,F_LETTER,face
13107,38,F_LETTER,facial
13108,38,F_LETTER,forgot
13109,38,F_LETTER,frequent
13110,38,F_LETTER,fail
13111,38,F_LETTER,false
13112,38,F_LETTER,flow
13113,38,F_LETTER,fudge
13114,38,F_LETTER,frame
13115,38,F_LETTER,frail
13116,38,F_LETTER,fragile
13117,39,F_LETTER,Four
13118,39,F_LETTER,fort
13119,39,F_LETTER,fork
13120,39,F_LETTER,fuel
13121,39,F_LETTER,fire
13122,39,F_LETTER,frequency
13123,39,F_LETTER,freedom
13124,39,F_LETTER,fribble
13125,39,F_LETTER,finland
13126,39,F_LETTER,finish
13127,39,F_LETTER,flavor
13128,39,F_LETTER,frivolous
13129,39,F_LETTER,fun
13130,39,F_LETTER,funny
13131,39,F_LETTER,friend
13132,39,F_LETTER,friendly
13133,39,F_LETTER,fluent
13134,39,F_LETTER,fluency
13135,39,F_LETTER,foreplay
13136,39,F_LETTER,fortknight
13137,39,F_LETTER,finishline
13138,39,F_LETTER,fruit
13139,39,F_LETTER,fan
13140,39,F_LETTER,fans
13141,39,F_LETTER,foredam
13142,39,F_LETTER,fruitcake
13143,40,F_LETTER,Fun
13144,40,F_LETTER,fantastic
13145,40,F_LETTER,funny
13146,40,F_LETTER,fabulous
13147,40,F_LETTER,funk
13148,40,F_LETTER,famous
13149,40,F_LETTER,friend
13150,40,F_LETTER,family
13151,40,F_LETTER,foe
13152,40,F_LETTER,foriegn
13153,40,F_LETTER,feet
13154,40,F_LETTER,fish
13155,40,F_LETTER,forget
13156,40,F_LETTER,fortune
13157,40,F_LETTER,future
13158,40,F_LETTER,forest
13159,40,F_LETTER,France
13160,40,F_LETTER,fiction
13161,40,F_LETTER,fact
13162,40,F_LETTER,fine
13163,41,F_LETTER,Fun
13164,41,F_LETTER,Friendly
13165,41,F_LETTER,Fantastic
13166,41,F_LETTER,Foolish
13167,41,F_LETTER,Factory
13168,41,F_LETTER,Fairy
13169,41,F_LETTER,Fly
13170,41,F_LETTER,Fork
13171,41,F_LETTER,Fight
13172,41,F_LETTER,Force
13173,41,F_LETTER,Flip
13174,41,F_LETTER,Flounder
13175,41,F_LETTER,Founder
13176,41,F_LETTER,Forest
13177,41,F_LETTER,Facility
13178,41,F_LETTER,Facilitate
13179,41,F_LETTER,Fast
13180,41,F_LETTER,Forgot
13181,41,F_LETTER,Fluent
13182,41,F_LETTER,Foreign
13183,42,F_LETTER,Far
13184,42,F_LETTER,farm
13185,42,F_LETTER,four
13186,42,F_LETTER,for
13187,42,F_LETTER,from
13188,42,F_LETTER,Florida
13189,42,F_LETTER,front
13190,42,F_LETTER,feit
13191,42,F_LETTER,fight
13192,42,F_LETTER,face
13193,42,F_LETTER,foot
13194,42,F_LETTER,flap
13195,42,F_LETTER,France
13196,42,F_LETTER,frappaccino
13197,42,F_LETTER,francesca
13198,42,F_LETTER,frank
13199,42,F_LETTER,fernando
13200,42,F_LETTER,form
13201,42,F_LETTER,formidible
13202,42,F_LETTER,ferret
13203,42,F_LETTER,frog
13204,42,F_LETTER,fence
13205,42,F_LETTER,fat
13206,42,F_LETTER,first
13207,43,F_LETTER,Full
13208,43,F_LETTER,finalize
13209,43,F_LETTER,finish
13210,43,F_LETTER,farm
13211,43,F_LETTER,for
13212,43,F_LETTER,flap
13213,43,F_LETTER,flip
13214,43,F_LETTER,flop
13215,43,F_LETTER,fool
13216,43,F_LETTER,fake
13217,43,F_LETTER,foul
13218,43,F_LETTER,full
13219,43,F_LETTER,fun
13220,43,F_LETTER,fall
13221,43,F_LETTER,fun
13222,43,F_LETTER,files
13223,43,F_LETTER,flack
13224,43,F_LETTER,fan
13225,43,F_LETTER,forego
13226,43,F_LETTER,form
13227,44,F_LETTER,Fun
13228,44,F_LETTER,Fat
13229,44,F_LETTER,Friend
13230,44,F_LETTER,Fuck
13231,44,F_LETTER,Fire
13232,44,F_LETTER,Firetruck
13233,44,F_LETTER,Foul
13234,44,F_LETTER,Fine
13235,44,F_LETTER,Find
13236,44,F_LETTER,Frown
13237,44,F_LETTER,Flip
13238,44,F_LETTER,Fork
13239,44,F_LETTER,Foward
13240,44,F_LETTER,Fast
13241,45,F_LETTER,Fun
13242,45,F_LETTER,fale
13243,45,F_LETTER,fat
13244,45,F_LETTER,fool
13245,45,F_LETTER,fall
13246,45,F_LETTER,future
13247,45,F_LETTER,famous
13248,45,F_LETTER,fatality
13249,45,F_LETTER,federation
13250,45,F_LETTER,food
13251,45,F_LETTER,face
13252,45,F_LETTER,feel
13253,45,F_LETTER,fumble
13254,45,F_LETTER,flick
13255,45,F_LETTER,fine
13256,45,F_LETTER,figure
13257,45,F_LETTER,feet
13258,45,F_LETTER,flab
13259,45,F_LETTER,flap
13260,45,F_LETTER,foster
13261,45,F_LETTER,flash
13262,46,F_LETTER,Four
13263,46,F_LETTER,ferret
13264,46,F_LETTER,fear
13265,46,F_LETTER,fungus
13266,46,F_LETTER,fungicide
13267,46,F_LETTER,fornicate
13268,46,F_LETTER,felt
13269,46,F_LETTER,fennel
13270,46,F_LETTER,feable
13271,46,F_LETTER,fantastic
13272,46,F_LETTER,fall
13273,46,F_LETTER,falling
13274,46,F_LETTER,fair
13275,46,F_LETTER,fairly
13276,46,F_LETTER,fourteen
13277,46,F_LETTER,fifty
13278,46,F_LETTER,five
13279,46,F_LETTER,follow
13280,46,F_LETTER,fang
13281,46,F_LETTER,fortnite
13282,46,F_LETTER,find
13283,47,F_LETTER,Front
13284,47,F_LETTER,face
13285,47,F_LETTER,foil
13286,47,F_LETTER,fault
13287,47,F_LETTER,flamboyant
13288,47,F_LETTER,fart
13289,47,F_LETTER,friend
13290,47,F_LETTER,feind
13291,47,F_LETTER,follow
13292,47,F_LETTER,follower
13293,47,F_LETTER,flood
13294,47,F_LETTER,free
13295,47,F_LETTER,fan
13296,47,F_LETTER,fanatic
13297,47,F_LETTER,fandom
13298,47,F_LETTER,far
13299,47,F_LETTER,frat
13300,47,F_LETTER,fear
13301,47,F_LETTER,fall
13302,47,F_LETTER,fell
13303,47,F_LETTER,flew
13304,47,F_LETTER,fly
13305,47,F_LETTER,fun
13306,47,F_LETTER,for
13307,47,F_LETTER,fad
13308,48,F_LETTER,Fuck
13309,48,F_LETTER,fly
13310,48,F_LETTER,fat
13311,48,F_LETTER,from
13312,48,F_LETTER,for
13313,48,F_LETTER,far
13314,48,F_LETTER,fear
13315,48,F_LETTER,fag
13316,48,F_LETTER,flask
13317,48,F_LETTER,flee
13318,48,F_LETTER,free
13319,48,F_LETTER,flabergasted
13320,49,F_LETTER,Father
13321,49,F_LETTER,faith
13322,49,F_LETTER,farm
13323,49,F_LETTER,farmer
13324,49,F_LETTER,further
13325,49,F_LETTER,for
13326,49,F_LETTER,from
13327,49,F_LETTER,form
13328,49,F_LETTER,finances
13329,49,F_LETTER,frame
13330,49,F_LETTER,fun
13331,49,F_LETTER,funnel
13332,49,F_LETTER,fume
13333,49,F_LETTER,festival
13334,49,F_LETTER,fast
13335,49,F_LETTER,fate
13336,49,F_LETTER,fault
13337,49,F_LETTER,flap
13338,49,F_LETTER,fight
13339,49,F_LETTER,flight
13340,49,F_LETTER,film
13341,49,F_LETTER,flimsy
13342,49,F_LETTER,file
13343,49,F_LETTER,fillet
13344,49,F_LETTER,filling
13345,49,F_LETTER,fill
13346,49,F_LETTER,frill
13347,49,F_LETTER,freedom
13348,49,F_LETTER,free
13349,49,F_LETTER,freight
13350,49,F_LETTER,fox
13351,49,F_LETTER,fix
13352,49,F_LETTER,fixture
13353,50,F_LETTER,Friend
13354,50,F_LETTER,family
13355,50,F_LETTER,fun
13356,50,F_LETTER,focus
13357,50,F_LETTER,fatal
13358,50,F_LETTER,friendship
13359,50,F_LETTER,fall
13360,50,F_LETTER,flip
13361,50,F_LETTER,friendly
13362,50,F_LETTER,first
13363,50,F_LETTER,fresh
13364,50,F_LETTER,forward
13365,50,F_LETTER,fan
13366,50,F_LETTER,feeling
13367,50,F_LETTER,fluency
13368,50,F_LETTER,frequent
13369,50,F_LETTER,fiction
13370,50,F_LETTER,fairy
13371,50,F_LETTER,farm
13372,51,F_LETTER,Food
13373,51,F_LETTER,fun
13374,51,F_LETTER,fuck
13375,51,F_LETTER,four
13376,51,F_LETTER,for
13377,51,F_LETTER,fly
13378,51,F_LETTER,floor
13379,51,F_LETTER,few
13380,51,F_LETTER,fudge
13381,51,F_LETTER,flour
13382,51,F_LETTER,flower
13383,51,F_LETTER,february
13384,51,F_LETTER,fleek
13385,51,F_LETTER,flick
13386,51,F_LETTER,fucking
13387,52,F_LETTER,Friends
13388,52,F_LETTER,family
13389,52,F_LETTER,find
13390,52,F_LETTER,feed
13391,52,F_LETTER,freak
13392,52,F_LETTER,false
13393,52,F_LETTER,failure
13394,52,F_LETTER,free
13395,52,F_LETTER,face
13396,52,F_LETTER,fake
13397,52,F_LETTER,furnase
13398,52,F_LETTER,frame
13399,53,F_LETTER,False
13400,53,F_LETTER,fake
13401,53,F_LETTER,friends
13402,53,F_LETTER,family
13403,53,F_LETTER,future
13404,53,F_LETTER,facility
13405,53,F_LETTER,facts
13406,53,F_LETTER,focus
13407,53,F_LETTER,function
13408,53,F_LETTER,flip
13409,53,F_LETTER,fast
13410,53,F_LETTER,farm
13411,53,F_LETTER,fan
13412,53,F_LETTER,foster
13413,54,F_LETTER,Food
13414,54,F_LETTER,friends
13415,54,F_LETTER,french fries
13416,54,F_LETTER,family
13417,54,F_LETTER,fondly
13418,54,F_LETTER,fault
13419,54,F_LETTER,filet
13420,54,F_LETTER,feathers
13421,54,F_LETTER,flowers
13422,54,F_LETTER,fortunate
13423,54,F_LETTER,fortune
13424,54,F_LETTER,fuzzy
13425,54,F_LETTER,foolish
13426,54,F_LETTER,found
13427,54,F_LETTER,famous
13428,54,F_LETTER,fish
13429,54,F_LETTER,fawn
13430,54,F_LETTER,fog
13431,55,F_LETTER,Fun
13432,55,F_LETTER,federal
13433,55,F_LETTER,funny
13434,55,F_LETTER,fantastic
13435,55,F_LETTER,frequent
13436,55,F_LETTER,fly
13437,55,F_LETTER,flew
13438,55,F_LETTER,fluffy
13439,55,F_LETTER,fat
13440,55,F_LETTER,feast
13441,55,F_LETTER,far
13442,55,F_LETTER,frank
13443,55,F_LETTER,fred
13444,56,F_LETTER,Fast
13445,56,F_LETTER,for
13446,56,F_LETTER,fate
13447,56,F_LETTER,faith
13448,56,F_LETTER,forever
13449,56,F_LETTER,fake
13450,56,F_LETTER,foregone
13451,56,F_LETTER,foresee
13452,56,F_LETTER,from
13453,56,F_LETTER,frequently
13454,56,F_LETTER,friend
13455,56,F_LETTER,fill
13456,56,F_LETTER,find
13457,56,F_LETTER,fine
13458,56,F_LETTER,fail
13459,56,F_LETTER,failure
13460,56,F_LETTER,flute
13461,56,F_LETTER,fluke
13462,56,F_LETTER,fun
13463,56,F_LETTER,foam
13464,56,F_LETTER,fudge
13465,56,F_LETTER,fidelity
13466,57,F_LETTER,Food
13467,57,F_LETTER,fun
13468,57,F_LETTER,friends
13469,57,F_LETTER,firetruck
13470,57,F_LETTER,facts
13471,57,F_LETTER,fiction
13472,57,F_LETTER,free
13473,57,F_LETTER,friday
13474,57,F_LETTER,fog
13475,57,F_LETTER,fizz
13476,57,F_LETTER,fat
13477,57,F_LETTER,fork
13478,57,F_LETTER,fall
13479,57,F_LETTER,fan
13480,57,F_LETTER,fellow
13481,57,F_LETTER,follow
13482,57,F_LETTER,fish
13483,57,F_LETTER,foe
13484,57,F_LETTER,fell
13485,57,F_LETTER,fake
13486,58,F_LETTER,Facial
13487,58,F_LETTER,fact
13488,58,F_LETTER,figure
13489,58,F_LETTER,forget
13490,58,F_LETTER,forgotten
13491,58,F_LETTER,feature
13492,58,F_LETTER,featuring
13493,58,F_LETTER,feet
13494,58,F_LETTER,face
13495,58,F_LETTER,feel
13496,58,F_LETTER,fart
13497,58,F_LETTER,fear
13498,58,F_LETTER,feeble
13499,58,F_LETTER,Florida
13500,58,F_LETTER,far
13501,58,F_LETTER,foe
13502,58,F_LETTER,fergie
13503,58,F_LETTER,figurative
13504,58,F_LETTER,force
13505,58,F_LETTER,fever
13506,58,F_LETTER,farenheit
13507,58,F_LETTER,forceful
13508,58,F_LETTER,figment
13509,59,F_LETTER,Fun
13510,59,F_LETTER,fantastic
13511,59,F_LETTER,foul
13512,59,F_LETTER,fire
13513,59,F_LETTER,feeling
13514,59,F_LETTER,food
13515,59,F_LETTER,fish
13516,59,F_LETTER,flavor
13517,59,F_LETTER,fluent
13518,59,F_LETTER,four
13519,59,F_LETTER,fax
13520,59,F_LETTER,fresh
13521,59,F_LETTER,fruit
13522,59,F_LETTER,fix
13523,59,F_LETTER,flex
13524,59,F_LETTER,far
13525,59,F_LETTER,fill
13526,59,F_LETTER,fox
13527,59,F_LETTER,fur
13528,59,F_LETTER,full
13529,60,F_LETTER,Fun
13530,60,F_LETTER,friendly
13531,60,F_LETTER,friends
13532,60,F_LETTER,frightening
13533,60,F_LETTER,full
13534,60,F_LETTER,fast
13535,60,F_LETTER,far
13536,60,F_LETTER,financial
13537,60,F_LETTER,facts
13538,60,F_LETTER,fax
13539,60,F_LETTER,fox
13540,60,F_LETTER,father
13541,60,F_LETTER,fitting
13542,60,F_LETTER,flight
13543,60,F_LETTER,farther
13544,60,F_LETTER,fat
13545,60,F_LETTER,fart
13546,60,F_LETTER,faking
13547,60,F_LETTER,flabbergasted
13548,60,F_LETTER,final
13549,60,F_LETTER,factual
13550,60,F_LETTER,flattered
13551,60,F_LETTER,felt
13552,60,F_LETTER,fib
13553,60,F_LETTER,fit
13554,61,F_LETTER,First
13555,61,F_LETTER,foremost
13556,61,F_LETTER,fore
13557,61,F_LETTER,for
13558,61,F_LETTER,four
13559,61,F_LETTER,France
13560,61,F_LETTER,feet
13561,61,F_LETTER,foot
13562,61,F_LETTER,face
13563,61,F_LETTER,frog
13564,61,F_LETTER,fierce
13565,61,F_LETTER,fence
13566,61,F_LETTER,fencing
13567,61,F_LETTER,friend
13568,61,F_LETTER,fiend
13569,61,F_LETTER,fear
13570,61,F_LETTER,fearing
13571,61,F_LETTER,forever
13572,61,F_LETTER,frost
13573,61,F_LETTER,frozen
13574,61,F_LETTER,franny
13575,61,F_LETTER,francis
13576,61,F_LETTER,far
13577,61,F_LETTER,farm
13578,61,F_LETTER,farming
13579,61,F_LETTER,fantastic
13580,61,F_LETTER,fourteen
13581,61,F_LETTER,forty
13582,61,F_LETTER,five
13583,61,F_LETTER,fifteen
13584,62,F_LETTER,Foreign
13585,62,F_LETTER,fluent
13586,62,F_LETTER,for
13587,62,F_LETTER,fake
13588,62,F_LETTER,forget
13589,62,F_LETTER,forever
13590,62,F_LETTER,friend
13591,62,F_LETTER,flabbergast
13592,62,F_LETTER,food
13593,62,F_LETTER,feet
13594,63,F_LETTER,Fox
13595,63,F_LETTER,friends
13596,63,F_LETTER,foe
13597,63,F_LETTER,for
13598,63,F_LETTER,from
13599,63,F_LETTER,form
13600,63,F_LETTER,frost
13601,63,F_LETTER,franking
13602,63,F_LETTER,fry
13603,63,F_LETTER,fried
13604,63,F_LETTER,fungus
13605,63,F_LETTER,forming
13606,63,F_LETTER,frosting
13607,63,F_LETTER,frollic
13608,63,F_LETTER,fruit
13609,63,F_LETTER,frankly
13610,63,F_LETTER,find
13611,63,F_LETTER,forrum
13612,63,F_LETTER,fraud
13613,63,F_LETTER,fragile
13614,63,F_LETTER,fanny
13615,63,F_LETTER,fly
13616,63,F_LETTER,flying
13617,63,F_LETTER,flew
13618,63,F_LETTER,fliers
13619,64,F_LETTER,Food
13620,64,F_LETTER,fabulous
13621,64,F_LETTER,forgettable
13622,64,F_LETTER,forgot
13623,64,F_LETTER,forgave
13624,64,F_LETTER,forgive
13625,64,F_LETTER,forgiven
13626,64,F_LETTER,flour
13627,64,F_LETTER,fad
13628,64,F_LETTER,favorite
13629,64,F_LETTER,favorable
13630,64,F_LETTER,flowers
13631,64,F_LETTER,flourish
13632,64,F_LETTER,fat
13633,64,F_LETTER,facts
13634,64,F_LETTER,fax
13635,64,F_LETTER,forward
13636,64,F_LETTER,front
13637,64,F_LETTER,flourishable
13638,64,F_LETTER,fury
13639,64,F_LETTER,furious
13640,64,F_LETTER,furocious
13641,64,F_LETTER,fantastic
13642,64,F_LETTER,fantasy
13643,64,F_LETTER,for
13644,64,F_LETTER,first
13645,64,F_LETTER,finally
13646,64,F_LETTER,final
13647,64,F_LETTER,factual
13648,65,F_LETTER,Frank
13649,65,F_LETTER,frequent
13650,65,F_LETTER,fluent
13651,65,F_LETTER,fluidity
13652,65,F_LETTER,flatulance
13653,65,F_LETTER,fly
13654,65,F_LETTER,fluxuate
13655,65,F_LETTER,flatter
13656,65,F_LETTER,flute
13657,65,F_LETTER,farm
13658,65,F_LETTER,fake
13659,65,F_LETTER,fail
13660,65,F_LETTER,falacy
13661,65,F_LETTER,fable
13662,65,F_LETTER,frank
13663,65,F_LETTER,false
13664,65,F_LETTER,fast
13665,65,F_LETTER,force
13666,65,F_LETTER,falter
13667,65,F_LETTER,flax
13668,65,F_LETTER,flex
13669,65,F_LETTER,fond
13670,65,F_LETTER,founder
13671,65,F_LETTER,freak
13672,65,F_LETTER,flaw
13673,65,F_LETTER,found
13674,65,F_LETTER,fictitious
13675,65,F_LETTER,fame
13676,65,F_LETTER,focus
13677,65,F_LETTER,free
13678,65,F_LETTER,freedom
13679,65,F_LETTER,fantacize
13680,66,F_LETTER,Fat
13681,66,F_LETTER,far
13682,66,F_LETTER,first
13683,66,F_LETTER,friend
13684,66,F_LETTER,fish
13685,66,F_LETTER,fist
13686,66,F_LETTER,for
13687,66,F_LETTER,forest
13688,66,F_LETTER,fort
13689,66,F_LETTER,fall
13690,66,F_LETTER,fiend
13691,66,F_LETTER,foe
13692,66,F_LETTER,fire
13693,66,F_LETTER,fry
13694,66,F_LETTER,fetch
13695,66,F_LETTER,fun
13696,66,F_LETTER,flat
13697,66,F_LETTER,feline
13698,66,F_LETTER,frolic
13699,66,F_LETTER,flower
13700,66,F_LETTER,field
13701,66,F_LETTER,filet
13702,66,F_LETTER,food
13703,66,F_LETTER,fund
13704,66,F_LETTER,find
13705,66,F_LETTER,freak
13706,66,F_LETTER,fear
13707,66,F_LETTER,fight
13708,66,F_LETTER,forget
13709,66,F_LETTER,feel
13710,67,F_LETTER,Fart
13711,67,F_LETTER,fuck
13712,67,F_LETTER,finger
13713,67,F_LETTER,flagellum
13714,67,F_LETTER,fellopian tube
13715,67,F_LETTER,fiskal
13716,67,F_LETTER,fish
13717,67,F_LETTER,federal
13718,67,F_LETTER,French
13719,67,F_LETTER,fries
13720,67,F_LETTER,feet
13721,67,F_LETTER,face
13722,67,F_LETTER,far
13723,67,F_LETTER,foot
13724,67,F_LETTER,fat
13725,68,F_LETTER,First
13726,68,F_LETTER,fork
13727,68,F_LETTER,flight
13728,68,F_LETTER,fist
13729,68,F_LETTER,fight
13730,68,F_LETTER,fright
13731,68,F_LETTER,fraile
13732,68,F_LETTER,fall
13733,68,F_LETTER,fell
13734,68,F_LETTER,feet
13735,68,F_LETTER,fet
13736,68,F_LETTER,fete
13737,68,F_LETTER,fellow
13738,68,F_LETTER,follow
13739,68,F_LETTER,forget
13740,68,F_LETTER,forgive
13741,68,F_LETTER,forgiven
13742,68,F_LETTER,forgotten
13743,68,F_LETTER,fork lift
13744,68,F_LETTER,four
13745,68,F_LETTER,five
13746,68,F_LETTER,faith
13747,68,F_LETTER,flop
13748,68,F_LETTER,fort
13749,68,F_LETTER,face
13750,68,F_LETTER,finger
13751,69,F_LETTER,Film
13752,69,F_LETTER,food
13753,69,F_LETTER,fruit
13754,69,F_LETTER,freckle
13755,69,F_LETTER,foot
13756,69,F_LETTER,fat
13757,69,F_LETTER,fit
13758,69,F_LETTER,fizzle
13759,69,F_LETTER,flip
13760,69,F_LETTER,flop
13761,69,F_LETTER,friends
13762,69,F_LETTER,free
13763,69,F_LETTER,freeze
13764,69,F_LETTER,feel
13765,69,F_LETTER,felt
13766,69,F_LETTER,finger
13767,69,F_LETTER,flu
13768,69,F_LETTER,flood
13769,69,F_LETTER,french
13770,69,F_LETTER,french fries
13771,69,F_LETTER,fantastic
13772,70,F_LETTER,Fruit
13773,70,F_LETTER,friend
13774,70,F_LETTER,foe
13775,70,F_LETTER,funny
13776,70,F_LETTER,fun
13777,70,F_LETTER,frank
13778,70,F_LETTER,fan
13779,70,F_LETTER,fantsciote [best guess - hard to read]
13780,70,F_LETTER,folk
13781,70,F_LETTER,folklore
13782,70,F_LETTER,folktale
13783,70,F_LETTER,fight
13784,70,F_LETTER,flight
13785,70,F_LETTER,frighten
13786,70,F_LETTER,find
13787,70,F_LETTER,free
13788,70,F_LETTER,freak
13789,70,F_LETTER,fluency
13790,70,F_LETTER,fluenct
13791,70,F_LETTER,for
13792,70,F_LETTER,from
13793,70,F_LETTER,formulate
13794,70,F_LETTER,former
13795,70,F_LETTER,files
13796,70,F_LETTER,flies
13797,71,F_LETTER,Fan
13798,71,F_LETTER,fun
13799,71,F_LETTER,family
13800,71,F_LETTER,fantasy
13801,71,F_LETTER,fox
13802,71,F_LETTER,football
13803,71,F_LETTER,fire
13804,71,F_LETTER,fresh
13805,71,F_LETTER,fleet
13806,71,F_LETTER,flesh
13807,71,F_LETTER,factual
13808,71,F_LETTER,fugaze
13809,71,F_LETTER,free
13810,71,F_LETTER,fumble
13811,71,F_LETTER,fabulous
13812,71,F_LETTER,fact
13813,71,F_LETTER,fad
13814,71,F_LETTER,familiar
13815,71,F_LETTER,freezing
13816,71,F_LETTER,frost
13817,71,F_LETTER,freak
13818,72,F_LETTER,Fluent
13819,72,F_LETTER,fluency
13820,72,F_LETTER,field
13821,72,F_LETTER,fields
13822,72,F_LETTER,fact
13823,72,F_LETTER,facts
13824,72,F_LETTER,factual
13825,72,F_LETTER,freedom
13826,72,F_LETTER,fire
13827,72,F_LETTER,firehouse
13828,72,F_LETTER,free
13829,72,F_LETTER,four
13830,72,F_LETTER,for
13831,72,F_LETTER,fall
13832,72,F_LETTER,fail
13833,72,F_LETTER,fell
13834,72,F_LETTER,finger
13835,72,F_LETTER,fingers
13836,72,F_LETTER,from
13837,72,F_LETTER,flee
13838,72,F_LETTER,fort
13839,72,F_LETTER,follow
13840,72,F_LETTER,fellowship
13841,72,F_LETTER,frat
13842,73,F_LETTER,Friend
13843,73,F_LETTER,foe
13844,73,F_LETTER,femur
13845,73,F_LETTER,finger
13846,73,F_LETTER,fracture
13847,73,F_LETTER,fire
13848,73,F_LETTER,fit
13849,73,F_LETTER,filth
13850,73,F_LETTER,filthy
13851,73,F_LETTER,fix
13852,73,F_LETTER,fixed
13853,73,F_LETTER,feat
13854,73,F_LETTER,fair
13855,73,F_LETTER,fare
13856,73,F_LETTER,far
13857,73,F_LETTER,for
13858,73,F_LETTER,from
13859,73,F_LETTER,first
13860,73,F_LETTER,fist
13861,73,F_LETTER,fuck
13862,73,F_LETTER,fired
13863,73,F_LETTER,fried
13864,73,F_LETTER,fry
13865,73,F_LETTER,French
13866,73,F_LETTER,firm
13867,73,F_LETTER,fir
13868,73,F_LETTER,fate
13869,73,F_LETTER,fated
13870,73,F_LETTER,free
13871,73,F_LETTER,files
13872,73,F_LETTER,file
13873,73,F_LETTER,foot
13874,73,F_LETTER,feet
13875,74,F_LETTER,Fun
13876,74,F_LETTER,fish
13877,74,F_LETTER,fin
13878,74,F_LETTER,fine
13879,74,F_LETTER,faint
13880,74,F_LETTER,faintly
13881,74,F_LETTER,family
13882,74,F_LETTER,finance
13883,74,F_LETTER,friend
13884,74,F_LETTER,friendly
13885,74,F_LETTER,first
13886,74,F_LETTER,fame
13887,74,F_LETTER,famous
13888,74,F_LETTER,frantic
13889,74,F_LETTER,fan
13890,74,F_LETTER,fat
13891,74,F_LETTER,fate
13892,74,F_LETTER,frog
13893,74,F_LETTER,fragile
13894,75,F_LETTER,Friend
13895,75,F_LETTER,fungus
13896,75,F_LETTER,fake
13897,75,F_LETTER,false
13898,75,F_LETTER,fun
13899,75,F_LETTER,fuck
13900,75,F_LETTER,friction
13901,75,F_LETTER,flower
13902,75,F_LETTER,fountain
13903,75,F_LETTER,finger
13904,75,F_LETTER,foot
13905,75,F_LETTER,food
13906,75,F_LETTER,falafel
13907,75,F_LETTER,ford
13908,75,F_LETTER,fraternity
13909,75,F_LETTER,frugal
13910,75,F_LETTER,friendship
13911,75,F_LETTER,fortune
13912,75,F_LETTER,fame
13913,75,F_LETTER,forget
13914,75,F_LETTER,forgetfulness
13915,76,F_LETTER,Fish
13916,76,F_LETTER,fire
13917,76,F_LETTER,face
13918,76,F_LETTER,fake
13919,76,F_LETTER,friend
13920,76,F_LETTER,fiend
13921,76,F_LETTER,force
13922,76,F_LETTER,fuck [participant wrote (sorry) next to this word]
13923,76,F_LETTER,foe
13924,76,F_LETTER,forest
13925,76,F_LETTER,fork
13926,76,F_LETTER,foot
13927,76,F_LETTER,food
13928,76,F_LETTER,fool
13929,76,F_LETTER,fun
13930,76,F_LETTER,fur
13931,76,F_LETTER,furnace
13932,76,F_LETTER,finger
13933,76,F_LETTER,fair
13934,76,F_LETTER,false
13935,76,F_LETTER,falcon
13936,76,F_LETTER,follow
13937,77,F_LETTER,Food
13938,77,F_LETTER,fruit
13939,77,F_LETTER,frank
13940,77,F_LETTER,foot
13941,77,F_LETTER,fudge
13942,77,F_LETTER,friends
13943,77,F_LETTER,fun
13944,77,F_LETTER,family
13945,77,F_LETTER,face
13946,77,F_LETTER,facial
13947,77,F_LETTER,fingers
13948,77,F_LETTER,finger
13949,77,F_LETTER,fan
13950,77,F_LETTER,feet
13951,77,F_LETTER,for
13952,77,F_LETTER,fork
13953,78,F_LETTER,Family
13954,78,F_LETTER,flask
13955,78,F_LETTER,favorite
13956,78,F_LETTER,force
13957,78,F_LETTER,face
13958,78,F_LETTER,four
13959,78,F_LETTER,flame
13960,78,F_LETTER,fame
13961,78,F_LETTER,famous
13962,78,F_LETTER,fake
13963,78,F_LETTER,flake
13964,78,F_LETTER,for
13965,78,F_LETTER,floor
13966,78,F_LETTER,fork
13967,78,F_LETTER,free
13968,78,F_LETTER,freedom
13969,78,F_LETTER,forensics
13970,78,F_LETTER,friendly
13971,78,F_LETTER,flee
13972,78,F_LETTER,form
13973,78,F_LETTER,formula
13974,78,F_LETTER,freak
13975,78,F_LETTER,fort
13976,78,F_LETTER,fortify
13977,79,F_LETTER,Fluency
13978,79,F_LETTER,fluent
13979,79,F_LETTER,father
13980,79,F_LETTER,frequency
13981,79,F_LETTER,foremost
13982,79,F_LETTER,forecast
13983,79,F_LETTER,fast
13984,79,F_LETTER,faster
13985,79,F_LETTER,far
13986,79,F_LETTER,farther
13987,79,F_LETTER,fugitive
13988,79,F_LETTER,fur
13989,79,F_LETTER,furry
13990,79,F_LETTER,fear
13991,79,F_LETTER,fearful
13992,79,F_LETTER,fearing
13993,79,F_LETTER,fasting
13994,79,F_LETTER,flow
13995,79,F_LETTER,flop
13996,79,F_LETTER,frame
13997,79,F_LETTER,framed
13998,79,F_LETTER,framing
13999,79,F_LETTER,fox
14000,79,F_LETTER,fuscia
14001,79,F_LETTER,fuzzy
14002,79,F_LETTER,foreign
14003,79,F_LETTER,foreigner
14004,79,F_LETTER,fuzz
14005,79,F_LETTER,foxes
14006,79,F_LETTER,foreigners
14007,79,F_LETTER,fright
14008,79,F_LETTER,fun
14009,79,F_LETTER,funny
14010,79,F_LETTER,famous
14011,79,F_LETTER,fame
14012,80,F_LETTER,Fly
14013,80,F_LETTER,fat
14014,80,F_LETTER,far
14015,80,F_LETTER,fleet
14016,80,F_LETTER,fast
14017,80,F_LETTER,favorite
14018,80,F_LETTER,few
14019,80,F_LETTER,force
14020,80,F_LETTER,fate
14021,80,F_LETTER,fake
14022,80,F_LETTER,ferret
14023,80,F_LETTER,fame
14024,80,F_LETTER,fumble
14025,80,F_LETTER,flood
14026,80,F_LETTER,forerunner
14027,80,F_LETTER,future
14028,80,F_LETTER,furious
14029,81,F_LETTER,Friends
14030,81,F_LETTER,fun
14031,81,F_LETTER,freeze
14032,81,F_LETTER,freezing
14033,81,F_LETTER,funny
14034,81,F_LETTER,further
14035,81,F_LETTER,furthermore
14036,81,F_LETTER,fickle
14037,81,F_LETTER,find
14038,81,F_LETTER,finding
14039,81,F_LETTER,findings
14040,81,F_LETTER,fling
14041,81,F_LETTER,flings
14042,81,F_LETTER,flee
14043,81,F_LETTER,fleeing
14044,81,F_LETTER,family
14045,81,F_LETTER,famished
14046,81,F_LETTER,famine
14047,81,F_LETTER,figure
14048,81,F_LETTER,figuration
14049,81,F_LETTER,figured
14050,81,F_LETTER,fly
14051,81,F_LETTER,flea
14052,81,F_LETTER,fear
14053,81,F_LETTER,feared
14054,81,F_LETTER,fears
14055,81,F_LETTER,fleece
14056,81,F_LETTER,feather
14057,81,F_LETTER,form
14058,81,F_LETTER,formed
14059,81,F_LETTER,football
14060,81,F_LETTER,face
14061,82,F_LETTER,Frog
14062,82,F_LETTER,flop
14063,82,F_LETTER,flip
14064,82,F_LETTER,fall
14065,82,F_LETTER,forge
14066,82,F_LETTER,follow
14067,82,F_LETTER,frank
14068,82,F_LETTER,fran
14069,82,F_LETTER,francias
14070,82,F_LETTER,freeze
14071,82,F_LETTER,froze
14072,82,F_LETTER,fierce
14073,82,F_LETTER,fog
14074,82,F_LETTER,fake
14075,82,F_LETTER,fig
14076,82,F_LETTER,foe
14077,82,F_LETTER,figure
14078,82,F_LETTER,few
14079,82,F_LETTER,fa
14080,82,F_LETTER,flies
14081,82,F_LETTER,fly
14082,82,F_LETTER,flavor
14083,82,F_LETTER,favorite
14084,82,F_LETTER,fate
14085,82,F_LETTER,faint
14086,82,F_LETTER,fill
14087,82,F_LETTER,fizz
14088,82,F_LETTER,faze
14089,83,F_LETTER,Fun
14090,83,F_LETTER,fast
14091,83,F_LETTER,fish
14092,83,F_LETTER,frank
14093,83,F_LETTER,felix
14094,83,F_LETTER,fudge
14095,83,F_LETTER,fox
14096,83,F_LETTER,ferrit
14097,83,F_LETTER,funny
14098,83,F_LETTER,fantastic
14099,83,F_LETTER,fresh
14100,83,F_LETTER,famous
14101,83,F_LETTER,fortune
14102,83,F_LETTER,faster
14103,83,F_LETTER,fenix fox
14104,83,F_LETTER,fastner
14105,84,F_LETTER,Fire
14106,84,F_LETTER,fish
14107,84,F_LETTER,friend
14108,84,F_LETTER,finance
14109,84,F_LETTER,family
14110,84,F_LETTER,free
14111,84,F_LETTER,failure
14112,84,F_LETTER,fix
14113,84,F_LETTER,firefighter
14114,84,F_LETTER,fight
14115,84,F_LETTER,fill
14116,84,F_LETTER,file
14117,84,F_LETTER,fiance
14118,84,F_LETTER,finally
14119,84,F_LETTER,finish
14120,84,F_LETTER,fort
14121,84,F_LETTER,final
14122,84,F_LETTER,fantasy
14123,84,F_LETTER,foot
14124,84,F_LETTER,feet
14125,84,F_LETTER,frail
14126,84,F_LETTER,famous
14127,85,F_LETTER,Friend
14128,85,F_LETTER,fun
14129,85,F_LETTER,funny
14130,85,F_LETTER,frankenstein
14131,85,F_LETTER,for
14132,85,F_LETTER,fort
14133,85,F_LETTER,fortnite
14134,85,F_LETTER,forever
14135,85,F_LETTER,fever
14136,85,F_LETTER,frank
14137,85,F_LETTER,fernando
14138,85,F_LETTER,folly
14139,85,F_LETTER,foley
14140,85,F_LETTER,fiend
14141,85,F_LETTER,flabbergasted
14142,85,F_LETTER,flabby
14143,85,F_LETTER,flab
14144,85,F_LETTER,fecies
14145,85,F_LETTER,faceious
14146,86,F_LETTER,Friend
14147,86,F_LETTER,frog
14148,86,F_LETTER,fred
14149,86,F_LETTER,fan
14150,86,F_LETTER,fan
14151,86,F_LETTER,fun
14152,86,F_LETTER,fetish
14153,86,F_LETTER,friendly
14154,86,F_LETTER,favorite
14155,86,F_LETTER,fluffy
14156,86,F_LETTER,funny
14157,86,F_LETTER,fantastic
14158,86,F_LETTER,football
14159,86,F_LETTER,flavor
14160,86,F_LETTER,free
14161,86,F_LETTER,freedom
14162,86,F_LETTER,fin
14163,86,F_LETTER,foot
14164,86,F_LETTER,frank
14165,86,F_LETTER,fellow
14166,86,F_LETTER,fish
14167,86,F_LETTER,fill
14168,87,F_LETTER,Family
14169,87,F_LETTER,friends
14170,87,F_LETTER,fries
14171,87,F_LETTER,french
14172,87,F_LETTER,fish
14173,87,F_LETTER,favorite
14174,87,F_LETTER,flavor
14175,87,F_LETTER,franchise
14176,87,F_LETTER,fumble
14177,87,F_LETTER,flannel
14178,87,F_LETTER,fruit
14179,87,F_LETTER,fax
14180,87,F_LETTER,facts
14181,87,F_LETTER,funny
14182,87,F_LETTER,fume
14183,87,F_LETTER,full
14184,87,F_LETTER,freak
14185,87,F_LETTER,finish
14186,87,F_LETTER,fiends
14187,87,F_LETTER,fun
14188,87,F_LETTER,fan
14189,87,F_LETTER,flan
14190,88,F_LETTER,Fun
14191,88,F_LETTER,fridge
14192,88,F_LETTER,frozen
14193,88,F_LETTER,frigid
14194,88,F_LETTER,fried
14195,88,F_LETTER,fuck
14196,88,F_LETTER,finger
14197,88,F_LETTER,final
14198,88,F_LETTER,four
14199,88,F_LETTER,feet
14200,88,F_LETTER,fail
14201,88,F_LETTER,fungus
14202,88,F_LETTER,fort
14203,88,F_LETTER,flip
14204,88,F_LETTER,faint
14205,88,F_LETTER,fog
14206,88,F_LETTER,fan
14207,88,F_LETTER,follow
14208,88,F_LETTER,for
14209,88,F_LETTER,freeze
14210,88,F_LETTER,fang
14211,88,F_LETTER,funk
14212,88,F_LETTER,far
14213,88,F_LETTER,feat
14214,88,F_LETTER,featuring
14215,89,F_LETTER,Friends
14216,89,F_LETTER,food
14217,89,F_LETTER,fairy
14218,89,F_LETTER,family
14219,89,F_LETTER,fun
14220,89,F_LETTER,funny
14221,89,F_LETTER,funky
14222,89,F_LETTER,fusion
14223,89,F_LETTER,fool
14224,89,F_LETTER,forever
14225,89,F_LETTER,freedom
14226,89,F_LETTER,freaky
14227,89,F_LETTER,friendly
14228,89,F_LETTER,fork
14229,89,F_LETTER,flick
14230,89,F_LETTER,fact
14231,89,F_LETTER,face
14232,89,F_LETTER,flower
14233,89,F_LETTER,fan
14234,89,F_LETTER,football
14235,90,F_LETTER,Faith
14236,90,F_LETTER,football
14237,90,F_LETTER,fall
14238,90,F_LETTER,frat
14239,90,F_LETTER,fart
14240,90,F_LETTER,farm
14241,90,F_LETTER,fake
14242,90,F_LETTER,fill
14243,90,F_LETTER,film
14244,90,F_LETTER,flat
14245,90,F_LETTER,ferrari
14246,90,F_LETTER,food
14247,90,F_LETTER,field
14248,90,F_LETTER,fun
14249,90,F_LETTER,fishing
14250,90,F_LETTER,fish
14251,90,F_LETTER,filet
14252,90,F_LETTER,frisbee
14253,90,F_LETTER,filas
14254,90,F_LETTER,french
14255,90,F_LETTER,france
14256,90,F_LETTER,felicity
14257,90,F_LETTER,fit
14258,90,F_LETTER,filmography
14259,91,F_LETTER,Fellowship
14260,91,F_LETTER,fallopian-tube
14261,91,F_LETTER,fibre
14262,91,F_LETTER,friends
14263,91,F_LETTER,fruits
14264,91,F_LETTER,fire
14265,91,F_LETTER,flies
14266,91,F_LETTER,funny
14267,91,F_LETTER,function
14268,91,F_LETTER,fusion
14269,91,F_LETTER,fission
14270,91,F_LETTER,fun
14271,91,F_LETTER,firm
14272,91,F_LETTER,firestick
14273,91,F_LETTER,fireball
14274,91,F_LETTER,flower
14275,91,F_LETTER,fan
14276,91,F_LETTER,fade
14277,91,F_LETTER,freak
14278,91,F_LETTER,fruitfulness
14279,91,F_LETTER,full
14280,91,F_LETTER,fool
14281,91,F_LETTER,fish
14282,92,F_LETTER,Flower
14283,92,F_LETTER,flour
14284,92,F_LETTER,frame
14285,92,F_LETTER,friend
14286,92,F_LETTER,fiend
14287,92,F_LETTER,fire
14288,92,F_LETTER,frienemy
14289,92,F_LETTER,fiesty
14290,92,F_LETTER,frown
14291,92,F_LETTER,fell
14292,92,F_LETTER,fall
14293,92,F_LETTER,fallen
14294,92,F_LETTER,face
14295,92,F_LETTER,fame
14296,92,F_LETTER,fourtune
14297,92,F_LETTER,faint
14298,92,F_LETTER,feast
14299,92,F_LETTER,fry
14300,92,F_LETTER,fried
14301,92,F_LETTER,food
14302,92,F_LETTER,foot
14303,92,F_LETTER,feet
14304,92,F_LETTER,freckle
14305,92,F_LETTER,fan
14306,92,F_LETTER,fat
14307,92,F_LETTER,fun
14308,92,F_LETTER,france
14309,93,F_LETTER,Fall
14310,93,F_LETTER,for
14311,93,F_LETTER,four
14312,93,F_LETTER,forest
14313,93,F_LETTER,friend
14314,93,F_LETTER,fried
14315,93,F_LETTER,friday
14316,93,F_LETTER,format
14317,93,F_LETTER,falling
14318,93,F_LETTER,follow
14319,93,F_LETTER,following
14320,93,F_LETTER,fire
14321,93,F_LETTER,frisk
14322,93,F_LETTER,fond
14323,93,F_LETTER,find
14324,93,F_LETTER,finding
14325,93,F_LETTER,fund
14326,93,F_LETTER,funding
14327,93,F_LETTER,funded
14328,93,F_LETTER,found
14329,93,F_LETTER,founded
14330,93,F_LETTER,firm
14331,93,F_LETTER,fries
14332,93,F_LETTER,fry
14333,93,F_LETTER,fred
14334,93,F_LETTER,fan
14335,93,F_LETTER,fanning
14336,94,F_LETTER,Forward
14337,94,F_LETTER,for
14338,94,F_LETTER,fun
14339,94,F_LETTER,fan
14340,94,F_LETTER,few
14341,94,F_LETTER,far
14342,94,F_LETTER,forth
14343,94,F_LETTER,frankly
14344,94,F_LETTER,forgive
14345,94,F_LETTER,forgiveness
14346,94,F_LETTER,fry
14347,94,F_LETTER,frier
14348,94,F_LETTER,fries
14349,94,F_LETTER,fried
14350,94,F_LETTER,friends
14351,94,F_LETTER,friendly
14352,94,F_LETTER,franklin
14353,94,F_LETTER,frank
14354,94,F_LETTER,flip
14355,94,F_LETTER,fen
14356,94,F_LETTER,fade
14357,94,F_LETTER,forever
14358,94,F_LETTER,fence
14359,95,F_LETTER,Fish
14360,95,F_LETTER,fruit
14361,95,F_LETTER,funghi
14362,95,F_LETTER,fly
14363,95,F_LETTER,fight
14364,95,F_LETTER,flight
14365,95,F_LETTER,four
14366,95,F_LETTER,for
14367,95,F_LETTER,from
14368,95,F_LETTER,fear
14369,95,F_LETTER,feelings
14370,95,F_LETTER,find
14371,95,F_LETTER,fox
14372,95,F_LETTER,film
14373,95,F_LETTER,frost
14374,95,F_LETTER,fairy
14375,95,F_LETTER,foot
14376,96,F_LETTER,Fact
14377,96,F_LETTER,facts
14378,96,F_LETTER,fruit
14379,96,F_LETTER,fruits
14380,96,F_LETTER,false
14381,96,F_LETTER,freak
14382,96,F_LETTER,flop
14383,96,F_LETTER,free
14384,96,F_LETTER,freedom
14385,96,F_LETTER,fraction
14386,96,F_LETTER,frappucino
14387,96,F_LETTER,flee
14388,96,F_LETTER,fled
14389,96,F_LETTER,flung
14390,96,F_LETTER,fly
14391,96,F_LETTER,fee
14392,96,F_LETTER,front
14393,96,F_LETTER,feeling
14394,96,F_LETTER,feelings
14395,96,F_LETTER,financial
14396,96,F_LETTER,factor
14397,96,F_LETTER,factors
14398,96,F_LETTER,fantasy
14399,96,F_LETTER,fantastic
14400,96,F_LETTER,fake
14401,96,F_LETTER,fuck
14402,96,F_LETTER,felt
14403,96,F_LETTER,flopped
14404,97,F_LETTER,Frame
14405,97,F_LETTER,frequency
14406,97,F_LETTER,frequent
14407,97,F_LETTER,funny
14408,97,F_LETTER,furniture
14409,97,F_LETTER,football
14410,97,F_LETTER,foot
14411,97,F_LETTER,fantastic
14412,97,F_LETTER,full
14413,97,F_LETTER,form
14414,97,F_LETTER,format
14415,97,F_LETTER,flyer
14416,97,F_LETTER,fluent
14417,97,F_LETTER,fun
14418,97,F_LETTER,fluency
14419,98,F_LETTER,Fox
14420,98,F_LETTER,fax
14421,98,F_LETTER,fast
14422,98,F_LETTER,fastest
14423,98,F_LETTER,faster
14424,98,F_LETTER,foster
14425,98,F_LETTER,front
14426,98,F_LETTER,frontal
14427,98,F_LETTER,flip
14428,98,F_LETTER,flipped
14429,98,F_LETTER,funny
14430,98,F_LETTER,femur
14431,98,F_LETTER,fingers
14432,98,F_LETTER,first
14433,98,F_LETTER,frat
14434,98,F_LETTER,fraternity
14435,98,F_LETTER,fragile
14436,98,F_LETTER,fragility
14437,98,F_LETTER,file
14438,98,F_LETTER,files
14439,98,F_LETTER,filer
14440,98,F_LETTER,filler
14441,98,F_LETTER,fondue
14442,98,F_LETTER,farah
14443,98,F_LETTER,fred
14444,98,F_LETTER,freddy
14445,98,F_LETTER,fantasia
14446,98,F_LETTER,fiber
14447,98,F_LETTER,fun
14448,98,F_LETTER,fantastic
14449,98,F_LETTER,friend
14450,98,F_LETTER,friends
14451,98,F_LETTER,friendship
14452,99,F_LETTER,Fruits
14453,99,F_LETTER,family
14454,99,F_LETTER,fart
14455,99,F_LETTER,father
14456,99,F_LETTER,fun
14457,99,F_LETTER,far
14458,99,F_LETTER,farther
14459,99,F_LETTER,facts
14460,99,F_LETTER,for
14461,99,F_LETTER,forbidden
14462,99,F_LETTER,fast
14463,99,F_LETTER,faster
14464,99,F_LETTER,fastest
14465,99,F_LETTER,Fiona
14466,99,F_LETTER,fat
14467,99,F_LETTER,feather
14468,99,F_LETTER,forever
14469,99,F_LETTER,fire
14470,99,F_LETTER,fair
14471,99,F_LETTER,fan
14472,99,F_LETTER,faint
14473,99,F_LETTER,fin
14474,99,F_LETTER,friendly
14475,99,F_LETTER,friend
14476,99,F_LETTER,fatter
14477,99,F_LETTER,few
14478,100,F_LETTER,Forget
14479,100,F_LETTER,forgot
14480,100,F_LETTER,frost
14481,100,F_LETTER,fukujin
14482,100,F_LETTER,fantasy
14483,100,F_LETTER,flail
14484,100,F_LETTER,fair
14485,100,F_LETTER,far
14486,100,F_LETTER,full
14487,100,F_LETTER,fallay
14488,100,F_LETTER,fist
14489,100,F_LETTER,frollic
14490,100,F_LETTER,fight
14491,100,F_LETTER,first
14492,100,F_LETTER,fright
14493,100,F_LETTER,fin
14494,100,F_LETTER,finally
14495,100,F_LETTER,fantastic
14496,100,F_LETTER,fur
14497,100,F_LETTER,for
14498,100,F_LETTER,feet
14499,100,F_LETTER,fat
14500,101,F_LETTER,Fun
14501,101,F_LETTER,festival
14502,101,F_LETTER,funny
14503,101,F_LETTER,fair
14504,101,F_LETTER,feast
14505,101,F_LETTER,fluster
14506,101,F_LETTER,fare
14507,101,F_LETTER,freak
14508,101,F_LETTER,fine
14509,101,F_LETTER,first
14510,101,F_LETTER,flake
14511,101,F_LETTER,French
14512,101,F_LETTER,fight
14513,101,F_LETTER,flight
14514,101,F_LETTER,fright
14515,101,F_LETTER,fist
14516,102,F_LETTER,Foot
14517,102,F_LETTER,fried
14518,102,F_LETTER,fun
14519,102,F_LETTER,fantastic
14520,102,F_LETTER,fabulous
14521,102,F_LETTER,frantic
14522,102,F_LETTER,fair
14523,102,F_LETTER,fake
14524,102,F_LETTER,fly
14525,102,F_LETTER,far
14526,102,F_LETTER,flat
14527,102,F_LETTER,full
14528,102,F_LETTER,fill
14529,102,F_LETTER,flow
14530,102,F_LETTER,flood
14531,102,F_LETTER,favor
14532,102,F_LETTER,factor
14533,102,F_LETTER,factory
14534,102,F_LETTER,favorable
14535,102,F_LETTER,forbidden
14536,102,F_LETTER,further
14537,102,F_LETTER,for
14538,102,F_LETTER,fear
14539,103,F_LETTER,First
14540,103,F_LETTER,fist
14541,103,F_LETTER,fifth
14542,103,F_LETTER,fish
14543,103,F_LETTER,fight
14544,103,F_LETTER,fought
14545,103,F_LETTER,fire
14546,103,F_LETTER,film
14547,103,F_LETTER,frame
14548,103,F_LETTER,framework
14549,103,F_LETTER,flop
14550,103,F_LETTER,flounder
14551,103,F_LETTER,founder
14552,103,F_LETTER,found
14553,103,F_LETTER,fourty
14554,103,F_LETTER,fifty
14555,103,F_LETTER,filthy
14556,103,F_LETTER,filth
14557,103,F_LETTER,flip
14558,103,F_LETTER,float
14559,103,F_LETTER,floater
14560,103,F_LETTER,feet
14561,103,F_LETTER,foot
14562,103,F_LETTER,fort
14563,103,F_LETTER,fountain
14564,103,F_LETTER,flush
14565,104,F_LETTER,Flower
14566,104,F_LETTER,flow
14567,104,F_LETTER,favorite
14568,104,F_LETTER,five
14569,104,F_LETTER,foreshadow
14570,104,F_LETTER,finger
14571,104,F_LETTER,fragrent
14572,104,F_LETTER,fourteen
14573,104,F_LETTER,four
14574,104,F_LETTER,flame
14575,104,F_LETTER,flake
14576,104,F_LETTER,flabergasted
14577,104,F_LETTER,fall
14578,104,F_LETTER,fallen
14579,104,F_LETTER,fell
14580,104,F_LETTER,forgo
14581,104,F_LETTER,flick
14582,104,F_LETTER,family
14583,104,F_LETTER,flag
14584,104,F_LETTER,far
14585,104,F_LETTER,for
14586,105,F_LETTER,Farm
14587,105,F_LETTER,far
14588,105,F_LETTER,frog
14589,105,F_LETTER,fan
14590,105,F_LETTER,from
14591,105,F_LETTER,form
14592,105,F_LETTER,forget
14593,105,F_LETTER,forgive
14594,105,F_LETTER,favor
14595,105,F_LETTER,flavor
14596,105,F_LETTER,finger
14597,105,F_LETTER,fine
14598,105,F_LETTER,friend
14599,105,F_LETTER,fortune
14600,105,F_LETTER,find
14601,105,F_LETTER,folk
14602,105,F_LETTER,folks
14603,105,F_LETTER,friends
14604,105,F_LETTER,farms
14605,105,F_LETTER,fried
14606,105,F_LETTER,french
14607,105,F_LETTER,food
14608,105,F_LETTER,fib
14609,106,F_LETTER,Flamingo
14610,106,F_LETTER,fact
14611,106,F_LETTER,fun
14612,106,F_LETTER,from
14613,106,F_LETTER,far
14614,106,F_LETTER,fart
14615,106,F_LETTER,fudge
14616,106,F_LETTER,fuck
14617,106,F_LETTER,farm
14618,106,F_LETTER,family
14619,106,F_LETTER,fam
14620,106,F_LETTER,fan
14621,106,F_LETTER,fenway
14622,106,F_LETTER,fertitious
14623,106,F_LETTER,fang
14624,106,F_LETTER,fizz
14625,106,F_LETTER,fizzy
14626,106,F_LETTER,flurries
14627,107,F_LETTER,Face
14628,107,F_LETTER,front
14629,107,F_LETTER,fruit
14630,107,F_LETTER,facade
14631,107,F_LETTER,fake
14632,107,F_LETTER,facilitate
14633,107,F_LETTER,for
14634,107,F_LETTER,from
14635,107,F_LETTER,furniture
14636,107,F_LETTER,forehead
14637,107,F_LETTER,fortune
14638,107,F_LETTER,film
14639,107,F_LETTER,festival
14640,107,F_LETTER,feel
14641,107,F_LETTER,feelings
14642,107,F_LETTER,fast
14643,107,F_LETTER,fear
14644,108,F_LETTER,Fast
14645,108,F_LETTER,furious
14646,108,F_LETTER,frog
14647,108,F_LETTER,fat
14648,108,F_LETTER,fatal
14649,108,F_LETTER,ferocious
14650,108,F_LETTER,fatigue
14651,108,F_LETTER,filthy
14652,108,F_LETTER,fancy
14653,108,F_LETTER,fantasy
14654,108,F_LETTER,figure
14655,108,F_LETTER,fail
14656,108,F_LETTER,failure
14657,108,F_LETTER,failed
14658,108,F_LETTER,fatal
14659,108,F_LETTER,fog
14660,108,F_LETTER,foggy
14661,108,F_LETTER,flip
14662,108,F_LETTER,flipped
14663,108,F_LETTER,for
14664,108,F_LETTER,forearm
14665,108,F_LETTER,fit
14666,108,F_LETTER,foul
14667,108,F_LETTER,fouled
14668,109,F_LETTER,Fun
14669,109,F_LETTER,friend
14670,109,F_LETTER,family
14671,109,F_LETTER,forever
14672,109,F_LETTER,fair
14673,109,F_LETTER,fanfare
14674,109,F_LETTER,fare
14675,109,F_LETTER,free
14676,109,F_LETTER,freestyle
14677,109,F_LETTER,frick
14678,109,F_LETTER,frizzle
14679,109,F_LETTER,for
14680,109,F_LETTER,fan
14681,109,F_LETTER,fans
14682,109,F_LETTER,four
14683,109,F_LETTER,fore
14684,109,F_LETTER,fanatic
14685,109,F_LETTER,fanatical
14686,109,F_LETTER,fraternity
14687,109,F_LETTER,fraternization
14688,109,F_LETTER,fiend
14689,109,F_LETTER,familiar
14690,109,F_LETTER,familiarity
14691,109,F_LETTER,foul
14692,109,F_LETTER,flak
14693,109,F_LETTER,filibuster
14694,110,F_LETTER,For
14695,110,F_LETTER,fable
14696,110,F_LETTER,forage
14697,110,F_LETTER,fat
14698,110,F_LETTER,far
14699,110,F_LETTER,faith
14700,110,F_LETTER,face
14701,110,F_LETTER,fact
14702,110,F_LETTER,false
14703,110,F_LETTER,foliage
14704,110,F_LETTER,food
14705,110,F_LETTER,fruit
14706,110,F_LETTER,Ford
14707,110,F_LETTER,fall
14708,110,F_LETTER,fell
14709,110,F_LETTER,fail
14710,110,F_LETTER,fennel
14711,110,F_LETTER,funnel
14712,110,F_LETTER,force
14713,110,F_LETTER,fan
14714,110,F_LETTER,forget
14715,110,F_LETTER,forgotten
14716,110,F_LETTER,fattest
14717,110,F_LETTER,farthest
14718,110,F_LETTER,faithfullness
14719,111,F_LETTER,First
14720,111,F_LETTER,family
14721,111,F_LETTER,friends
14722,111,F_LETTER,food
14723,111,F_LETTER,frenzy
14724,111,F_LETTER,fancy
14725,111,F_LETTER,fashion
14726,111,F_LETTER,facebook
14727,111,F_LETTER,funky
14728,111,F_LETTER,female
14729,111,F_LETTER,fruits
14730,111,F_LETTER,fling
14731,111,F_LETTER,fun
14732,111,F_LETTER,frown
14733,111,F_LETTER,fake
14734,111,F_LETTER,false
14735,111,F_LETTER,falcon
14736,111,F_LETTER,fence
14737,111,F_LETTER,fall
14738,111,F_LETTER,flee
14739,111,F_LETTER,flea
14740,111,F_LETTER,flu
14741,111,F_LETTER,flute
14742,111,F_LETTER,flamingo
14743,111,F_LETTER,fraction
14744,111,F_LETTER,frame
14745,111,F_LETTER,flag
14746,111,F_LETTER,flake
14747,111,F_LETTER,feet
14748,112,F_LETTER,Friend
14749,112,F_LETTER,foe
14750,112,F_LETTER,fight
14751,112,F_LETTER,fought
14752,112,F_LETTER,fin
14753,112,F_LETTER,fat
14754,112,F_LETTER,fur
14755,112,F_LETTER,feet
14756,112,F_LETTER,feminine
14757,112,F_LETTER,fuck
14758,112,F_LETTER,far
14759,112,F_LETTER,fact
14760,112,F_LETTER,false
14761,112,F_LETTER,feckless
14762,112,F_LETTER,factoid
14763,112,F_LETTER,funny
14764,112,F_LETTER,fenway
14765,113,F_LETTER,Friend
14766,113,F_LETTER,fort
14767,113,F_LETTER,fork
14768,113,F_LETTER,fidget
14769,113,F_LETTER,finger
14770,113,F_LETTER,food
14771,113,F_LETTER,fuck
14772,113,F_LETTER,foreign
14773,113,F_LETTER,frightened
14774,113,F_LETTER,forklift
14775,113,F_LETTER,forreal
14776,113,F_LETTER,fantasy
14777,113,F_LETTER,fantastic
14778,113,F_LETTER,flabbergastic
14779,113,F_LETTER,fugly
14780,113,F_LETTER,fear
14781,113,F_LETTER,fearful
14782,113,F_LETTER,fight
14783,113,F_LETTER,fighters
14784,113,F_LETTER,fredo
14785,114,F_LETTER,Food
14786,114,F_LETTER,frog
14787,114,F_LETTER,five
14788,114,F_LETTER,four
14789,114,F_LETTER,funny
14790,114,F_LETTER,fork
14791,114,F_LETTER,full
14792,114,F_LETTER,fast
14793,114,F_LETTER,furious
14794,114,F_LETTER,fake
14795,114,F_LETTER,force
14796,114,F_LETTER,fine
14797,114,F_LETTER,find
14798,114,F_LETTER,fit
14799,114,F_LETTER,fittness
14800,114,F_LETTER,forest
14801,114,F_LETTER,fish
14802,114,F_LETTER,fool
14803,114,F_LETTER,frank
14804,114,F_LETTER,favorite
14805,114,F_LETTER,fusion
14806,114,F_LETTER,fate
14807,114,F_LETTER,face
14808,115,F_LETTER,Fairy
14809,115,F_LETTER,food
14810,115,F_LETTER,flight
14811,115,F_LETTER,friend
14812,115,F_LETTER,forever
14813,115,F_LETTER,forger
14814,115,F_LETTER,farm
14815,115,F_LETTER,family
14816,115,F_LETTER,fate
14817,115,F_LETTER,final
14818,115,F_LETTER,form
14819,115,F_LETTER,fox
14820,115,F_LETTER,fart
14821,115,F_LETTER,fascinating
14822,115,F_LETTER,fantastic
14823,115,F_LETTER,fallure
14824,115,F_LETTER,fact
14825,115,F_LETTER,from
14826,115,F_LETTER,finally
14827,116,F_LETTER,Frozen
14828,116,F_LETTER,frenzy
14829,116,F_LETTER,fun
14830,116,F_LETTER,fat
14831,116,F_LETTER,fate
14832,116,F_LETTER,fit
14833,116,F_LETTER,fight
14834,116,F_LETTER,fall
14835,116,F_LETTER,finger
14836,116,F_LETTER,fantastic
14837,116,F_LETTER,fabulous
14838,116,F_LETTER,February
14839,116,F_LETTER,femur
14840,116,F_LETTER,fart
14841,116,F_LETTER,fumble
14842,116,F_LETTER,for
14843,116,F_LETTER,from
14844,116,F_LETTER,fame
14845,116,F_LETTER,famous
14846,116,F_LETTER,friend
14847,116,F_LETTER,family
14848,116,F_LETTER,flamingo
14849,116,F_LETTER,fox
14850,117,F_LETTER,Fire
14851,117,F_LETTER,fun
14852,117,F_LETTER,funny
14853,117,F_LETTER,fluorescent
14854,117,F_LETTER,fluent
14855,117,F_LETTER,function
14856,117,F_LETTER,fart
14857,117,F_LETTER,foot
14858,117,F_LETTER,feet
14859,117,F_LETTER,figure
14860,117,F_LETTER,fight
14861,117,F_LETTER,fist
14862,117,F_LETTER,fiction
14863,117,F_LETTER,funk
14864,117,F_LETTER,flip
14865,117,F_LETTER,flop
14866,117,F_LETTER,fresh
14867,117,F_LETTER,febreze
14868,117,F_LETTER,fly
14869,117,F_LETTER,flee
14870,117,F_LETTER,flew
14871,117,F_LETTER,for
14872,117,F_LETTER,food
14873,117,F_LETTER,finger
14874,117,F_LETTER,fingernail
14875,117,F_LETTER,file
14876,117,F_LETTER,foil
14877,117,F_LETTER,fable
14878,117,F_LETTER,fit
14879,118,F_LETTER,Fish
14880,118,F_LETTER,flabotomy
14881,118,F_LETTER,flounder
14882,118,F_LETTER,Facebook
14883,118,F_LETTER,fluke
14884,118,F_LETTER,friends
14885,118,F_LETTER,fries
14886,118,F_LETTER,freak
14887,118,F_LETTER,frindge
14888,118,F_LETTER,fork
14889,118,F_LETTER,fist
14890,118,F_LETTER,first
14891,118,F_LETTER,fine
14892,118,F_LETTER,find
14893,118,F_LETTER,fin
14894,118,F_LETTER,fleek
14895,118,F_LETTER,fake
14896,118,F_LETTER,flake
14897,118,F_LETTER,fender
14898,118,F_LETTER,French
14899,118,F_LETTER,fall
14900,118,F_LETTER,fell
14901,118,F_LETTER,fly
14902,118,F_LETTER,float
14903,118,F_LETTER,freeze
14904,118,F_LETTER,fold
14905,118,F_LETTER,five
14906,118,F_LETTER,friendship
14907,118,F_LETTER,focal
14908,119,F_LETTER,Fall
14909,119,F_LETTER,fun
14910,119,F_LETTER,face
14911,119,F_LETTER,fan
14912,119,F_LETTER,furry
14913,119,F_LETTER,fume
14914,119,F_LETTER,friend
14915,119,F_LETTER,family
14916,119,F_LETTER,faucet
14917,119,F_LETTER,fragile
14918,119,F_LETTER,fragrent
14919,119,F_LETTER,feminie [best guess - hard to read]
14920,119,F_LETTER,fellow
14921,119,F_LETTER,for
14922,119,F_LETTER,front
14923,119,F_LETTER,furnace
14924,119,F_LETTER,farm
14925,119,F_LETTER,famine
14926,119,F_LETTER,frollick
14927,120,F_LETTER,Food
14928,120,F_LETTER,finally
14929,120,F_LETTER,first
14930,120,F_LETTER,friday
14931,120,F_LETTER,fast
14932,120,F_LETTER,fuck
14933,120,F_LETTER,fist
14934,120,F_LETTER,free
14935,120,F_LETTER,for
14936,120,F_LETTER,four
14937,120,F_LETTER,fin
14938,120,F_LETTER,fish
14939,120,F_LETTER,fingers
14940,120,F_LETTER,fried
14941,120,F_LETTER,fresh
14942,120,F_LETTER,flat
14943,120,F_LETTER,ford
14944,120,F_LETTER,focus
14945,120,F_LETTER,fringe
14946,121,F_LETTER,Fluid
14947,121,F_LETTER,flowers
14948,121,F_LETTER,flours
14949,121,F_LETTER,flour
14950,121,F_LETTER,fraud
14951,121,F_LETTER,free
14952,121,F_LETTER,flaw
14953,121,F_LETTER,flawless
14954,121,F_LETTER,friend
14955,121,F_LETTER,family
14956,121,F_LETTER,fred
14957,121,F_LETTER,fredrick
14958,121,F_LETTER,francis
14959,121,F_LETTER,french
14960,121,F_LETTER,fancy
14961,121,F_LETTER,freed
14962,121,F_LETTER,from
14963,121,F_LETTER,for
14964,121,F_LETTER,fame
14965,121,F_LETTER,famous
14966,121,F_LETTER,fabulous
14967,121,F_LETTER,feel
14968,121,F_LETTER,flew
14969,121,F_LETTER,fly
14970,122,F_LETTER,Family
14971,122,F_LETTER,fame
14972,122,F_LETTER,fabulous
14973,122,F_LETTER,famous
14974,122,F_LETTER,famish
14975,122,F_LETTER,fall
14976,122,F_LETTER,fear
14977,122,F_LETTER,fought
14978,122,F_LETTER,fight
14979,122,F_LETTER,fill
14980,122,F_LETTER,feel
14981,122,F_LETTER,fit
14982,122,F_LETTER,fan
14983,122,F_LETTER,fat
14984,122,F_LETTER,flower
14985,122,F_LETTER,fish
14986,122,F_LETTER,far
14987,122,F_LETTER,fake
14988,122,F_LETTER,fine
14989,122,F_LETTER,fell
14990,122,F_LETTER,flight
14991,122,F_LETTER,fail
14992,122,F_LETTER,feud
14993,122,F_LETTER,fuel
14994,123,F_LETTER,Far
14995,123,F_LETTER,fat
14996,123,F_LETTER,fuck
14997,123,F_LETTER,finished
14998,123,F_LETTER,futher
14999,123,F_LETTER,for
15000,123,F_LETTER,facisnated
15001,123,F_LETTER,featured
15002,123,F_LETTER,from
15003,123,F_LETTER,futhermor
15004,123,F_LETTER,father
15005,123,F_LETTER,faux
15006,123,F_LETTER,feet
15007,123,F_LETTER,fraternity
15008,123,F_LETTER,freak
15009,123,F_LETTER,fine
15010,123,F_LETTER,fall
15011,123,F_LETTER,fallen
15012,123,F_LETTER,female
15013,123,F_LETTER,fungus
15014,123,F_LETTER,feasting
15015,123,F_LETTER,festival
15016,124,F_LETTER,Finger
15017,124,F_LETTER,foot
15018,124,F_LETTER,fear
15019,124,F_LETTER,face
15020,124,F_LETTER,fast
15021,124,F_LETTER,facts
15022,124,F_LETTER,fair
15023,124,F_LETTER,frozen
15024,124,F_LETTER,freeze
15025,124,F_LETTER,friction
15026,124,F_LETTER,factor
15027,124,F_LETTER,factory
15028,124,F_LETTER,fill
15029,124,F_LETTER,farm
15030,124,F_LETTER,fib
15031,124,F_LETTER,fit
15032,124,F_LETTER,firm
15033,124,F_LETTER,fable
15034,124,F_LETTER,fiction
15035,124,F_LETTER,front
15036,124,F_LETTER,fraction
15037,124,F_LETTER,fairy
15038,124,F_LETTER,friend
15039,124,F_LETTER,fraternity
15040,124,F_LETTER,figure
15041,124,F_LETTER,fountain
15042,124,F_LETTER,fall
15043,125,F_LETTER,For
15044,125,F_LETTER,foremost
15045,125,F_LETTER,frequent
15046,125,F_LETTER,frequently
15047,125,F_LETTER,forget
15048,125,F_LETTER,forgotten
15049,125,F_LETTER,forgetful
15050,125,F_LETTER,fond
15051,125,F_LETTER,fondness
15052,125,F_LETTER,fine
15053,125,F_LETTER,fear
15054,125,F_LETTER,forgive
15055,125,F_LETTER,forgiveness
15056,125,F_LETTER,forebearance
15057,125,F_LETTER,forfeit
15058,125,F_LETTER,fugitive
15059,125,F_LETTER,fast
15060,125,F_LETTER,frank
15061,125,F_LETTER,fall
15062,125,F_LETTER,fell
15063,125,F_LETTER,feel
15064,125,F_LETTER,feelings
15065,125,F_LETTER,fate
15066,125,F_LETTER,from
15067,125,F_LETTER,foritude
15068,125,F_LETTER,fugitive
15069,126,F_LETTER,Frog
15070,126,F_LETTER,found
15071,126,F_LETTER,fake
15072,126,F_LETTER,fiction
15073,126,F_LETTER,fraud
15074,126,F_LETTER,find
15075,126,F_LETTER,flower
15076,126,F_LETTER,fraction
15077,126,F_LETTER,fawn
15078,126,F_LETTER,fence
15079,126,F_LETTER,fundamental
15080,126,F_LETTER,freckle
15081,127,F_LETTER,For
15082,127,F_LETTER,frog
15083,127,F_LETTER,forget
15084,127,F_LETTER,feel
15085,127,F_LETTER,feelings
15086,127,F_LETTER,fruteful
15087,127,F_LETTER,free
15088,127,F_LETTER,freedom
15089,127,F_LETTER,freed
15090,127,F_LETTER,fright
15091,127,F_LETTER,frightened
15092,127,F_LETTER,fridge
15093,127,F_LETTER,freezing
15094,128,F_LETTER,Fun
15095,128,F_LETTER,flight
15096,128,F_LETTER,fluent
15097,128,F_LETTER,fix
15098,128,F_LETTER,fought
15099,128,F_LETTER,fight
15100,128,F_LETTER,fin
15101,128,F_LETTER,fit
15102,128,F_LETTER,funny
15103,128,F_LETTER,fitting
15104,128,F_LETTER,fighting
15105,128,F_LETTER,fixing
15106,128,F_LETTER,fax
15107,128,F_LETTER,faxing
15108,128,F_LETTER,fact
15109,128,F_LETTER,facts
15110,128,F_LETTER,fights
15111,128,F_LETTER,fox
15112,128,F_LETTER,fan
15113,128,F_LETTER,fans
15114,128,F_LETTER,fanning
15115,129,F_LETTER,Frost
15116,129,F_LETTER,fine
15117,129,F_LETTER,flowers
15118,129,F_LETTER,fort
15119,129,F_LETTER,fine
15120,129,F_LETTER,fair
15121,129,F_LETTER,fail
15122,129,F_LETTER,flame
15123,129,F_LETTER,flamboyant
15124,129,F_LETTER,for
15125,129,F_LETTER,funny
15126,129,F_LETTER,fantastic
15127,129,F_LETTER,fun
15128,129,F_LETTER,foyer
15129,129,F_LETTER,fireplace
15130,130,F_LETTER,Fact
15131,130,F_LETTER,fix
15132,130,F_LETTER,finish
15133,130,F_LETTER,fish
15134,130,F_LETTER,fries
15135,130,F_LETTER,fairy
15136,130,F_LETTER,fan
15137,130,F_LETTER,fake
15138,130,F_LETTER,friend
15139,130,F_LETTER,fiction
15140,130,F_LETTER,full
15141,130,F_LETTER,fat
15142,130,F_LETTER,frog
15143,130,F_LETTER,first
15144,130,F_LETTER,fight
15145,130,F_LETTER,flare
15146,130,F_LETTER,fire
15147,130,F_LETTER,finger
15148,130,F_LETTER,fandago
15149,130,F_LETTER,fist
15150,130,F_LETTER,frisk
15151,130,F_LETTER,frisky
15152,130,F_LETTER,fighter
15153,130,F_LETTER,fighting
15154,131,F_LETTER,Food
15155,131,F_LETTER,friends
15156,131,F_LETTER,family
15157,131,F_LETTER,fun
15158,131,F_LETTER,funny
15159,131,F_LETTER,forever
15160,131,F_LETTER,function
15161,131,F_LETTER,fake
15162,131,F_LETTER,frozen
15163,131,F_LETTER,freeze
15164,131,F_LETTER,friendship
15165,131,F_LETTER,fort
15166,131,F_LETTER,fork
15167,131,F_LETTER,fame
15168,131,F_LETTER,fortune
15169,131,F_LETTER,frisbe
15170,131,F_LETTER,fight
15171,131,F_LETTER,flight
15172,131,F_LETTER,fly
15173,131,F_LETTER,finger
15174,132,F_LETTER,Flight
15175,132,F_LETTER,frog
15176,132,F_LETTER,fabulous
15177,132,F_LETTER,fish
15178,132,F_LETTER,fountain
15179,132,F_LETTER,fever
15180,132,F_LETTER,fruit
15181,132,F_LETTER,freak
15182,132,F_LETTER,fuck
15183,132,F_LETTER,fun
15184,132,F_LETTER,fall
15185,132,F_LETTER,frank
15186,132,F_LETTER,fly
15187,132,F_LETTER,formal
15188,132,F_LETTER,fist
15189,132,F_LETTER,first
15190,132,F_LETTER,fell
15191,132,F_LETTER,flame
15192,132,F_LETTER,fire
15193,132,F_LETTER,fact
15194,132,F_LETTER,fiction
15195,132,F_LETTER,fresh
15196,132,F_LETTER,fresh
15197,132,F_LETTER,flesh
15198,133,F_LETTER,For
15199,133,F_LETTER,from
15200,133,F_LETTER,family
15201,133,F_LETTER,friends
15202,133,F_LETTER,fry
15203,133,F_LETTER,fries
15204,133,F_LETTER,france
15205,133,F_LETTER,food
15206,133,F_LETTER,fur
15207,133,F_LETTER,flood
15208,133,F_LETTER,furry
15209,133,F_LETTER,furball
15210,133,F_LETTER,friendly
15211,133,F_LETTER,fair
15212,133,F_LETTER,fairly
15213,133,F_LETTER,fare
15214,133,F_LETTER,fried
15215,133,F_LETTER,forseen
15216,133,F_LETTER,frog
15217,133,F_LETTER,farmer
15218,133,F_LETTER,farm
15219,134,F_LETTER,Fire
15220,134,F_LETTER,ferocious
15221,134,F_LETTER,fred
15222,134,F_LETTER,fredirich
15223,134,F_LETTER,fine
15224,134,F_LETTER,find
15225,134,F_LETTER,fish
15226,134,F_LETTER,ford
15227,134,F_LETTER,forge
15228,134,F_LETTER,fear
15229,134,F_LETTER,fired
15230,134,F_LETTER,finding
15231,134,F_LETTER,finger
15232,134,F_LETTER,finish
15233,135,F_LETTER,Frog
15234,135,F_LETTER,fair
15235,135,F_LETTER,forget
15236,135,F_LETTER,forgot
15237,135,F_LETTER,frozen
15238,135,F_LETTER,fuck
15239,135,F_LETTER,flip
15240,135,F_LETTER,flop
15241,135,F_LETTER,fiddle
15242,135,F_LETTER,fact
15243,135,F_LETTER,fiancee
15244,135,F_LETTER,fiance
15245,135,F_LETTER,finances
15246,135,F_LETTER,financial
15247,135,F_LETTER,food
15248,135,F_LETTER,four
15249,135,F_LETTER,fice
15250,135,F_LETTER,fifteen
15251,135,F_LETTER,for
15252,135,F_LETTER,foe
15253,135,F_LETTER,factual
15254,135,F_LETTER,flook
15255,135,F_LETTER,fort
15256,135,F_LETTER,fast
15257,135,F_LETTER,faster
15258,135,F_LETTER,font
15259,136,F_LETTER,Friend
15260,136,F_LETTER,flower
15261,136,F_LETTER,foot
15262,136,F_LETTER,france
15263,136,F_LETTER,finger
15264,136,F_LETTER,fall
15265,136,F_LETTER,fright
15266,136,F_LETTER,fear
15267,136,F_LETTER,fumble
15268,136,F_LETTER,fought
15269,136,F_LETTER,fight
15270,136,F_LETTER,feet
15271,136,F_LETTER,fountain
15272,136,F_LETTER,fort
15273,136,F_LETTER,fancy
15274,136,F_LETTER,friction
15275,136,F_LETTER,force
15276,136,F_LETTER,for
15277,136,F_LETTER,forward
15278,136,F_LETTER,feel
15279,136,F_LETTER,fake
15280,137,F_LETTER,Flute
15281,137,F_LETTER,fuck
15282,137,F_LETTER,fun
15283,137,F_LETTER,frenzy
15284,137,F_LETTER,fend
15285,137,F_LETTER,fiend
15286,137,F_LETTER,fluke
15287,137,F_LETTER,french
15288,137,F_LETTER,flunk
15289,137,F_LETTER,flow
15290,137,F_LETTER,fix
15291,137,F_LETTER,fixed
15292,137,F_LETTER,fabulous
15293,137,F_LETTER,follower
15294,137,F_LETTER,flower
15295,137,F_LETTER,frame
15296,137,F_LETTER,fried
15297,137,F_LETTER,feed
15298,137,F_LETTER,for
15299,137,F_LETTER,friend
15300,137,F_LETTER,frizzy
15301,137,F_LETTER,farm
15302,137,F_LETTER,frizz
15303,137,F_LETTER,funny
15304,137,F_LETTER,fine
15305,138,F_LETTER,Food
15306,138,F_LETTER,fish
15307,138,F_LETTER,frugal
15308,138,F_LETTER,fluent
15309,138,F_LETTER,french
15310,138,F_LETTER,france
15311,138,F_LETTER,flag
15312,138,F_LETTER,flood
15313,138,F_LETTER,flume
15314,138,F_LETTER,fake
15315,138,F_LETTER,frog
15316,138,F_LETTER,freeze
15317,138,F_LETTER,froze
15318,138,F_LETTER,frozen
15319,138,F_LETTER,fast
15320,138,F_LETTER,faster
15321,138,F_LETTER,feast
15322,138,F_LETTER,fear
15323,138,F_LETTER,fearful
15324,138,F_LETTER,flake
15325,138,F_LETTER,friend
15326,138,F_LETTER,family
15327,138,F_LETTER,fat
15328,138,F_LETTER,facts
15329,138,F_LETTER,fact
15330,138,F_LETTER,feel
15331,138,F_LETTER,feeling
15332,138,F_LETTER,feet
15333,138,F_LETTER,foot
15334,138,F_LETTER,fruit
15335,139,F_LETTER,Friend
15336,139,F_LETTER,family
15337,139,F_LETTER,foe
15338,139,F_LETTER,fraud
15339,139,F_LETTER,fraudulent
15340,139,F_LETTER,fog
15341,139,F_LETTER,feet
15342,139,F_LETTER,foot
15343,139,F_LETTER,fate
15344,139,F_LETTER,fence
15345,139,F_LETTER,fraternity
15346,139,F_LETTER,france
15347,139,F_LETTER,fingers
15348,139,F_LETTER,french
15349,140,F_LETTER,Fun
15350,140,F_LETTER,follow
15351,140,F_LETTER,fill
15352,140,F_LETTER,fat
15353,140,F_LETTER,function
15354,140,F_LETTER,fudge
15355,140,F_LETTER,filled
15356,140,F_LETTER,found
15357,140,F_LETTER,frisk
15358,140,F_LETTER,finish
15359,140,F_LETTER,fatality
15360,140,F_LETTER,fitted
15361,140,F_LETTER,fit
15362,140,F_LETTER,finance
15363,140,F_LETTER,fuel
15364,140,F_LETTER,fuck
15365,140,F_LETTER,future
15366,140,F_LETTER,fish
15367,141,F_LETTER,Flower
15368,141,F_LETTER,furry
15369,141,F_LETTER,fuzzy
15370,141,F_LETTER,fun
15371,141,F_LETTER,frat
15372,141,F_LETTER,four
15373,141,F_LETTER,fry
15374,141,F_LETTER,fries
15375,141,F_LETTER,fuck
15376,141,F_LETTER,fresh
15377,141,F_LETTER,fringe
15378,141,F_LETTER,fin
15379,141,F_LETTER,fish
15380,141,F_LETTER,feel
15381,141,F_LETTER,felt
15382,141,F_LETTER,fell
15383,141,F_LETTER,fruit
15384,141,F_LETTER,fungus
15385,141,F_LETTER,fall
15386,142,F_LETTER,Fact
15387,142,F_LETTER,food
15388,142,F_LETTER,fool
15389,142,F_LETTER,foolery
15390,142,F_LETTER,family
15391,142,F_LETTER,familial
15392,142,F_LETTER,fair
15393,142,F_LETTER,fairness
15394,142,F_LETTER,fairer
15395,142,F_LETTER,fairest
15396,142,F_LETTER,fit
15397,142,F_LETTER,fitting
15398,142,F_LETTER,fat
15399,142,F_LETTER,fattening
15400,142,F_LETTER,fatty
15401,142,F_LETTER,fatter
15402,142,F_LETTER,fattest
15403,142,F_LETTER,foot
15404,142,F_LETTER,footing
15405,142,F_LETTER,footwork
15406,142,F_LETTER,feet
15407,142,F_LETTER,flat
15408,142,F_LETTER,flatten
15409,142,F_LETTER,flatter
15410,142,F_LETTER,flattest
15411,142,F_LETTER,fuck
15412,142,F_LETTER,fling
15413,142,F_LETTER,flinging
15414,143,F_LETTER,Fred
15415,143,F_LETTER,frank
15416,143,F_LETTER,freddy
15417,143,F_LETTER,freemason
15418,143,F_LETTER,funny
15419,143,F_LETTER,facinating
15420,143,F_LETTER,future
15421,143,F_LETTER,forfeiture
15422,143,F_LETTER,forever
15423,143,F_LETTER,friend
15424,143,F_LETTER,furlough
15425,143,F_LETTER,festival
15426,143,F_LETTER,festivities
15427,143,F_LETTER,for
15428,143,F_LETTER,formulate
15429,143,F_LETTER,fiscal
15430,143,F_LETTER,fiduciary
15431,143,F_LETTER,farfetched
15432,143,F_LETTER,forgiving
15433,143,F_LETTER,forgiven
15434,143,F_LETTER,forgive
15435,143,F_LETTER,forgetful
15436,143,F_LETTER,forgetting
15437,143,F_LETTER,forget
15438,143,F_LETTER,family
15439,143,F_LETTER,familial
15440,144,F_LETTER,Failure
15441,144,F_LETTER,fail
15442,144,F_LETTER,fillet
15443,144,F_LETTER,fish
15444,144,F_LETTER,fall
15445,144,F_LETTER,fine
15446,144,F_LETTER,finickly
15447,144,F_LETTER,figdet
15448,144,F_LETTER,fig
15449,144,F_LETTER,figure
15450,144,F_LETTER,flame
15451,144,F_LETTER,fire
15452,144,F_LETTER,fry
15453,145,F_LETTER,Fish
15454,145,F_LETTER,fun
15455,145,F_LETTER,fruit
15456,145,F_LETTER,fool
15457,145,F_LETTER,find
15458,145,F_LETTER,friend
15459,145,F_LETTER,friendship
15460,145,F_LETTER,frequently
15461,145,F_LETTER,friday
15462,145,F_LETTER,fry
15463,145,F_LETTER,fried
15464,145,F_LETTER,fanta
15465,145,F_LETTER,foremost
15466,145,F_LETTER,fast
15467,145,F_LETTER,forward
15468,145,F_LETTER,forever
15469,145,F_LETTER,friendly
15470,145,F_LETTER,fishing
15471,145,F_LETTER,fluently
15472,145,F_LETTER,fly
15473,145,F_LETTER,flew
15474,145,F_LETTER,family
15475,145,F_LETTER,fat
15476,145,F_LETTER,feast
15477,145,F_LETTER,fed
15478,145,F_LETTER,feed
15479,145,F_LETTER,few
15480,146,F_LETTER,Food
15481,146,F_LETTER,finger
15482,146,F_LETTER,french
15483,146,F_LETTER,french fry
15484,146,F_LETTER,field
15485,146,F_LETTER,flood
15486,146,F_LETTER,friend
15487,146,F_LETTER,foe
15488,146,F_LETTER,filter
15489,146,F_LETTER,flick
15490,146,F_LETTER,flow
15491,146,F_LETTER,found
15492,146,F_LETTER,find
15493,146,F_LETTER,force
15494,146,F_LETTER,flew
15495,146,F_LETTER,fly
15496,146,F_LETTER,falcon
15497,146,F_LETTER,fox
15498,146,F_LETTER,feed
15499,146,F_LETTER,fed
15500,146,F_LETTER,for
15501,146,F_LETTER,four
15502,146,F_LETTER,five
15503,146,F_LETTER,fast
15504,146,F_LETTER,fat
15505,146,F_LETTER,fun
15506,146,F_LETTER,fresh
15507,146,F_LETTER,forgot
15508,147,F_LETTER,Fish
15509,147,F_LETTER,food
15510,147,F_LETTER,farm
15511,147,F_LETTER,famine
15512,147,F_LETTER,feminism
15513,147,F_LETTER,fresh
15514,147,F_LETTER,fry
15515,147,F_LETTER,french
15516,147,F_LETTER,from
15517,147,F_LETTER,for
15518,147,F_LETTER,farmer
15519,147,F_LETTER,fair
15520,147,F_LETTER,fairness
15521,147,F_LETTER,french-fry
15522,147,F_LETTER,flavor
15523,147,F_LETTER,fetish
15524,147,F_LETTER,far
15525,147,F_LETTER,fat
15526,147,F_LETTER,frat
15527,147,F_LETTER,favor
15528,148,F_LETTER,Form
15529,148,F_LETTER,flask
15530,148,F_LETTER,frog
15531,148,F_LETTER,foward
15532,148,F_LETTER,front
15533,148,F_LETTER,flip
15534,148,F_LETTER,flick
15535,148,F_LETTER,for
15536,148,F_LETTER,fort
15537,148,F_LETTER,frown
15538,148,F_LETTER,floor
15539,148,F_LETTER,fix
15540,149,F_LETTER,Fruit
15541,149,F_LETTER,final
15542,149,F_LETTER,fun
15543,149,F_LETTER,function
15544,149,F_LETTER,far
15545,149,F_LETTER,fair
15546,149,F_LETTER,fat
15547,149,F_LETTER,farm
15548,149,F_LETTER,fast
15549,149,F_LETTER,fork
15550,149,F_LETTER,funk
15551,149,F_LETTER,fart
15552,149,F_LETTER,fort
15553,149,F_LETTER,four
15554,149,F_LETTER,five
15555,149,F_LETTER,fifty
15556,149,F_LETTER,fist
15557,149,F_LETTER,forge
15558,149,F_LETTER,forget
15559,149,F_LETTER,forgot
15560,149,F_LETTER,flip
15561,149,F_LETTER,family
15562,149,F_LETTER,flock
15563,149,F_LETTER,flop
15564,149,F_LETTER,fifteen
15565,150,F_LETTER,Friendly
15566,150,F_LETTER,friend
15567,150,F_LETTER,friendship
15568,150,F_LETTER,fried
15569,150,F_LETTER,freed
15570,150,F_LETTER,free
15571,150,F_LETTER,freedom
15572,150,F_LETTER,fellow
15573,150,F_LETTER,fellowship
15574,150,F_LETTER,friendlier
15575,150,F_LETTER,folks
15576,150,F_LETTER,folklore
15577,150,F_LETTER,four
15578,150,F_LETTER,five
15579,150,F_LETTER,fifty
15580,150,F_LETTER,fourty
15581,150,F_LETTER,fourteen
15582,150,F_LETTER,fifteen
15583,150,F_LETTER,finger
15584,150,F_LETTER,fingers
15585,150,F_LETTER,film
15586,150,F_LETTER,films
15587,150,F_LETTER,feet
15588,150,F_LETTER,foot
15589,150,F_LETTER,fan
15590,150,F_LETTER,fans
15591,150,F_LETTER,farm
15592,150,F_LETTER,farms
15593,150,F_LETTER,footlong
15594,150,F_LETTER,fever
15595,150,F_LETTER,forever
15596,150,F_LETTER,family
15597,150,F_LETTER,families
15598,150,F_LETTER,fine
15599,150,F_LETTER,fines
15600,150,F_LETTER,foregoing
15601,150,F_LETTER,fresh
15602,150,F_LETTER,fiesty
15603,151,F_LETTER,Frog
15604,151,F_LETTER,fry
15605,151,F_LETTER,fried
15606,151,F_LETTER,fool
15607,151,F_LETTER,foul
15608,151,F_LETTER,fast
15609,151,F_LETTER,fart
15610,151,F_LETTER,fall
15611,151,F_LETTER,fail
15612,151,F_LETTER,foreign
15613,151,F_LETTER,forest
15614,151,F_LETTER,fan
15615,151,F_LETTER,foliage
15616,151,F_LETTER,foil
15617,151,F_LETTER,flip
15618,151,F_LETTER,fill
15619,151,F_LETTER,frost
15620,151,F_LETTER,frosty
15621,152,F_LETTER,Fart
15622,152,F_LETTER,frank
15623,152,F_LETTER,flower
15624,152,F_LETTER,follower
15625,152,F_LETTER,followers
15626,152,F_LETTER,farts
15627,152,F_LETTER,flowers
15628,152,F_LETTER,flip-flops
15629,152,F_LETTER,football
15630,152,F_LETTER,flags
15631,152,F_LETTER,funges
15632,152,F_LETTER,flagella
15633,152,F_LETTER,fragile
15634,152,F_LETTER,fat
15635,152,F_LETTER,fast
15636,152,F_LETTER,fox
15637,152,F_LETTER,focus
15638,152,F_LETTER,fun
15639,152,F_LETTER,funds
15640,152,F_LETTER,far
15641,152,F_LETTER,farm
15642,152,F_LETTER,farms
15643,152,F_LETTER,forest
15644,152,F_LETTER,fot
15645,152,F_LETTER,fall
15646,152,F_LETTER,fallen
15647,152,F_LETTER,fax
15648,152,F_LETTER,faxes
15649,152,F_LETTER,foxes
15650,152,F_LETTER,flank
15651,152,F_LETTER,flanks
15652,153,F_LETTER,Face
15653,153,F_LETTER,fraud
15654,153,F_LETTER,fine
15655,153,F_LETTER,fake
15656,153,F_LETTER,fruit
15657,153,F_LETTER,friend
15658,153,F_LETTER,fire
15659,153,F_LETTER,flight
15660,153,F_LETTER,fright
15661,153,F_LETTER,fee
15662,153,F_LETTER,feet
15663,153,F_LETTER,fish
15664,153,F_LETTER,find
15665,153,F_LETTER,free
15666,153,F_LETTER,fierce
15667,153,F_LETTER,foam
15668,153,F_LETTER,finger
15669,153,F_LETTER,for
15670,153,F_LETTER,from
15671,153,F_LETTER,feed
15672,153,F_LETTER,flame
15673,153,F_LETTER,family
15674,154,F_LETTER,Friends
15675,154,F_LETTER,friendly
15676,154,F_LETTER,fiend
15677,154,F_LETTER,fire
15678,154,F_LETTER,fate
15679,154,F_LETTER,finish
15680,154,F_LETTER,fanatic
15681,154,F_LETTER,fantastic
15682,154,F_LETTER,free
15683,154,F_LETTER,freedom
15684,154,F_LETTER,fame
15685,154,F_LETTER,fourtune
15686,154,F_LETTER,finally
15687,154,F_LETTER,finite
15688,154,F_LETTER,feet
15689,154,F_LETTER,fleet
15690,154,F_LETTER,flame
15691,154,F_LETTER,flamboyant
15692,154,F_LETTER,fish
15693,154,F_LETTER,food
15694,154,F_LETTER,floor
15695,154,F_LETTER,fed
15696,154,F_LETTER,f (did not finish word)
15697,155,F_LETTER,Floor
15698,155,F_LETTER,family
15699,155,F_LETTER,fall
15700,155,F_LETTER,fog
15701,155,F_LETTER,frag
15702,155,F_LETTER,faint
15703,155,F_LETTER,full
15704,155,F_LETTER,fist
15705,155,F_LETTER,folical
15706,155,F_LETTER,forest
15707,155,F_LETTER,failure
15708,155,F_LETTER,failsafe
15709,155,F_LETTER,fanta
15710,155,F_LETTER,fallout
15711,155,F_LETTER,fart
15712,155,F_LETTER,fair
15713,155,F_LETTER,face
15714,155,F_LETTER,filled
15715,155,F_LETTER,fone
15716,155,F_LETTER,failed
15717,155,F_LETTER,faze
15718,156,F_LETTER,Food
15719,156,F_LETTER,flower
15720,156,F_LETTER,floor
15721,156,F_LETTER,frown
15722,156,F_LETTER,fairy
15723,156,F_LETTER,fiona
15724,156,F_LETTER,fair
15725,156,F_LETTER,fox
15726,156,F_LETTER,from
15727,156,F_LETTER,fellow
15728,156,F_LETTER,follow
15729,156,F_LETTER,fix
15730,156,F_LETTER,fork
15731,156,F_LETTER,fiddle
15732,156,F_LETTER,for
15733,156,F_LETTER,fancy
15734,156,F_LETTER,fifty
15735,157,F_LETTER,Follicle
15736,157,F_LETTER,first
15737,157,F_LETTER,follow
15738,157,F_LETTER,face
15739,157,F_LETTER,female
15740,157,F_LETTER,fallopian
15741,157,F_LETTER,friend
15742,157,F_LETTER,food
15743,157,F_LETTER,fall
15744,157,F_LETTER,fat
15745,157,F_LETTER,fart
15746,157,F_LETTER,fit
15747,157,F_LETTER,fitted
15748,157,F_LETTER,fist
15749,157,F_LETTER,forward
15750,157,F_LETTER,frightened
15751,157,F_LETTER,frisk
15752,157,F_LETTER,find
15753,157,F_LETTER,foster
15754,157,F_LETTER,fled
15755,158,F_LETTER,Frank
15756,158,F_LETTER,frog
15757,158,F_LETTER,fish
15758,158,F_LETTER,fellow
15759,158,F_LETTER,frisbane
15760,158,F_LETTER,follow
15761,158,F_LETTER,find
15762,158,F_LETTER,fine
15763,158,F_LETTER,flash
15764,158,F_LETTER,fall
15765,158,F_LETTER,fell
15766,158,F_LETTER,fink
15767,158,F_LETTER,fantasize
15768,158,F_LETTER,fanatic
15769,158,F_LETTER,fantasy
15770,158,F_LETTER,faith
15771,158,F_LETTER,follow
15772,158,F_LETTER,fast
15773,158,F_LETTER,finish
15774,158,F_LETTER,finalize
15775,158,F_LETTER,finally
15776,158,F_LETTER,finalae
15777,158,F_LETTER,forward
15778,158,F_LETTER,farther
15779,158,F_LETTER,further furthermore
15780,158,F_LETTER,following
15781,158,F_LETTER,flat
15782,158,F_LETTER,flatter
15783,159,F_LETTER,Food
15784,159,F_LETTER,fight
15785,159,F_LETTER,feel
15786,159,F_LETTER,fuck
15787,159,F_LETTER,fun
15788,159,F_LETTER,fair
15789,159,F_LETTER,fare
15790,159,F_LETTER,furniture
15791,159,F_LETTER,furnace
15792,159,F_LETTER,funk
15793,159,F_LETTER,face
15794,159,F_LETTER,fap
15795,159,F_LETTER,freak
15796,159,F_LETTER,frank
15797,159,F_LETTER,frankenstein
15798,159,F_LETTER,fold
15799,159,F_LETTER,feat
15800,159,F_LETTER,fushion
15801,159,F_LETTER,fairway
15802,160,F_LETTER,Food
15803,160,F_LETTER,flume
15804,160,F_LETTER,fire
15805,160,F_LETTER,forest
15806,160,F_LETTER,feet
15807,160,F_LETTER,ford
15808,160,F_LETTER,fleet
15809,160,F_LETTER,finger
15810,160,F_LETTER,flourish
15811,160,F_LETTER,frog
15812,160,F_LETTER,fan
15813,160,F_LETTER,feeling
15814,160,F_LETTER,fun
15815,160,F_LETTER,family
15816,160,F_LETTER,famine
15817,160,F_LETTER,fetish
15818,160,F_LETTER,fanta
15819,161,F_LETTER,Fat
15820,161,F_LETTER,funny
15821,161,F_LETTER,forgot
15822,161,F_LETTER,forget
15823,161,F_LETTER,foreign
15824,161,F_LETTER,fan
15825,161,F_LETTER,fence
15826,161,F_LETTER,four
15827,161,F_LETTER,floor
15828,161,F_LETTER,fort
15829,161,F_LETTER,fit
15830,161,F_LETTER,fitch
15831,161,F_LETTER,for
15832,162,F_LETTER,Apple
15833,162,F_LETTER,adam
15834,162,F_LETTER,andy
15835,162,F_LETTER,also
15836,162,F_LETTER,and
15837,162,F_LETTER,andrew
15838,162,F_LETTER,awesome
15839,162,F_LETTER,allocate
15840,162,F_LETTER,aries
15841,162,F_LETTER,almost
15842,162,F_LETTER,answer
15843,162,F_LETTER,amy
15844,162,F_LETTER,amanda
15845,162,F_LETTER,andne
15846,162,F_LETTER,assemble
15847,162,F_LETTER,anti
15848,162,F_LETTER,atone
15849,162,F_LETTER,andrea
15850,163,F_LETTER,Front
15851,163,F_LETTER,face
15852,163,F_LETTER,fault
15853,163,F_LETTER,follow
15854,163,F_LETTER,for
15855,163,F_LETTER,fade
15856,163,F_LETTER,fall
15857,163,F_LETTER,fallawy
15858,163,F_LETTER,focus
15859,163,F_LETTER,free
15860,163,F_LETTER,faint
15861,163,F_LETTER,full
15862,163,F_LETTER,fell
15863,163,F_LETTER,felt
15864,163,F_LETTER,fur
15865,163,F_LETTER,fig
15866,163,F_LETTER,fill
15867,163,F_LETTER,forgive
15868,163,F_LETTER,format
15869,163,F_LETTER,forge
15870,163,F_LETTER,fail
15871,163,F_LETTER,foam
15872,163,F_LETTER,frail
15873,163,F_LETTER,finish
15874,163,F_LETTER,finland
15875,163,F_LETTER,farm
15876,163,F_LETTER,frait
15877,163,F_LETTER,figure
15878,164,F_LETTER,Friend
15879,164,F_LETTER,fog
15880,164,F_LETTER,firp
15881,164,F_LETTER,file
15882,164,F_LETTER,fill
15883,164,F_LETTER,freak
15884,164,F_LETTER,fries
15885,164,F_LETTER,flip
15886,164,F_LETTER,fox
15887,164,F_LETTER,forest
15888,164,F_LETTER,file
15889,164,F_LETTER,francesca
15890,164,F_LETTER,fly
15891,164,F_LETTER,free
15892,164,F_LETTER,fudge
15893,164,F_LETTER,flight
15894,164,F_LETTER,fry
15895,164,F_LETTER,fried
15896,164,F_LETTER,food
15897,165,F_LETTER,Fudge
15898,165,F_LETTER,fail
15899,165,F_LETTER,football
15900,165,F_LETTER,fall
15901,165,F_LETTER,failure
15902,165,F_LETTER,father
15903,165,F_LETTER,fantastic
15904,165,F_LETTER,feet
15905,165,F_LETTER,foot
15906,165,F_LETTER,fat
15907,165,F_LETTER,fan
15908,165,F_LETTER,fit
15909,165,F_LETTER,for
15910,165,F_LETTER,finger
15911,165,F_LETTER,fins
15912,165,F_LETTER,fast
15913,166,F_LETTER,Friends
15914,166,F_LETTER,fat
15915,166,F_LETTER,fun
15916,166,F_LETTER,finger
15917,166,F_LETTER,funny
15918,166,F_LETTER,fun-size
15919,166,F_LETTER,forget
15920,166,F_LETTER,forgetful
15921,166,F_LETTER,figure
15922,166,F_LETTER,feeling
15923,166,F_LETTER,friendly
15924,166,F_LETTER,fought
15925,166,F_LETTER,fraternity
15926,166,F_LETTER,fratenise
15927,166,F_LETTER,fructose
15928,166,F_LETTER,froes
15929,166,F_LETTER,fan
15930,166,F_LETTER,foot
15931,167,F_LETTER,For
15932,167,F_LETTER,farm
15933,167,F_LETTER,father
15934,167,F_LETTER,fame
15935,167,F_LETTER,faith
15936,167,F_LETTER,famish
15937,167,F_LETTER,female
15938,167,F_LETTER,friendly
15939,167,F_LETTER,five
15940,167,F_LETTER,frown
15941,167,F_LETTER,fall
15942,167,F_LETTER,frail
15943,167,F_LETTER,flame
15944,167,F_LETTER,fake
15945,167,F_LETTER,false
15946,167,F_LETTER,fail
15947,167,F_LETTER,forget
15948,167,F_LETTER,flake
15949,167,F_LETTER,face
15950,167,F_LETTER,finger
15951,167,F_LETTER,fact
15952,168,F_LETTER,Fluent
15953,168,F_LETTER,function
15954,168,F_LETTER,first
15955,168,F_LETTER,final
15956,168,F_LETTER,fatigue
15957,168,F_LETTER,fat
15958,168,F_LETTER,formal
15959,168,F_LETTER,fun
15960,168,F_LETTER,fair
15961,168,F_LETTER,fluid
15962,168,F_LETTER,fan
15963,168,F_LETTER,false
15964,168,F_LETTER,foward
15965,168,F_LETTER,fury
15966,168,F_LETTER,first
15967,168,F_LETTER,fast
15968,168,F_LETTER,fool
15969,168,F_LETTER,fire
15970,168,F_LETTER,fit
15971,168,F_LETTER,fin
15972,168,F_LETTER,filling.
15973,169,F_LETTER,Family
15974,169,F_LETTER,food
15975,169,F_LETTER,foreign
15976,169,F_LETTER,fond
15977,169,F_LETTER,fashion
15978,169,F_LETTER,famine
15979,169,F_LETTER,familiar
15980,169,F_LETTER,fountain
15981,169,F_LETTER,foreshadow
15982,169,F_LETTER,follow
15983,169,F_LETTER,fake
15984,169,F_LETTER,far
15985,169,F_LETTER,force
15986,169,F_LETTER,face
15987,169,F_LETTER,foot
15988,169,F_LETTER,fact
15989,169,F_LETTER,found
15990,169,F_LETTER,forward
15991,169,F_LETTER,fine
15992,169,F_LETTER,financial
15993,169,F_LETTER,feces
15994,169,F_LETTER,fantastic
15995,169,F_LETTER,fort.
15996,170,F_LETTER,Frog
15997,170,F_LETTER,face
15998,170,F_LETTER,foreign
15999,170,F_LETTER,france
16000,170,F_LETTER,fake
16001,170,F_LETTER,false
16002,170,F_LETTER,fun
16003,170,F_LETTER,fare
16004,170,F_LETTER,fair
16005,170,F_LETTER,flake
16006,170,F_LETTER,flustered
16007,170,F_LETTER,family
16008,170,F_LETTER,friends
16009,170,F_LETTER,freem fish
16010,170,F_LETTER,flea
16011,170,F_LETTER,fked
16012,170,F_LETTER,first
16013,170,F_LETTER,fear
16014,170,F_LETTER,fat.
16015,171,F_LETTER,Family
16016,171,F_LETTER,friends
16017,171,F_LETTER,find
16018,171,F_LETTER,fun
16019,171,F_LETTER,funny fantastic
16020,171,F_LETTER,furry
16021,171,F_LETTER,fence
16022,171,F_LETTER,frank
16023,171,F_LETTER,fredrica
16024,171,F_LETTER,finding
16025,171,F_LETTER,fencing
16026,171,F_LETTER,fruits
16027,171,F_LETTER,fabulous
16028,171,F_LETTER,fantasy
16029,172,F_LETTER,Fond
16030,172,F_LETTER,foundation
16031,172,F_LETTER,for
16032,172,F_LETTER,four
16033,172,F_LETTER,face
16034,172,F_LETTER,fact
16035,172,F_LETTER,form
16036,172,F_LETTER,formula
16037,172,F_LETTER,fortune
16038,172,F_LETTER,fundimental
16039,172,F_LETTER,false
16040,172,F_LETTER,fun
16041,172,F_LETTER,furne formal
16042,172,F_LETTER,fall
16043,172,F_LETTER,fallen
16044,172,F_LETTER,fountain
16045,172,F_LETTER,fame
16046,172,F_LETTER,fordge
16047,172,F_LETTER,fort
16048,172,F_LETTER,fell
16049,172,F_LETTER,fellow
16050,172,F_LETTER,faced
16051,172,F_LETTER,facts
16052,172,F_LETTER,formulas
16053,172,F_LETTER,fortunes
16054,172,F_LETTER,fun
16055,173,F_LETTER,Free
16056,173,F_LETTER,freeing
16057,173,F_LETTER,froze
16058,173,F_LETTER,frost
16059,173,F_LETTER,freedom
16060,173,F_LETTER,freed
16061,173,F_LETTER,fire
16062,173,F_LETTER,fired
16063,173,F_LETTER,firing
16064,173,F_LETTER,frog
16065,173,F_LETTER,for
16066,173,F_LETTER,flay
16067,173,F_LETTER,friend
16068,173,F_LETTER,favor
16069,173,F_LETTER,flyer
16070,173,F_LETTER,fly
16071,173,F_LETTER,flying
16072,173,F_LETTER,fans
16073,173,F_LETTER,fanner
16074,173,F_LETTER,fate
16075,173,F_LETTER,feat
16076,173,F_LETTER,featuring
16077,173,F_LETTER,feature
16078,173,F_LETTER,frying
16079,173,F_LETTER,fried
16080,173,F_LETTER,fry
16081,173,F_LETTER,fries
16082,173,F_LETTER,fat
16083,173,F_LETTER,fatty
16084,173,F_LETTER,fact
16085,173,F_LETTER,facts
16086,173,F_LETTER,food
16087,174,F_LETTER,Fire
16088,174,F_LETTER,fuck
16089,174,F_LETTER,firetruck
16090,174,F_LETTER,football
16091,174,F_LETTER,feliz
16092,174,F_LETTER,february
16093,174,F_LETTER,fat
16094,174,F_LETTER,flat
16095,174,F_LETTER,flap
16096,174,F_LETTER,flip
16097,174,F_LETTER,fling
16098,174,F_LETTER,force
16099,174,F_LETTER,freeze
16100,174,F_LETTER,fry
16101,174,F_LETTER,focus
16102,174,F_LETTER,forever
16103,174,F_LETTER,friend
16104,174,F_LETTER,flood
16105,174,F_LETTER,fly
16106,174,F_LETTER,forgive
16107,174,F_LETTER,for
16108,174,F_LETTER,fortune
16109,174,F_LETTER,fart
16110,174,F_LETTER,far
16111,174,F_LETTER,flea
16112,174,F_LETTER,flow
16113,174,F_LETTER,fix
16114,174,F_LETTER,fit
16115,174,F_LETTER,fall
16116,174,F_LETTER,free
16117,174,F_LETTER,forget
16118,175,F_LETTER,Fact
16119,175,F_LETTER,fat
16120,175,F_LETTER,fruit
16121,175,F_LETTER,freud
16122,175,F_LETTER,fridge
16123,175,F_LETTER,ford
16124,175,F_LETTER,fart
16125,175,F_LETTER,fit
16126,175,F_LETTER,freight
16127,175,F_LETTER,fall
16128,175,F_LETTER,fell
16129,175,F_LETTER,food
16130,175,F_LETTER,fight
16131,175,F_LETTER,frequency
16132,175,F_LETTER,faternity
16133,175,F_LETTER,fate
16134,175,F_LETTER,faith
16135,176,F_LETTER,Flower
16136,176,F_LETTER,flour
16137,176,F_LETTER,free
16138,176,F_LETTER,fight
16139,176,F_LETTER,fill
16140,176,F_LETTER,flip
16141,176,F_LETTER,fake
16142,176,F_LETTER,fun
16143,176,F_LETTER,fussy
16144,176,F_LETTER,funny
16145,176,F_LETTER,flight
16146,176,F_LETTER,fan
16147,176,F_LETTER,flop
16148,176,F_LETTER,flame
16149,176,F_LETTER,fail
16150,176,F_LETTER,faze
16151,176,F_LETTER,friend
16152,176,F_LETTER,flag
16153,176,F_LETTER,fox
16154,176,F_LETTER,fall
16155,177,F_LETTER,Frog
16156,177,F_LETTER,fire
16157,177,F_LETTER,fun
16158,177,F_LETTER,funny
16159,177,F_LETTER,fantastic
16160,177,F_LETTER,fundamentals
16161,177,F_LETTER,fibia
16162,177,F_LETTER,finger
16163,177,F_LETTER,form
16164,177,F_LETTER,foam
16165,177,F_LETTER,fine
16166,177,F_LETTER,file
16167,177,F_LETTER,femur
16168,177,F_LETTER,fireworks
16169,177,F_LETTER,frustrated
16170,177,F_LETTER,force
16171,177,F_LETTER,from
16172,177,F_LETTER,fluent
16173,177,F_LETTER,france
16174,177,F_LETTER,football
16175,177,F_LETTER,foot
16176,177,F_LETTER,f (did not finish word)
16177,178,F_LETTER,Friend
16178,178,F_LETTER,friendly
16179,178,F_LETTER,fun
16180,178,F_LETTER,fudge
16181,178,F_LETTER,fuck
16182,178,F_LETTER,fiend
16183,178,F_LETTER,file
16184,178,F_LETTER,foot
16185,178,F_LETTER,fly
16186,178,F_LETTER,flow
16187,178,F_LETTER,float
16188,178,F_LETTER,fog
16189,178,F_LETTER,flag
16190,178,F_LETTER,fat
16191,178,F_LETTER,far
16192,178,F_LETTER,fart
16193,178,F_LETTER,fashion
16194,178,F_LETTER,figure
16195,178,F_LETTER,figurature
16196,178,F_LETTER,frequency
16197,178,F_LETTER,fantasy
16198,178,F_LETTER,fantasize
16199,178,F_LETTER,freedom
16200,178,F_LETTER,fegalicious
16201,178,F_LETTER,flirt
16202,178,F_LETTER,flirtatious
16203,178,F_LETTER,flirty
16204,178,F_LETTER,furious
16205,178,F_LETTER,fury
16206,178,F_LETTER,fire
16207,178,F_LETTER,fast
16208,178,F_LETTER,faster
16209,178,F_LETTER,fastest
16210,178,F_LETTER,further
16211,178,F_LETTER,furthest
16212,178,F_LETTER,friendlier
16213,178,F_LETTER,friendliest
16214,178,F_LETTER,feet
16215,178,F_LETTER,figures
16216,178,F_LETTER,frequencies
16217,178,F_LETTER,floats
16218,178,F_LETTER,fabulous
16219,178,F_LETTER,fashionable
16220,178,F_LETTER,finger
16221,178,F_LETTER,flip
16222,179,F_LETTER,For
16223,179,F_LETTER,forget
16224,179,F_LETTER,forgoe
16225,179,F_LETTER,family
16226,179,F_LETTER,friends
16227,179,F_LETTER,friendship
16228,179,F_LETTER,flawless
16229,179,F_LETTER,falling
16230,179,F_LETTER,felt
16231,179,F_LETTER,fruits
16232,179,F_LETTER,farm
16233,179,F_LETTER,foundation
16234,179,F_LETTER,for
16235,179,F_LETTER,fore
16236,179,F_LETTER,flake
16237,179,F_LETTER,flock
16238,179,F_LETTER,flame
16239,179,F_LETTER,fire
16240,179,F_LETTER,fare
16241,179,F_LETTER,flander
16242,179,F_LETTER,flar
16243,179,F_LETTER,flip
16244,179,F_LETTER,flick
16245,179,F_LETTER,fiddle
16246,179,F_LETTER,floss
16247,179,F_LETTER,fake
16248,179,F_LETTER,fun
16249,179,F_LETTER,fan
16250,180,F_LETTER,Feel
16251,180,F_LETTER,for
16252,180,F_LETTER,free
16253,180,F_LETTER,frozen
16254,180,F_LETTER,freedom
16255,180,F_LETTER,forgotten
16256,180,F_LETTER,forgiving
16257,180,F_LETTER,feeling
16258,180,F_LETTER,freeze
16259,180,F_LETTER,ford
16260,180,F_LETTER,fear
16261,180,F_LETTER,fall
16262,180,F_LETTER,fallen
16263,180,F_LETTER,follow
16264,180,F_LETTER,fair
16265,180,F_LETTER,far
16266,181,F_LETTER,Fall
16267,181,F_LETTER,formed
16268,181,F_LETTER,fluent
16269,181,F_LETTER,frequent
16270,181,F_LETTER,frequency
16271,181,F_LETTER,formal
16272,181,F_LETTER,fell
16273,181,F_LETTER,floor
16274,181,F_LETTER,food
16275,181,F_LETTER,fly
16276,181,F_LETTER,fit
16277,181,F_LETTER,finesse
16278,181,F_LETTER,fickle
16279,181,F_LETTER,formation
16280,182,F_LETTER,Frog
16281,182,F_LETTER,frozen
16282,182,F_LETTER,free
16283,182,F_LETTER,famous
16284,182,F_LETTER,for
16285,182,F_LETTER,fake
16286,182,F_LETTER,fast
16287,182,F_LETTER,fat
16288,182,F_LETTER,fail
16289,182,F_LETTER,fate
16290,182,F_LETTER,fudge
16291,182,F_LETTER,fall
16292,182,F_LETTER,foam
16293,182,F_LETTER,fatigue
16294,182,F_LETTER,fan
16295,182,F_LETTER,forever
16296,182,F_LETTER,fly
16297,182,F_LETTER,free
16298,183,F_LETTER,Find
16299,183,F_LETTER,for
16300,183,F_LETTER,first
16301,183,F_LETTER,frank
16302,183,F_LETTER,fish
16303,183,F_LETTER,florida
16304,183,F_LETTER,fox
16305,183,F_LETTER,fly
16306,183,F_LETTER,fry
16307,183,F_LETTER,flamingo
16308,183,F_LETTER,flames
16309,183,F_LETTER,food
16310,183,F_LETTER,fluency
16311,183,F_LETTER,father
16312,184,F_LETTER,Fries
16313,184,F_LETTER,foundation
16314,184,F_LETTER,fun
16315,184,F_LETTER,fork
16316,184,F_LETTER,forward
16317,184,F_LETTER,funk
16318,184,F_LETTER,found
16319,184,F_LETTER,fountain
16320,184,F_LETTER,food
16321,184,F_LETTER,french
16322,184,F_LETTER,fill
16323,184,F_LETTER,fall
16324,184,F_LETTER,full
16325,184,F_LETTER,frown
16326,184,F_LETTER,forever
16327,184,F_LETTER,funding
16328,185,F_LETTER,Fun
16329,185,F_LETTER,fat
16330,185,F_LETTER,fair
16331,185,F_LETTER,family
16332,185,F_LETTER,friends
16333,185,F_LETTER,food
16334,185,F_LETTER,fear
16335,185,F_LETTER,football
16336,185,F_LETTER,flat
16337,185,F_LETTER,faint
16338,185,F_LETTER,fine
16339,185,F_LETTER,fight
16340,185,F_LETTER,fly
16341,185,F_LETTER,flag
16342,185,F_LETTER,foot
16343,185,F_LETTER,fingers
16344,185,F_LETTER,fan
16345,185,F_LETTER,fondue
16346,185,F_LETTER,funk
16347,185,F_LETTER,funky
16348,185,F_LETTER,funny
16349,186,F_LETTER,Fish
16350,186,F_LETTER,fire
16351,186,F_LETTER,firetruck
16352,186,F_LETTER,food
16353,186,F_LETTER,feed
16354,186,F_LETTER,foot
16355,186,F_LETTER,feet
16356,186,F_LETTER,forward
16357,186,F_LETTER,first
16358,186,F_LETTER,final
16359,186,F_LETTER,finally
16360,186,F_LETTER,fine
16361,186,F_LETTER,fast
16362,186,F_LETTER,furious
16363,186,F_LETTER,fun
16364,186,F_LETTER,frugle
16365,186,F_LETTER,flat
16366,186,F_LETTER,fat
16367,186,F_LETTER,fur
16368,186,F_LETTER,furry
16369,186,F_LETTER,fuzzy
16370,186,F_LETTER,fuz
16371,186,F_LETTER,furball
16372,186,F_LETTER,fork
16373,186,F_LETTER,fishy
16374,187,F_LETTER,Forest
16375,187,F_LETTER,fun
16376,187,F_LETTER,frivolous
16377,187,F_LETTER,fertility
16378,187,F_LETTER,feel
16379,187,F_LETTER,felt
16380,187,F_LETTER,fold
16381,187,F_LETTER,fry
16382,187,F_LETTER,first
16383,187,F_LETTER,fur
16384,187,F_LETTER,fort
16385,187,F_LETTER,foot
16386,187,F_LETTER,full
16387,187,F_LETTER,feed
16388,187,F_LETTER,fill
16389,187,F_LETTER,freedom
16390,187,F_LETTER,fascinating
16391,188,F_LETTER,Face
16392,188,F_LETTER,fact
16393,188,F_LETTER,far
16394,188,F_LETTER,furious
16395,188,F_LETTER,fast
16396,188,F_LETTER,famous
16397,188,F_LETTER,flamingo
16398,188,F_LETTER,flame
16399,188,F_LETTER,faith
16400,188,F_LETTER,flag
16401,188,F_LETTER,flourish
16402,188,F_LETTER,flour
16403,188,F_LETTER,floor
16404,188,F_LETTER,fuck
16405,188,F_LETTER,four
16406,188,F_LETTER,fix
16407,188,F_LETTER,fiction
16408,188,F_LETTER,fracture
16409,188,F_LETTER,fraction
16410,189,F_LETTER,Fun
16411,189,F_LETTER,friendly
16412,189,F_LETTER,fancy
16413,189,F_LETTER,funny
16414,189,F_LETTER,fantastic
16415,189,F_LETTER,frustrated
16416,189,F_LETTER,famous
16417,189,F_LETTER,fascinating
16418,189,F_LETTER,functional
16419,189,F_LETTER,focus
16420,189,F_LETTER,fear
16421,189,F_LETTER,feeling
16422,189,F_LETTER,freak
16423,189,F_LETTER,formal
16424,189,F_LETTER,frequent
16425,189,F_LETTER,fly
16426,189,F_LETTER,face
16427,190,F_LETTER,Friends
16428,190,F_LETTER,family
16429,190,F_LETTER,fun
16430,190,F_LETTER,function
16431,190,F_LETTER,fact
16432,190,F_LETTER,fiction
16433,190,F_LETTER,faze
16434,190,F_LETTER,fill
16435,190,F_LETTER,frozen
16436,190,F_LETTER,front
16437,190,F_LETTER,flick
16438,190,F_LETTER,fashion
16439,190,F_LETTER,flop
16440,190,F_LETTER,flip
16441,190,F_LETTER,f
16442,190,F_LETTER,face
16443,190,F_LETTER,fit
16444,190,F_LETTER,fortune
16445,190,F_LETTER,finally
16446,191,F_LETTER,Family
16447,191,F_LETTER,frogs
16448,191,F_LETTER,fish
16449,191,F_LETTER,film
16450,191,F_LETTER,fake
16451,191,F_LETTER,food
16452,191,F_LETTER,fast
16453,191,F_LETTER,far
16454,191,F_LETTER,fail
16455,191,F_LETTER,face
16456,191,F_LETTER,fun
16457,191,F_LETTER,fresh
16458,191,F_LETTER,flip
16459,191,F_LETTER,flap
16460,191,F_LETTER,farm
16461,191,F_LETTER,fat
16462,191,F_LETTER,fan
16463,191,F_LETTER,fabulous
16464,191,F_LETTER,fantastic
16465,191,F_LETTER,frisk
16466,191,F_LETTER,frisky
16467,191,F_LETTER,friend
16468,191,F_LETTER,fried
16469,191,F_LETTER,fry
16470,191,F_LETTER,fed
16471,191,F_LETTER,fell
16472,191,F_LETTER,feel
16473,191,F_LETTER,fire
16474,192,F_LETTER,Face
16475,192,F_LETTER,fall
16476,192,F_LETTER,fail
16477,192,F_LETTER,frail
16478,192,F_LETTER,from
16479,192,F_LETTER,frame
16480,192,F_LETTER,farme
16481,192,F_LETTER,farne
16482,192,F_LETTER,fan
16483,192,F_LETTER,frog
16484,192,F_LETTER,fog
16485,192,F_LETTER,faint
16486,192,F_LETTER,fake
16487,192,F_LETTER,fossil
16488,192,F_LETTER,florida
16489,192,F_LETTER,fortunatley
16490,192,F_LETTER,famous
16491,192,F_LETTER,fever
16492,192,F_LETTER,facetime
16493,192,F_LETTER,fallen
16494,193,F_LETTER,For
16495,193,F_LETTER,front
16496,193,F_LETTER,frontal
16497,193,F_LETTER,forget
16498,193,F_LETTER,forgotten
16499,193,F_LETTER,fake
16500,193,F_LETTER,face
16501,193,F_LETTER,flake
16502,193,F_LETTER,funk
16503,193,F_LETTER,frat
16504,193,F_LETTER,fun
16505,193,F_LETTER,funny
16506,193,F_LETTER,fish
16507,193,F_LETTER,fable
16508,193,F_LETTER,fate
16509,193,F_LETTER,faith
16510,193,F_LETTER,faithful
16511,193,F_LETTER,frugle
16512,193,F_LETTER,feminine
16513,193,F_LETTER,femininity
16514,194,F_LETTER,Fruit
16515,194,F_LETTER,fun
16516,194,F_LETTER,foot
16517,194,F_LETTER,feet
16518,194,F_LETTER,flick
16519,194,F_LETTER,feel
16520,194,F_LETTER,four
16521,194,F_LETTER,flower
16522,194,F_LETTER,flute
16523,194,F_LETTER,flourish
16524,194,F_LETTER,fortune
16525,194,F_LETTER,future
16526,194,F_LETTER,fowl
16527,194,F_LETTER,frantically
16528,194,F_LETTER,freeze
16529,194,F_LETTER,front
16530,194,F_LETTER,fall
16531,194,F_LETTER,funny
16532,195,F_LETTER,Find
16533,195,F_LETTER,fluffy
16534,195,F_LETTER,finger
16535,195,F_LETTER,feburary
16536,195,F_LETTER,fact
16537,195,F_LETTER,fox
16538,195,F_LETTER,ford
16539,195,F_LETTER,finally
16540,195,F_LETTER,figure
16541,195,F_LETTER,fabulous
16542,195,F_LETTER,fifteen
16543,195,F_LETTER,fifth
16544,195,F_LETTER,five
16545,195,F_LETTER,front
16546,195,F_LETTER,fright
16547,196,F_LETTER,Frog
16548,196,F_LETTER,fruit
16549,196,F_LETTER,flame
16550,196,F_LETTER,flamingo
16551,196,F_LETTER,flute
16552,196,F_LETTER,flutter
16553,196,F_LETTER,fly
16554,196,F_LETTER,fire
16555,196,F_LETTER,free
16556,196,F_LETTER,frame
16557,196,F_LETTER,face
16558,196,F_LETTER,fountain
16559,196,F_LETTER,fraud
16560,196,F_LETTER,fang
16561,196,F_LETTER,fake
16562,196,F_LETTER,frisbee
16563,196,F_LETTER,Florida
16564,196,F_LETTER,favorite
16565,196,F_LETTER,flavor
16566,196,F_LETTER,flank
16567,196,F_LETTER,freight
16568,196,F_LETTER,fear
16569,196,F_LETTER,fows
16570,197,F_LETTER,Fall
16571,197,F_LETTER,freak
16572,197,F_LETTER,fast
16573,197,F_LETTER,far
16574,197,F_LETTER,fart
16575,197,F_LETTER,fuck
16576,197,F_LETTER,free
16577,197,F_LETTER,freedom
16578,197,F_LETTER,flee
16579,197,F_LETTER,fat
16580,197,F_LETTER,feelings
16581,197,F_LETTER,felt
16582,197,F_LETTER,fur
16583,197,F_LETTER,first
16584,197,F_LETTER,fun
16585,197,F_LETTER,full
16586,197,F_LETTER,fruit
16587,197,F_LETTER,France
16588,198,F_LETTER,Fiotilla
16589,198,F_LETTER,fortitude
16590,198,F_LETTER,France
16591,198,F_LETTER,fry
16592,198,F_LETTER,fruit
16593,198,F_LETTER,fly
16594,198,F_LETTER,flies
16595,198,F_LETTER,flew
16596,198,F_LETTER,felt
16597,198,F_LETTER,feel
16598,198,F_LETTER,fire
16599,198,F_LETTER,frugal
16600,198,F_LETTER,fluent
16601,198,F_LETTER,fragrant
16602,198,F_LETTER,filling
16603,198,F_LETTER,filing
16604,198,F_LETTER,fender
16605,198,F_LETTER,file
16606,198,F_LETTER,flit
16607,198,F_LETTER,flight
16608,198,F_LETTER,fowl
16609,198,F_LETTER,foul
16610,198,F_LETTER,forget
16611,198,F_LETTER,forgotten
16612,198,F_LETTER,french fries
16613,198,F_LETTER,flu
16614,198,F_LETTER,frontal
16615,198,F_LETTER,fuck
16616,199,F_LETTER,Fog
16617,199,F_LETTER,frog
16618,199,F_LETTER,frankly
16619,199,F_LETTER,food
16620,199,F_LETTER,for
16621,199,F_LETTER,fish
16622,199,F_LETTER,find
16623,199,F_LETTER,fun
16624,199,F_LETTER,ferret
16625,199,F_LETTER,fond
16626,199,F_LETTER,fill
16627,199,F_LETTER,filled
16628,199,F_LETTER,felt
16629,199,F_LETTER,fell
16630,199,F_LETTER,first
16631,199,F_LETTER,fat
16632,199,F_LETTER,face
16633,199,F_LETTER,fake
16634,199,F_LETTER,friend
16635,199,F_LETTER,friends
16636,199,F_LETTER,frand
16637,199,F_LETTER,felony
16638,199,F_LETTER,fed
16639,199,F_LETTER,fein
16640,199,F_LETTER,fart
16641,199,F_LETTER,forged
16642,199,F_LETTER,fondle
16643,199,F_LETTER,finch
16644,199,F_LETTER,fear
16645,200,F_LETTER,Friend
16646,200,F_LETTER,female
16647,200,F_LETTER,flex
16648,200,F_LETTER,fist
16649,200,F_LETTER,first
16650,200,F_LETTER,fly
16651,200,F_LETTER,flyer
16652,200,F_LETTER,field
16653,200,F_LETTER,fled
16654,200,F_LETTER,femur
16655,200,F_LETTER,frown
16656,200,F_LETTER,ferment
16657,200,F_LETTER,fan
16658,200,F_LETTER,fantastic
16659,200,F_LETTER,fanatic
16660,200,F_LETTER,fleece
16661,200,F_LETTER,fur
16662,200,F_LETTER,fun
16663,200,F_LETTER,fuck
16664,200,F_LETTER,fed
16665,200,F_LETTER,fry
16666,200,F_LETTER,fryer
16667,200,F_LETTER,French
16668,200,F_LETTER,fried
16669,200,F_LETTER,full
16670,200,F_LETTER,fundamental
16671,200,F_LETTER,frequency
16672,200,F_LETTER,finish
16673,200,F_LETTER,faint
16674,200,F_LETTER,farm
16675,200,F_LETTER,farmer
16676,200,F_LETTER,fracking
16677,200,F_LETTER,flee
16678,201,F_LETTER,Funny
16679,201,F_LETTER,favorite
16680,201,F_LETTER,friend
16681,201,F_LETTER,family
16682,201,F_LETTER,food
16683,201,F_LETTER,frugal
16684,201,F_LETTER,foot
16685,201,F_LETTER,feet
16686,201,F_LETTER,fever
16687,201,F_LETTER,fire
16688,201,F_LETTER,fruit
16689,201,F_LETTER,flavor
16690,201,F_LETTER,flight
16691,201,F_LETTER,firefly
16692,201,F_LETTER,forget
16693,201,F_LETTER,forgive
16694,201,F_LETTER,fort
16695,201,F_LETTER,feen
16696,201,F_LETTER,flame
16697,201,F_LETTER,fan
16698,201,F_LETTER,fun
16699,201,F_LETTER,fin
16700,201,F_LETTER,finish
16701,201,F_LETTER,free
16702,201,F_LETTER,fiend
16703,201,F_LETTER,femur
16704,202,F_LETTER,Flower
16705,202,F_LETTER,four
16706,202,F_LETTER,for
16707,202,F_LETTER,frog
16708,202,F_LETTER,fog
16709,202,F_LETTER,fud
16710,202,F_LETTER,fuck
16711,202,F_LETTER,fuss
16712,202,F_LETTER,familly
16713,202,F_LETTER,form
16714,202,F_LETTER,front
16715,202,F_LETTER,font
16716,202,F_LETTER,flour
16717,202,F_LETTER,fourteen
16718,202,F_LETTER,fourty-one
16719,202,F_LETTER,forty
16720,202,F_LETTER,fort
16721,202,F_LETTER,forty-two
16722,202,F_LETTER,forty-three
16723,202,F_LETTER,forty-four
16724,202,F_LETTER,forty-five
16725,202,F_LETTER,fourhundresd
16726,202,F_LETTER,faucet
16727,202,F_LETTER,face
16728,202,F_LETTER,fake
16729,202,F_LETTER,false
16730,202,F_LETTER,flamboyent
16731,202,F_LETTER,fluid
16732,202,F_LETTER,flame
16733,202,F_LETTER,floss
16734,202,F_LETTER,flaunt
16735,202,F_LETTER,flounder
16736,203,F_LETTER,Friendly
16737,203,F_LETTER,friend
16738,203,F_LETTER,foe
16739,203,F_LETTER,fun
16740,203,F_LETTER,fright
16741,203,F_LETTER,frightening
16742,203,F_LETTER,flow
16743,203,F_LETTER,flew
16744,203,F_LETTER,fart
16745,203,F_LETTER,family
16746,203,F_LETTER,few
16747,203,F_LETTER,fit
16748,203,F_LETTER,fitting
16749,203,F_LETTER,funny
16750,203,F_LETTER,fudge
16751,203,F_LETTER,fur
16752,203,F_LETTER,fly
16753,203,F_LETTER,flying
16754,203,F_LETTER,famished
16755,203,F_LETTER,fig
16756,203,F_LETTER,five
16757,204,F_LETTER,Fun
16758,204,F_LETTER,family
16759,204,F_LETTER,fuzzy
16760,204,F_LETTER,fuze
16761,204,F_LETTER,fize
16762,204,F_LETTER,friend
16763,204,F_LETTER,fried
16764,204,F_LETTER,fog
16765,204,F_LETTER,frustration
16766,204,F_LETTER,flamingo
16767,204,F_LETTER,far
16768,204,F_LETTER,forgot
16769,204,F_LETTER,formative
16770,204,F_LETTER,forward
16771,204,F_LETTER,foreign
16772,204,F_LETTER,fluent
16773,204,F_LETTER,frog
16774,204,F_LETTER,for
16775,204,F_LETTER,fridge
16776,204,F_LETTER,fraut
16777,204,F_LETTER,freed
16778,204,F_LETTER,fluctuation
16779,204,F_LETTER,foremost
16780,204,F_LETTER,fidge
16781,204,F_LETTER,figure
16782,204,F_LETTER,fantastic
16783,205,F_LETTER,Food
16784,205,F_LETTER,fish
16785,205,F_LETTER,feet
16786,205,F_LETTER,seel
16787,205,F_LETTER,feather
16788,205,F_LETTER,fall
16789,205,F_LETTER,foul
16790,205,F_LETTER,for
16791,205,F_LETTER,forrest
16792,205,F_LETTER,flower
16793,205,F_LETTER,falcon
16794,205,F_LETTER,forever
16795,205,F_LETTER,fort
16796,205,F_LETTER,four
16797,205,F_LETTER,fourth
16798,205,F_LETTER,favorite
16799,205,F_LETTER,family
16800,205,F_LETTER,friend
16801,205,F_LETTER,February
16802,206,F_LETTER,Follical
16803,206,F_LETTER,fuck
16804,206,F_LETTER,fun
16805,206,F_LETTER,fried
16806,206,F_LETTER,fribble
16807,206,F_LETTER,friclay
16808,206,F_LETTER,fruit
16809,206,F_LETTER,finger
16810,206,F_LETTER,frollic
16811,206,F_LETTER,frieda
16812,206,F_LETTER,fungus
16813,206,F_LETTER,fungi
16814,206,F_LETTER,fermentate
16815,206,F_LETTER,fermentation
16816,206,F_LETTER,fornicate
16817,206,F_LETTER,funny
16818,207,F_LETTER,Fright
16819,207,F_LETTER,fear
16820,207,F_LETTER,fake
16821,207,F_LETTER,fame
16822,207,F_LETTER,fail
16823,207,F_LETTER,file
16824,207,F_LETTER,fendi
16825,207,F_LETTER,fact
16826,207,F_LETTER,fiction
16827,207,F_LETTER,for
16828,207,F_LETTER,foar
16829,207,F_LETTER,fly
16830,207,F_LETTER,flew
16831,207,F_LETTER,flee
16832,207,F_LETTER,feel
16833,207,F_LETTER,feild
16834,207,F_LETTER,felt
16835,207,F_LETTER,forward
16836,207,F_LETTER,fashion
16837,207,F_LETTER,face
16838,207,F_LETTER,fold
16839,207,F_LETTER,fin
16840,207,F_LETTER,find
16841,207,F_LETTER,finder
16842,207,F_LETTER,focus
16843,207,F_LETTER,fit
16844,207,F_LETTER,fitting
16845,207,F_LETTER,fizz
16846,207,F_LETTER,free
16847,207,F_LETTER,frog
16848,208,F_LETTER,Fright
16849,208,F_LETTER,fluency
16850,208,F_LETTER,flight
16851,208,F_LETTER,feelings
16852,208,F_LETTER,fight
16853,208,F_LETTER,for
16854,208,F_LETTER,freedom
16855,208,F_LETTER,flee
16856,208,F_LETTER,flock
16857,208,F_LETTER,food
16858,208,F_LETTER,frib
16859,208,F_LETTER,fabulous
16860,208,F_LETTER,fix
16861,208,F_LETTER,finish
16862,208,F_LETTER,free
16863,208,F_LETTER,foam
16864,208,F_LETTER,familiar
16865,208,F_LETTER,family
16866,208,F_LETTER,father
16867,208,F_LETTER,fraternity
16868,208,F_LETTER,fake
16869,208,F_LETTER,fizz
16870,208,F_LETTER,fam
16871,208,F_LETTER,february
16872,209,F_LETTER,Front
16873,209,F_LETTER,fork
16874,209,F_LETTER,face
16875,209,F_LETTER,fern
16876,209,F_LETTER,for
16877,209,F_LETTER,form
16878,209,F_LETTER,feral
16879,209,F_LETTER,feet
16880,209,F_LETTER,foot
16881,209,F_LETTER,fear
16882,209,F_LETTER,forlorn
16883,209,F_LETTER,friend
16884,209,F_LETTER,fiend
16885,209,F_LETTER,family
16886,209,F_LETTER,fad
16887,209,F_LETTER,fade
16888,209,F_LETTER,faded
16889,209,F_LETTER,fax
16890,209,F_LETTER,faxed
16891,209,F_LETTER,faux
16892,209,F_LETTER,fat
16893,209,F_LETTER,fate
16894,209,F_LETTER,fall
16895,209,F_LETTER,fail
16896,209,F_LETTER,field
16897,209,F_LETTER,fine
16898,209,F_LETTER,fined
16899,209,F_LETTER,fire
16900,209,F_LETTER,fired
16901,209,F_LETTER,fix
16902,209,F_LETTER,fixed
16903,209,F_LETTER,fight
16904,209,F_LETTER,fur
16905,209,F_LETTER,furry
16906,210,F_LETTER,Frog
16907,210,F_LETTER,fail
16908,210,F_LETTER,fallacy
16909,210,F_LETTER,fake
16910,210,F_LETTER,forget
16911,210,F_LETTER,forgo
16912,210,F_LETTER,for
16913,210,F_LETTER,forgotten
16914,210,F_LETTER,forge
16915,210,F_LETTER,fugazi
16916,210,F_LETTER,forgery
16917,210,F_LETTER,forged
16918,210,F_LETTER,forges
16919,210,F_LETTER,forgets
16920,210,F_LETTER,forgive
16921,210,F_LETTER,forgives
16922,210,F_LETTER,forgiven
16923,210,F_LETTER,frogs
16924,210,F_LETTER,foul
16925,210,F_LETTER,fouls
16926,210,F_LETTER,fowel
16927,210,F_LETTER,flail
16928,210,F_LETTER,flails
16929,210,F_LETTER,flailed
16930,210,F_LETTER,fear
16931,210,F_LETTER,fears
16932,210,F_LETTER,feared
16933,210,F_LETTER,far
16934,210,F_LETTER,flunk
16935,210,F_LETTER,fruit
16936,210,F_LETTER,fruitful
16937,210,F_LETTER,fancy
16938,210,F_LETTER,fore
16939,211,F_LETTER,Fun
16940,211,F_LETTER,fake
16941,211,F_LETTER,flabbergasted
16942,211,F_LETTER,flake
16943,211,F_LETTER,flame
16944,211,F_LETTER,flute
16945,211,F_LETTER,front
16946,211,F_LETTER,foreign
16947,211,F_LETTER,frame
16948,211,F_LETTER,friend
16949,211,F_LETTER,flower
16950,211,F_LETTER,florist
16951,211,F_LETTER,floral
16952,211,F_LETTER,found
16953,211,F_LETTER,fund
16954,211,F_LETTER,fond
16955,211,F_LETTER,function
16956,211,F_LETTER,fright
16957,211,F_LETTER,feind
16958,211,F_LETTER,fable
16959,211,F_LETTER,freak
16960,211,F_LETTER,fowl
16961,211,F_LETTER,foul
16962,211,F_LETTER,fool
16963,211,F_LETTER,full
16964,211,F_LETTER,fecundity
16965,211,F_LETTER,frown
16966,211,F_LETTER,freeze
16967,211,F_LETTER,fry
16968,212,F_LETTER,Fast
16969,212,F_LETTER,four
16970,212,F_LETTER,favor
16971,212,F_LETTER,flavor
16972,212,F_LETTER,flat
16973,212,F_LETTER,for
16974,212,F_LETTER,fear
16975,212,F_LETTER,fun
16976,212,F_LETTER,forget
16977,212,F_LETTER,forge
16978,212,F_LETTER,find
16979,212,F_LETTER,friend
16980,212,F_LETTER,forest
16981,212,F_LETTER,field
16982,212,F_LETTER,frog
16983,212,F_LETTER,fret
16984,212,F_LETTER,finger
16985,212,F_LETTER,foreign
16986,212,F_LETTER,floss
16987,212,F_LETTER,flea
16988,212,F_LETTER,female
16989,212,F_LETTER,forward
16990,212,F_LETTER,frozen
16991,212,F_LETTER,flank
16992,212,F_LETTER,feet
16993,212,F_LETTER,feel
16994,212,F_LETTER,felt
16995,213,F_LETTER,Foreign
16996,213,F_LETTER,fart
16997,213,F_LETTER,fat
16998,213,F_LETTER,fitting
16999,213,F_LETTER,fill
17000,213,F_LETTER,feet
17001,213,F_LETTER,farm
17002,213,F_LETTER,far
17003,213,F_LETTER,fit
17004,213,F_LETTER,finish
17005,213,F_LETTER,fish
17006,213,F_LETTER,fall
17007,213,F_LETTER,fraternity
17008,213,F_LETTER,fig
17009,213,F_LETTER,first
17010,213,F_LETTER,frapaccino
17011,213,F_LETTER,find
17012,213,F_LETTER,found
17013,213,F_LETTER,freignt
17014,213,F_LETTER,fear
17015,213,F_LETTER,friend
17016,213,F_LETTER,frilly
17017,214,F_LETTER,Friends
17018,214,F_LETTER,fun
17019,214,F_LETTER,fuck
17020,214,F_LETTER,freak
17021,214,F_LETTER,fishing
17022,214,F_LETTER,finishing
17023,214,F_LETTER,fashion
17024,214,F_LETTER,flashy
17025,214,F_LETTER,flash
17026,214,F_LETTER,flow
17027,214,F_LETTER,frown
17028,214,F_LETTER,fear
17029,214,F_LETTER,far
17030,214,F_LETTER,fart
17031,214,F_LETTER,frog
17032,214,F_LETTER,fox
17033,214,F_LETTER,feet
17034,214,F_LETTER,flees
17035,214,F_LETTER,ferrari
17036,214,F_LETTER,fruit
17037,215,F_LETTER,Freedom
17038,215,F_LETTER,four
17039,215,F_LETTER,forget
17040,215,F_LETTER,free
17041,215,F_LETTER,fore
17042,215,F_LETTER,fudge
17043,215,F_LETTER,friendship
17044,215,F_LETTER,feed
17045,215,F_LETTER,funny
17046,215,F_LETTER,friend
17047,215,F_LETTER,fail
17048,215,F_LETTER,far
17049,215,F_LETTER,friendly
17050,215,F_LETTER,fail
17051,215,F_LETTER,far
17052,215,F_LETTER,failed
17053,215,F_LETTER,front
17054,215,F_LETTER,fried
17055,215,F_LETTER,follow
17056,215,F_LETTER,frontal
17057,215,F_LETTER,fear
17058,215,F_LETTER,frail
17059,215,F_LETTER,fool
17060,215,F_LETTER,fare
17061,215,F_LETTER,fee
17062,215,F_LETTER,feel
17063,215,F_LETTER,food
17064,215,F_LETTER,few
17065,215,F_LETTER,fewer
17066,216,F_LETTER,Forest
17067,216,F_LETTER,flight
17068,216,F_LETTER,fight
17069,216,F_LETTER,fair
17070,216,F_LETTER,fare
17071,216,F_LETTER,fly
17072,216,F_LETTER,free
17073,216,F_LETTER,famine
17074,216,F_LETTER,flake
17075,216,F_LETTER,frail
17076,216,F_LETTER,fire
17077,216,F_LETTER,fake
17078,216,F_LETTER,fail
17079,216,F_LETTER,full
17080,216,F_LETTER,ferry
17081,216,F_LETTER,fellow
17082,216,F_LETTER,friend
17083,217,F_LETTER,Flourish
17084,217,F_LETTER,fluffly
17085,217,F_LETTER,feather
17086,217,F_LETTER,feature
17087,217,F_LETTER,floppy
17088,217,F_LETTER,flavor
17089,217,F_LETTER,French
17090,217,F_LETTER,fry
17091,217,F_LETTER,forever
17092,217,F_LETTER,for
17093,217,F_LETTER,four
17094,217,F_LETTER,flower
17095,217,F_LETTER,future
17096,217,F_LETTER,france
17097,218,F_LETTER,First
17098,218,F_LETTER,found
17099,218,F_LETTER,foot
17100,218,F_LETTER,field
17101,218,F_LETTER,fluent
17102,218,F_LETTER,flute
17103,218,F_LETTER,forge
17104,218,F_LETTER,flex
17105,218,F_LETTER,fudge
17106,218,F_LETTER,fridge
17107,218,F_LETTER,fluency
17108,218,F_LETTER,find
17109,218,F_LETTER,finder
17110,218,F_LETTER,fought
17111,218,F_LETTER,fight
17112,218,F_LETTER,fighter
17113,218,F_LETTER,female
17114,218,F_LETTER,fist
17115,218,F_LETTER,free
17116,218,F_LETTER,freely
17117,218,F_LETTER,filly
17118,218,F_LETTER,filler
17119,218,F_LETTER,footer
17120,218,F_LETTER,flower
17121,218,F_LETTER,feed
17122,219,F_LETTER,Friends
17123,219,F_LETTER,first
17124,219,F_LETTER,fun
17125,219,F_LETTER,fake
17126,219,F_LETTER,fuck
17127,219,F_LETTER,frat
17128,219,F_LETTER,five
17129,219,F_LETTER,fries
17130,219,F_LETTER,fry
17131,219,F_LETTER,friends
17132,219,F_LETTER,four
17133,219,F_LETTER,flies
17134,219,F_LETTER,fly
17135,219,F_LETTER,fart
17136,219,F_LETTER,fat
17137,219,F_LETTER,fray
17138,219,F_LETTER,fish
17139,219,F_LETTER,fist
17140,219,F_LETTER,finger
17141,219,F_LETTER,fingers
17142,219,F_LETTER,frank
17143,219,F_LETTER,foot
17144,219,F_LETTER,feet
17145,219,F_LETTER,fiend
17146,219,F_LETTER,fiends
17147,219,F_LETTER,frog
17148,219,F_LETTER,frogs
17149,219,F_LETTER,fraud
17150,219,F_LETTER,fern
17151,219,F_LETTER,fender
17152,219,F_LETTER,for
17153,219,F_LETTER,fin
17154,219,F_LETTER,feed
17155,219,F_LETTER,female
17156,220,F_LETTER,Family
17157,220,F_LETTER,friend
17158,220,F_LETTER,football
17159,220,F_LETTER,fuck
17160,220,F_LETTER,fancy
17161,220,F_LETTER,feline
17162,220,F_LETTER,foreign
17163,220,F_LETTER,forth
17164,220,F_LETTER,foe
17165,220,F_LETTER,forward
17166,220,F_LETTER,forthright
17167,220,F_LETTER,finance
17168,220,F_LETTER,fiance
17169,220,F_LETTER,fight
17170,220,F_LETTER,finger
17171,220,F_LETTER,figure
17172,220,F_LETTER,february
17173,221,F_LETTER,First
17174,221,F_LETTER,forward
17175,221,F_LETTER,friends
17176,221,F_LETTER,finally
17177,221,F_LETTER,finish
17178,221,F_LETTER,foul
17179,221,F_LETTER,fold
17180,221,F_LETTER,fair
17181,221,F_LETTER,funny
17182,221,F_LETTER,fact
17183,221,F_LETTER,fiction
17184,221,F_LETTER,found
17185,221,F_LETTER,fire
17186,221,F_LETTER,fix
17187,221,F_LETTER,fail
17188,221,F_LETTER,fun
17189,221,F_LETTER,far
17190,221,F_LETTER,from
17191,221,F_LETTER,finance
17192,221,F_LETTER,film
17193,221,F_LETTER,favor
17194,221,F_LETTER,farewell
17195,221,F_LETTER,fit
17196,221,F_LETTER,fumble
17197,221,F_LETTER,fame
17198,221,F_LETTER,famous
17199,221,F_LETTER,factual
17200,221,F_LETTER,fall
17201,221,F_LETTER,fallen
17202,222,F_LETTER,Fun
17203,222,F_LETTER,flamingo
17204,222,F_LETTER,fantastic
17205,222,F_LETTER,fabulous
17206,222,F_LETTER,four
17207,222,F_LETTER,for
17208,222,F_LETTER,fore
17209,222,F_LETTER,flow
17210,222,F_LETTER,flower
17211,222,F_LETTER,fan
17212,222,F_LETTER,fanning
17213,222,F_LETTER,fanned
17214,222,F_LETTER,flour
17215,222,F_LETTER,fling
17216,222,F_LETTER,fall
17217,222,F_LETTER,fame
17218,222,F_LETTER,famous
17219,222,F_LETTER,font
17220,222,F_LETTER,front
17221,222,F_LETTER,fade
17222,222,F_LETTER,fact
17223,222,F_LETTER,fax
17224,222,F_LETTER,frequency
17225,222,F_LETTER,form
17226,222,F_LETTER,farm
17227,222,F_LETTER,ferment
17228,222,F_LETTER,follicle
17229,222,F_LETTER,face
17230,222,F_LETTER,forward
17231,222,F_LETTER,fast
17232,222,F_LETTER,fo
17233,223,F_LETTER,Fun
17234,223,F_LETTER,fine
17235,223,F_LETTER,fancy
17236,223,F_LETTER,finger
17237,223,F_LETTER,fabulous
17238,223,F_LETTER,fallopian
17239,223,F_LETTER,french
17240,223,F_LETTER,france
17241,223,F_LETTER,fry
17242,223,F_LETTER,fries
17243,223,F_LETTER,flutter
17244,223,F_LETTER,fat
17245,223,F_LETTER,fart
17246,223,F_LETTER,funny
17247,223,F_LETTER,fungus
17248,223,F_LETTER,full
17249,223,F_LETTER,feet
17250,223,F_LETTER,foot
17251,223,F_LETTER,fast
17252,223,F_LETTER,faster
17253,223,F_LETTER,fault
17254,223,F_LETTER,flip
17255,223,F_LETTER,flop
17256,223,F_LETTER,fist
17257,223,F_LETTER,first
17258,223,F_LETTER,fuck
17259,223,F_LETTER,feels
17260,223,F_LETTER,fix
17261,223,F_LETTER,frappuccino
17262,223,F_LETTER,finesse
17263,224,F_LETTER,Fish
17264,224,F_LETTER,friend
17265,224,F_LETTER,fire
17266,224,F_LETTER,fierce
17267,224,F_LETTER,flame
17268,224,F_LETTER,fight
17269,224,F_LETTER,friendly
17270,224,F_LETTER,foe
17271,224,F_LETTER,fake
17272,224,F_LETTER,fame
17273,224,F_LETTER,fought
17274,224,F_LETTER,face
17275,224,F_LETTER,for
17276,224,F_LETTER,from
17277,224,F_LETTER,farm
17278,224,F_LETTER,form
17279,224,F_LETTER,fact
17280,224,F_LETTER,follow
17281,224,F_LETTER,forge
17282,224,F_LETTER,fall
17283,224,F_LETTER,fail
17284,224,F_LETTER,fast
17285,224,F_LETTER,sar
17286,224,F_LETTER,flop
17287,224,F_LETTER,faster
17288,224,F_LETTER,fill
17289,224,F_LETTER,front
17290,224,F_LETTER,frog
17291,224,F_LETTER,fiesty
17292,224,F_LETTER,fellow
17293,225,F_LETTER,Frog
17294,225,F_LETTER,fun
17295,225,F_LETTER,fold
17296,225,F_LETTER,fan
17297,225,F_LETTER,flight
17298,225,F_LETTER,fright
17299,225,F_LETTER,funny
17300,225,F_LETTER,fortune
17301,225,F_LETTER,fable
17302,225,F_LETTER,fundamental
17303,225,F_LETTER,flute
17304,225,F_LETTER,fort
17305,225,F_LETTER,fraud
17306,225,F_LETTER,fake
17307,225,F_LETTER,flake
17308,226,F_LETTER,From
17309,226,F_LETTER,font
17310,226,F_LETTER,fant
17311,226,F_LETTER,front
17312,226,F_LETTER,frame
17313,226,F_LETTER,fuck
17314,226,F_LETTER,fat
17315,226,F_LETTER,fabulous
17316,226,F_LETTER,fact
17317,226,F_LETTER,fad
17318,226,F_LETTER,face
17319,226,F_LETTER,fraud
17320,226,F_LETTER,feminine
17321,226,F_LETTER,frontal
17322,226,F_LETTER,famous
17323,226,F_LETTER,far
17324,226,F_LETTER,fate
17325,226,F_LETTER,fame
17326,226,F_LETTER,full
17327,226,F_LETTER,farm
17328,226,F_LETTER,fan
17329,226,F_LETTER,fantastic
17330,226,F_LETTER,fine
17331,227,F_LETTER,Food
17332,227,F_LETTER,fine
17333,227,F_LETTER,find
17334,227,F_LETTER,fin
17335,227,F_LETTER,friend
17336,227,F_LETTER,free
17337,227,F_LETTER,fee
17338,227,F_LETTER,fuck
17339,227,F_LETTER,finish
17340,227,F_LETTER,fish
17341,227,F_LETTER,flush
17342,227,F_LETTER,fro
17343,227,F_LETTER,feind
17344,227,F_LETTER,flower
17345,227,F_LETTER,flow
17346,227,F_LETTER,finger
17347,227,F_LETTER,fig
17348,227,F_LETTER,far
17349,227,F_LETTER,fat
17350,227,F_LETTER,fast
17351,227,F_LETTER,felt
17352,227,F_LETTER,feel
17353,227,F_LETTER,feel
17354,227,F_LETTER,feeling
17355,227,F_LETTER,funny
17356,227,F_LETTER,fun
17357,227,F_LETTER,frank
17358,227,F_LETTER,fill
17359,227,F_LETTER,filling
17360,227,F_LETTER,filler
17361,227,F_LETTER,found
17362,227,F_LETTER,fair
17363,227,F_LETTER,fare
17364,227,F_LETTER,fins
17365,228,F_LETTER,Fun
17366,228,F_LETTER,fantastic
17367,228,F_LETTER,fantasy
17368,228,F_LETTER,free
17369,228,F_LETTER,freedom
17370,228,F_LETTER,freight
17371,228,F_LETTER,fright
17372,228,F_LETTER,foul
17373,228,F_LETTER,far
17374,228,F_LETTER,fart
17375,228,F_LETTER,fail
17376,228,F_LETTER,form
17377,228,F_LETTER,feed
17378,228,F_LETTER,feel
17379,228,F_LETTER,formula
17380,228,F_LETTER,formulate
17381,228,F_LETTER,forclosure
17382,228,F_LETTER,fortune
17383,228,F_LETTER,fortunate
17384,228,F_LETTER,feind
17385,228,F_LETTER,fix
17386,228,F_LETTER,fax
17387,228,F_LETTER,fox
17388,228,F_LETTER,fare
17389,228,F_LETTER,fair
17390,228,F_LETTER,fart
17391,228,F_LETTER,focus
17392,228,F_LETTER,feast
17393,228,F_LETTER,fast
17394,228,F_LETTER,fate
17395,228,F_LETTER,font
17396,228,F_LETTER,foe
17397,229,F_LETTER,Flower
17398,229,F_LETTER,farm
17399,229,F_LETTER,freedom
17400,229,F_LETTER,fragrance
17401,229,F_LETTER,fell
17402,229,F_LETTER,from
17403,229,F_LETTER,fly
17404,229,F_LETTER,flip
17405,229,F_LETTER,fall
17406,229,F_LETTER,falter
17407,229,F_LETTER,fight
17408,229,F_LETTER,force
17409,229,F_LETTER,felt
17410,229,F_LETTER,formal
17411,229,F_LETTER,form
17412,229,F_LETTER,file
17413,229,F_LETTER,fart
17414,229,F_LETTER,feline
17415,229,F_LETTER,five
17416,229,F_LETTER,fix
17417,229,F_LETTER,fudge
17418,229,F_LETTER,fork
17419,229,F_LETTER,frame
17420,230,F_LETTER,Fall
17421,230,F_LETTER,fair
17422,230,F_LETTER,fix
17423,230,F_LETTER,fixing
17424,230,F_LETTER,faint
17425,230,F_LETTER,fell
17426,230,F_LETTER,far
17427,230,F_LETTER,fast
17428,230,F_LETTER,faster
17429,230,F_LETTER,fuck
17430,230,F_LETTER,forgo
17431,230,F_LETTER,forgone
17432,230,F_LETTER,forgot
17433,230,F_LETTER,forgetful
17434,230,F_LETTER,fill
17435,230,F_LETTER,filling
17436,230,F_LETTER,frat
17437,230,F_LETTER,father
17438,230,F_LETTER,fate
17439,230,F_LETTER,feign
17440,231,F_LETTER,False
17441,231,F_LETTER,fraud
17442,231,F_LETTER,fraudulant
17443,231,F_LETTER,free
17444,231,F_LETTER,freed
17445,231,F_LETTER,friend
17446,231,F_LETTER,friends
17447,231,F_LETTER,fairy
17448,231,F_LETTER,fall
17449,231,F_LETTER,fell
17450,231,F_LETTER,ferry
17451,231,F_LETTER,first
17452,231,F_LETTER,flee
17453,231,F_LETTER,fiswt
17454,231,F_LETTER,far
17455,231,F_LETTER,fair
17456,231,F_LETTER,fleer
17457,231,F_LETTER,fairier
17458,232,F_LETTER,Fat
17459,232,F_LETTER,fast
17460,232,F_LETTER,fasten
17461,232,F_LETTER,flower
17462,232,F_LETTER,fame
17463,232,F_LETTER,fan
17464,232,F_LETTER,fantasy
17465,232,F_LETTER,flying
17466,232,F_LETTER,flight
17467,232,F_LETTER,fear
17468,232,F_LETTER,frighten
17469,232,F_LETTER,furious
17470,232,F_LETTER,flame
17471,232,F_LETTER,flameproof
17472,232,F_LETTER,fire
17473,232,F_LETTER,firestorm. Fireman
17474,232,F_LETTER,fierce
17475,232,F_LETTER,finesse
17476,232,F_LETTER,fake
17477,232,F_LETTER,fine
17478,232,F_LETTER,fines
17479,233,F_LETTER,Fun
17480,233,F_LETTER,funny
17481,233,F_LETTER,fan
17482,233,F_LETTER,flip-flop
17483,233,F_LETTER,fantastic
17484,233,F_LETTER,fudge
17485,233,F_LETTER,family
17486,233,F_LETTER,foreign
17487,233,F_LETTER,fasinated
17488,233,F_LETTER,fabulous
17489,233,F_LETTER,friends
17490,233,F_LETTER,france
17491,233,F_LETTER,force
17492,233,F_LETTER,fake
17493,233,F_LETTER,forensics
17494,233,F_LETTER,fork
17495,233,F_LETTER,food
17496,233,F_LETTER,fries
17497,233,F_LETTER,friday
17498,233,F_LETTER,february
17499,233,F_LETTER,film
17500,233,F_LETTER,flash light
17501,234,F_LETTER,For
17502,234,F_LETTER,food
17503,234,F_LETTER,foreign
17504,234,F_LETTER,false
17505,234,F_LETTER,fact
17506,234,F_LETTER,fairy
17507,234,F_LETTER,fast
17508,234,F_LETTER,fan
17509,234,F_LETTER,follow
17510,234,F_LETTER,fang
17511,234,F_LETTER,firetruck
17512,234,F_LETTER,fire
17513,234,F_LETTER,fierce
17514,234,F_LETTER,fill
17515,234,F_LETTER,fool
17516,234,F_LETTER,four
17517,234,F_LETTER,forty
17518,235,F_LETTER,First
17519,235,F_LETTER,fat
17520,235,F_LETTER,french
17521,235,F_LETTER,fart
17522,235,F_LETTER,fancy
17523,235,F_LETTER,fish
17524,235,F_LETTER,final
17525,235,F_LETTER,film
17526,235,F_LETTER,forward
17527,235,F_LETTER,feed
17528,235,F_LETTER,food
17529,235,F_LETTER,fun
17530,235,F_LETTER,funny
17531,235,F_LETTER,fix
17532,235,F_LETTER,family
17533,235,F_LETTER,front
17534,235,F_LETTER,fable
17535,235,F_LETTER,fool
17536,235,F_LETTER,five
17537,235,F_LETTER,fifty
17538,235,F_LETTER,friends
17539,235,F_LETTER,feelings
17540,235,F_LETTER,feel
17541,236,F_LETTER,Forgive
17542,236,F_LETTER,forget
17543,236,F_LETTER,food
17544,236,F_LETTER,fast
17545,236,F_LETTER,fat
17546,236,F_LETTER,fatigue
17547,236,F_LETTER,form
17548,236,F_LETTER,false
17549,236,F_LETTER,falsify
17550,236,F_LETTER,folgone
17551,236,F_LETTER,family
17552,236,F_LETTER,friends
17553,236,F_LETTER,fries
17554,236,F_LETTER,febreeze
17555,236,F_LETTER,foam
17556,236,F_LETTER,front
17557,236,F_LETTER,fight
17558,236,F_LETTER,fists
17559,236,F_LETTER,forge
17560,236,F_LETTER,fart
17561,236,F_LETTER,fingers
17562,236,F_LETTER,foul
17563,237,F_LETTER,Flip
17564,237,F_LETTER,flop
17565,237,F_LETTER,fight
17566,237,F_LETTER,front
17567,237,F_LETTER,fat
17568,237,F_LETTER,fire
17569,237,F_LETTER,free
17570,237,F_LETTER,flew
17571,237,F_LETTER,flat
17572,237,F_LETTER,foot
17573,237,F_LETTER,facebook
17574,237,F_LETTER,further
17575,237,F_LETTER,freak
17576,237,F_LETTER,fear
17577,237,F_LETTER,face
17578,237,F_LETTER,fan
17579,237,F_LETTER,faint
17580,237,F_LETTER,fin
17581,237,F_LETTER,fill
17582,237,F_LETTER,far
17583,237,F_LETTER,fluide
17584,237,F_LETTER,flame
17585,237,F_LETTER,flake
17586,237,F_LETTER,familiar
17587,237,F_LETTER,family
17588,237,F_LETTER,from
17589,238,F_LETTER,Forgot
17590,238,F_LETTER,flung
17591,238,F_LETTER,fed
17592,238,F_LETTER,feed
17593,238,F_LETTER,fail
17594,238,F_LETTER,force
17595,238,F_LETTER,flew
17596,238,F_LETTER,food
17597,238,F_LETTER,foot
17598,238,F_LETTER,feet
17599,238,F_LETTER,false
17600,238,F_LETTER,falsify
17601,238,F_LETTER,fought
17602,238,F_LETTER,fight
17603,238,F_LETTER,fighting
17604,238,F_LETTER,fell
17605,238,F_LETTER,fall
17606,238,F_LETTER,free
17607,239,F_LETTER,Fun
17608,239,F_LETTER,fly
17609,239,F_LETTER,fright
17610,239,F_LETTER,fair
17611,239,F_LETTER,fight
17612,239,F_LETTER,forget
17613,239,F_LETTER,fan
17614,239,F_LETTER,fake
17615,239,F_LETTER,far
17616,239,F_LETTER,found
17617,239,F_LETTER,four
17618,239,F_LETTER,for
17619,239,F_LETTER,frisk
17620,239,F_LETTER,flask
17621,239,F_LETTER,fig
17622,239,F_LETTER,fantasy
17623,240,F_LETTER,Full
17624,240,F_LETTER,fail
17625,240,F_LETTER,family
17626,240,F_LETTER,fun
17627,240,F_LETTER,fit
17628,240,F_LETTER,fell
17629,240,F_LETTER,feel
17630,240,F_LETTER,flight
17631,240,F_LETTER,fire
17632,240,F_LETTER,fig
17633,240,F_LETTER,file
17634,240,F_LETTER,flat
17635,240,F_LETTER,fat
17636,240,F_LETTER,feet
17637,240,F_LETTER,flare
17638,240,F_LETTER,fall
17639,240,F_LETTER,fure
17640,240,F_LETTER,fist
17641,240,F_LETTER,foot
17642,240,F_LETTER,for
17643,241,F_LETTER,Food
17644,241,F_LETTER,fingers
17645,241,F_LETTER,fingernail
17646,241,F_LETTER,fidget
17647,241,F_LETTER,fight
17648,241,F_LETTER,fox
17649,241,F_LETTER,flight
17650,241,F_LETTER,flowers
17651,241,F_LETTER,famished
17652,241,F_LETTER,flossing
17653,241,F_LETTER,female
17654,241,F_LETTER,feminine
17655,241,F_LETTER,fort
17656,241,F_LETTER,fawn
17657,241,F_LETTER,fist
17658,241,F_LETTER,fame
17659,241,F_LETTER,flames
17660,241,F_LETTER,film
17661,241,F_LETTER,fix
17662,241,F_LETTER,fixed
17663,241,F_LETTER,fur
17664,241,F_LETTER,fitting
17665,241,F_LETTER,formal
17666,241,F_LETTER,floral
17667,241,F_LETTER,famous
17668,241,F_LETTER,flamingo
17669,242,F_LETTER,Food
17670,242,F_LETTER,father
17671,242,F_LETTER,far
17672,242,F_LETTER,fat
17673,242,F_LETTER,family
17674,242,F_LETTER,fair
17675,242,F_LETTER,form
17676,242,F_LETTER,fear
17677,242,F_LETTER,fern
17678,242,F_LETTER,five
17679,242,F_LETTER,fifth
17680,242,F_LETTER,find
17681,242,F_LETTER,found
17682,242,F_LETTER,fan
17683,242,F_LETTER,for
17684,242,F_LETTER,four
17685,242,F_LETTER,fart
17686,242,F_LETTER,fence
17687,242,F_LETTER,fend
17688,242,F_LETTER,fork
17689,242,F_LETTER,fort
17690,243,F_LETTER,Fun
17691,243,F_LETTER,fast
17692,243,F_LETTER,fantastic
17693,243,F_LETTER,feature
17694,243,F_LETTER,feet
17695,243,F_LETTER,feel
17696,243,F_LETTER,feeling
17697,243,F_LETTER,fate
17698,243,F_LETTER,faster
17699,243,F_LETTER,fango
17700,243,F_LETTER,foot
17701,243,F_LETTER,fungus
17702,243,F_LETTER,fite
17703,243,F_LETTER,future
17704,244,F_LETTER,Frank
17705,244,F_LETTER,fudge
17706,244,F_LETTER,fire
17707,244,F_LETTER,free
17708,244,F_LETTER,for
17709,244,F_LETTER,fore
17710,244,F_LETTER,fair
17711,244,F_LETTER,fare
17712,244,F_LETTER,full
17713,244,F_LETTER,fall
17714,244,F_LETTER,fun
17715,244,F_LETTER,flame
17716,244,F_LETTER,flume
17717,244,F_LETTER,fear
17718,244,F_LETTER,fickle
17719,244,F_LETTER,flinch
17720,244,F_LETTER,fox
17721,244,F_LETTER,finch
17722,245,F_LETTER,Firetruck
17723,245,F_LETTER,fuck
17724,245,F_LETTER,frank
17725,245,F_LETTER,forward
17726,245,F_LETTER,fart
17727,245,F_LETTER,front
17728,245,F_LETTER,face
17729,245,F_LETTER,fall
17730,245,F_LETTER,fate
17731,245,F_LETTER,faith
17732,245,F_LETTER,fraternity
17733,245,F_LETTER,freak
17734,245,F_LETTER,fruit
17735,245,F_LETTER,fish
17736,245,F_LETTER,fingers
17737,245,F_LETTER,fins
17738,245,F_LETTER,fertile
17739,245,F_LETTER,furtive
17740,245,F_LETTER,freaky
17741,245,F_LETTER,fantasy
17742,245,F_LETTER,fountain
17743,245,F_LETTER,foundation
17744,245,F_LETTER,fly
17745,245,F_LETTER,float
17746,245,F_LETTER,forth
17747,245,F_LETTER,fortnite
17748,245,F_LETTER,forty
17749,245,F_LETTER,flexible
17750,245,F_LETTER,funny
17751,245,F_LETTER,fear
17752,246,F_LETTER,Fun
17753,246,F_LETTER,for
17754,246,F_LETTER,forcast
17755,246,F_LETTER,facts
17756,246,F_LETTER,from
17757,246,F_LETTER,form
17758,246,F_LETTER,fraction
17759,246,F_LETTER,fundimentels
17760,246,F_LETTER,forign
17761,246,F_LETTER,forgo
17762,246,F_LETTER,friend
17763,246,F_LETTER,fean
17764,246,F_LETTER,fred
17765,246,F_LETTER,fried
17766,246,F_LETTER,french
17767,246,F_LETTER,fuck
17768,246,F_LETTER,first
17769,246,F_LETTER,fist
17770,246,F_LETTER,france
17771,246,F_LETTER,film
17772,246,F_LETTER,fill
17773,247,F_LETTER,Frog
17774,247,F_LETTER,fog
17775,247,F_LETTER,farm
17776,247,F_LETTER,faucet
17777,247,F_LETTER,failure
17778,247,F_LETTER,frozen
17779,247,F_LETTER,factory
17780,247,F_LETTER,fudge
17781,247,F_LETTER,face
17782,247,F_LETTER,fake
17783,247,F_LETTER,fact
17784,247,F_LETTER,fire
17785,247,F_LETTER,firetruck
17786,247,F_LETTER,fireman
17787,247,F_LETTER,fail
17788,247,F_LETTER,flower
17789,248,F_LETTER,French
17790,248,F_LETTER,fries
17791,248,F_LETTER,flamingo
17792,248,F_LETTER,fire
17793,248,F_LETTER,flames
17794,248,F_LETTER,fly
17795,248,F_LETTER,fraternity
17796,248,F_LETTER,free
17797,248,F_LETTER,falling
17798,248,F_LETTER,fell
17799,248,F_LETTER,friction
17800,248,F_LETTER,fraction
17801,248,F_LETTER,for
17802,248,F_LETTER,freedom
17803,248,F_LETTER,files
17804,248,F_LETTER,forensics
17805,248,F_LETTER,fluorine
17806,248,F_LETTER,fallacy
17807,248,F_LETTER,flying
17808,249,F_LETTER,Fall
17809,249,F_LETTER,fail
17810,249,F_LETTER,failure
17811,249,F_LETTER,flavor
17812,249,F_LETTER,feature
17813,249,F_LETTER,feather
17814,249,F_LETTER,father
17815,249,F_LETTER,finger
17816,249,F_LETTER,fingernail
17817,249,F_LETTER,face
17818,249,F_LETTER,flock
17819,249,F_LETTER,focus
17820,249,F_LETTER,french
17821,249,F_LETTER,fries
17822,249,F_LETTER,fry
17823,250,F_LETTER,Fudge
17824,250,F_LETTER,fuck
17825,250,F_LETTER,fumble
17826,250,F_LETTER,fridge
17827,250,F_LETTER,fun
17828,250,F_LETTER,funny
17829,250,F_LETTER,film
17830,250,F_LETTER,filth
17831,250,F_LETTER,filthy
17832,250,F_LETTER,faction
17833,250,F_LETTER,fact
17834,250,F_LETTER,face
17835,250,F_LETTER,facepalm
17836,250,F_LETTER,fucker
17837,250,F_LETTER,food
17838,250,F_LETTER,fat
17839,250,F_LETTER,fatty
17840,250,F_LETTER,flamingo
17841,250,F_LETTER,forward
17842,250,F_LETTER,fiction
17843,250,F_LETTER,fluffy
17844,251,F_LETTER,Favorite
17845,251,F_LETTER,fond
17846,251,F_LETTER,fat
17847,251,F_LETTER,frolic
17848,251,F_LETTER,fumble
17849,251,F_LETTER,fence
17850,251,F_LETTER,floor
17851,251,F_LETTER,foot
17852,251,F_LETTER,ford
17853,251,F_LETTER,fort
17854,251,F_LETTER,four
17855,251,F_LETTER,five
17856,251,F_LETTER,flourish
17857,252,F_LETTER,Frank
17858,252,F_LETTER,frog
17859,252,F_LETTER,fuck
17860,252,F_LETTER,fart
17861,252,F_LETTER,father
17862,252,F_LETTER,fat
17863,252,F_LETTER,fatter
17864,252,F_LETTER,false
17865,252,F_LETTER,falsify
17866,252,F_LETTER,faculty
17867,252,F_LETTER,fast
17868,252,F_LETTER,faster
17869,252,F_LETTER,fastest
17870,252,F_LETTER,fear
17871,252,F_LETTER,fearful
17872,252,F_LETTER,flawless
17873,252,F_LETTER,fire
17874,252,F_LETTER,fireflies
17875,252,F_LETTER,fountain
17876,252,F_LETTER,faucet
17877,252,F_LETTER,fate
17878,252,F_LETTER,fall
17879,252,F_LETTER,fell
17880,252,F_LETTER,falling
17881,252,F_LETTER,freely
17882,252,F_LETTER,free
17883,253,F_LETTER,Frog
17884,253,F_LETTER,fan
17885,253,F_LETTER,fry
17886,253,F_LETTER,fuck
17887,253,F_LETTER,fridge
17888,253,F_LETTER,fudge
17889,253,F_LETTER,football
17890,253,F_LETTER,fred
17891,253,F_LETTER,fraction
17892,253,F_LETTER,fracture
17893,253,F_LETTER,friction
17894,253,F_LETTER,fine
17895,253,F_LETTER,fallopian tubes
17896,253,F_LETTER,federal
17897,253,F_LETTER,finger
17898,253,F_LETTER,fight
17899,253,F_LETTER,flight
17900,254,F_LETTER,Fake
17901,254,F_LETTER,football
17902,254,F_LETTER,foot
17903,254,F_LETTER,feet
17904,254,F_LETTER,fan
17905,254,F_LETTER,faint
17906,254,F_LETTER,faith
17907,254,F_LETTER,father
17908,254,F_LETTER,fable
17909,254,F_LETTER,fat
17910,254,F_LETTER,flute
17911,254,F_LETTER,fluke
17912,254,F_LETTER,flake
17913,254,F_LETTER,fast
17914,254,F_LETTER,for
17915,254,F_LETTER,fun
17916,254,F_LETTER,four
17917,254,F_LETTER,forty
17918,254,F_LETTER,fault
17919,254,F_LETTER,fall
17920,254,F_LETTER,fail
17921,254,F_LETTER,fort
17922,254,F_LETTER,fane
17923,254,F_LETTER,fantastic
17924,255,F_LETTER,Fabulous
17925,255,F_LETTER,famous
17926,255,F_LETTER,fun
17927,255,F_LETTER,funny
17928,255,F_LETTER,future
17929,255,F_LETTER,fantastic
17930,255,F_LETTER,for
17931,255,F_LETTER,fin
17932,255,F_LETTER,fingers
17933,255,F_LETTER,fine
17934,255,F_LETTER,forcast
17935,255,F_LETTER,foremost
17936,255,F_LETTER,furry
17937,255,F_LETTER,fuzzy
17938,256,F_LETTER,Flamingo
17939,256,F_LETTER,flacid
17940,256,F_LETTER,federal
17941,256,F_LETTER,faul
17942,256,F_LETTER,fix
17943,256,F_LETTER,fixed
17944,256,F_LETTER,fake
17945,256,F_LETTER,fefe
17946,256,F_LETTER,flingston
17947,256,F_LETTER,fixing
17948,256,F_LETTER,fluency
17949,256,F_LETTER,fluor [best guess - hard to read]
17950,256,F_LETTER,fluent
17951,257,F_LETTER,Fish
17952,257,F_LETTER,friend
17953,257,F_LETTER,fight
17954,257,F_LETTER,follow
17955,257,F_LETTER,farm
17956,257,F_LETTER,for
17957,257,F_LETTER,from
17958,257,F_LETTER,freak
17959,257,F_LETTER,fright
17960,257,F_LETTER,fort
17961,257,F_LETTER,fork
17962,257,F_LETTER,fart
17963,257,F_LETTER,fern
17964,257,F_LETTER,finger
17965,257,F_LETTER,fat
17966,257,F_LETTER,fender
17967,257,F_LETTER,fellowship
17968,257,F_LETTER,firm
17969,257,F_LETTER,free
17970,258,F_LETTER,Fry
17971,258,F_LETTER,friend
17972,258,F_LETTER,fish
17973,258,F_LETTER,fun
17974,258,F_LETTER,face
17975,258,F_LETTER,fan
17976,258,F_LETTER,fortune
17977,258,F_LETTER,full
17978,258,F_LETTER,faint
17979,258,F_LETTER,fin
17980,258,F_LETTER,fear
17981,258,F_LETTER,fault
17982,258,F_LETTER,free
17983,258,F_LETTER,four
17984,258,F_LETTER,fly
17985,258,F_LETTER,fill
17986,258,F_LETTER,fat
17987,258,F_LETTER,flinch
17988,258,F_LETTER,fart
17989,258,F_LETTER,fall
17990,258,F_LETTER,fit
17991,258,F_LETTER,fast
17992,258,F_LETTER,fame
17993,258,F_LETTER,finish
17994,258,F_LETTER,flat
17995,258,F_LETTER,fine
17996,258,F_LETTER,find
17997,258,F_LETTER,freedom
17998,258,F_LETTER,fluency
17999,258,F_LETTER,for
18000,259,F_LETTER,Free
18001,259,F_LETTER,found
18002,259,F_LETTER,foot
18003,259,F_LETTER,fire
18004,259,F_LETTER,fuel
18005,259,F_LETTER,fuck
18006,259,F_LETTER,floor
18007,259,F_LETTER,full
18008,259,F_LETTER,football
18009,259,F_LETTER,futball
18010,259,F_LETTER,food
18011,259,F_LETTER,fat
18012,259,F_LETTER,fall
18013,259,F_LETTER,fell
18014,259,F_LETTER,fubar
18015,259,F_LETTER,finger
18016,259,F_LETTER,fingernail
18017,259,F_LETTER,four
18018,259,F_LETTER,funny
18019,259,F_LETTER,for
18020,259,F_LETTER,forbes
18021,259,F_LETTER,flour
18022,260,F_LETTER,Fire
18023,260,F_LETTER,flame
18024,260,F_LETTER,fumes
18025,260,F_LETTER,fun
18026,260,F_LETTER,friends
18027,260,F_LETTER,family
18028,260,F_LETTER,fushia
18029,260,F_LETTER,fine
18030,260,F_LETTER,finish
18031,260,F_LETTER,french
18032,260,F_LETTER,fish
18033,260,F_LETTER,finally
18034,260,F_LETTER,fantastic
18035,260,F_LETTER,friendly
18036,260,F_LETTER,feirce
18037,260,F_LETTER,feind
18038,260,F_LETTER,formal
18039,260,F_LETTER,formaly
18040,260,F_LETTER,fitness
18041,260,F_LETTER,finess
18042,260,F_LETTER,fame
18043,260,F_LETTER,fortune
18044,260,F_LETTER,fortunatley
18045,260,F_LETTER,formalda
18046,261,F_LETTER,Fact
18047,261,F_LETTER,fat
18048,261,F_LETTER,factual
18049,261,F_LETTER,figure
18050,261,F_LETTER,figurine
18051,261,F_LETTER,family
18052,261,F_LETTER,faint
18053,261,F_LETTER,fan
18054,261,F_LETTER,fanning
18055,261,F_LETTER,fast
18056,261,F_LETTER,faster
18057,261,F_LETTER,fastest
18058,261,F_LETTER,fasting
18059,261,F_LETTER,function
18060,261,F_LETTER,functional
18061,261,F_LETTER,functioning
18062,261,F_LETTER,full
18063,261,F_LETTER,fully
18064,261,F_LETTER,fabulous
18065,262,F_LETTER,Food
18066,262,F_LETTER,four
18067,262,F_LETTER,fun
18068,262,F_LETTER,flour
18069,262,F_LETTER,finish
18070,262,F_LETTER,fast
18071,262,F_LETTER,feel
18072,262,F_LETTER,for
18073,262,F_LETTER,fingers
18074,262,F_LETTER,fist
18075,262,F_LETTER,final
18076,262,F_LETTER,five
18077,262,F_LETTER,flick
18078,262,F_LETTER,fine
18079,262,F_LETTER,fin
18080,262,F_LETTER,forever
18081,262,F_LETTER,file
18082,263,F_LETTER,First
18083,263,F_LETTER,four
18084,263,F_LETTER,face
18085,263,F_LETTER,foul
18086,263,F_LETTER,force
18087,263,F_LETTER,formal
18088,263,F_LETTER,friend
18089,263,F_LETTER,friendly
18090,263,F_LETTER,fear
18091,263,F_LETTER,food
18092,263,F_LETTER,fun
18093,263,F_LETTER,follow
18094,263,F_LETTER,fell
18095,263,F_LETTER,fellow
18096,263,F_LETTER,fall
18097,263,F_LETTER,freedom
18098,263,F_LETTER,fit
18099,263,F_LETTER,flying
18100,263,F_LETTER,fly
18101,263,F_LETTER,full
18102,263,F_LETTER,function
18103,263,F_LETTER,flew
18104,263,F_LETTER,free
18105,263,F_LETTER,final
18106,263,F_LETTER,friction
18107,263,F_LETTER,fiction
18108,263,F_LETTER,fiddle
18109,263,F_LETTER,find
18110,263,F_LETTER,finding
18111,263,F_LETTER,few
18112,264,F_LETTER,Fairy
18113,264,F_LETTER,fairly
18114,264,F_LETTER,forward
18115,264,F_LETTER,forehead
18116,264,F_LETTER,foreign
18117,264,F_LETTER,feet
18118,264,F_LETTER,foot
18119,264,F_LETTER,football
18120,264,F_LETTER,five
18121,264,F_LETTER,finger
18122,264,F_LETTER,feeling
18123,264,F_LETTER,friend
18124,264,F_LETTER,friendship
18125,264,F_LETTER,friendly
18126,264,F_LETTER,fun
18127,264,F_LETTER,funny
18128,264,F_LETTER,fungus
18129,264,F_LETTER,fit
18130,264,F_LETTER,fiddle
18131,264,F_LETTER,filling
18132,264,F_LETTER,fill
18133,264,F_LETTER,filthy
18134,264,F_LETTER,floor
18135,264,F_LETTER,fence
18136,264,F_LETTER,fleece
18137,264,F_LETTER,fluoride
18138,264,F_LETTER,flour
18139,264,F_LETTER,flower
18140,265,F_LETTER,Fish
18141,265,F_LETTER,food
18142,265,F_LETTER,freedom
18143,265,F_LETTER,fair
18144,265,F_LETTER,fare
18145,265,F_LETTER,fall
18146,265,F_LETTER,face
18147,265,F_LETTER,false
18148,265,F_LETTER,fruit
18149,265,F_LETTER,free
18150,265,F_LETTER,frown
18151,265,F_LETTER,fake
18152,265,F_LETTER,father
18153,265,F_LETTER,foil
18154,265,F_LETTER,fairy
18155,265,F_LETTER,front
18156,265,F_LETTER,forward
18157,265,F_LETTER,focus
18158,266,F_LETTER,Fun
18159,266,F_LETTER,firetruck
18160,266,F_LETTER,fire
18161,266,F_LETTER,firehydrant
18162,266,F_LETTER,friend
18163,266,F_LETTER,fellow
18164,266,F_LETTER,fiend
18165,266,F_LETTER,faint
18166,266,F_LETTER,far
18167,266,F_LETTER,funny
18168,266,F_LETTER,flip
18169,266,F_LETTER,found
18170,266,F_LETTER,find
18171,266,F_LETTER,for
18172,266,F_LETTER,from
18173,266,F_LETTER,form
18174,266,F_LETTER,format
18175,266,F_LETTER,fern
18176,266,F_LETTER,fine
18177,266,F_LETTER,foundation
18178,266,F_LETTER,federation
18179,266,F_LETTER,fountain
18180,266,F_LETTER,fireworks
18181,267,F_LETTER,Finish
18182,267,F_LETTER,food
18183,267,F_LETTER,favorite
18184,267,F_LETTER,friend
18185,267,F_LETTER,friends
18186,267,F_LETTER,foe
18187,267,F_LETTER,foul
18188,267,F_LETTER,full
18189,267,F_LETTER,fun
18190,267,F_LETTER,fantastic
18191,267,F_LETTER,fan
18192,267,F_LETTER,final
18193,267,F_LETTER,finally
18194,267,F_LETTER,finalli
18195,267,F_LETTER,freeze
18196,267,F_LETTER,froze
18197,267,F_LETTER,fried
18198,267,F_LETTER,funny
18199,267,F_LETTER,fry
18200,267,F_LETTER,fried
18201,267,F_LETTER,fair
18202,267,F_LETTER,fear
18203,267,F_LETTER,fast
18204,268,F_LETTER,Friday
18205,268,F_LETTER,false
18206,268,F_LETTER,fake
18207,268,F_LETTER,fun
18208,268,F_LETTER,face
18209,268,F_LETTER,fudge
18210,268,F_LETTER,feet
18211,268,F_LETTER,frick
18212,268,F_LETTER,freak
18213,268,F_LETTER,friend
18214,268,F_LETTER,free
18215,268,F_LETTER,feed
18216,269,F_LETTER,Fun
18217,269,F_LETTER,flame
18218,269,F_LETTER,flat
18219,269,F_LETTER,fat
18220,269,F_LETTER,fabulous
18221,269,F_LETTER,furious
18222,269,F_LETTER,fast
18223,269,F_LETTER,free
18224,269,F_LETTER,freedom
18225,269,F_LETTER,fredrick
18226,269,F_LETTER,funnel
18227,269,F_LETTER,fume
18228,269,F_LETTER,firm
18229,269,F_LETTER,furnace
18230,269,F_LETTER,fire
18231,269,F_LETTER,fear
18232,269,F_LETTER,feel
18233,269,F_LETTER,fell
18234,269,F_LETTER,five
18235,269,F_LETTER,four
18236,269,F_LETTER,forever
18237,269,F_LETTER,fry
18238,269,F_LETTER,fracking
18239,269,F_LETTER,fever
18240,270,F_LETTER,Food
18241,270,F_LETTER,fixed
18242,270,F_LETTER,face
18243,270,F_LETTER,fresh
18244,270,F_LETTER,fierce
18245,270,F_LETTER,funny
18246,270,F_LETTER,frank
18247,270,F_LETTER,firetruck
18248,270,F_LETTER,flow
18249,270,F_LETTER,faced
18250,270,F_LETTER,fantastic
18251,270,F_LETTER,fabulous
18252,270,F_LETTER,for
18253,270,F_LETTER,forensic
18254,270,F_LETTER,files
18255,270,F_LETTER,filed
18256,270,F_LETTER,full
18257,270,F_LETTER,force
18258,270,F_LETTER,fork
18259,270,F_LETTER,far
18260,270,F_LETTER,farm
18261,271,F_LETTER,Fun
18262,271,F_LETTER,fluent
18263,271,F_LETTER,fan
18264,271,F_LETTER,fish
18265,271,F_LETTER,fairy
18266,271,F_LETTER,files
18267,271,F_LETTER,freak
18268,271,F_LETTER,fetish
18269,271,F_LETTER,fresh
18270,271,F_LETTER,fins
18271,271,F_LETTER,fail
18272,271,F_LETTER,fall
18273,271,F_LETTER,fix
18274,271,F_LETTER,fox
18275,271,F_LETTER,four
18276,271,F_LETTER,fort
18277,271,F_LETTER,from
18278,272,F_LETTER,Fact
18279,272,F_LETTER,factor
18280,272,F_LETTER,factoring
18281,272,F_LETTER,facts
18282,272,F_LETTER,faith
18283,272,F_LETTER,fury
18284,272,F_LETTER,fun
18285,272,F_LETTER,finance
18286,272,F_LETTER,few
18287,272,F_LETTER,fern
18288,272,F_LETTER,fill
18289,272,F_LETTER,form
18290,272,F_LETTER,fog
18291,272,F_LETTER,fall
18292,272,F_LETTER,fad
18293,272,F_LETTER,fed
18294,272,F_LETTER,feed
18295,272,F_LETTER,furnace
18296,272,F_LETTER,financer
18297,272,F_LETTER,finances
18298,272,F_LETTER,farm
18299,272,F_LETTER,farmer
18300,272,F_LETTER,farming
18301,272,F_LETTER,frog
18302,272,F_LETTER,flirt
18303,273,F_LETTER,From
18304,273,F_LETTER,for
18305,273,F_LETTER,fort
18306,273,F_LETTER,forgot
18307,273,F_LETTER,forget
18308,273,F_LETTER,forgotten
18309,273,F_LETTER,finish
18310,273,F_LETTER,finnish
18311,273,F_LETTER,fortnite
18312,273,F_LETTER,fail
18313,273,F_LETTER,failed
18314,273,F_LETTER,failure
18315,273,F_LETTER,foul
18316,273,F_LETTER,fowl
18317,273,F_LETTER,flow
18318,273,F_LETTER,faucet
18319,273,F_LETTER,fairy
18320,273,F_LETTER,fair
18321,273,F_LETTER,four
18322,273,F_LETTER,furnish
18323,273,F_LETTER,fern
18324,273,F_LETTER,free
18325,273,F_LETTER,freedom
18326,273,F_LETTER,family
18327,273,F_LETTER,fundamental
18328,273,F_LETTER,funds
18329,274,F_LETTER,Fact
18330,274,F_LETTER,fiction
18331,274,F_LETTER,fighter
18332,274,F_LETTER,fright
18333,274,F_LETTER,friend
18334,274,F_LETTER,friendzone
18335,274,F_LETTER,freedom
18336,274,F_LETTER,flight
18337,274,F_LETTER,free
18338,274,F_LETTER,feet
18339,274,F_LETTER,find
18340,274,F_LETTER,feel
18341,274,F_LETTER,fit
18342,274,F_LETTER,fight
18343,274,F_LETTER,fill
18344,274,F_LETTER,full
18345,274,F_LETTER,fiend
18346,274,F_LETTER,foe
18347,274,F_LETTER,found
18348,274,F_LETTER,fin
18349,1,S_LETTER,Study
18350,1,S_LETTER,store
18351,1,S_LETTER,spiderman
18352,1,S_LETTER,strictly
18353,1,S_LETTER,show
18354,1,S_LETTER,shine
18355,1,S_LETTER,sin
18356,1,S_LETTER,sleep
18357,1,S_LETTER,super
18358,1,S_LETTER,superhero
18359,1,S_LETTER,superman
18360,1,S_LETTER,surprise
18361,1,S_LETTER,soup
18362,1,S_LETTER,supper
18363,1,S_LETTER,song
18364,1,S_LETTER,sung
18365,1,S_LETTER,sky
18366,1,S_LETTER,speed
18367,1,S_LETTER,skin
18368,1,S_LETTER,shoes
18369,1,S_LETTER,singing
18370,1,S_LETTER,strong
18371,2,S_LETTER,Sara
18372,2,S_LETTER,stupid
18373,2,S_LETTER,so
18374,2,S_LETTER,stumpedous
18375,2,S_LETTER,stomp
18376,2,S_LETTER,silly
18377,2,S_LETTER,sink
18378,2,S_LETTER,sunk
18379,2,S_LETTER,skunk
18380,2,S_LETTER,skull
18381,2,S_LETTER,Saul
18382,2,S_LETTER,solid
18383,2,S_LETTER,solidarity
18384,2,S_LETTER,solo
18385,2,S_LETTER,see
18386,2,S_LETTER,sea
18387,2,S_LETTER,seat
18388,2,S_LETTER,sit
18389,2,S_LETTER,some
18390,2,S_LETTER,siren
18391,2,S_LETTER,soccer
18392,2,S_LETTER,something
18393,3,S_LETTER,Suscmc (crossed out)
18394,3,S_LETTER,suspect
18395,3,S_LETTER,suculent
18396,3,S_LETTER,Sarah
18397,3,S_LETTER,savory
18398,3,S_LETTER,sandwich
18399,3,S_LETTER,save
18400,3,S_LETTER,savor
18401,3,S_LETTER,same
18402,3,S_LETTER,suck
18403,3,S_LETTER,study
18404,3,S_LETTER,stencil
18405,3,S_LETTER,schedule
18406,3,S_LETTER,Sam
18407,3,S_LETTER,strict
18408,3,S_LETTER,stale
18409,3,S_LETTER,sale
18410,3,S_LETTER,sm (crossed out)
18411,3,S_LETTER,small
18412,3,S_LETTER,snail
18413,3,S_LETTER,smaller
18414,4,S_LETTER,Snake
18415,4,S_LETTER,shower
18416,4,S_LETTER,soak
18417,4,S_LETTER,sponge
18418,4,S_LETTER,synonym
18419,4,S_LETTER,smart
18420,4,S_LETTER,style
18421,4,S_LETTER,so
18422,4,S_LETTER,snicker
18423,4,S_LETTER,sneaker
18424,4,S_LETTER,secret
18425,4,S_LETTER,sport
18426,4,S_LETTER,spirit
18427,4,S_LETTER,spar
18428,4,S_LETTER,start
18429,4,S_LETTER,short
18430,4,S_LETTER,sort
18431,4,S_LETTER,share
18432,4,S_LETTER,store
18433,4,S_LETTER,stock
18434,4,S_LETTER,sneak
18435,4,S_LETTER,side
18436,4,S_LETTER,square
18437,4,S_LETTER,steer
18438,4,S_LETTER,sneer
18439,4,S_LETTER,snort
18440,4,S_LETTER,some
18441,4,S_LETTER,somewhere
18442,4,S_LETTER,something
18443,4,S_LETTER,snare
18444,4,S_LETTER,stare
18445,4,S_LETTER,snore
18446,5,S_LETTER,Slow
18447,5,S_LETTER,slowly
18448,5,S_LETTER,slower
18449,5,S_LETTER,shower
18450,5,S_LETTER,show
18451,5,S_LETTER,showing
18452,5,S_LETTER,showed
18453,5,S_LETTER,short
18454,5,S_LETTER,shortstop
18455,5,S_LETTER,sport
18456,5,S_LETTER,sporting
18457,5,S_LETTER,sprinkle
18458,5,S_LETTER,sprite
18459,5,S_LETTER,speed
18460,5,S_LETTER,spin
18461,5,S_LETTER,spank
18462,5,S_LETTER,slap
18463,5,S_LETTER,slip
18464,5,S_LETTER,sleep
18465,5,S_LETTER,slept
18466,5,S_LETTER,slew
18467,5,S_LETTER,stew
18468,5,S_LETTER,stand
18469,5,S_LETTER,standing
18470,5,S_LETTER,steady
18471,5,S_LETTER,stadium
18472,5,S_LETTER,stop
18473,5,S_LETTER,stopper
18474,5,S_LETTER,studio
18475,5,S_LETTER,sing
18476,5,S_LETTER,singing
18477,5,S_LETTER,sound
18478,5,S_LETTER,sonic
18479,5,S_LETTER,sauce
18480,5,S_LETTER,source
18481,5,S_LETTER,selfish
18482,5,S_LETTER,satisfying
18483,5,S_LETTER,selfless
18484,5,S_LETTER,suspicious
18485,5,S_LETTER,sacred
18486,6,S_LETTER,Sister
18487,6,S_LETTER,snake
18488,6,S_LETTER,sully
18489,6,S_LETTER,sulk
18490,6,S_LETTER,shower
18491,6,S_LETTER,shiver
18492,6,S_LETTER,sunny
18493,6,S_LETTER,sunshine
18494,6,S_LETTER,Sammy
18495,6,S_LETTER,sad
18496,6,S_LETTER,store
18497,6,S_LETTER,spatula
18498,6,S_LETTER,sorry
18499,6,S_LETTER,sure
18500,6,S_LETTER,somewhat
18501,6,S_LETTER,so
18502,6,S_LETTER,study
18503,6,S_LETTER,science
18504,6,S_LETTER,social
18505,6,S_LETTER,structure
18506,6,S_LETTER,store
18507,7,S_LETTER,Santa
18508,7,S_LETTER,sandwich
18509,7,S_LETTER,shit
18510,7,S_LETTER,sugar
18511,7,S_LETTER,snow
18512,7,S_LETTER,shovel
18513,7,S_LETTER,summer
18514,7,S_LETTER,super
18515,7,S_LETTER,sand
18516,7,S_LETTER,sunglasses
18517,7,S_LETTER,sun
18518,7,S_LETTER,student
18519,7,S_LETTER,sister
18520,7,S_LETTER,something
18521,8,S_LETTER,Sock
18522,8,S_LETTER,socks
18523,8,S_LETTER,salt
18524,8,S_LETTER,salty
18525,8,S_LETTER,summer
18526,8,S_LETTER,spring
18527,8,S_LETTER,shorts
18528,8,S_LETTER,sweater
18529,8,S_LETTER,sweat
18530,8,S_LETTER,sweet
18531,8,S_LETTER,sing
18532,8,S_LETTER,song
18533,8,S_LETTER,sweeter
18534,8,S_LETTER,study
18535,8,S_LETTER,stored
18536,8,S_LETTER,store
18537,8,S_LETTER,secure
18538,8,S_LETTER,security
18539,8,S_LETTER,strictly
18540,8,S_LETTER,strict
18541,8,S_LETTER,so
18542,8,S_LETTER,sort
18543,8,S_LETTER,slit
18544,8,S_LETTER,stich
18545,9,S_LETTER,Surf
18546,9,S_LETTER,sudden
18547,9,S_LETTER,suddenly
18548,9,S_LETTER,surprised
18549,9,S_LETTER,subtle
18550,9,S_LETTER,science
18551,9,S_LETTER,survivor
18552,9,S_LETTER,submerged
18553,9,S_LETTER,slave
18554,9,S_LETTER,summarize
18555,9,S_LETTER,sun
18556,9,S_LETTER,slight
18557,9,S_LETTER,slowly
18558,9,S_LETTER,Serbia
18559,9,S_LETTER,Spain
18560,9,S_LETTER,special
18561,9,S_LETTER,slide
18562,9,S_LETTER,slim
18563,9,S_LETTER,slip
18564,9,S_LETTER,summer
18565,9,S_LETTER,sometimes
18566,9,S_LETTER,someone
18567,9,S_LETTER,something
18568,9,S_LETTER,soap
18569,9,S_LETTER,siren
18570,9,S_LETTER,speak
18571,9,S_LETTER,speaking
18572,10,S_LETTER,Signal
18573,10,S_LETTER,sane
18574,10,S_LETTER,suggest
18575,10,S_LETTER,struggle
18576,10,S_LETTER,sincere
18577,10,S_LETTER,siamese
18578,10,S_LETTER,sesame
18579,10,S_LETTER,sea
18580,10,S_LETTER,shrimp
18581,10,S_LETTER,soggy
18582,10,S_LETTER,simple
18583,10,S_LETTER,sore
18584,10,S_LETTER,sign
18585,10,S_LETTER,speed
18586,10,S_LETTER,shine
18587,10,S_LETTER,sham
18588,10,S_LETTER,shameful
18589,10,S_LETTER,shy
18590,10,S_LETTER,sand
18591,11,S_LETTER,Service
18592,11,S_LETTER,sound
18593,11,S_LETTER,sincere
18594,11,S_LETTER,sympathy
18595,11,S_LETTER,symmetric
18596,11,S_LETTER,sing
18597,11,S_LETTER,sea
18598,11,S_LETTER,shell
18599,11,S_LETTER,science
18600,11,S_LETTER,side
18601,11,S_LETTER,study
18602,11,S_LETTER,see
18603,11,S_LETTER,sense
18604,11,S_LETTER,similar
18605,11,S_LETTER,soft
18606,11,S_LETTER,social
18607,12,S_LETTER,Salt
18608,12,S_LETTER,sam
18609,12,S_LETTER,spoon
18610,12,S_LETTER,stack
18611,12,S_LETTER,struck
18612,12,S_LETTER,store
18613,12,S_LETTER,stop
18614,12,S_LETTER,stab
18615,12,S_LETTER,stomp
18616,12,S_LETTER,stroll
18617,12,S_LETTER,stream
18618,12,S_LETTER,slip
18619,12,S_LETTER,sap
18620,12,S_LETTER,syrup
18621,12,S_LETTER,street
18622,12,S_LETTER,smug
18623,12,S_LETTER,so
18624,12,S_LETTER,smell
18625,12,S_LETTER,strickt
18626,13,S_LETTER,Soraiya
18627,13,S_LETTER,sing
18628,13,S_LETTER,sung
18629,13,S_LETTER,summer
18630,13,S_LETTER,spring
18631,13,S_LETTER,so
18632,13,S_LETTER,sad
18633,13,S_LETTER,stump
18634,13,S_LETTER,shallow
18635,13,S_LETTER,swallow
18636,13,S_LETTER,swing
18637,13,S_LETTER,swung
18638,13,S_LETTER,sick
18639,13,S_LETTER,stubborn
18640,13,S_LETTER,street
18641,13,S_LETTER,stupid
18642,13,S_LETTER,small
18643,13,S_LETTER,still
18644,13,S_LETTER,standard
18645,13,S_LETTER,stigma
18646,13,S_LETTER,standard
18647,13,S_LETTER,steep
18648,13,S_LETTER,slow
18649,13,S_LETTER,single
18650,13,S_LETTER,snatch
18651,13,S_LETTER,stalk
18652,13,S_LETTER,sting
18653,13,S_LETTER,spider
18654,14,S_LETTER,Soda
18655,14,S_LETTER,sauce
18656,14,S_LETTER,salad
18657,14,S_LETTER,soap
18658,14,S_LETTER,soup
18659,14,S_LETTER,sour
18660,14,S_LETTER,sweet
18661,14,S_LETTER,sperm
18662,14,S_LETTER,sick
18663,14,S_LETTER,sink
18664,14,S_LETTER,sought
18665,14,S_LETTER,sample
18666,14,S_LETTER,start
18667,14,S_LETTER,stick
18668,14,S_LETTER,stamp
18669,14,S_LETTER,stomp
18670,14,S_LETTER,swamp
18671,14,S_LETTER,sat
18672,14,S_LETTER,sardine
18673,14,S_LETTER,select
18674,14,S_LETTER,sort
18675,14,S_LETTER,sock
18676,14,S_LETTER,sack
18677,14,S_LETTER,safari
18678,14,S_LETTER,swim
18679,14,S_LETTER,simple
18680,14,S_LETTER,sane
18681,14,S_LETTER,same
18682,14,S_LETTER,so
18683,15,S_LETTER,Safe
18684,15,S_LETTER,sound
18685,15,S_LETTER,sanity
18686,15,S_LETTER,sane
18687,15,S_LETTER,static
18688,15,S_LETTER,stumped
18689,15,S_LETTER,surround
18690,15,S_LETTER,satisfy
18691,15,S_LETTER,stunded
18692,15,S_LETTER,shunned
18693,15,S_LETTER,shook
18694,15,S_LETTER,scared
18695,15,S_LETTER,simple
18696,15,S_LETTER,sustain
18697,15,S_LETTER,suit
18698,15,S_LETTER,sweet
18699,15,S_LETTER,stand
18700,15,S_LETTER,sanctify
18701,15,S_LETTER,salmon
18702,16,S_LETTER,Sugar
18703,16,S_LETTER,suggest
18704,16,S_LETTER,sustain
18705,16,S_LETTER,sweet
18706,16,S_LETTER,sour
18707,16,S_LETTER,start
18708,16,S_LETTER,stop
18709,16,S_LETTER,salt
18710,16,S_LETTER,soap
18711,16,S_LETTER,statistic
18712,16,S_LETTER,sultan
18713,16,S_LETTER,setelite
18714,16,S_LETTER,settlement
18715,16,S_LETTER,solid
18716,16,S_LETTER,shoes
18717,17,S_LETTER,Skill
18718,17,S_LETTER,scarf
18719,17,S_LETTER,skirt
18720,17,S_LETTER,skin
18721,17,S_LETTER,small
18722,17,S_LETTER,shirt
18723,17,S_LETTER,smurk
18724,17,S_LETTER,smile
18725,17,S_LETTER,smack
18726,17,S_LETTER,skillet
18727,17,S_LETTER,sports
18728,17,S_LETTER,steal
18729,17,S_LETTER,swipe
18730,17,S_LETTER,super
18731,18,S_LETTER,Stink
18732,18,S_LETTER,serpent
18733,18,S_LETTER,snake
18734,18,S_LETTER,sniper
18735,18,S_LETTER,smell
18736,18,S_LETTER,stock
18737,18,S_LETTER,stop
18738,18,S_LETTER,state
18739,18,S_LETTER,super
18740,18,S_LETTER,stupendous
18741,18,S_LETTER,sap
18742,18,S_LETTER,send
18743,18,S_LETTER,sin
18744,18,S_LETTER,steven
18745,18,S_LETTER,sock
18746,18,S_LETTER,soon
18747,18,S_LETTER,sound
18748,18,S_LETTER,see
18749,18,S_LETTER,small
18750,18,S_LETTER,sill
18751,18,S_LETTER,snooze
18752,19,S_LETTER,Sand
18753,19,S_LETTER,sandwich
18754,19,S_LETTER,saw
18755,19,S_LETTER,seen
18756,19,S_LETTER,see
18757,19,S_LETTER,sees
18758,19,S_LETTER,saws
18759,19,S_LETTER,sud
18760,19,S_LETTER,suds
18761,19,S_LETTER,school
18762,19,S_LETTER,schools
18763,19,S_LETTER,saliva
18764,19,S_LETTER,sanitary
18765,19,S_LETTER,sanitizer
18766,19,S_LETTER,sanity
18767,19,S_LETTER,sane
18768,19,S_LETTER,skate
18769,19,S_LETTER,skates
18770,19,S_LETTER,skated
18771,19,S_LETTER,skating
18772,20,S_LETTER,Super
18773,20,S_LETTER,sad
18774,20,S_LETTER,soup
18775,20,S_LETTER,supper
18776,20,S_LETTER,silly
18777,20,S_LETTER,Sydney
18778,20,S_LETTER,slide
18779,20,S_LETTER,sit
18780,20,S_LETTER,sat
18781,20,S_LETTER,setting
18782,20,S_LETTER,string
18783,20,S_LETTER,sound
18784,20,S_LETTER,sail
18785,20,S_LETTER,stir
18786,20,S_LETTER,swing
18787,20,S_LETTER,shirt
18788,21,S_LETTER,Sun
18789,21,S_LETTER,sunflower
18790,21,S_LETTER,start
18791,21,S_LETTER,sing
18792,21,S_LETTER,swing
18793,21,S_LETTER,sauce
18794,21,S_LETTER,successful
18795,21,S_LETTER,sweetener
18796,21,S_LETTER,system
18797,21,S_LETTER,systematic
18798,21,S_LETTER,soul
18799,21,S_LETTER,sincerely
18800,21,S_LETTER,sky
18801,21,S_LETTER,sad
18802,21,S_LETTER,subsequent
18803,21,S_LETTER,suddenly
18804,21,S_LETTER,saddening
18805,21,S_LETTER,soon
18806,22,S_LETTER,Storm
18807,22,S_LETTER,steam
18808,22,S_LETTER,slip
18809,22,S_LETTER,slippery
18810,22,S_LETTER,stunt
18811,22,S_LETTER,smile
18812,22,S_LETTER,sugar
18813,22,S_LETTER,sweet
18814,22,S_LETTER,satisfy
18815,22,S_LETTER,stumble
18816,22,S_LETTER,stem
18817,22,S_LETTER,sunshine
18818,22,S_LETTER,shine
18819,22,S_LETTER,stand
18820,22,S_LETTER,star
18821,22,S_LETTER,study
18822,22,S_LETTER,sunrise
18823,22,S_LETTER,sunset
18824,22,S_LETTER,sleep
18825,22,S_LETTER,suds
18826,23,S_LETTER,Simple
18827,23,S_LETTER,surgery
18828,23,S_LETTER,survey
18829,23,S_LETTER,satisfied
18830,23,S_LETTER,sand
18831,23,S_LETTER,sap
18832,23,S_LETTER,sea
18833,23,S_LETTER,salt
18834,23,S_LETTER,service
18835,23,S_LETTER,stand
18836,23,S_LETTER,stair
18837,23,S_LETTER,sit
18838,23,S_LETTER,sun
18839,23,S_LETTER,son
18840,23,S_LETTER,speak
18841,23,S_LETTER,say
18842,23,S_LETTER,stir
18843,23,S_LETTER,Saturday
18844,23,S_LETTER,straw
18845,23,S_LETTER,Sunday
18846,23,S_LETTER,store
18847,23,S_LETTER,shop
18848,23,S_LETTER,shoe
18849,23,S_LETTER,staples
18850,24,S_LETTER,Super
18851,24,S_LETTER,significant
18852,24,S_LETTER,sleep
18853,24,S_LETTER,slow
18854,24,S_LETTER,slide
18855,24,S_LETTER,slip
18856,24,S_LETTER,spew
18857,24,S_LETTER,screw
18858,24,S_LETTER,store
18859,24,S_LETTER,study
18860,24,S_LETTER,speak
18861,24,S_LETTER,slim
18862,24,S_LETTER,secret
18863,24,S_LETTER,sorry
18864,24,S_LETTER,salt
18865,24,S_LETTER,superimposible
18866,24,S_LETTER,sarcastic
18867,25,S_LETTER,Smile
18868,25,S_LETTER,six
18869,25,S_LETTER,sore
18870,25,S_LETTER,soot
18871,25,S_LETTER,silk
18872,25,S_LETTER,sooth
18873,25,S_LETTER,smooth
18874,25,S_LETTER,scar
18875,25,S_LETTER,smear
18876,25,S_LETTER,silly
18877,25,S_LETTER,sick
18878,25,S_LETTER,seven
18879,25,S_LETTER,severe
18880,25,S_LETTER,scary
18881,25,S_LETTER,staple
18882,25,S_LETTER,story
18883,25,S_LETTER,skyscraper
18884,25,S_LETTER,stratosphere
18885,26,S_LETTER,Simple
18886,26,S_LETTER,sam
18887,26,S_LETTER,standard
18888,26,S_LETTER,stagnant
18889,26,S_LETTER,star
18890,26,S_LETTER,starfruit
18891,26,S_LETTER,strive
18892,26,S_LETTER,stroke
18893,26,S_LETTER,saturated
18894,26,S_LETTER,situate
18895,26,S_LETTER,situated
18896,26,S_LETTER,suble
18897,26,S_LETTER,settle
18898,26,S_LETTER,settler
18899,26,S_LETTER,shirt
18900,26,S_LETTER,sew
18901,26,S_LETTER,swift
18902,26,S_LETTER,strive
18903,26,S_LETTER,slight
18904,26,S_LETTER,slightly
18905,26,S_LETTER,sun
18906,26,S_LETTER,shift
18907,26,S_LETTER,shifted
18908,27,S_LETTER,Sample
18909,27,S_LETTER,simple
18910,27,S_LETTER,slime
18911,27,S_LETTER,salmon
18912,27,S_LETTER,salamander
18913,27,S_LETTER,shalome
18914,27,S_LETTER,same
18915,27,S_LETTER,some
18916,27,S_LETTER,somebody
18917,27,S_LETTER,she
18918,27,S_LETTER,sound
18919,27,S_LETTER,study
18920,27,S_LETTER,stove
18921,27,S_LETTER,simmer
18922,27,S_LETTER,surround
18923,27,S_LETTER,silent
18924,27,S_LETTER,summer
18925,27,S_LETTER,sex
18926,27,S_LETTER,submit
18927,27,S_LETTER,sorry
18928,27,S_LETTER,sum
18929,27,S_LETTER,staples
18930,27,S_LETTER,sampler
18931,27,S_LETTER,stamp
18932,28,S_LETTER,Signal
18933,28,S_LETTER,start
18934,28,S_LETTER,stop
18935,28,S_LETTER,sample
18936,28,S_LETTER,sneeze
18937,28,S_LETTER,sing
18938,28,S_LETTER,song
18939,28,S_LETTER,seize
18940,28,S_LETTER,sat
18941,28,S_LETTER,sit
18942,28,S_LETTER,scream
18943,28,S_LETTER,single
18944,28,S_LETTER,short
18945,28,S_LETTER,shoe
18946,28,S_LETTER,sock
18947,28,S_LETTER,shirt
18948,28,S_LETTER,skirt
18949,28,S_LETTER,sort
18950,28,S_LETTER,see
18951,28,S_LETTER,sod
18952,28,S_LETTER,seed
18953,28,S_LETTER,sting
18954,28,S_LETTER,sauna
18955,28,S_LETTER,sweat
18956,28,S_LETTER,so
18957,28,S_LETTER,some
18958,28,S_LETTER,someone
18959,28,S_LETTER,something
18960,29,S_LETTER,Star
18961,29,S_LETTER,start
18962,29,S_LETTER,swim
18963,29,S_LETTER,shocked
18964,29,S_LETTER,shake
18965,29,S_LETTER,shook
18966,29,S_LETTER,stir
18967,29,S_LETTER,spoon
18968,29,S_LETTER,soup
18969,29,S_LETTER,surprized
18970,29,S_LETTER,swift
18971,29,S_LETTER,seat
18972,29,S_LETTER,seatbelt
18973,29,S_LETTER,swing
18974,29,S_LETTER,slide
18975,29,S_LETTER,slam
18976,30,S_LETTER,Snake
18977,30,S_LETTER,shake
18978,30,S_LETTER,shove
18979,30,S_LETTER,shovel
18980,30,S_LETTER,shamwow [best guess - hard to read]
18981,30,S_LETTER,soothe
18982,30,S_LETTER,sean/shawn
18983,30,S_LETTER,shells
18984,30,S_LETTER,suzan
18985,30,S_LETTER,suzie
18986,30,S_LETTER,samantha
18987,30,S_LETTER,suzuki
18988,30,S_LETTER,swim
18989,30,S_LETTER,shave
18990,30,S_LETTER,smooth
18991,30,S_LETTER,slippery
18992,30,S_LETTER,shut
18993,30,S_LETTER,shutters
18994,31,S_LETTER,Stop
18995,31,S_LETTER,short
18996,31,S_LETTER,shop
18997,31,S_LETTER,shopping
18998,31,S_LETTER,severe
18999,31,S_LETTER,severed
19000,31,S_LETTER,serious
19001,31,S_LETTER,scary
19002,31,S_LETTER,shunned
19003,31,S_LETTER,stairs
19004,31,S_LETTER,socks
19005,31,S_LETTER,shoes
19006,31,S_LETTER,style
19007,31,S_LETTER,scrape
19008,31,S_LETTER,sour
19009,31,S_LETTER,soar
19010,31,S_LETTER,soared
19011,31,S_LETTER,scour
19012,31,S_LETTER,shower
19013,32,S_LETTER,Sigh
19014,32,S_LETTER,sign
19015,32,S_LETTER,stimulate
19016,32,S_LETTER,sharp
19017,32,S_LETTER,sharpen
19018,32,S_LETTER,sharpie
19019,32,S_LETTER,surplus
19020,32,S_LETTER,sting
19021,32,S_LETTER,spider
19022,32,S_LETTER,splended
19023,32,S_LETTER,sharper
19024,32,S_LETTER,show
19025,32,S_LETTER,state
19026,32,S_LETTER,snake
19027,32,S_LETTER,shark
19028,32,S_LETTER,shallow
19029,32,S_LETTER,so
19030,32,S_LETTER,second
19031,32,S_LETTER,satellite
19032,32,S_LETTER,saturday
19033,32,S_LETTER,sunday
19034,32,S_LETTER,sun
19035,32,S_LETTER,sundance
19036,32,S_LETTER,start
19037,32,S_LETTER,supply
19038,32,S_LETTER,statistics
19039,33,S_LETTER,Sate
19040,33,S_LETTER,save
19041,33,S_LETTER,super
19042,33,S_LETTER,savy
19043,33,S_LETTER,sex
19044,33,S_LETTER,sour
19045,33,S_LETTER,sweet
19046,33,S_LETTER,superficial
19047,33,S_LETTER,superfluous
19048,33,S_LETTER,substantial
19049,33,S_LETTER,sprightly
19050,33,S_LETTER,spring
19051,33,S_LETTER,spruce
19052,33,S_LETTER,summer
19053,33,S_LETTER,september
19054,33,S_LETTER,shoe
19055,33,S_LETTER,share
19056,33,S_LETTER,shirt
19057,33,S_LETTER,sweater
19058,33,S_LETTER,sweat
19059,33,S_LETTER,sandals
19060,33,S_LETTER,sneaker
19061,33,S_LETTER,snack
19062,33,S_LETTER,speaker
19063,33,S_LETTER,sack
19064,33,S_LETTER,salad
19065,33,S_LETTER,sandwich
19066,33,S_LETTER,savage
19067,33,S_LETTER,supreme
19068,34,S_LETTER,Succeed
19069,34,S_LETTER,salvage
19070,34,S_LETTER,suck
19071,34,S_LETTER,sure
19072,34,S_LETTER,salmon
19073,34,S_LETTER,salmonella
19074,34,S_LETTER,score
19075,34,S_LETTER,start
19076,34,S_LETTER,scary
19077,34,S_LETTER,straight
19078,34,S_LETTER,street
19079,34,S_LETTER,strong
19080,34,S_LETTER,skip
19081,34,S_LETTER,shop
19082,34,S_LETTER,shoe
19083,34,S_LETTER,short
19084,34,S_LETTER,sample
19085,34,S_LETTER,size
19086,34,S_LETTER,some
19087,34,S_LETTER,slack
19088,34,S_LETTER,small
19089,34,S_LETTER,same
19090,34,S_LETTER,save
19091,34,S_LETTER,smell
19092,34,S_LETTER,smart
19093,35,S_LETTER,Saw
19094,35,S_LETTER,search
19095,35,S_LETTER,see
19096,35,S_LETTER,son
19097,35,S_LETTER,so
19098,35,S_LETTER,said
19099,35,S_LETTER,shake
19100,35,S_LETTER,shaken
19101,35,S_LETTER,shook
19102,35,S_LETTER,seen
19103,35,S_LETTER,says
19104,35,S_LETTER,searched
19105,35,S_LETTER,saw
19106,35,S_LETTER,sons
19107,35,S_LETTER,soon
19108,35,S_LETTER,shh
19109,35,S_LETTER,strike
19110,35,S_LETTER,strife
19111,35,S_LETTER,salad
19112,35,S_LETTER,shoe
19113,35,S_LETTER,shoes
19114,35,S_LETTER,slow
19115,35,S_LETTER,slower
19116,35,S_LETTER,slowest
19117,35,S_LETTER,sold
19118,35,S_LETTER,sell
19119,35,S_LETTER,selling
19120,35,S_LETTER,searching
19121,35,S_LETTER,seeing
19122,35,S_LETTER,shaking
19123,36,S_LETTER,sat
19124,36,S_LETTER,spat
19125,36,S_LETTER,smattering
19126,36,S_LETTER,sour
19127,36,S_LETTER,sugar
19128,36,S_LETTER,shake
19129,36,S_LETTER,shimmy
19130,36,S_LETTER,show
19131,36,S_LETTER,ship
19132,36,S_LETTER,shape
19133,36,S_LETTER,shout
19134,36,S_LETTER,scout
19135,36,S_LETTER,scoot
19136,36,S_LETTER,scour
19137,36,S_LETTER,scrounge
19138,36,S_LETTER,sofa
19139,36,S_LETTER,soap
19140,36,S_LETTER,soup
19141,36,S_LETTER,shallow
19142,36,S_LETTER,shop
19143,36,S_LETTER,short
19144,36,S_LETTER,shit
19145,36,S_LETTER,shrink
19146,36,S_LETTER,skinny
19147,36,S_LETTER,stout
19148,36,S_LETTER,stand
19149,36,S_LETTER,slit
19150,36,S_LETTER,sip
19151,36,S_LETTER,sponge
19152,36,S_LETTER,shirt
19153,36,S_LETTER,shorts
19154,36,S_LETTER,skirt
19155,36,S_LETTER,sweater
19156,36,S_LETTER,sweatshirt
19157,36,S_LETTER,shin
19158,36,S_LETTER,shun
19159,36,S_LETTER,spawn
19160,36,S_LETTER,spill
19161,36,S_LETTER,small
19162,36,S_LETTER,sneakers
19163,36,S_LETTER,sandals
19164,36,S_LETTER,stilettos
19165,36,S_LETTER,simple
19166,36,S_LETTER,smart
19167,36,S_LETTER,stupid
19168,36,S_LETTER,shiny
19169,36,S_LETTER,stars
19170,36,S_LETTER,shooting
19171,36,S_LETTER,sick
19172,36,S_LETTER,spin
19173,37,S_LETTER,Small
19174,37,S_LETTER,simple
19175,37,S_LETTER,silly
19176,37,S_LETTER,smile
19177,37,S_LETTER,stand
19178,37,S_LETTER,stare
19179,37,S_LETTER,star
19180,37,S_LETTER,speak
19181,37,S_LETTER,say
19182,37,S_LETTER,sound
19183,37,S_LETTER,super
19184,37,S_LETTER,superb
19185,37,S_LETTER,speech
19186,37,S_LETTER,same
19187,37,S_LETTER,some
19188,37,S_LETTER,sample
19189,37,S_LETTER,supply
19190,37,S_LETTER,status
19191,37,S_LETTER,stastiy [best guess - hard to read]
19192,37,S_LETTER,sting
19193,37,S_LETTER,stung
19194,37,S_LETTER,stage
19195,37,S_LETTER,song
19196,37,S_LETTER,sparkle
19197,37,S_LETTER,shine
19198,37,S_LETTER,stranger
19199,37,S_LETTER,sum
19200,37,S_LETTER,sweater
19201,38,S_LETTER,Sequel
19202,38,S_LETTER,state
19203,38,S_LETTER,steel
19204,38,S_LETTER,steal
19205,38,S_LETTER,son
19206,38,S_LETTER,sun
19207,38,S_LETTER,save
19208,38,S_LETTER,study
19209,38,S_LETTER,stun
19210,38,S_LETTER,sex
19211,38,S_LETTER,satisfaction
19212,38,S_LETTER,scary
19213,38,S_LETTER,sour
19214,38,S_LETTER,sweet
19215,38,S_LETTER,suck
19216,38,S_LETTER,spit
19217,38,S_LETTER,sweaty
19218,38,S_LETTER,scene
19219,38,S_LETTER,service
19220,38,S_LETTER,survey
19221,38,S_LETTER,sew
19222,38,S_LETTER,sewage
19223,38,S_LETTER,suprise
19224,39,S_LETTER,Sand
19225,39,S_LETTER,sandwich
19226,39,S_LETTER,swoosh
19227,39,S_LETTER,swift
19228,39,S_LETTER,swifter
19229,39,S_LETTER,saturn
19230,39,S_LETTER,sandbox
19231,39,S_LETTER,solid
19232,39,S_LETTER,solution
19233,39,S_LETTER,student
19234,39,S_LETTER,slut
19235,39,S_LETTER,state
19236,39,S_LETTER,skip
19237,39,S_LETTER,stop
19238,39,S_LETTER,sail
19239,39,S_LETTER,sale
19240,39,S_LETTER,satan
19241,39,S_LETTER,san diego
19242,39,S_LETTER,san fransisco
19243,39,S_LETTER,south carolina
19244,39,S_LETTER,southern
19245,39,S_LETTER,south
19246,39,S_LETTER,statue
19247,39,S_LETTER,stadium
19248,39,S_LETTER,statin
19249,39,S_LETTER,satin
19250,40,S_LETTER,Snake
19251,40,S_LETTER,sassy
19252,40,S_LETTER,shape
19253,40,S_LETTER,snack
19254,40,S_LETTER,smack
19255,40,S_LETTER,specticular
19256,40,S_LETTER,second
19257,40,S_LETTER,soak
19258,40,S_LETTER,sling
19259,40,S_LETTER,smelly
19260,40,S_LETTER,size
19261,40,S_LETTER,sting
19262,40,S_LETTER,sing
19263,40,S_LETTER,sore
19264,40,S_LETTER,snow
19265,40,S_LETTER,song
19266,40,S_LETTER,sound
19267,40,S_LETTER,suspension
19268,40,S_LETTER,super
19269,40,S_LETTER,substitute
19270,40,S_LETTER,suspious
19271,40,S_LETTER,ship
19272,40,S_LETTER,sea
19273,40,S_LETTER,sonogram
19274,40,S_LETTER,sub
19275,40,S_LETTER,secondary
19276,40,S_LETTER,stomach
19277,40,S_LETTER,shower
19278,41,S_LETTER,Sing
19279,41,S_LETTER,soil
19280,41,S_LETTER,so
19281,41,S_LETTER,sand
19282,41,S_LETTER,sour
19283,41,S_LETTER,sweet
19284,41,S_LETTER,sorry
19285,41,S_LETTER,sonagram
19286,41,S_LETTER,sore
19287,41,S_LETTER,sick
19288,41,S_LETTER,slick
19289,41,S_LETTER,stick
19290,41,S_LETTER,school
19291,41,S_LETTER,science
19292,41,S_LETTER,scientific
19293,41,S_LETTER,strict
19294,41,S_LETTER,suck
19295,41,S_LETTER,sigh
19296,41,S_LETTER,sight
19297,41,S_LETTER,sap
19298,41,S_LETTER,soup
19299,41,S_LETTER,study
19300,42,S_LETTER,So
19301,42,S_LETTER,salad
19302,42,S_LETTER,sorry
19303,42,S_LETTER,sentimental
19304,42,S_LETTER,service
19305,42,S_LETTER,services
19306,42,S_LETTER,sound
19307,42,S_LETTER,suck
19308,42,S_LETTER,sock
19309,42,S_LETTER,shoe
19310,42,S_LETTER,school
19311,42,S_LETTER,self
19312,42,S_LETTER,self-made
19313,42,S_LETTER,selfie
19314,42,S_LETTER,study
19315,42,S_LETTER,sea
19316,42,S_LETTER,see
19317,42,S_LETTER,swish
19318,42,S_LETTER,soccer
19319,42,S_LETTER,spike
19320,42,S_LETTER,stalagmite
19321,42,S_LETTER,stalagtite
19322,42,S_LETTER,stutter
19323,42,S_LETTER,step
19324,42,S_LETTER,stepped
19325,42,S_LETTER,stair
19326,42,S_LETTER,seat
19327,42,S_LETTER,stone
19328,42,S_LETTER,stream
19329,42,S_LETTER,soundless
19330,42,S_LETTER,scarf
19331,42,S_LETTER,stiff
19332,43,S_LETTER,So
19333,43,S_LETTER,snake
19334,43,S_LETTER,shell
19335,43,S_LETTER,soft
19336,43,S_LETTER,sake
19337,43,S_LETTER,saunter
19338,43,S_LETTER,size
19339,43,S_LETTER,sat
19340,43,S_LETTER,survey
19341,43,S_LETTER,study
19342,43,S_LETTER,sensation
19343,43,S_LETTER,seek
19344,43,S_LETTER,seeking
19345,43,S_LETTER,sizing
19346,43,S_LETTER,studies
19347,43,S_LETTER,score
19348,43,S_LETTER,scoring
19349,43,S_LETTER,saw
19350,43,S_LETTER,sow
19351,43,S_LETTER,sew
19352,43,S_LETTER,snow
19353,43,S_LETTER,sleet
19354,43,S_LETTER,snowing
19355,44,S_LETTER,Shallow
19356,44,S_LETTER,Someone
19357,44,S_LETTER,Shit
19358,44,S_LETTER,Sound
19359,44,S_LETTER,Silence
19360,44,S_LETTER,Say
19361,44,S_LETTER,Soon
19362,44,S_LETTER,Shine
19363,44,S_LETTER,Study
19364,44,S_LETTER,Sociology
19365,44,S_LETTER,Seen
19366,44,S_LETTER,Scream
19367,44,S_LETTER,Screen
19368,44,S_LETTER,Science
19369,44,S_LETTER,Smell
19370,44,S_LETTER,Sniff
19371,44,S_LETTER,Smack
19372,45,S_LETTER,Some
19373,45,S_LETTER,sun
19374,45,S_LETTER,son
19375,45,S_LETTER,simple
19376,45,S_LETTER,sample
19377,45,S_LETTER,surrogate
19378,45,S_LETTER,sufferee [best guess - hard to read]
19379,45,S_LETTER,suffer
19380,45,S_LETTER,scared
19381,45,S_LETTER,study
19382,45,S_LETTER,sin
19383,45,S_LETTER,sex
19384,45,S_LETTER,song
19385,45,S_LETTER,sing
19386,45,S_LETTER,super
19387,45,S_LETTER,supper
19388,45,S_LETTER,sit
19389,45,S_LETTER,seat
19390,45,S_LETTER,survey
19391,45,S_LETTER,sandle
19392,45,S_LETTER,sand
19393,45,S_LETTER,supposedly
19394,46,S_LETTER,Sour
19395,46,S_LETTER,send
19396,46,S_LETTER,seperate
19397,46,S_LETTER,sand
19398,46,S_LETTER,sandy
19399,46,S_LETTER,soon
19400,46,S_LETTER,sex
19401,46,S_LETTER,straight
19402,46,S_LETTER,swoon
19403,46,S_LETTER,support
19404,46,S_LETTER,second
19405,46,S_LETTER,secondary
19406,46,S_LETTER,supply
19407,46,S_LETTER,satisfactory
19408,46,S_LETTER,supple
19409,46,S_LETTER,soft
19410,46,S_LETTER,saber
19411,46,S_LETTER,sink
19412,47,S_LETTER,See
19413,47,S_LETTER,saw
19414,47,S_LETTER,said
19415,47,S_LETTER,simple
19416,47,S_LETTER,sedimentary
19417,47,S_LETTER,sediment
19418,47,S_LETTER,same
19419,47,S_LETTER,soccer
19420,47,S_LETTER,salad
19421,47,S_LETTER,suck
19422,47,S_LETTER,sink
19423,47,S_LETTER,sticker
19424,47,S_LETTER,speed
19425,47,S_LETTER,salamander
19426,47,S_LETTER,snake
19427,47,S_LETTER,supper
19428,47,S_LETTER,slide
19429,47,S_LETTER,slip
19430,47,S_LETTER,slid
19431,47,S_LETTER,slumber
19432,47,S_LETTER,saturday
19433,47,S_LETTER,sunday
19434,47,S_LETTER,sun
19435,47,S_LETTER,sunny
19436,47,S_LETTER,sent
19437,47,S_LETTER,send
19438,47,S_LETTER,sword
19439,48,S_LETTER,Shit
19440,48,S_LETTER,shot
19441,48,S_LETTER,shoot
19442,48,S_LETTER,she
19443,48,S_LETTER,shore
19444,48,S_LETTER,sea
19445,48,S_LETTER,syphilis
19446,48,S_LETTER,septum
19447,48,S_LETTER,sinus
19448,48,S_LETTER,seal
19449,48,S_LETTER,sack
19450,48,S_LETTER,sent
19451,48,S_LETTER,send
19452,48,S_LETTER,sand
19453,48,S_LETTER,sore
19454,48,S_LETTER,shoes
19455,48,S_LETTER,socks
19456,48,S_LETTER,sandals
19457,48,S_LETTER,syrian
19458,48,S_LETTER,somalian
19459,48,S_LETTER,scuba
19460,48,S_LETTER,succubus
19461,48,S_LETTER,scooby-doo
19462,49,S_LETTER,Supply
19463,49,S_LETTER,suck
19464,49,S_LETTER,suckle
19465,49,S_LETTER,supple
19466,49,S_LETTER,sufficient
19467,49,S_LETTER,such
19468,49,S_LETTER,seek
19469,49,S_LETTER,search
19470,49,S_LETTER,send
19471,49,S_LETTER,scent
19472,49,S_LETTER,sent
19473,49,S_LETTER,seen
19474,49,S_LETTER,sound
19475,49,S_LETTER,stimulation
19476,49,S_LETTER,simulation
19477,49,S_LETTER,sheet
19478,49,S_LETTER,sheep
19479,49,S_LETTER,ship
19480,49,S_LETTER,steer
19481,49,S_LETTER,stare
19482,49,S_LETTER,staple
19483,49,S_LETTER,stake
19484,49,S_LETTER,stalk
19485,49,S_LETTER,stalker
19486,49,S_LETTER,sauce
19487,49,S_LETTER,soup
19488,49,S_LETTER,sloth
19489,49,S_LETTER,sloppy
19490,49,S_LETTER,shall
19491,49,S_LETTER,shun
19492,49,S_LETTER,shameful
19493,49,S_LETTER,shear
19494,49,S_LETTER,share
19495,49,S_LETTER,shape
19496,49,S_LETTER,sacks
19497,49,S_LETTER,sass
19498,49,S_LETTER,sassy
19499,49,S_LETTER,scarf
19500,50,S_LETTER,Secret
19501,50,S_LETTER,superior
19502,50,S_LETTER,slimey
19503,50,S_LETTER,slippery
19504,50,S_LETTER,snake
19505,50,S_LETTER,slide
19506,50,S_LETTER,super
19507,50,S_LETTER,so
19508,50,S_LETTER,soon
19509,50,S_LETTER,study
19510,50,S_LETTER,snoop
19511,50,S_LETTER,snot
19512,50,S_LETTER,same
19513,50,S_LETTER,september
19514,51,S_LETTER,See
19515,51,S_LETTER,sun
19516,51,S_LETTER,shit
19517,51,S_LETTER,sunflower
19518,51,S_LETTER,seed
19519,51,S_LETTER,so
19520,51,S_LETTER,sky
19521,51,S_LETTER,sneaker
19522,51,S_LETTER,shoe
19523,51,S_LETTER,spagetti
19524,51,S_LETTER,spinach
19525,51,S_LETTER,soon
19526,51,S_LETTER,suddenly
19527,51,S_LETTER,study
19528,51,S_LETTER,students
19529,51,S_LETTER,school
19530,51,S_LETTER,state
19531,51,S_LETTER,street
19532,51,S_LETTER,store
19533,51,S_LETTER,sunroof
19534,52,S_LETTER,Sam
19535,52,S_LETTER,so
19536,52,S_LETTER,sun
19537,52,S_LETTER,shine
19538,52,S_LETTER,sammy
19539,52,S_LETTER,simple
19540,52,S_LETTER,sample
19541,52,S_LETTER,system
19542,52,S_LETTER,symbolic
19543,52,S_LETTER,stratagic
19544,52,S_LETTER,statistic
19545,52,S_LETTER,summary
19546,52,S_LETTER,same
19547,52,S_LETTER,symbole
19548,53,S_LETTER,Sorry
19549,53,S_LETTER,sad
19550,53,S_LETTER,simple
19551,53,S_LETTER,sick
19552,53,S_LETTER,scary
19553,53,S_LETTER,social
19554,53,S_LETTER,sample
19555,53,S_LETTER,sap
19556,53,S_LETTER,sause
19557,53,S_LETTER,script
19558,53,S_LETTER,secret
19559,54,S_LETTER,Serena
19560,54,S_LETTER,sound
19561,54,S_LETTER,sass
19562,54,S_LETTER,stand
19563,54,S_LETTER,sour
19564,54,S_LETTER,soon
19565,54,S_LETTER,save
19566,54,S_LETTER,savior
19567,54,S_LETTER,senses
19568,54,S_LETTER,subsequently
19569,54,S_LETTER,secondly
19570,54,S_LETTER,snake
19571,54,S_LETTER,snappy
19572,54,S_LETTER,slip
19573,54,S_LETTER,suspect
19574,54,S_LETTER,santiago
19575,54,S_LETTER,sassy
19576,54,S_LETTER,step
19577,54,S_LETTER,salt
19578,54,S_LETTER,sugar
19579,54,S_LETTER,spagetti
19580,54,S_LETTER,soup
19581,54,S_LETTER,sensations
19582,54,S_LETTER,so
19583,54,S_LETTER,see
19584,54,S_LETTER,slap
19585,54,S_LETTER,soft
19586,54,S_LETTER,spice
19587,54,S_LETTER,sob
19588,55,S_LETTER,Sam
19589,55,S_LETTER,samantha
19590,55,S_LETTER,shuttle
19591,55,S_LETTER,short
19592,55,S_LETTER,small
19593,55,S_LETTER,slime
19594,55,S_LETTER,scott
19595,55,S_LETTER,scottie
19596,55,S_LETTER,scary
19597,55,S_LETTER,sweet
19598,55,S_LETTER,spicy
19599,55,S_LETTER,species
19600,55,S_LETTER,skeptical
19601,55,S_LETTER,spontaneous
19602,56,S_LETTER,Super
19603,56,S_LETTER,supper
19604,56,S_LETTER,save
19605,56,S_LETTER,safe
19606,56,S_LETTER,sake
19607,56,S_LETTER,sage
19608,56,S_LETTER,savor
19609,56,S_LETTER,slave
19610,56,S_LETTER,slate
19611,56,S_LETTER,sleek
19612,56,S_LETTER,sew
19613,56,S_LETTER,so
19614,56,S_LETTER,stable
19615,56,S_LETTER,stun
19616,56,S_LETTER,start
19617,56,S_LETTER,sane
19618,56,S_LETTER,show
19619,56,S_LETTER,shote
19620,56,S_LETTER,shape
19621,56,S_LETTER,snake
19622,56,S_LETTER,snow
19623,56,S_LETTER,shade
19624,56,S_LETTER,shadow
19625,56,S_LETTER,slap
19626,56,S_LETTER,same
19627,56,S_LETTER,stain
19628,56,S_LETTER,stow
19629,56,S_LETTER,sun
19630,56,S_LETTER,something
19631,56,S_LETTER,surprise
19632,56,S_LETTER,supreme
19633,57,S_LETTER,Soup
19634,57,S_LETTER,sun
19635,57,S_LETTER,super
19636,57,S_LETTER,saturday
19637,57,S_LETTER,sunday
19638,57,S_LETTER,saturate
19639,57,S_LETTER,sauce
19640,57,S_LETTER,spaghetti
19641,57,S_LETTER,sod
19642,57,S_LETTER,sand
19643,57,S_LETTER,such
19644,57,S_LETTER,slap
19645,57,S_LETTER,stamp
19646,57,S_LETTER,stop
19647,57,S_LETTER,suck
19648,57,S_LETTER,sink
19649,57,S_LETTER,sky
19650,57,S_LETTER,sly
19651,57,S_LETTER,slay
19652,57,S_LETTER,say
19653,57,S_LETTER,sap
19654,57,S_LETTER,seep
19655,57,S_LETTER,stay
19656,57,S_LETTER,stowe
19657,58,S_LETTER,Samantha
19658,58,S_LETTER,sally
19659,58,S_LETTER,sabrina
19660,58,S_LETTER,serena
19661,58,S_LETTER,sears
19662,58,S_LETTER,sexy
19663,58,S_LETTER,sex
19664,58,S_LETTER,seven
19665,58,S_LETTER,sever
19666,58,S_LETTER,seat
19667,58,S_LETTER,seated
19668,58,S_LETTER,steal
19669,58,S_LETTER,stole
19670,58,S_LETTER,steer
19671,58,S_LETTER,steep
19672,58,S_LETTER,stare
19673,58,S_LETTER,stoop
19674,58,S_LETTER,seventeen
19675,58,S_LETTER,sensual
19676,58,S_LETTER,seductive
19677,58,S_LETTER,soup
19678,58,S_LETTER,serious
19679,58,S_LETTER,stupid
19680,58,S_LETTER,suck
19681,58,S_LETTER,sucked
19682,58,S_LETTER,stuck
19683,58,S_LETTER,snow
19684,58,S_LETTER,sleet
19685,58,S_LETTER,scorching
19686,58,S_LETTER,stay
19687,58,S_LETTER,stephen
19688,58,S_LETTER,samuel
19689,59,S_LETTER,Sour
19690,59,S_LETTER,sweet
19691,59,S_LETTER,silly
19692,59,S_LETTER,silent
19693,59,S_LETTER,splendid
19694,59,S_LETTER,soup
19695,59,S_LETTER,sip
19696,59,S_LETTER,sangria
19697,59,S_LETTER,shower
19698,59,S_LETTER,songs
19699,59,S_LETTER,sorry
19700,59,S_LETTER,spectacular
19701,59,S_LETTER,sound
19702,59,S_LETTER,self
19703,59,S_LETTER,soul
19704,59,S_LETTER,spin
19705,59,S_LETTER,sun
19706,59,S_LETTER,son
19707,59,S_LETTER,slid
19708,59,S_LETTER,slick
19709,59,S_LETTER,sleek
19710,59,S_LETTER,space
19711,59,S_LETTER,solar
19712,59,S_LETTER,system
19713,60,S_LETTER,Shot
19714,60,S_LETTER,shoot
19715,60,S_LETTER,shitake
19716,60,S_LETTER,show
19717,60,S_LETTER,sat
19718,60,S_LETTER,siren
19719,60,S_LETTER,sun
19720,60,S_LETTER,sang
19721,60,S_LETTER,sing
19722,60,S_LETTER,song
19723,60,S_LETTER,sorry
19724,60,S_LETTER,sad
19725,60,S_LETTER,satire
19726,60,S_LETTER,salty
19727,60,S_LETTER,sangria
19728,60,S_LETTER,slow
19729,60,S_LETTER,short
19730,60,S_LETTER,shirt
19731,60,S_LETTER,shallow
19732,60,S_LETTER,shall
19733,60,S_LETTER,sting
19734,60,S_LETTER,stung
19735,60,S_LETTER,stunning
19736,60,S_LETTER,sport
19737,60,S_LETTER,side
19738,60,S_LETTER,send
19739,60,S_LETTER,set
19740,60,S_LETTER,sell
19741,60,S_LETTER,sulk
19742,60,S_LETTER,sill
19743,60,S_LETTER,spot
19744,60,S_LETTER,stuck
19745,61,S_LETTER,Six
19746,61,S_LETTER,seven
19747,61,S_LETTER,sixteen
19748,61,S_LETTER,seventeen
19749,61,S_LETTER,sixty
19750,61,S_LETTER,seventy
19751,61,S_LETTER,sick
19752,61,S_LETTER,sickness
19753,61,S_LETTER,sour
19754,61,S_LETTER,sweet
19755,61,S_LETTER,sold
19756,61,S_LETTER,sale
19757,61,S_LETTER,sell
19758,61,S_LETTER,silica
19759,61,S_LETTER,samantha
19760,61,S_LETTER,samuel
19761,61,S_LETTER,south
19762,61,S_LETTER,silver
19763,61,S_LETTER,salem
19764,61,S_LETTER,salt
19765,61,S_LETTER,salty
19766,61,S_LETTER,savory
19767,61,S_LETTER,system
19768,61,S_LETTER,salivary
19769,61,S_LETTER,saliva
19770,61,S_LETTER,slippery
19771,61,S_LETTER,slip
19772,62,S_LETTER,So
19773,62,S_LETTER,school
19774,62,S_LETTER,surprise
19775,62,S_LETTER,super
19776,62,S_LETTER,significant
19777,62,S_LETTER,social
19778,62,S_LETTER,surreal
19779,62,S_LETTER,superb
19780,62,S_LETTER,satisfy
19781,62,S_LETTER,satisfactory
19782,62,S_LETTER,substain
19783,62,S_LETTER,substantial
19784,62,S_LETTER,sand
19785,62,S_LETTER,snow
19786,62,S_LETTER,soil
19787,62,S_LETTER,soot
19788,62,S_LETTER,sock
19789,62,S_LETTER,shoes
19790,62,S_LETTER,stick
19791,62,S_LETTER,snake
19792,62,S_LETTER,serpent
19793,62,S_LETTER,snail
19794,62,S_LETTER,sing
19795,62,S_LETTER,song
19796,62,S_LETTER,soup
19797,63,S_LETTER,Sand
19798,63,S_LETTER,sit
19799,63,S_LETTER,sat
19800,63,S_LETTER,saturn
19801,63,S_LETTER,sour
19802,63,S_LETTER,sweet
19803,63,S_LETTER,sattire
19804,63,S_LETTER,sing
19805,63,S_LETTER,sang
19806,63,S_LETTER,sung
19807,63,S_LETTER,soaring
19808,63,S_LETTER,sky
19809,63,S_LETTER,sound
19810,63,S_LETTER,sly
19811,63,S_LETTER,sleep
19812,63,S_LETTER,slim
19813,63,S_LETTER,shape
19814,63,S_LETTER,shower
19815,63,S_LETTER,soap
19816,63,S_LETTER,slap
19817,63,S_LETTER,sow
19818,63,S_LETTER,sowing
19819,63,S_LETTER,sad
19820,63,S_LETTER,serious
19821,63,S_LETTER,stupid
19822,63,S_LETTER,sexy
19823,63,S_LETTER,sex
19824,63,S_LETTER,saddened
19825,63,S_LETTER,slide
19826,63,S_LETTER,soar
19827,63,S_LETTER,slip
19828,63,S_LETTER,step
19829,64,S_LETTER,So
19830,64,S_LETTER,since
19831,64,S_LETTER,say
19832,64,S_LETTER,said
19833,64,S_LETTER,says
19834,64,S_LETTER,sam
19835,64,S_LETTER,send
19836,64,S_LETTER,sending
19837,64,S_LETTER,sent
19838,64,S_LETTER,scam
19839,64,S_LETTER,scamming
19840,64,S_LETTER,scammed
19841,64,S_LETTER,sad
19842,64,S_LETTER,sassy
19843,64,S_LETTER,sort
19844,64,S_LETTER,sense
19845,64,S_LETTER,since
19846,64,S_LETTER,swim
19847,64,S_LETTER,swam
19848,64,S_LETTER,swimming
19849,64,S_LETTER,skate
19850,64,S_LETTER,skating
19851,64,S_LETTER,ski
19852,64,S_LETTER,skiing
19853,64,S_LETTER,snowboard
19854,64,S_LETTER,snowboarding
19855,64,S_LETTER,sled
19856,64,S_LETTER,sat
19857,64,S_LETTER,sincerely
19858,64,S_LETTER,satisfied
19859,64,S_LETTER,shiny
19860,64,S_LETTER,shin
19861,64,S_LETTER,shining
19862,64,S_LETTER,shimmer
19863,64,S_LETTER,stolen
19864,64,S_LETTER,store
19865,64,S_LETTER,shopping
19866,64,S_LETTER,shop
19867,64,S_LETTER,shopped
19868,65,S_LETTER,Superfluous
19869,65,S_LETTER,super
19870,65,S_LETTER,sad
19871,65,S_LETTER,sadened
19872,65,S_LETTER,sack
19873,65,S_LETTER,sat
19874,65,S_LETTER,sullen
19875,65,S_LETTER,solemn
19876,65,S_LETTER,sourkraut
19877,65,S_LETTER,salmon
19878,65,S_LETTER,sun
19879,65,S_LETTER,sunday
19880,65,S_LETTER,south
19881,65,S_LETTER,sunder
19882,65,S_LETTER,sock
19883,65,S_LETTER,sally
19884,65,S_LETTER,sound
19885,65,S_LETTER,should
19886,65,S_LETTER,shout
19887,65,S_LETTER,shown
19888,65,S_LETTER,show
19889,65,S_LETTER,stage
19890,65,S_LETTER,stir
19891,65,S_LETTER,straw
19892,65,S_LETTER,stick
19893,65,S_LETTER,stuck
19894,65,S_LETTER,stout
19895,65,S_LETTER,strange
19896,66,S_LETTER,Super
19897,66,S_LETTER,stuffed
19898,66,S_LETTER,smell
19899,66,S_LETTER,stink
19900,66,S_LETTER,stare
19901,66,S_LETTER,start
19902,66,S_LETTER,stop
19903,66,S_LETTER,speed
19904,66,S_LETTER,scratch
19905,66,S_LETTER,simple
19906,66,S_LETTER,serve
19907,66,S_LETTER,sell
19908,66,S_LETTER,steal
19909,66,S_LETTER,student
19910,66,S_LETTER,supply
19911,66,S_LETTER,staple
19912,66,S_LETTER,sit
19913,66,S_LETTER,seat
19914,66,S_LETTER,sofa
19915,66,S_LETTER,soap
19916,66,S_LETTER,slip
19917,66,S_LETTER,shower
19918,66,S_LETTER,seal
19919,66,S_LETTER,send
19920,66,S_LETTER,soar
19921,66,S_LETTER,sink
19922,66,S_LETTER,scuff
19923,66,S_LETTER,shoes
19924,66,S_LETTER,socks
19925,66,S_LETTER,show
19926,66,S_LETTER,station
19927,66,S_LETTER,sonic
19928,66,S_LETTER,switch
19929,66,S_LETTER,smash
19930,67,S_LETTER,Sour
19931,67,S_LETTER,sweet
19932,67,S_LETTER,salty
19933,67,S_LETTER,sassy
19934,67,S_LETTER,sexy
19935,67,S_LETTER,sex
19936,67,S_LETTER,soup
19937,67,S_LETTER,soap
19938,67,S_LETTER,super
19939,67,S_LETTER,salad
19940,67,S_LETTER,snake
19941,67,S_LETTER,slither
19942,67,S_LETTER,simple
19943,67,S_LETTER,soda
19944,68,S_LETTER,Small
19945,68,S_LETTER,size
19946,68,S_LETTER,set
19947,68,S_LETTER,sail
19948,68,S_LETTER,see
19949,68,S_LETTER,sea
19950,68,S_LETTER,say
19951,68,S_LETTER,snail
19952,68,S_LETTER,snake
19953,68,S_LETTER,shake
19954,68,S_LETTER,saw
19955,68,S_LETTER,smell
19956,68,S_LETTER,so
19957,68,S_LETTER,sew
19958,68,S_LETTER,show
19959,68,S_LETTER,snow
19960,68,S_LETTER,steak
19961,68,S_LETTER,stake
19962,68,S_LETTER,stupid
19963,68,S_LETTER,stud
19964,68,S_LETTER,stop
19965,68,S_LETTER,stoop
19966,68,S_LETTER,stool
19967,68,S_LETTER,stale
19968,68,S_LETTER,still
19969,68,S_LETTER,some
19970,68,S_LETTER,same
19971,69,S_LETTER,Snake
19972,69,S_LETTER,spencer
19973,69,S_LETTER,salt
19974,69,S_LETTER,same
19975,69,S_LETTER,sam
19976,69,S_LETTER,silly
19977,69,S_LETTER,salty
19978,69,S_LETTER,single
19979,69,S_LETTER,sand
19980,69,S_LETTER,sandwhiches
19981,69,S_LETTER,sangria
19982,69,S_LETTER,sad
19983,69,S_LETTER,sake
19984,69,S_LETTER,santa
19985,69,S_LETTER,snow
19986,69,S_LETTER,sandy
19987,69,S_LETTER,shores
19988,69,S_LETTER,sea
19989,69,S_LETTER,sally
19990,69,S_LETTER,shells
19991,69,S_LETTER,see
19992,69,S_LETTER,soul
19993,69,S_LETTER,singer
19994,70,S_LETTER,Sound
19995,70,S_LETTER,smell
19996,70,S_LETTER,sight
19997,70,S_LETTER,see
19998,70,S_LETTER,shore
19999,70,S_LETTER,sea
20000,70,S_LETTER,save
20001,70,S_LETTER,sent
20002,70,S_LETTER,seat
20003,70,S_LETTER,sit
20004,70,S_LETTER,sing
20005,70,S_LETTER,sang
20006,70,S_LETTER,saw
20007,70,S_LETTER,swam
20008,70,S_LETTER,swim
20009,70,S_LETTER,scent
20010,70,S_LETTER,search
20011,70,S_LETTER,scared
20012,70,S_LETTER,slight
20013,71,S_LETTER,Sound
20014,71,S_LETTER,sample
20015,71,S_LETTER,sam
20016,71,S_LETTER,superior
20017,71,S_LETTER,superb
20018,71,S_LETTER,screw
20019,71,S_LETTER,shit
20020,71,S_LETTER,steak
20021,71,S_LETTER,stakeout
20022,71,S_LETTER,slow
20023,71,S_LETTER,see
20024,71,S_LETTER,smoke
20025,71,S_LETTER,super
20026,71,S_LETTER,sex
20027,71,S_LETTER,services
20028,72,S_LETTER,Storm
20029,72,S_LETTER,strong
20030,72,S_LETTER,stamp
20031,72,S_LETTER,stamps
20032,72,S_LETTER,staple
20033,72,S_LETTER,staples
20034,72,S_LETTER,shroud
20035,72,S_LETTER,shock
20036,72,S_LETTER,shell
20037,72,S_LETTER,sorrow
20038,72,S_LETTER,sorry
20039,72,S_LETTER,sell
20040,72,S_LETTER,sold
20041,72,S_LETTER,selling
20042,72,S_LETTER,shut
20043,72,S_LETTER,stupid
20044,72,S_LETTER,swallow
20045,72,S_LETTER,straight
20046,72,S_LETTER,stop
20047,72,S_LETTER,stops
20048,72,S_LETTER,swell
20049,72,S_LETTER,street
20050,72,S_LETTER,steps
20051,72,S_LETTER,step
20052,72,S_LETTER,sheek
20053,72,S_LETTER,surprise
20054,72,S_LETTER,surprises
20055,72,S_LETTER,sun
20056,73,S_LETTER,Stop
20057,73,S_LETTER,serve
20058,73,S_LETTER,service
20059,73,S_LETTER,sister
20060,73,S_LETTER,sustain
20061,73,S_LETTER,suspicious
20062,73,S_LETTER,sample
20063,73,S_LETTER,start
20064,73,S_LETTER,started
20065,73,S_LETTER,stopped
20066,73,S_LETTER,some
20067,73,S_LETTER,something
20068,73,S_LETTER,someone
20069,73,S_LETTER,somewhere
20070,73,S_LETTER,somehow
20071,73,S_LETTER,same
20072,73,S_LETTER,survey
20073,73,S_LETTER,study
20074,73,S_LETTER,studious
20075,73,S_LETTER,smart
20076,73,S_LETTER,stupid
20077,73,S_LETTER,suspense
20078,73,S_LETTER,suspend
20079,73,S_LETTER,suspended
20080,73,S_LETTER,suspenseful
20081,73,S_LETTER,sustinence
20082,73,S_LETTER,stroke
20083,73,S_LETTER,speech
20084,73,S_LETTER,slur
20085,74,S_LETTER,Start
20086,74,S_LETTER,save
20087,74,S_LETTER,safe
20088,74,S_LETTER,shave
20089,74,S_LETTER,shall
20090,74,S_LETTER,spoke
20091,74,S_LETTER,speak
20092,74,S_LETTER,swore
20093,74,S_LETTER,seen
20094,74,S_LETTER,saw
20095,74,S_LETTER,seagull
20096,74,S_LETTER,seahorse
20097,74,S_LETTER,see
20098,74,S_LETTER,sea
20099,74,S_LETTER,store
20100,74,S_LETTER,spoon
20101,74,S_LETTER,strive
20102,74,S_LETTER,star
20103,74,S_LETTER,stare
20104,74,S_LETTER,stern
20105,74,S_LETTER,stay
20106,74,S_LETTER,spell
20107,74,S_LETTER,seal
20108,74,S_LETTER,spare
20109,74,S_LETTER,spat
20110,74,S_LETTER,spawn
20111,75,S_LETTER,Snort
20112,75,S_LETTER,stout
20113,75,S_LETTER,shrimp
20114,75,S_LETTER,scallops
20115,75,S_LETTER,small
20116,75,S_LETTER,sing
20117,75,S_LETTER,soft
20118,75,S_LETTER,smack
20119,75,S_LETTER,stomach
20120,75,S_LETTER,stretch
20121,75,S_LETTER,smell
20122,75,S_LETTER,shower
20123,75,S_LETTER,shampoo
20124,75,S_LETTER,shoes
20125,75,S_LETTER,shed
20126,75,S_LETTER,sherbet
20127,75,S_LETTER,strawberry
20128,75,S_LETTER,spinach
20129,75,S_LETTER,shrooms
20130,75,S_LETTER,super
20131,75,S_LETTER,splendid
20132,75,S_LETTER,sugar
20133,75,S_LETTER,sweet
20134,75,S_LETTER,special
20135,75,S_LETTER,smart
20136,76,S_LETTER,Sum
20137,76,S_LETTER,some
20138,76,S_LETTER,smooth
20139,76,S_LETTER,soft
20140,76,S_LETTER,same
20141,76,S_LETTER,sand
20142,76,S_LETTER,straight
20143,76,S_LETTER,stew
20144,76,S_LETTER,smell
20145,76,S_LETTER,small
20146,76,S_LETTER,sleigh
20147,76,S_LETTER,slay
20148,76,S_LETTER,super
20149,76,S_LETTER,supper
20150,76,S_LETTER,sun
20151,76,S_LETTER,stun
20152,76,S_LETTER,stunned
20153,76,S_LETTER,stop
20154,76,S_LETTER,smile
20155,76,S_LETTER,silohuette
20156,76,S_LETTER,student
20157,76,S_LETTER,star
20158,77,S_LETTER,Snack
20159,77,S_LETTER,snapple
20160,77,S_LETTER,sandwich
20161,77,S_LETTER,snail
20162,77,S_LETTER,snake
20163,77,S_LETTER,small
20164,77,S_LETTER,soup
20165,77,S_LETTER,sugar
20166,77,S_LETTER,salmon
20167,77,S_LETTER,same
20168,78,S_LETTER,Science
20169,78,S_LETTER,silence
20170,78,S_LETTER,solo
20171,78,S_LETTER,source
20172,78,S_LETTER,sigh
20173,78,S_LETTER,sign
20174,78,S_LETTER,sore
20175,78,S_LETTER,slay
20176,78,S_LETTER,strong
20177,78,S_LETTER,subject
20178,78,S_LETTER,social
20179,78,S_LETTER,sociology
20180,78,S_LETTER,siren
20181,78,S_LETTER,slice
20182,78,S_LETTER,sap
20183,78,S_LETTER,surrender
20184,78,S_LETTER,silough
20185,78,S_LETTER,sin
20186,78,S_LETTER,sock
20187,78,S_LETTER,stock
20188,78,S_LETTER,stork
20189,78,S_LETTER,stop
20190,78,S_LETTER,sloppy
20191,79,S_LETTER,Saucy
20192,79,S_LETTER,saucyness
20193,79,S_LETTER,soft
20194,79,S_LETTER,sincere
20195,79,S_LETTER,suppose
20196,79,S_LETTER,supposdly
20197,79,S_LETTER,screen
20198,79,S_LETTER,smear
20199,79,S_LETTER,slice
20200,79,S_LETTER,sat
20201,79,S_LETTER,sit
20202,79,S_LETTER,seat
20203,79,S_LETTER,seating
20204,79,S_LETTER,sitting
20205,79,S_LETTER,scorn
20206,79,S_LETTER,scream
20207,79,S_LETTER,screaming
20208,79,S_LETTER,sight
20209,79,S_LETTER,sign
20210,79,S_LETTER,signal
20211,79,S_LETTER,smile
20212,79,S_LETTER,smiling
20213,79,S_LETTER,surprise
20214,79,S_LETTER,shock
20215,79,S_LETTER,sound
20216,79,S_LETTER,smell
20217,79,S_LETTER,sock
20218,79,S_LETTER,sensational
20219,79,S_LETTER,sensation
20220,79,S_LETTER,skype
20221,80,S_LETTER,Sample
20222,80,S_LETTER,sex
20223,80,S_LETTER,supreme
20224,80,S_LETTER,surreal
20225,80,S_LETTER,surrounded
20226,80,S_LETTER,suprise
20227,80,S_LETTER,secular
20228,80,S_LETTER,supposed
20229,80,S_LETTER,second
20230,80,S_LETTER,screen
20231,80,S_LETTER,scattered
20232,80,S_LETTER,shattered
20233,80,S_LETTER,separated
20234,80,S_LETTER,sharp
20235,80,S_LETTER,soup
20236,80,S_LETTER,sauce
20237,80,S_LETTER,same
20238,80,S_LETTER,seek
20239,80,S_LETTER,see
20240,80,S_LETTER,seep
20241,80,S_LETTER,sir
20242,80,S_LETTER,soak
20243,80,S_LETTER,suds
20244,81,S_LETTER,Stand
20245,81,S_LETTER,standing
20246,81,S_LETTER,see
20247,81,S_LETTER,sea
20248,81,S_LETTER,saw
20249,81,S_LETTER,sight
20250,81,S_LETTER,sat
20251,81,S_LETTER,sit
20252,81,S_LETTER,some
20253,81,S_LETTER,someone
20254,81,S_LETTER,something
20255,81,S_LETTER,sometimes
20256,81,S_LETTER,sugar
20257,81,S_LETTER,solitude
20258,81,S_LETTER,solace
20259,81,S_LETTER,stand
20260,81,S_LETTER,standing
20261,81,S_LETTER,standings
20262,81,S_LETTER,stimulate
20263,81,S_LETTER,sleet
20264,81,S_LETTER,snow
20265,81,S_LETTER,snowing
20266,81,S_LETTER,sly
20267,81,S_LETTER,sweet
20268,81,S_LETTER,secret
20269,81,S_LETTER,secretive
20270,81,S_LETTER,secrets
20271,81,S_LETTER,somewhere
20272,81,S_LETTER,sometime
20273,81,S_LETTER,spot
20274,81,S_LETTER,spots
20275,81,S_LETTER,sand
20276,81,S_LETTER,sky
20277,81,S_LETTER,stars
20278,81,S_LETTER,sure
20279,81,S_LETTER,smacked
20280,81,S_LETTER,stood
20281,82,S_LETTER,Sally
20282,82,S_LETTER,sam
20283,82,S_LETTER,same
20284,82,S_LETTER,sample
20285,82,S_LETTER,slide
20286,82,S_LETTER,slid
20287,82,S_LETTER,slug
20288,82,S_LETTER,sog
20289,82,S_LETTER,soil
20290,82,S_LETTER,surplus
20291,82,S_LETTER,snail
20292,82,S_LETTER,sara
20293,82,S_LETTER,sarah
20294,82,S_LETTER,sweden
20295,82,S_LETTER,switzerland
20296,82,S_LETTER,swaheli
20297,82,S_LETTER,sandwich
20298,82,S_LETTER,sage
20299,82,S_LETTER,sand
20300,82,S_LETTER,smooth
20301,82,S_LETTER,silk
20302,82,S_LETTER,swift
20303,82,S_LETTER,swiftly
20304,82,S_LETTER,sill
20305,82,S_LETTER,silt
20306,83,S_LETTER,Snake
20307,83,S_LETTER,slow
20308,83,S_LETTER,sloth
20309,83,S_LETTER,sinthia
20310,83,S_LETTER,slither
20311,83,S_LETTER,silver
20312,83,S_LETTER,silverware
20313,83,S_LETTER,scion
20314,83,S_LETTER,scab
20315,83,S_LETTER,scorpion
20316,83,S_LETTER,special
20317,83,S_LETTER,so
20318,83,S_LETTER,super
20319,83,S_LETTER,school
20320,83,S_LETTER,summer
20321,83,S_LETTER,spring
20322,83,S_LETTER,snow
20323,83,S_LETTER,sleat
20324,83,S_LETTER,sex
20325,83,S_LETTER,sexual
20326,83,S_LETTER,sexuality
20327,83,S_LETTER,spectacular
20328,84,S_LETTER,Smart
20329,84,S_LETTER,survive
20330,84,S_LETTER,severe
20331,84,S_LETTER,service
20332,84,S_LETTER,sauce
20333,84,S_LETTER,sausage
20334,84,S_LETTER,scramble
20335,84,S_LETTER,scent
20336,84,S_LETTER,steak
20337,84,S_LETTER,stake
20338,84,S_LETTER,seem
20339,84,S_LETTER,sea
20340,84,S_LETTER,scream
20341,84,S_LETTER,slice
20342,84,S_LETTER,slide
20343,84,S_LETTER,smile
20344,84,S_LETTER,secret
20345,84,S_LETTER,school
20346,84,S_LETTER,study
20347,84,S_LETTER,sliver
20348,84,S_LETTER,silver
20349,84,S_LETTER,surgury
20350,84,S_LETTER,small
20351,84,S_LETTER,squish
20352,84,S_LETTER,solid
20353,84,S_LETTER,salad
20354,85,S_LETTER,Steven
20355,85,S_LETTER,silly
20356,85,S_LETTER,sit
20357,85,S_LETTER,shut
20358,85,S_LETTER,shit
20359,85,S_LETTER,shun
20360,85,S_LETTER,shadow
20361,85,S_LETTER,show
20362,85,S_LETTER,sir
20363,85,S_LETTER,sever
20364,85,S_LETTER,seven
20365,85,S_LETTER,sometime
20366,85,S_LETTER,some
20367,85,S_LETTER,somber
20368,85,S_LETTER,soma
20369,85,S_LETTER,sync
20370,85,S_LETTER,sarah
20371,85,S_LETTER,seth
20372,85,S_LETTER,set
20373,85,S_LETTER,sand
20374,85,S_LETTER,sam
20375,85,S_LETTER,sat
20376,85,S_LETTER,saturday
20377,85,S_LETTER,sunday
20378,85,S_LETTER,surname
20379,86,S_LETTER,Silver
20380,86,S_LETTER,safe
20381,86,S_LETTER,safety
20382,86,S_LETTER,solve
20383,86,S_LETTER,sim
20384,86,S_LETTER,simulate
20385,86,S_LETTER,save
20386,86,S_LETTER,soldier
20387,86,S_LETTER,sam
20388,86,S_LETTER,samuel
20389,86,S_LETTER,sand
20390,86,S_LETTER,sandy
20391,86,S_LETTER,shore
20392,86,S_LETTER,shower
20393,86,S_LETTER,soup
20394,86,S_LETTER,stain
20395,86,S_LETTER,stainless
20396,86,S_LETTER,steel
20397,86,S_LETTER,solid
20398,86,S_LETTER,sold
20399,86,S_LETTER,sink
20400,86,S_LETTER,sub
20401,86,S_LETTER,submarine
20402,86,S_LETTER,sandwich
20403,86,S_LETTER,shiver
20404,86,S_LETTER,shallow
20405,86,S_LETTER,swallow
20406,86,S_LETTER,sunk
20407,86,S_LETTER,soap
20408,86,S_LETTER,sherry
20409,86,S_LETTER,scar
20410,86,S_LETTER,scam
20411,86,S_LETTER,skill
20412,86,S_LETTER,sleep
20413,86,S_LETTER,sherbert
20414,87,S_LETTER,Silly
20415,87,S_LETTER,saw
20416,87,S_LETTER,sad
20417,87,S_LETTER,salad
20418,87,S_LETTER,stomache
20419,87,S_LETTER,stomp
20420,87,S_LETTER,stop
20421,87,S_LETTER,soup
20422,87,S_LETTER,spoon
20423,87,S_LETTER,soul
20424,87,S_LETTER,sell
20425,87,S_LETTER,solo
20426,87,S_LETTER,sound
20427,87,S_LETTER,season
20428,87,S_LETTER,saftey
20429,87,S_LETTER,safe
20430,87,S_LETTER,secure
20431,87,S_LETTER,sun
20432,87,S_LETTER,slow
20433,87,S_LETTER,sprung
20434,87,S_LETTER,spy
20435,87,S_LETTER,stupid
20436,87,S_LETTER,sky
20437,87,S_LETTER,still
20438,87,S_LETTER,secret
20439,87,S_LETTER,suggest
20440,87,S_LETTER,sold
20441,87,S_LETTER,soundful
20442,87,S_LETTER,sympathetic
20443,87,S_LETTER,symmetric
20444,87,S_LETTER,scared
20445,87,S_LETTER,sulk
20446,87,S_LETTER,sense
20447,87,S_LETTER,site
20448,87,S_LETTER,speech
20449,88,S_LETTER,Sip
20450,88,S_LETTER,suck
20451,88,S_LETTER,slip
20452,88,S_LETTER,shit
20453,88,S_LETTER,sorry
20454,88,S_LETTER,serenade
20455,88,S_LETTER,spectacular
20456,88,S_LETTER,spoiled
20457,88,S_LETTER,stupid
20458,88,S_LETTER,snake
20459,88,S_LETTER,scratch
20460,88,S_LETTER,space
20461,88,S_LETTER,share
20462,88,S_LETTER,sheet
20463,88,S_LETTER,sheep
20464,88,S_LETTER,shed
20465,88,S_LETTER,sour
20466,88,S_LETTER,sweet
20467,88,S_LETTER,sick
20468,88,S_LETTER,saint
20469,88,S_LETTER,song
20470,88,S_LETTER,soap
20471,88,S_LETTER,stop
20472,88,S_LETTER,stare
20473,88,S_LETTER,stale
20474,88,S_LETTER,stagnate
20475,88,S_LETTER,steal
20476,88,S_LETTER,stand
20477,88,S_LETTER,store
20478,88,S_LETTER,steep
20479,88,S_LETTER,sleep
20480,88,S_LETTER,seep
20481,88,S_LETTER,sangria
20482,88,S_LETTER,space
20483,88,S_LETTER,spy
20484,88,S_LETTER,son
20485,88,S_LETTER,sun
20486,88,S_LETTER,sad
20487,88,S_LETTER,sand
20488,88,S_LETTER,scratch
20489,89,S_LETTER,Sing
20490,89,S_LETTER,song
20491,89,S_LETTER,sad
20492,89,S_LETTER,surprised
20493,89,S_LETTER,soccer
20494,89,S_LETTER,sentence
20495,89,S_LETTER,stupid
20496,89,S_LETTER,silly
20497,89,S_LETTER,serious
20498,89,S_LETTER,salute
20499,89,S_LETTER,scared
20500,89,S_LETTER,stand
20501,89,S_LETTER,sit
20502,89,S_LETTER,slow
20503,89,S_LETTER,speed
20504,89,S_LETTER,section
20505,89,S_LETTER,sneaker
20506,89,S_LETTER,sock
20507,89,S_LETTER,store
20508,89,S_LETTER,sick
20509,89,S_LETTER,sober
20510,89,S_LETTER,staples
20511,90,S_LETTER,Sand
20512,90,S_LETTER,salt
20513,90,S_LETTER,saltwater
20514,90,S_LETTER,solution
20515,90,S_LETTER,solute
20516,90,S_LETTER,sandwich
20517,90,S_LETTER,sprinkler
20518,90,S_LETTER,sprinkle
20519,90,S_LETTER,spring
20520,90,S_LETTER,sprint
20521,90,S_LETTER,side
20522,90,S_LETTER,spider
20523,90,S_LETTER,spy
20524,90,S_LETTER,sky
20525,90,S_LETTER,sneakers
20526,90,S_LETTER,sports
20527,90,S_LETTER,skydiving
20528,90,S_LETTER,soring
20529,90,S_LETTER,spikes
20530,90,S_LETTER,skiing
20531,90,S_LETTER,steak
20532,91,S_LETTER,Section
20533,91,S_LETTER,spectroscopy
20534,91,S_LETTER,spelling
20535,91,S_LETTER,spiteful
20536,91,S_LETTER,sprite
20537,91,S_LETTER,spirit
20538,91,S_LETTER,spiritual
20539,91,S_LETTER,species
20540,91,S_LETTER,special
20541,91,S_LETTER,specialties
20542,91,S_LETTER,sophisticated
20543,91,S_LETTER,sample
20544,91,S_LETTER,standard
20545,91,S_LETTER,savior
20546,91,S_LETTER,sour
20547,91,S_LETTER,sweet
20548,91,S_LETTER,savory
20549,91,S_LETTER,suicide
20550,91,S_LETTER,seduction
20551,91,S_LETTER,simple
20552,91,S_LETTER,splash
20553,91,S_LETTER,sour-sop
20554,91,S_LETTER,slide
20555,91,S_LETTER,slippery
20556,91,S_LETTER,slip
20557,91,S_LETTER,slipper
20558,91,S_LETTER,slid
20559,92,S_LETTER,Sassy
20560,92,S_LETTER,sat
20561,92,S_LETTER,stall
20562,92,S_LETTER,sad
20563,92,S_LETTER,surge
20564,92,S_LETTER,synonym
20565,92,S_LETTER,sorry
20566,92,S_LETTER,satire
20567,92,S_LETTER,soft
20568,92,S_LETTER,silk
20569,92,S_LETTER,so
20570,92,S_LETTER,sit
20571,92,S_LETTER,sight
20572,92,S_LETTER,sell
20573,92,S_LETTER,synergy
20574,92,S_LETTER,stare
20575,92,S_LETTER,state
20576,92,S_LETTER,snake
20577,92,S_LETTER,still
20578,92,S_LETTER,super
20579,92,S_LETTER,song
20580,92,S_LETTER,sing
20581,92,S_LETTER,sang
20582,93,S_LETTER,So
20583,93,S_LETTER,say
20584,93,S_LETTER,said
20585,93,S_LETTER,sit
20586,93,S_LETTER,sat
20587,93,S_LETTER,sitter
20588,93,S_LETTER,set
20589,93,S_LETTER,setting
20590,93,S_LETTER,settings
20591,93,S_LETTER,saturn
20592,93,S_LETTER,surround
20593,93,S_LETTER,surrounded
20594,93,S_LETTER,saw
20595,93,S_LETTER,strict
20596,93,S_LETTER,straw
20597,93,S_LETTER,stray
20598,93,S_LETTER,stay
20599,93,S_LETTER,stayed
20600,93,S_LETTER,stubborn
20601,93,S_LETTER,stable
20602,93,S_LETTER,stability
20603,93,S_LETTER,sound
20604,93,S_LETTER,sounds
20605,93,S_LETTER,sorry
20606,93,S_LETTER,smart
20607,93,S_LETTER,stuart
20608,93,S_LETTER,stratified
20609,93,S_LETTER,sorrow
20610,94,S_LETTER,Superman
20611,94,S_LETTER,super
20612,94,S_LETTER,so
20613,94,S_LETTER,smooth
20614,94,S_LETTER,sigma
20615,94,S_LETTER,song
20616,94,S_LETTER,slow
20617,94,S_LETTER,sang
20618,94,S_LETTER,stir
20619,94,S_LETTER,slip
20620,94,S_LETTER,sip
20621,94,S_LETTER,suspect
20622,94,S_LETTER,send
20623,94,S_LETTER,sister
20624,94,S_LETTER,sibling
20625,94,S_LETTER,swam
20626,94,S_LETTER,swim
20627,94,S_LETTER,spoon
20628,94,S_LETTER,spork
20629,94,S_LETTER,superhero
20630,94,S_LETTER,swing
20631,94,S_LETTER,swang
20632,94,S_LETTER,sneeze
20633,94,S_LETTER,sleeze
20634,94,S_LETTER,soap
20635,94,S_LETTER,slid
20636,94,S_LETTER,slide
20637,94,S_LETTER,side
20638,94,S_LETTER,scissor
20639,94,S_LETTER,sick
20640,95,S_LETTER,Sorrow
20641,95,S_LETTER,sadness
20642,95,S_LETTER,sandwich
20643,95,S_LETTER,six
20644,95,S_LETTER,seven
20645,95,S_LETTER,sell
20646,95,S_LETTER,silk
20647,95,S_LETTER,sounds
20648,95,S_LETTER,saxaphone
20649,95,S_LETTER,set
20650,95,S_LETTER,setting
20651,95,S_LETTER,sick
20652,95,S_LETTER,side
20653,95,S_LETTER,sight
20654,95,S_LETTER,see
20655,95,S_LETTER,similar
20656,95,S_LETTER,serious
20657,95,S_LETTER,sacred
20658,96,S_LETTER,Street
20659,96,S_LETTER,stop
20660,96,S_LETTER,shun
20661,96,S_LETTER,stopped
20662,96,S_LETTER,stuck
20663,96,S_LETTER,salute
20664,96,S_LETTER,strange
20665,96,S_LETTER,stranger
20666,96,S_LETTER,slap
20667,96,S_LETTER,sing
20668,96,S_LETTER,sang
20669,96,S_LETTER,stand
20670,96,S_LETTER,stood
20671,96,S_LETTER,stall
20672,96,S_LETTER,steak
20673,96,S_LETTER,stake
20674,96,S_LETTER,shrimp
20675,96,S_LETTER,shrunk
20676,96,S_LETTER,skunk
20677,96,S_LETTER,sleek
20678,96,S_LETTER,so
20679,96,S_LETTER,sorry
20680,96,S_LETTER,say
20681,96,S_LETTER,said
20682,96,S_LETTER,send
20683,96,S_LETTER,sent
20684,96,S_LETTER,salary
20685,96,S_LETTER,sick
20686,96,S_LETTER,sat
20687,97,S_LETTER,Start
20688,97,S_LETTER,stop
20689,97,S_LETTER,stupid
20690,97,S_LETTER,shut up
20691,97,S_LETTER,signal
20692,97,S_LETTER,singapore
20693,97,S_LETTER,study
20694,97,S_LETTER,studies
20695,97,S_LETTER,snow
20696,97,S_LETTER,snowing
20697,97,S_LETTER,strict
20698,97,S_LETTER,strictly
20699,97,S_LETTER,sigma
20700,98,S_LETTER,Sarah
20701,98,S_LETTER,soft
20702,98,S_LETTER,super
20703,98,S_LETTER,superb
20704,98,S_LETTER,social
20705,98,S_LETTER,science
20706,98,S_LETTER,speed
20707,98,S_LETTER,signs
20708,98,S_LETTER,suck
20709,98,S_LETTER,sucker
20710,98,S_LETTER,sob
20711,98,S_LETTER,soap
20712,98,S_LETTER,serendipity
20713,98,S_LETTER,senile
20714,98,S_LETTER,sam
20715,98,S_LETTER,samantha
20716,98,S_LETTER,supersticious
20717,98,S_LETTER,supersticion
20718,98,S_LETTER,select
20719,98,S_LETTER,selective
20720,98,S_LETTER,seal
20721,98,S_LETTER,squirrel
20722,98,S_LETTER,sex
20723,98,S_LETTER,sexy
20724,98,S_LETTER,smile
20725,98,S_LETTER,sense
20726,98,S_LETTER,superfruit
20727,98,S_LETTER,strawberry
20728,98,S_LETTER,stream
20729,99,S_LETTER,Saturday
20730,99,S_LETTER,Sunday
20731,99,S_LETTER,sun
20732,99,S_LETTER,sat
20733,99,S_LETTER,set
20734,99,S_LETTER,sunset
20735,99,S_LETTER,sunrise
20736,99,S_LETTER,September
20737,99,S_LETTER,snowy
20738,99,S_LETTER,snow
20739,99,S_LETTER,snowing
20740,99,S_LETTER,see
20741,99,S_LETTER,saw
20742,99,S_LETTER,sand
20743,99,S_LETTER,sandcastle
20744,99,S_LETTER,sandwich
20745,99,S_LETTER,santa
20746,99,S_LETTER,snowman
20747,99,S_LETTER,shady
20748,99,S_LETTER,shade
20749,99,S_LETTER,shadow
20750,99,S_LETTER,scarecrow
20751,99,S_LETTER,sandy
20752,99,S_LETTER,scarlette
20753,99,S_LETTER,soar
20754,99,S_LETTER,sour
20755,99,S_LETTER,sweet
20756,99,S_LETTER,snap
20757,99,S_LETTER,snip
20758,99,S_LETTER,sit
20759,99,S_LETTER,sight
20760,99,S_LETTER,study
20761,99,S_LETTER,sandals
20762,99,S_LETTER,silly
20763,99,S_LETTER,services
20764,100,S_LETTER,Ship
20765,100,S_LETTER,shoot
20766,100,S_LETTER,shot
20767,100,S_LETTER,short
20768,100,S_LETTER,school
20769,100,S_LETTER,scholar
20770,100,S_LETTER,score
20771,100,S_LETTER,scum
20772,100,S_LETTER,scam
20773,100,S_LETTER,store
20774,100,S_LETTER,soar
20775,100,S_LETTER,see
20776,100,S_LETTER,sight
20777,100,S_LETTER,smell
20778,100,S_LETTER,simple
20779,100,S_LETTER,sample
20780,100,S_LETTER,snort
20781,100,S_LETTER,stop
20782,100,S_LETTER,steep
20783,100,S_LETTER,sprinkle
20784,100,S_LETTER,squirt
20785,100,S_LETTER,smart
20786,100,S_LETTER,snack
20787,100,S_LETTER,stupid
20788,100,S_LETTER,santa
20789,100,S_LETTER,study
20790,100,S_LETTER,semantic
20791,100,S_LETTER,serendipidy
20792,100,S_LETTER,sorry
20793,100,S_LETTER,sigma
20794,101,S_LETTER,Small
20795,101,S_LETTER,snail
20796,101,S_LETTER,see
20797,101,S_LETTER,snake
20798,101,S_LETTER,shake
20799,101,S_LETTER,sand
20800,101,S_LETTER,slither
20801,101,S_LETTER,salmon
20802,101,S_LETTER,sherbet
20803,101,S_LETTER,sand
20804,101,S_LETTER,sandwich
20805,101,S_LETTER,safe
20806,101,S_LETTER,selfish
20807,101,S_LETTER,self
20808,101,S_LETTER,summer
20809,101,S_LETTER,sun
20810,101,S_LETTER,set
20811,101,S_LETTER,sloth
20812,101,S_LETTER,sin
20813,101,S_LETTER,sing
20814,101,S_LETTER,snatch
20815,102,S_LETTER,Snake
20816,102,S_LETTER,sad
20817,102,S_LETTER,slow
20818,102,S_LETTER,slime
20819,102,S_LETTER,smooth
20820,102,S_LETTER,small
20821,102,S_LETTER,silent
20822,102,S_LETTER,sadistic
20823,102,S_LETTER,sour
20824,102,S_LETTER,shoe
20825,102,S_LETTER,shine
20826,102,S_LETTER,show
20827,102,S_LETTER,sweater
20828,102,S_LETTER,sweat
20829,102,S_LETTER,swear
20830,102,S_LETTER,sky
20831,102,S_LETTER,soar
20832,102,S_LETTER,south
20833,102,S_LETTER,same
20834,102,S_LETTER,sand
20835,102,S_LETTER,space
20836,102,S_LETTER,solid
20837,102,S_LETTER,sloth
20838,102,S_LETTER,sick
20839,102,S_LETTER,shallow
20840,102,S_LETTER,staples
20841,102,S_LETTER,starter
20842,102,S_LETTER,setter
20843,102,S_LETTER,step
20844,103,S_LETTER,State
20845,103,S_LETTER,same
20846,103,S_LETTER,survey
20847,103,S_LETTER,summer
20848,103,S_LETTER,spring
20849,103,S_LETTER,sample
20850,103,S_LETTER,swing
20851,103,S_LETTER,slice
20852,103,S_LETTER,space
20853,103,S_LETTER,save
20854,103,S_LETTER,survive
20855,103,S_LETTER,start
20856,103,S_LETTER,swerve
20857,103,S_LETTER,sway
20858,103,S_LETTER,stand
20859,103,S_LETTER,staple
20860,103,S_LETTER,stamp
20861,103,S_LETTER,sweep
20862,103,S_LETTER,slant
20863,103,S_LETTER,striaghten
20864,103,S_LETTER,stripe
20865,103,S_LETTER,strain
20866,103,S_LETTER,scorn
20867,104,S_LETTER,Slithering
20868,104,S_LETTER,snake
20869,104,S_LETTER,suck
20870,104,S_LETTER,such
20871,104,S_LETTER,so
20872,104,S_LETTER,small
20873,104,S_LETTER,stencil
20874,104,S_LETTER,sometimes
20875,104,S_LETTER,she
20876,104,S_LETTER,says
20877,104,S_LETTER,something
20878,104,S_LETTER,stupid
20879,104,S_LETTER,so
20880,104,S_LETTER,simply
20881,104,S_LETTER,stop
20882,104,S_LETTER,stating
20883,104,S_LETTER,silly
20884,104,S_LETTER,statements
20885,104,S_LETTER,shoutout
20886,104,S_LETTER,savory
20887,104,S_LETTER,sample
20888,104,S_LETTER,staple
20889,104,S_LETTER,scissor
20890,104,S_LETTER,scavenger
20891,104,S_LETTER,spill
20892,104,S_LETTER,shop
20893,104,S_LETTER,stagnent
20894,104,S_LETTER,sorrow
20895,104,S_LETTER,sea
20896,104,S_LETTER,see
20897,104,S_LETTER,sense
20898,104,S_LETTER,slip
20899,104,S_LETTER,slide
20900,105,S_LETTER,Shower
20901,105,S_LETTER,show
20902,105,S_LETTER,snow
20903,105,S_LETTER,sob
20904,105,S_LETTER,soak
20905,105,S_LETTER,santuary
20906,105,S_LETTER,sleep
20907,105,S_LETTER,swim
20908,105,S_LETTER,sink
20909,105,S_LETTER,sing
20910,105,S_LETTER,sneak
20911,105,S_LETTER,smell
20912,105,S_LETTER,see
20913,105,S_LETTER,significance
20914,105,S_LETTER,sign
20915,105,S_LETTER,sigh
20916,105,S_LETTER,shaelow [best guess - hard to read]
20917,105,S_LETTER,slow
20918,105,S_LETTER,speed
20919,105,S_LETTER,stop
20920,105,S_LETTER,shout
20921,105,S_LETTER,scream
20922,105,S_LETTER,smile
20923,105,S_LETTER,sorrow
20924,105,S_LETTER,speakers
20925,105,S_LETTER,sit
20926,105,S_LETTER,spank
20927,105,S_LETTER,submit
20928,105,S_LETTER,summit
20929,105,S_LETTER,summer
20930,105,S_LETTER,suit
20931,105,S_LETTER,suite
20932,106,S_LETTER,Said
20933,106,S_LETTER,sass
20934,106,S_LETTER,sassy
20935,106,S_LETTER,sassafrass
20936,106,S_LETTER,sad
20937,106,S_LETTER,smile
20938,106,S_LETTER,smiley-face
20939,106,S_LETTER,Sam
20940,106,S_LETTER,sorry
20941,106,S_LETTER,Samantha
20942,106,S_LETTER,Sandra
20943,106,S_LETTER,star
20944,106,S_LETTER,sun
20945,106,S_LETTER,snow
20946,106,S_LETTER,snowy
20947,106,S_LETTER,snowed
20948,106,S_LETTER,showed
20949,106,S_LETTER,show
20950,106,S_LETTER,shovel
20951,106,S_LETTER,so
20952,106,S_LETTER,sock
20953,106,S_LETTER,socks
20954,106,S_LETTER,suck
20955,106,S_LETTER,sucked
20956,106,S_LETTER,sandwich
20957,106,S_LETTER,salami
20958,106,S_LETTER,salad
20959,106,S_LETTER,sundress
20960,106,S_LETTER,sandals
20961,106,S_LETTER,sand
20962,107,S_LETTER,Same
20963,107,S_LETTER,sample
20964,107,S_LETTER,similar
20965,107,S_LETTER,sure
20966,107,S_LETTER,suroggate
20967,107,S_LETTER,supply
20968,107,S_LETTER,share
20969,107,S_LETTER,sister
20970,107,S_LETTER,something
20971,107,S_LETTER,somewhat
20972,107,S_LETTER,suppose
20973,107,S_LETTER,snow
20974,107,S_LETTER,shoe
20975,107,S_LETTER,ski
20976,107,S_LETTER,snowboard
20977,107,S_LETTER,skate
20978,107,S_LETTER,skating
20979,107,S_LETTER,skiing
20980,107,S_LETTER,spanish
20981,107,S_LETTER,sport/s
20982,108,S_LETTER,Snake
20983,108,S_LETTER,slither
20984,108,S_LETTER,soccer
20985,108,S_LETTER,Sam
20986,108,S_LETTER,so
20987,108,S_LETTER,soap
20988,108,S_LETTER,sorry
20989,108,S_LETTER,stop
20990,108,S_LETTER,sanction
20991,108,S_LETTER,secretion
20992,108,S_LETTER,shopping
20993,108,S_LETTER,super
20994,108,S_LETTER,star
20995,108,S_LETTER,satelitte
20996,108,S_LETTER,space
20997,108,S_LETTER,sweet
20998,108,S_LETTER,salty
20999,108,S_LETTER,savory
21000,108,S_LETTER,system
21001,108,S_LETTER,show
21002,108,S_LETTER,Sean
21003,108,S_LETTER,shape
21004,108,S_LETTER,snow
21005,108,S_LETTER,say
21006,108,S_LETTER,sway
21007,108,S_LETTER,stay
21008,108,S_LETTER,slay
21009,108,S_LETTER,study
21010,109,S_LETTER,Somewhat
21011,109,S_LETTER,some
21012,109,S_LETTER,so
21013,109,S_LETTER,sometimes
21014,109,S_LETTER,sometime
21015,109,S_LETTER,soothe
21016,109,S_LETTER,soothing
21017,109,S_LETTER,situated
21018,109,S_LETTER,situate
21019,109,S_LETTER,sit
21020,109,S_LETTER,sith
21021,109,S_LETTER,sun
21022,109,S_LETTER,sunburnt
21023,109,S_LETTER,sans
21024,109,S_LETTER,sack
21025,109,S_LETTER,sort
21026,109,S_LETTER,sat
21027,109,S_LETTER,sitting
21028,109,S_LETTER,sought
21029,109,S_LETTER,sift
21030,109,S_LETTER,sand
21031,109,S_LETTER,solitude
21032,109,S_LETTER,set
21033,109,S_LETTER,setting
21034,109,S_LETTER,stool
21035,109,S_LETTER,sole
21036,109,S_LETTER,soul
21037,109,S_LETTER,swan
21038,109,S_LETTER,sock
21039,109,S_LETTER,soot
21040,109,S_LETTER,shook
21041,110,S_LETTER,So
21042,110,S_LETTER,some
21043,110,S_LETTER,slight
21044,110,S_LETTER,small
21045,110,S_LETTER,sniff
21046,110,S_LETTER,sign
21047,110,S_LETTER,signal
21048,110,S_LETTER,slurp
21049,110,S_LETTER,surf
21050,110,S_LETTER,supervise
21051,110,S_LETTER,solo
21052,110,S_LETTER,soul
21053,110,S_LETTER,soulful
21054,110,S_LETTER,sun
21055,110,S_LETTER,son
21056,110,S_LETTER,section
21057,110,S_LETTER,solution
21058,110,S_LETTER,solute
21059,110,S_LETTER,sulute
21060,110,S_LETTER,solvent
21061,110,S_LETTER,sent
21062,110,S_LETTER,scent
21063,110,S_LETTER,support
21064,110,S_LETTER,sacreligious
21065,111,S_LETTER,Smile
21066,111,S_LETTER,smart
21067,111,S_LETTER,sad
21068,111,S_LETTER,seed
21069,111,S_LETTER,stream
21070,111,S_LETTER,stray
21071,111,S_LETTER,straight
21072,111,S_LETTER,stop
21073,111,S_LETTER,stay
21074,111,S_LETTER,sample
21075,111,S_LETTER,staple
21076,111,S_LETTER,stapler
21077,111,S_LETTER,sugar
21078,111,S_LETTER,sandbox
21079,111,S_LETTER,safe
21080,111,S_LETTER,save
21081,111,S_LETTER,stupid
21082,111,S_LETTER,strain
21083,111,S_LETTER,secret
21084,111,S_LETTER,submerge
21085,111,S_LETTER,smack
21086,111,S_LETTER,snuck
21087,111,S_LETTER,sleep
21088,111,S_LETTER,slum
21089,111,S_LETTER,scrum
21090,111,S_LETTER,sandwich
21091,111,S_LETTER,string
21092,111,S_LETTER,soup
21093,111,S_LETTER,soap
21094,111,S_LETTER,slug
21095,112,S_LETTER,South
21096,112,S_LETTER,sexy
21097,112,S_LETTER,salt
21098,112,S_LETTER,savory
21099,112,S_LETTER,sunny
21100,112,S_LETTER,son
21101,112,S_LETTER,sun
21102,112,S_LETTER,suck
21103,112,S_LETTER,sucker
21104,112,S_LETTER,smell
21105,112,S_LETTER,sensory
21106,112,S_LETTER,sensor
21107,112,S_LETTER,sensitive
21108,112,S_LETTER,snuggle
21109,112,S_LETTER,saltine
21110,112,S_LETTER,snack
21111,112,S_LETTER,spell
21112,112,S_LETTER,spark
21113,112,S_LETTER,spit
21114,112,S_LETTER,spitfire
21115,112,S_LETTER,sensei
21116,112,S_LETTER,serrendipity
21117,112,S_LETTER,see
21118,112,S_LETTER,suffer
21119,112,S_LETTER,sundown
21120,113,S_LETTER,Seat
21121,113,S_LETTER,see
21122,113,S_LETTER,Sofia
21123,113,S_LETTER,still
21124,113,S_LETTER,sill
21125,113,S_LETTER,silk
21126,113,S_LETTER,stone
21127,113,S_LETTER,stubborn
21128,113,S_LETTER,sick
21129,113,S_LETTER,sad
21130,113,S_LETTER,sandwich
21131,113,S_LETTER,seize
21132,113,S_LETTER,stilts
21133,113,S_LETTER,stick
21134,113,S_LETTER,snow
21135,113,S_LETTER,snowball
21136,113,S_LETTER,stunning
21137,113,S_LETTER,sit
21138,113,S_LETTER,stand
21139,113,S_LETTER,so
21140,113,S_LETTER,social
21141,113,S_LETTER,stirrup
21142,113,S_LETTER,snake
21143,113,S_LETTER,sloth
21144,113,S_LETTER,snowboard
21145,113,S_LETTER,smock
21146,114,S_LETTER,Shoe
21147,114,S_LETTER,shirt
21148,114,S_LETTER,sweater
21149,114,S_LETTER,sweatpants
21150,114,S_LETTER,sock
21151,114,S_LETTER,sweat
21152,114,S_LETTER,sea
21153,114,S_LETTER,see
21154,114,S_LETTER,sewer
21155,114,S_LETTER,snow
21156,114,S_LETTER,sky
21157,114,S_LETTER,sand
21158,114,S_LETTER,so
21159,114,S_LETTER,super
21160,114,S_LETTER,superficial
21161,114,S_LETTER,salt
21162,114,S_LETTER,soar
21163,114,S_LETTER,staple
21164,114,S_LETTER,sun
21165,114,S_LETTER,sunny
21166,114,S_LETTER,sorry
21167,114,S_LETTER,sorority
21168,114,S_LETTER,suny
21169,114,S_LETTER,sony
21170,114,S_LETTER,station
21171,114,S_LETTER,stagnant
21172,114,S_LETTER,sample
21173,114,S_LETTER,song
21174,114,S_LETTER,soul
21175,114,S_LETTER,serenity
21176,114,S_LETTER,simple
21177,115,S_LETTER,Snail
21178,115,S_LETTER,shark
21179,115,S_LETTER,shack
21180,115,S_LETTER,shirt
21181,115,S_LETTER,soup
21182,115,S_LETTER,sir
21183,115,S_LETTER,silent
21184,115,S_LETTER,science
21185,115,S_LETTER,snack
21186,115,S_LETTER,sure
21187,115,S_LETTER,stop
21188,115,S_LETTER,sign
21189,115,S_LETTER,smack
21190,115,S_LETTER,suppress
21191,115,S_LETTER,slight
21192,115,S_LETTER,shy
21193,115,S_LETTER,sassy
21194,116,S_LETTER,Snake
21195,116,S_LETTER,sought
21196,116,S_LETTER,shake
21197,116,S_LETTER,sun
21198,116,S_LETTER,summer
21199,116,S_LETTER,swim
21200,116,S_LETTER,sit
21201,116,S_LETTER,small
21202,116,S_LETTER,snack
21203,116,S_LETTER,submarine
21204,116,S_LETTER,snail
21205,116,S_LETTER,stalk
21206,116,S_LETTER,sample
21207,116,S_LETTER,socket
21208,116,S_LETTER,sock
21209,116,S_LETTER,sale
21210,116,S_LETTER,sail
21211,116,S_LETTER,slumber
21212,116,S_LETTER,sake
21213,116,S_LETTER,shook
21214,116,S_LETTER,somber
21215,116,S_LETTER,sandal
21216,117,S_LETTER,Sapphire
21217,117,S_LETTER,star
21218,117,S_LETTER,sergeant
21219,117,S_LETTER,stay
21220,117,S_LETTER,selfish
21221,117,S_LETTER,scared
21222,117,S_LETTER,sky
21223,117,S_LETTER,sell
21224,117,S_LETTER,sale
21225,117,S_LETTER,sold
21226,117,S_LETTER,safe
21227,117,S_LETTER,safety
21228,117,S_LETTER,school
21229,117,S_LETTER,sea
21230,117,S_LETTER,seastar
21231,117,S_LETTER,serene
21232,117,S_LETTER,serendipity
21233,117,S_LETTER,scarce
21234,117,S_LETTER,spooky
21235,117,S_LETTER,see
21236,117,S_LETTER,say
21237,117,S_LETTER,said
21238,117,S_LETTER,selfless
21239,117,S_LETTER,super
21240,117,S_LETTER,superhero
21241,117,S_LETTER,sudden
21242,117,S_LETTER,stupid
21243,117,S_LETTER,seek
21244,117,S_LETTER,seen
21245,117,S_LETTER,sent
21246,117,S_LETTER,send
21247,117,S_LETTER,sod
21248,117,S_LETTER,sad
21249,117,S_LETTER,sadden
21250,117,S_LETTER,secret
21251,117,S_LETTER,shy
21252,118,S_LETTER,Salad
21253,118,S_LETTER,soup
21254,118,S_LETTER,solider
21255,118,S_LETTER,solidify
21256,118,S_LETTER,salamander
21257,118,S_LETTER,soap
21258,118,S_LETTER,suck
21259,118,S_LETTER,soak
21260,118,S_LETTER,sell
21261,118,S_LETTER,send
21262,118,S_LETTER,salty
21263,118,S_LETTER,sexy
21264,118,S_LETTER,spray
21265,118,S_LETTER,say
21266,118,S_LETTER,said
21267,118,S_LETTER,should
21268,118,S_LETTER,sup
21269,118,S_LETTER,so
21270,118,S_LETTER,saltine
21271,118,S_LETTER,socks
21272,118,S_LETTER,shorts
21273,118,S_LETTER,shirt
21274,118,S_LETTER,sports
21275,118,S_LETTER,shoulder
21276,118,S_LETTER,soccer
21277,119,S_LETTER,Sister
21278,119,S_LETTER,six
21279,119,S_LETTER,seven
21280,119,S_LETTER,siblings
21281,119,S_LETTER,snake
21282,119,S_LETTER,shallow
21283,119,S_LETTER,swallow
21284,119,S_LETTER,swimming
21285,119,S_LETTER,sweat
21286,119,S_LETTER,sunny
21287,119,S_LETTER,sunday
21288,119,S_LETTER,saturday
21289,119,S_LETTER,servallince
21290,119,S_LETTER,serve
21291,119,S_LETTER,sneaky
21292,119,S_LETTER,snow
21293,119,S_LETTER,shelter
21294,119,S_LETTER,shock
21295,119,S_LETTER,sad
21296,119,S_LETTER,subject
21297,119,S_LETTER,station
21298,119,S_LETTER,siren
21299,119,S_LETTER,straw
21300,119,S_LETTER,sing
21301,119,S_LETTER,someone
21302,119,S_LETTER,so
21303,119,S_LETTER,something
21304,120,S_LETTER,Snow
21305,120,S_LETTER,staples
21306,120,S_LETTER,south
21307,120,S_LETTER,snake
21308,120,S_LETTER,sister
21309,120,S_LETTER,saw
21310,120,S_LETTER,sandwhich
21311,120,S_LETTER,sand
21312,120,S_LETTER,sam
21313,120,S_LETTER,samantha
21314,120,S_LETTER,sleep
21315,120,S_LETTER,sky
21316,120,S_LETTER,skydiving
21317,121,S_LETTER,See
21318,121,S_LETTER,since
21319,121,S_LETTER,so
21320,121,S_LETTER,sent
21321,121,S_LETTER,scent
21322,121,S_LETTER,smell
21323,121,S_LETTER,smile
21324,121,S_LETTER,scream
21325,121,S_LETTER,split
21326,121,S_LETTER,scum
21327,121,S_LETTER,shit
21328,121,S_LETTER,stacey
21329,121,S_LETTER,stella
21330,121,S_LETTER,stephanie
21331,121,S_LETTER,samantha
21332,121,S_LETTER,sarah
21333,121,S_LETTER,susan
21334,121,S_LETTER,stephen
21335,121,S_LETTER,sell
21336,121,S_LETTER,sold
21337,121,S_LETTER,spoil
21338,122,S_LETTER,Splendid
21339,122,S_LETTER,special
21340,122,S_LETTER,speak
21341,122,S_LETTER,spite
21342,122,S_LETTER,spell
21343,122,S_LETTER,same
21344,122,S_LETTER,still
21345,122,S_LETTER,soda
21346,122,S_LETTER,seafood
21347,122,S_LETTER,silent
21348,122,S_LETTER,solidarity
21349,122,S_LETTER,solid
21350,122,S_LETTER,solitude
21351,122,S_LETTER,sun
21352,122,S_LETTER,sunshine
21353,122,S_LETTER,sick
21354,122,S_LETTER,simple
21355,122,S_LETTER,salt
21356,122,S_LETTER,salad
21357,122,S_LETTER,sorrow
21358,122,S_LETTER,sheer
21359,122,S_LETTER,shed
21360,122,S_LETTER,shallow
21361,122,S_LETTER,stall
21362,122,S_LETTER,stale
21363,122,S_LETTER,steal
21364,123,S_LETTER,Secrets
21365,123,S_LETTER,secrecy
21366,123,S_LETTER,simon
21367,123,S_LETTER,says
21368,123,S_LETTER,she
21369,123,S_LETTER,sister
21370,123,S_LETTER,soother
21371,123,S_LETTER,softer
21372,123,S_LETTER,sweeter
21373,123,S_LETTER,salty
21374,123,S_LETTER,shave
21375,123,S_LETTER,snack
21376,123,S_LETTER,slithering
21377,123,S_LETTER,singing
21378,123,S_LETTER,singer
21379,123,S_LETTER,shimmering
21380,123,S_LETTER,sassy
21381,123,S_LETTER,screaming
21382,123,S_LETTER,scarf
21383,123,S_LETTER,sneakers
21384,123,S_LETTER,sun
21385,123,S_LETTER,son
21386,123,S_LETTER,summer
21387,123,S_LETTER,spring
21388,123,S_LETTER,sandals
21389,123,S_LETTER,sharing
21390,123,S_LETTER,sneaking
21391,123,S_LETTER,sperm
21392,123,S_LETTER,sneaking
21393,123,S_LETTER,sliding
21394,123,S_LETTER,smothering
21395,123,S_LETTER,smooth
21396,123,S_LETTER,soothing
21397,124,S_LETTER,Sugar
21398,124,S_LETTER,sweet
21399,124,S_LETTER,sand
21400,124,S_LETTER,sound
21401,124,S_LETTER,soup
21402,124,S_LETTER,sour
21403,124,S_LETTER,suite
21404,124,S_LETTER,sail
21405,124,S_LETTER,sack
21406,124,S_LETTER,shout
21407,124,S_LETTER,scream
21408,124,S_LETTER,stop
21409,124,S_LETTER,stare
21410,124,S_LETTER,stack
21411,124,S_LETTER,stick
21412,124,S_LETTER,school
21413,124,S_LETTER,snack
21414,124,S_LETTER,silver
21415,124,S_LETTER,sip
21416,124,S_LETTER,sit
21417,124,S_LETTER,stand
21418,124,S_LETTER,shook
21419,124,S_LETTER,shake
21420,124,S_LETTER,staple
21421,124,S_LETTER,spice
21422,124,S_LETTER,spite
21423,124,S_LETTER,spare
21424,124,S_LETTER,spoon
21425,124,S_LETTER,snake
21426,125,S_LETTER,Snake
21427,125,S_LETTER,slippery
21428,125,S_LETTER,starve
21429,125,S_LETTER,stink
21430,125,S_LETTER,stunk
21431,125,S_LETTER,sticky
21432,125,S_LETTER,soft
21433,125,S_LETTER,silk
21434,125,S_LETTER,silky
21435,125,S_LETTER,sit
21436,125,S_LETTER,sat
21437,125,S_LETTER,surround
21438,125,S_LETTER,sound
21439,125,S_LETTER,sin
21440,125,S_LETTER,subtract
21441,125,S_LETTER,subtraction
21442,125,S_LETTER,subcontinent
21443,125,S_LETTER,subway
21444,125,S_LETTER,street
21445,125,S_LETTER,star
21446,125,S_LETTER,slave
21447,125,S_LETTER,slavery
21448,125,S_LETTER,sirenge [best guess - hard to read]
21449,125,S_LETTER,sick
21450,125,S_LETTER,sickly
21451,125,S_LETTER,square
21452,125,S_LETTER,stock
21453,125,S_LETTER,stick
21454,126,S_LETTER,Snake
21455,126,S_LETTER,super
21456,126,S_LETTER,superficial
21457,126,S_LETTER,supply
21458,126,S_LETTER,subtract
21459,126,S_LETTER,substance
21460,126,S_LETTER,subordinate
21461,126,S_LETTER,supreme
21462,126,S_LETTER,sun
21463,126,S_LETTER,son
21464,126,S_LETTER,solstice
21465,126,S_LETTER,shower
21466,126,S_LETTER,suprise
21467,126,S_LETTER,suspend
21468,126,S_LETTER,sub-par
21469,126,S_LETTER,spring
21470,126,S_LETTER,sprung
21471,126,S_LETTER,supress
21472,126,S_LETTER,sunny
21473,127,S_LETTER,So
21474,127,S_LETTER,sorry
21475,127,S_LETTER,sorrow
21476,127,S_LETTER,spiteful
21477,127,S_LETTER,spin
21478,127,S_LETTER,some
21479,127,S_LETTER,sit
21480,127,S_LETTER,seat
21481,127,S_LETTER,shirt
21482,127,S_LETTER,skirt
21483,127,S_LETTER,sober
21484,127,S_LETTER,somber
21485,127,S_LETTER,sombrero
21486,127,S_LETTER,salsa
21487,127,S_LETTER,seagul
21488,127,S_LETTER,sea
21489,127,S_LETTER,sun
21490,127,S_LETTER,son
21491,127,S_LETTER,song
21492,127,S_LETTER,sunny
21493,127,S_LETTER,sight
21494,127,S_LETTER,see
21495,127,S_LETTER,sore
21496,128,S_LETTER,Sun
21497,128,S_LETTER,sin
21498,128,S_LETTER,summer
21499,128,S_LETTER,sunshine
21500,128,S_LETTER,shine
21501,128,S_LETTER,shrine
21502,128,S_LETTER,stun
21503,128,S_LETTER,stunt
21504,128,S_LETTER,slant
21505,128,S_LETTER,stomach
21506,128,S_LETTER,stutter
21507,128,S_LETTER,slide
21508,128,S_LETTER,snow
21509,128,S_LETTER,steel
21510,128,S_LETTER,steal
21511,128,S_LETTER,slim
21512,128,S_LETTER,slime
21513,128,S_LETTER,slumber
21514,128,S_LETTER,stumble
21515,128,S_LETTER,stay
21516,128,S_LETTER,slip
21517,128,S_LETTER,slurp
21518,128,S_LETTER,sip
21519,128,S_LETTER,say
21520,129,S_LETTER,Sale
21521,129,S_LETTER,shampoo
21522,129,S_LETTER,surroundings
21523,129,S_LETTER,sandwich
21524,129,S_LETTER,sand
21525,129,S_LETTER,seashells
21526,129,S_LETTER,seashore
21527,129,S_LETTER,sells
21528,129,S_LETTER,sorbet
21529,129,S_LETTER,sad
21530,129,S_LETTER,sherbet
21531,129,S_LETTER,strawberry
21532,129,S_LETTER,straw
21533,129,S_LETTER,soup
21534,129,S_LETTER,slurp
21535,129,S_LETTER,somber
21536,130,S_LETTER,Street
21537,130,S_LETTER,sign
21538,130,S_LETTER,sad
21539,130,S_LETTER,sing
21540,130,S_LETTER,singer
21541,130,S_LETTER,sang
21542,130,S_LETTER,salty
21543,130,S_LETTER,slide
21544,130,S_LETTER,sliding
21545,130,S_LETTER,silly
21546,130,S_LETTER,slacking
21547,130,S_LETTER,slacker
21548,130,S_LETTER,socks
21549,130,S_LETTER,shirt
21550,130,S_LETTER,sweatshirt
21551,130,S_LETTER,sweating
21552,130,S_LETTER,sweatpants
21553,130,S_LETTER,single
21554,130,S_LETTER,slimey
21555,130,S_LETTER,slippery
21556,130,S_LETTER,shady
21557,130,S_LETTER,shadow
21558,130,S_LETTER,soft
21559,130,S_LETTER,sticky
21560,130,S_LETTER,sting
21561,130,S_LETTER,stinger
21562,130,S_LETTER,sexy
21563,130,S_LETTER,sex
21564,130,S_LETTER,slaughter
21565,130,S_LETTER,sling
21566,130,S_LETTER,start
21567,130,S_LETTER,statistics
21568,130,S_LETTER,stats
21569,130,S_LETTER,starter
21570,130,S_LETTER,starting
21571,130,S_LETTER,second
21572,130,S_LETTER,shift
21573,131,S_LETTER,Season
21574,131,S_LETTER,summer
21575,131,S_LETTER,spring
21576,131,S_LETTER,study
21577,131,S_LETTER,stress
21578,131,S_LETTER,see
21579,131,S_LETTER,symbol
21580,131,S_LETTER,syllabul
21581,131,S_LETTER,synonym
21582,131,S_LETTER,sun
21583,131,S_LETTER,sky
21584,131,S_LETTER,strong
21585,131,S_LETTER,strive
21586,131,S_LETTER,success
21587,131,S_LETTER,successful
21588,131,S_LETTER,stupid
21589,131,S_LETTER,skip
21590,131,S_LETTER,story
21591,131,S_LETTER,storm
21592,131,S_LETTER,stone
21593,131,S_LETTER,super
21594,131,S_LETTER,store
21595,131,S_LETTER,strategy
21596,131,S_LETTER,syllabus
21597,132,S_LETTER,Sky
21598,132,S_LETTER,squirrel
21599,132,S_LETTER,squash
21600,132,S_LETTER,squirt
21601,132,S_LETTER,shoot
21602,132,S_LETTER,shit
21603,132,S_LETTER,shave
21604,132,S_LETTER,shoe
21605,132,S_LETTER,sorry
21606,132,S_LETTER,scam
21607,132,S_LETTER,salt
21608,132,S_LETTER,simmer
21609,132,S_LETTER,salsa
21610,132,S_LETTER,sack
21611,132,S_LETTER,stress
21612,132,S_LETTER,smell
21613,132,S_LETTER,sniff
21614,132,S_LETTER,sun
21615,132,S_LETTER,sky
21616,132,S_LETTER,scene
21617,132,S_LETTER,soar
21618,132,S_LETTER,sleep
21619,132,S_LETTER,smack
21620,132,S_LETTER,small
21621,132,S_LETTER,speak
21622,132,S_LETTER,spoke
21623,133,S_LETTER,Sometimes
21624,133,S_LETTER,something
21625,133,S_LETTER,some
21626,133,S_LETTER,share
21627,133,S_LETTER,shape
21628,133,S_LETTER,save
21629,133,S_LETTER,son
21630,133,S_LETTER,sun
21631,133,S_LETTER,sunshine
21632,133,S_LETTER,snake
21633,133,S_LETTER,shake
21634,133,S_LETTER,snap
21635,133,S_LETTER,scan
21636,133,S_LETTER,ski
21637,133,S_LETTER,sky
21638,133,S_LETTER,say
21639,133,S_LETTER,sand
21640,133,S_LETTER,see
21641,133,S_LETTER,site
21642,133,S_LETTER,skyline
21643,133,S_LETTER,swipe
21644,133,S_LETTER,shoe
21645,133,S_LETTER,spoon
21646,134,S_LETTER,Simon
21647,134,S_LETTER,some
21648,134,S_LETTER,something
21649,134,S_LETTER,someone
21650,134,S_LETTER,sapient
21651,134,S_LETTER,social
21652,134,S_LETTER,screw
21653,134,S_LETTER,steven
21654,134,S_LETTER,study
21655,134,S_LETTER,studies
21656,134,S_LETTER,supply
21657,134,S_LETTER,sustinance
21658,134,S_LETTER,sing
21659,134,S_LETTER,singing
21660,134,S_LETTER,so
21661,134,S_LETTER,soho
21662,134,S_LETTER,search
21663,134,S_LETTER,searching
21664,135,S_LETTER,Slow
21665,135,S_LETTER,steady
21666,135,S_LETTER,steak
21667,135,S_LETTER,snake
21668,135,S_LETTER,sorry
21669,135,S_LETTER,sorority
21670,135,S_LETTER,stop
21671,135,S_LETTER,start
21672,135,S_LETTER,snail
21673,135,S_LETTER,shred
21674,135,S_LETTER,shredded
21675,135,S_LETTER,six
21676,135,S_LETTER,seven
21677,135,S_LETTER,sixteen
21678,135,S_LETTER,seventeen
21679,135,S_LETTER,sunday
21680,135,S_LETTER,saturday
21681,135,S_LETTER,study
21682,135,S_LETTER,studious
21683,135,S_LETTER,surprise
21684,135,S_LETTER,surreal
21685,135,S_LETTER,sex
21686,135,S_LETTER,sexual
21687,135,S_LETTER,sun
21688,135,S_LETTER,stars
21689,135,S_LETTER,saturn
21690,135,S_LETTER,sobriety
21691,135,S_LETTER,sober
21692,135,S_LETTER,snow
21693,135,S_LETTER,snowflakes
21694,135,S_LETTER,stable
21695,135,S_LETTER,stability
21696,135,S_LETTER,security
21697,136,S_LETTER,Social
21698,136,S_LETTER,snake
21699,136,S_LETTER,sorry
21700,136,S_LETTER,sorority
21701,136,S_LETTER,smile
21702,136,S_LETTER,smith
21703,136,S_LETTER,smooth
21704,136,S_LETTER,simple
21705,136,S_LETTER,special
21706,136,S_LETTER,surprise
21707,136,S_LETTER,secret
21708,136,S_LETTER,scary
21709,136,S_LETTER,smoothie
21710,136,S_LETTER,smart
21711,136,S_LETTER,slide
21712,136,S_LETTER,scoot
21713,136,S_LETTER,sit
21714,136,S_LETTER,stand
21715,136,S_LETTER,stare
21716,136,S_LETTER,stairs
21717,136,S_LETTER,stood
21718,136,S_LETTER,stake
21719,136,S_LETTER,spaghetti
21720,136,S_LETTER,squash
21721,136,S_LETTER,scoop
21722,136,S_LETTER,salmon
21723,136,S_LETTER,super
21724,137,S_LETTER,Sound
21725,137,S_LETTER,surround
21726,137,S_LETTER,sim
21727,137,S_LETTER,same
21728,137,S_LETTER,shock
21729,137,S_LETTER,split
21730,137,S_LETTER,shock
21731,137,S_LETTER,slipped
21732,137,S_LETTER,slip
21733,137,S_LETTER,ship
21734,137,S_LETTER,shoot
21735,137,S_LETTER,shot
21736,137,S_LETTER,short
21737,137,S_LETTER,soup
21738,137,S_LETTER,shallow
21739,137,S_LETTER,sesame
21740,137,S_LETTER,shop
21741,137,S_LETTER,sing
21742,137,S_LETTER,speed
21743,137,S_LETTER,soap
21744,137,S_LETTER,shout
21745,137,S_LETTER,seen
21746,137,S_LETTER,see
21747,137,S_LETTER,she
21748,137,S_LETTER,sherm
21749,137,S_LETTER,shit
21750,137,S_LETTER,shut
21751,138,S_LETTER,Serious
21752,138,S_LETTER,seriousness
21753,138,S_LETTER,serial
21754,138,S_LETTER,sequence
21755,138,S_LETTER,see
21756,138,S_LETTER,sense
21757,138,S_LETTER,scent
21758,138,S_LETTER,sea
21759,138,S_LETTER,sequal
21760,138,S_LETTER,smell
21761,138,S_LETTER,sequentially
21762,138,S_LETTER,small
21763,138,S_LETTER,socks
21764,138,S_LETTER,shoes
21765,138,S_LETTER,stear
21766,138,S_LETTER,stop
21767,138,S_LETTER,stay
21768,138,S_LETTER,stroke
21769,138,S_LETTER,stress
21770,138,S_LETTER,soap
21771,138,S_LETTER,sieze
21772,138,S_LETTER,salamander
21773,138,S_LETTER,salad
21774,138,S_LETTER,squeeze
21775,138,S_LETTER,sneeze
21776,139,S_LETTER,Safe
21777,139,S_LETTER,savior
21778,139,S_LETTER,saturn
21779,139,S_LETTER,saturday
21780,139,S_LETTER,sunday
21781,139,S_LETTER,september
21782,139,S_LETTER,sun
21783,139,S_LETTER,seat
21784,139,S_LETTER,sat
21785,139,S_LETTER,send
21786,139,S_LETTER,sent
21787,139,S_LETTER,speed
21788,139,S_LETTER,speeds
21789,139,S_LETTER,speeding
21790,139,S_LETTER,sacrifice
21791,139,S_LETTER,sea
21792,139,S_LETTER,sublimation
21793,139,S_LETTER,ship
21794,139,S_LETTER,sentiment
21795,140,S_LETTER,Social
21796,140,S_LETTER,science
21797,140,S_LETTER,scene
21798,140,S_LETTER,scatter
21799,140,S_LETTER,skin
21800,140,S_LETTER,skate
21801,140,S_LETTER,skill
21802,140,S_LETTER,suck
21803,140,S_LETTER,sick
21804,140,S_LETTER,sack
21805,140,S_LETTER,sand
21806,140,S_LETTER,seal
21807,140,S_LETTER,seat
21808,140,S_LETTER,seen
21809,140,S_LETTER,same
21810,140,S_LETTER,sucripulious
21811,140,S_LETTER,she
21812,140,S_LETTER,show
21813,140,S_LETTER,shit
21814,140,S_LETTER,scat
21815,140,S_LETTER,scant
21816,140,S_LETTER,sitting
21817,140,S_LETTER,sat
21818,140,S_LETTER,sit
21819,140,S_LETTER,slide
21820,140,S_LETTER,slip
21821,140,S_LETTER,slick
21822,140,S_LETTER,slanted
21823,140,S_LETTER,straight
21824,140,S_LETTER,scared
21825,140,S_LETTER,sacriledge
21826,141,S_LETTER,Short
21827,141,S_LETTER,shy
21828,141,S_LETTER,seed
21829,141,S_LETTER,salmon
21830,141,S_LETTER,salty
21831,141,S_LETTER,stop
21832,141,S_LETTER,school
21833,141,S_LETTER,subject
21834,141,S_LETTER,science
21835,141,S_LETTER,sky
21836,141,S_LETTER,steal
21837,141,S_LETTER,stole
21838,141,S_LETTER,sushi
21839,141,S_LETTER,suspect
21840,141,S_LETTER,still
21841,141,S_LETTER,sad
21842,141,S_LETTER,sappy
21843,141,S_LETTER,sly
21844,141,S_LETTER,small
21845,141,S_LETTER,short
21846,141,S_LETTER,siracha
21847,141,S_LETTER,silly
21848,142,S_LETTER,Serpent
21849,142,S_LETTER,snake
21850,142,S_LETTER,snake-like
21851,142,S_LETTER,snack
21852,142,S_LETTER,snacking
21853,142,S_LETTER,smack
21854,142,S_LETTER,smacking
21855,142,S_LETTER,shake
21856,142,S_LETTER,shaking
21857,142,S_LETTER,shook
21858,142,S_LETTER,shack
21859,142,S_LETTER,so
21860,142,S_LETTER,solve
21861,142,S_LETTER,sought
21862,142,S_LETTER,succumb
21863,142,S_LETTER,succumbus
21864,142,S_LETTER,serene
21865,142,S_LETTER,soil
21866,142,S_LETTER,soiled
21867,142,S_LETTER,serendipity
21868,142,S_LETTER,serenity
21869,142,S_LETTER,small
21870,142,S_LETTER,shallow
21871,142,S_LETTER,shear
21872,142,S_LETTER,sear
21873,142,S_LETTER,sparrow
21874,142,S_LETTER,spare
21875,143,S_LETTER,Sam
21876,143,S_LETTER,sarah
21877,143,S_LETTER,sociable
21878,143,S_LETTER,society
21879,143,S_LETTER,shepard
21880,143,S_LETTER,savannah
21881,143,S_LETTER,seperate
21882,143,S_LETTER,sex
21883,143,S_LETTER,sometimes
21884,143,S_LETTER,scary
21885,143,S_LETTER,story
21886,143,S_LETTER,sammy
21887,143,S_LETTER,sand
21888,143,S_LETTER,seashore
21889,143,S_LETTER,start
21890,143,S_LETTER,stare
21891,143,S_LETTER,sandy
21892,143,S_LETTER,stars
21893,143,S_LETTER,stipend
21894,143,S_LETTER,sorry
21895,143,S_LETTER,steak
21896,143,S_LETTER,soup
21897,143,S_LETTER,starry
21898,143,S_LETTER,same
21899,144,S_LETTER,Serve
21900,144,S_LETTER,sauce
21901,144,S_LETTER,say
21902,144,S_LETTER,said
21903,144,S_LETTER,stupid
21904,144,S_LETTER,suck
21905,144,S_LETTER,sour
21906,144,S_LETTER,secular
21907,144,S_LETTER,sentence
21908,144,S_LETTER,seconds
21909,144,S_LETTER,serendipity
21910,144,S_LETTER,surmount
21911,144,S_LETTER,sociology
21912,144,S_LETTER,society
21913,144,S_LETTER,social
21914,144,S_LETTER,science
21915,144,S_LETTER,stop
21916,144,S_LETTER,strike
21917,145,S_LETTER,Sticker
21918,145,S_LETTER,sunset
21919,145,S_LETTER,sun
21920,145,S_LETTER,sunrise
21921,145,S_LETTER,supper
21922,145,S_LETTER,saturday
21923,145,S_LETTER,stick
21924,145,S_LETTER,soon
21925,145,S_LETTER,supply
21926,145,S_LETTER,steal
21927,145,S_LETTER,sunday
21928,145,S_LETTER,south
21929,145,S_LETTER,sink
21930,145,S_LETTER,skunk
21931,145,S_LETTER,souvenir
21932,145,S_LETTER,stir
21933,145,S_LETTER,slick
21934,145,S_LETTER,save
21935,145,S_LETTER,savor
21936,145,S_LETTER,surplus
21937,145,S_LETTER,spoon
21938,145,S_LETTER,son
21939,145,S_LETTER,skateboard
21940,145,S_LETTER,snake
21941,145,S_LETTER,sunny
21942,145,S_LETTER,steak
21943,145,S_LETTER,swim
21944,145,S_LETTER,skate
21945,146,S_LETTER,School
21946,146,S_LETTER,state
21947,146,S_LETTER,suny
21948,146,S_LETTER,sun
21949,146,S_LETTER,sunshine
21950,146,S_LETTER,sip
21951,146,S_LETTER,slit
21952,146,S_LETTER,spice
21953,146,S_LETTER,spicy
21954,146,S_LETTER,sweet
21955,146,S_LETTER,stupid
21956,146,S_LETTER,sea weed
21957,146,S_LETTER,sushi
21958,146,S_LETTER,sunday
21959,146,S_LETTER,saturday
21960,146,S_LETTER,sangria
21961,146,S_LETTER,salty
21962,146,S_LETTER,shoulder
21963,146,S_LETTER,soup
21964,146,S_LETTER,spinach
21965,146,S_LETTER,sunglasses
21966,146,S_LETTER,swoon
21967,146,S_LETTER,split
21968,146,S_LETTER,starbucks
21969,146,S_LETTER,straw
21970,146,S_LETTER,swap
21971,146,S_LETTER,switch
21972,146,S_LETTER,sweatshirt
21973,146,S_LETTER,sports
21974,146,S_LETTER,swing
21975,146,S_LETTER,self
21976,146,S_LETTER,sharp
21977,146,S_LETTER,splinter
21978,146,S_LETTER,sounds
21979,146,S_LETTER,spotify
21980,147,S_LETTER,Snake
21981,147,S_LETTER,snapple
21982,147,S_LETTER,snap
21983,147,S_LETTER,snail
21984,147,S_LETTER,soap
21985,147,S_LETTER,scoop
21986,147,S_LETTER,sail
21987,147,S_LETTER,sale
21988,147,S_LETTER,salmon
21989,147,S_LETTER,squid
21990,147,S_LETTER,seal
21991,147,S_LETTER,salivate
21992,147,S_LETTER,salamander
21993,147,S_LETTER,sneakers
21994,147,S_LETTER,smile
21995,147,S_LETTER,squeal
21996,147,S_LETTER,soul
21997,147,S_LETTER,sour
21998,147,S_LETTER,sweet
21999,147,S_LETTER,sticky
22000,147,S_LETTER,stink
22001,147,S_LETTER,skin
22002,148,S_LETTER,Salad
22003,148,S_LETTER,sour
22004,148,S_LETTER,soak
22005,148,S_LETTER,spoon
22006,148,S_LETTER,spool
22007,148,S_LETTER,sponge
22008,148,S_LETTER,soil
22009,148,S_LETTER,sull
22010,148,S_LETTER,sick
22011,148,S_LETTER,sandal
22012,148,S_LETTER,secure
22013,148,S_LETTER,spill
22014,148,S_LETTER,spoak
22015,148,S_LETTER,speak
22016,148,S_LETTER,speech
22017,148,S_LETTER,sync
22018,148,S_LETTER,sike
22019,148,S_LETTER,sell
22020,148,S_LETTER,sold
22021,148,S_LETTER,suck
22022,148,S_LETTER,such
22023,148,S_LETTER,so
22024,148,S_LETTER,school
22025,148,S_LETTER,solid
22026,149,S_LETTER,Stop
22027,149,S_LETTER,sign
22028,149,S_LETTER,sip
22029,149,S_LETTER,slam
22030,149,S_LETTER,sort
22031,149,S_LETTER,shop
22032,149,S_LETTER,ship
22033,149,S_LETTER,slip
22034,149,S_LETTER,sup
22035,149,S_LETTER,so
22036,149,S_LETTER,see
22037,149,S_LETTER,sea
22038,149,S_LETTER,soap
22039,149,S_LETTER,soup
22040,149,S_LETTER,show
22041,149,S_LETTER,siamese
22042,149,S_LETTER,sled
22043,149,S_LETTER,ski
22044,149,S_LETTER,snow
22045,149,S_LETTER,super
22046,149,S_LETTER,skip
22047,149,S_LETTER,stoop
22048,149,S_LETTER,spy
22049,150,S_LETTER,Secret
22050,150,S_LETTER,snake
22051,150,S_LETTER,snakes
22052,150,S_LETTER,serpant
22053,150,S_LETTER,serpants
22054,150,S_LETTER,surprise
22055,150,S_LETTER,sadness
22056,150,S_LETTER,sad
22057,150,S_LETTER,sike
22058,150,S_LETTER,silly
22059,150,S_LETTER,surfing
22060,150,S_LETTER,scuba diving
22061,150,S_LETTER,synonomous
22062,150,S_LETTER,synonym
22063,150,S_LETTER,self-depreciation
22064,150,S_LETTER,self
22065,150,S_LETTER,sell
22066,150,S_LETTER,sale
22067,150,S_LETTER,sales
22068,150,S_LETTER,sent
22069,150,S_LETTER,sat
22070,150,S_LETTER,sit
22071,150,S_LETTER,sword
22072,150,S_LETTER,swords
22073,150,S_LETTER,second
22074,150,S_LETTER,secondary
22075,150,S_LETTER,sire
22076,150,S_LETTER,sir
22077,150,S_LETTER,singer
22078,150,S_LETTER,singers
22079,150,S_LETTER,sang
22080,150,S_LETTER,swing
22081,150,S_LETTER,swell
22082,150,S_LETTER,swollen
22083,150,S_LETTER,skeptical
22084,151,S_LETTER,Start
22085,151,S_LETTER,stop
22086,151,S_LETTER,soup
22087,151,S_LETTER,solo
22088,151,S_LETTER,solitude
22089,151,S_LETTER,solitary
22090,151,S_LETTER,salute
22091,151,S_LETTER,soldier
22092,151,S_LETTER,sharp
22093,151,S_LETTER,sharpie
22094,151,S_LETTER,saxaphone
22095,151,S_LETTER,soprano
22096,151,S_LETTER,song
22097,151,S_LETTER,sad
22098,151,S_LETTER,sombrero
22099,151,S_LETTER,somber
22100,151,S_LETTER,statistic
22101,151,S_LETTER,sarcastice
22102,151,S_LETTER,suit
22103,151,S_LETTER,suitcase
22104,151,S_LETTER,so
22105,151,S_LETTER,sale
22106,151,S_LETTER,sour
22107,151,S_LETTER,sweet
22108,152,S_LETTER,Sissy
22109,152,S_LETTER,super
22110,152,S_LETTER,supper
22111,152,S_LETTER,sup
22112,152,S_LETTER,sour
22113,152,S_LETTER,sweet
22114,152,S_LETTER,sunny
22115,152,S_LETTER,sun
22116,152,S_LETTER,saturn
22117,152,S_LETTER,soil
22118,152,S_LETTER,sand
22119,152,S_LETTER,spicy
22120,152,S_LETTER,start
22121,152,S_LETTER,stop
22122,152,S_LETTER,stupid
22123,152,S_LETTER,smart
22124,152,S_LETTER,silly
22125,152,S_LETTER,salty
22126,152,S_LETTER,savory
22127,152,S_LETTER,sound
22128,152,S_LETTER,sounds
22129,152,S_LETTER,spell
22130,152,S_LETTER,spells
22131,152,S_LETTER,stock
22132,152,S_LETTER,slimy
22133,152,S_LETTER,slim
22134,152,S_LETTER,stem
22135,152,S_LETTER,shrimp
22136,152,S_LETTER,small
22137,152,S_LETTER,stout
22138,152,S_LETTER,splat
22139,152,S_LETTER,splash
22140,152,S_LETTER,stag
22141,152,S_LETTER,sauy
22142,152,S_LETTER,sassy
22143,152,S_LETTER,sac
22144,153,S_LETTER,Same
22145,153,S_LETTER,saint
22146,153,S_LETTER,send
22147,153,S_LETTER,soup
22148,153,S_LETTER,stew
22149,153,S_LETTER,savior
22150,153,S_LETTER,server
22151,153,S_LETTER,sewer
22152,153,S_LETTER,sand
22153,153,S_LETTER,sight
22154,153,S_LETTER,see
22155,153,S_LETTER,scarce
22156,153,S_LETTER,sauce
22157,153,S_LETTER,spot
22158,153,S_LETTER,sip
22159,153,S_LETTER,silk
22160,153,S_LETTER,slight
22161,153,S_LETTER,smart
22162,153,S_LETTER,stupid
22163,153,S_LETTER,salute
22164,153,S_LETTER,sort
22165,153,S_LETTER,sponge
22166,153,S_LETTER,some
22167,153,S_LETTER,soap
22168,153,S_LETTER,sow
22169,154,S_LETTER,Snake
22170,154,S_LETTER,slither
22171,154,S_LETTER,slimey
22172,154,S_LETTER,smoke
22173,154,S_LETTER,smear
22174,154,S_LETTER,smash
22175,154,S_LETTER,slide
22176,154,S_LETTER,slid
22177,154,S_LETTER,super
22178,154,S_LETTER,same
22179,154,S_LETTER,small
22180,154,S_LETTER,slow
22181,154,S_LETTER,sleet
22182,154,S_LETTER,slush
22183,154,S_LETTER,shush
22184,154,S_LETTER,swole
22185,154,S_LETTER,supper
22186,154,S_LETTER,sap
22187,154,S_LETTER,slap
22188,154,S_LETTER,slash
22189,154,S_LETTER,sleek
22190,154,S_LETTER,superior
22191,154,S_LETTER,s (did not finish word)
22192,155,S_LETTER,Saint
22193,155,S_LETTER,soft
22194,155,S_LETTER,sir
22195,155,S_LETTER,sire
22196,155,S_LETTER,shoot
22197,155,S_LETTER,shout
22198,155,S_LETTER,shovel
22199,155,S_LETTER,shove
22200,155,S_LETTER,shave
22201,155,S_LETTER,slug
22202,155,S_LETTER,spray
22203,155,S_LETTER,spicy
22204,155,S_LETTER,sugar
22205,155,S_LETTER,salt
22206,155,S_LETTER,soda
22207,155,S_LETTER,savior
22208,155,S_LETTER,save
22209,155,S_LETTER,super
22210,155,S_LETTER,superb
22211,155,S_LETTER,sack
22212,155,S_LETTER,some
22213,155,S_LETTER,same
22214,155,S_LETTER,stove
22215,155,S_LETTER,stale
22216,155,S_LETTER,spare
22217,155,S_LETTER,strike
22218,156,S_LETTER,Soap
22219,156,S_LETTER,sam
22220,156,S_LETTER,smile
22221,156,S_LETTER,ship
22222,156,S_LETTER,sarah
22223,156,S_LETTER,sandwich
22224,156,S_LETTER,stand
22225,156,S_LETTER,sit
22226,156,S_LETTER,star
22227,156,S_LETTER,sister
22228,156,S_LETTER,sad
22229,156,S_LETTER,sticky
22230,156,S_LETTER,sassy
22231,156,S_LETTER,sun
22232,156,S_LETTER,silk
22233,156,S_LETTER,sizzle
22234,156,S_LETTER,swiss
22235,156,S_LETTER,sauce
22236,156,S_LETTER,sing
22237,156,S_LETTER,shampoo
22238,156,S_LETTER,socks
22239,156,S_LETTER,sneaker
22240,156,S_LETTER,shower
22241,156,S_LETTER,sound
22242,156,S_LETTER,song
22243,156,S_LETTER,summer
22244,156,S_LETTER,soft
22245,156,S_LETTER,stiff
22246,156,S_LETTER,sharp
22247,156,S_LETTER,shut
22248,156,S_LETTER,square
22249,156,S_LETTER,sip
22250,156,S_LETTER,spit
22251,156,S_LETTER,split
22252,156,S_LETTER,ski
22253,156,S_LETTER,sitter
22254,156,S_LETTER,squeeze
22255,156,S_LETTER,sinch
22256,156,S_LETTER,squish
22257,156,S_LETTER,saint
22258,156,S_LETTER,so
22259,156,S_LETTER,six
22260,156,S_LETTER,sixty
22261,156,S_LETTER,strong
22262,157,S_LETTER,Sound
22263,157,S_LETTER,sara
22264,157,S_LETTER,selena
22265,157,S_LETTER,sarcastic
22266,157,S_LETTER,safe
22267,157,S_LETTER,support
22268,157,S_LETTER,secrete
22269,157,S_LETTER,select
22270,157,S_LETTER,surround
22271,157,S_LETTER,senile
22272,157,S_LETTER,sequential
22273,157,S_LETTER,sex
22274,157,S_LETTER,snitch
22275,157,S_LETTER,stitch
22276,157,S_LETTER,stop
22277,157,S_LETTER,start
22278,157,S_LETTER,stick
22279,157,S_LETTER,stone
22280,157,S_LETTER,stroke
22281,157,S_LETTER,stab
22282,157,S_LETTER,slick
22283,157,S_LETTER,slow
22284,157,S_LETTER,slump
22285,157,S_LETTER,should
22286,157,S_LETTER,serious
22287,157,S_LETTER,shy
22288,157,S_LETTER,store
22289,158,S_LETTER,Stapled
22290,158,S_LETTER,stag
22291,158,S_LETTER,strong
22292,158,S_LETTER,strength
22293,158,S_LETTER,sammy
22294,158,S_LETTER,salt
22295,158,S_LETTER,soluble
22296,158,S_LETTER,solute
22297,158,S_LETTER,solubility
22298,158,S_LETTER,solvent
22299,158,S_LETTER,seven
22300,158,S_LETTER,sow
22301,158,S_LETTER,savord
22302,158,S_LETTER,swerve
22303,158,S_LETTER,swine
22304,158,S_LETTER,swipe
22305,158,S_LETTER,swindle
22306,158,S_LETTER,swat
22307,158,S_LETTER,stench
22308,158,S_LETTER,start
22309,158,S_LETTER,self
22310,158,S_LETTER,sought
22311,158,S_LETTER,steven
22312,158,S_LETTER,stephen
22313,158,S_LETTER,starve
22314,158,S_LETTER,self-imposed
22315,158,S_LETTER,starvation
22316,158,S_LETTER,sing
22317,158,S_LETTER,song
22318,158,S_LETTER,strech
22319,158,S_LETTER,sink
22320,158,S_LETTER,sank
22321,158,S_LETTER,sunk
22322,159,S_LETTER,Shit
22323,159,S_LETTER,shitface
22324,159,S_LETTER,same
22325,159,S_LETTER,same
22326,159,S_LETTER,samantha
22327,159,S_LETTER,swear
22328,159,S_LETTER,smear
22329,159,S_LETTER,smores
22330,159,S_LETTER,smock
22331,159,S_LETTER,smug
22332,159,S_LETTER,smile
22333,159,S_LETTER,sleigh
22334,159,S_LETTER,slouch
22335,159,S_LETTER,slay
22336,159,S_LETTER,saw
22337,159,S_LETTER,samard
22338,159,S_LETTER,sing
22339,159,S_LETTER,swim
22340,159,S_LETTER,song
22341,159,S_LETTER,sand
22342,159,S_LETTER,slug
22343,159,S_LETTER,slushie
22344,160,S_LETTER,Samaritan
22345,160,S_LETTER,samantha
22346,160,S_LETTER,sausage
22347,160,S_LETTER,sirlion
22348,160,S_LETTER,steak
22349,160,S_LETTER,savage
22350,160,S_LETTER,same
22351,160,S_LETTER,sorry
22352,160,S_LETTER,some
22353,160,S_LETTER,saf
22354,160,S_LETTER,serious
22355,160,S_LETTER,super
22356,160,S_LETTER,supper
22357,160,S_LETTER,something
22358,160,S_LETTER,somewhat
22359,160,S_LETTER,step
22360,161,S_LETTER,Sex
22361,161,S_LETTER,sound
22362,161,S_LETTER,snake
22363,161,S_LETTER,said
22364,161,S_LETTER,son
22365,161,S_LETTER,sun
22366,161,S_LETTER,sloth
22367,161,S_LETTER,slow
22368,161,S_LETTER,steady
22369,161,S_LETTER,soft
22370,161,S_LETTER,suck
22371,161,S_LETTER,sack
22372,161,S_LETTER,set
22373,161,S_LETTER,silence
22374,161,S_LETTER,saw
22375,161,S_LETTER,say
22376,161,S_LETTER,snickers
22377,162,S_LETTER,So
22378,162,S_LETTER,soup
22379,162,S_LETTER,soon
22380,162,S_LETTER,sew
22381,162,S_LETTER,sue
22382,162,S_LETTER,sued
22383,162,S_LETTER,seashell
22384,162,S_LETTER,shit
22385,162,S_LETTER,sewed
22386,162,S_LETTER,skewed
22387,162,S_LETTER,skew
22388,162,S_LETTER,ski
22389,162,S_LETTER,scream
22390,162,S_LETTER,sold
22391,162,S_LETTER,screech
22392,162,S_LETTER,scratch
22393,162,S_LETTER,strached
22394,162,S_LETTER,sunk
22395,162,S_LETTER,sank
22396,162,S_LETTER,sell
22397,162,S_LETTER,skunk
22398,162,S_LETTER,skunked
22399,162,S_LETTER,swam
22400,162,S_LETTER,swimming
22401,162,S_LETTER,swim
22402,162,S_LETTER,swell
22403,162,S_LETTER,sting
22404,162,S_LETTER,stung
22405,162,S_LETTER,stinging
22406,162,S_LETTER,steve
22407,162,S_LETTER,sam
22408,162,S_LETTER,samantha
22409,162,S_LETTER,smelly
22410,162,S_LETTER,stanley
22411,162,S_LETTER,stain
22412,162,S_LETTER,stained
22413,162,S_LETTER,steven
22414,162,S_LETTER,sally
22415,162,S_LETTER,shove
22416,162,S_LETTER,smelled
22417,163,S_LETTER,Sex
22418,163,S_LETTER,safe
22419,163,S_LETTER,four
22420,163,S_LETTER,sword
22421,163,S_LETTER,still
22422,163,S_LETTER,stall
22423,163,S_LETTER,stake
22424,163,S_LETTER,state
22425,163,S_LETTER,stars
22426,163,S_LETTER,sand
22427,163,S_LETTER,say
22428,163,S_LETTER,said
22429,163,S_LETTER,surf
22430,163,S_LETTER,sun
22431,163,S_LETTER,start
22432,163,S_LETTER,stat
22433,163,S_LETTER,shake
22434,163,S_LETTER,should
22435,163,S_LETTER,soul
22436,163,S_LETTER,some
22437,163,S_LETTER,score
22438,163,S_LETTER,stage
22439,163,S_LETTER,stag
22440,163,S_LETTER,snuff
22441,163,S_LETTER,short
22442,163,S_LETTER,smoke
22443,163,S_LETTER,slap
22444,163,S_LETTER,slide
22445,163,S_LETTER,sip
22446,163,S_LETTER,soak
22447,163,S_LETTER,stop
22448,163,S_LETTER,startle
22449,163,S_LETTER,storm
22450,163,S_LETTER,state
22451,163,S_LETTER,son
22452,163,S_LETTER,summer
22453,164,S_LETTER,Small
22454,164,S_LETTER,slump
22455,164,S_LETTER,said
22456,164,S_LETTER,simple
22457,164,S_LETTER,slide
22458,164,S_LETTER,silence
22459,164,S_LETTER,science
22460,164,S_LETTER,speed
22461,164,S_LETTER,slip
22462,164,S_LETTER,study
22463,164,S_LETTER,sunday
22464,164,S_LETTER,smell
22465,164,S_LETTER,sell
22466,164,S_LETTER,session
22467,164,S_LETTER,she
22468,164,S_LETTER,set
22469,164,S_LETTER,snow
22470,164,S_LETTER,sip
22471,164,S_LETTER,slow
22472,164,S_LETTER,see
22473,164,S_LETTER,slush
22474,164,S_LETTER,slap
22475,164,S_LETTER,sly
22476,164,S_LETTER,some
22477,165,S_LETTER,Side
22478,165,S_LETTER,sister
22479,165,S_LETTER,so-so
22480,165,S_LETTER,secret
22481,165,S_LETTER,sand
22482,165,S_LETTER,sushi
22483,165,S_LETTER,sit
22484,165,S_LETTER,secretive
22485,165,S_LETTER,sand
22486,165,S_LETTER,sake
22487,165,S_LETTER,seat
22488,165,S_LETTER,sad
22489,165,S_LETTER,some
22490,165,S_LETTER,saddness
22491,165,S_LETTER,somewhat
22492,165,S_LETTER,sing
22493,165,S_LETTER,snow
22494,165,S_LETTER,singer
22495,165,S_LETTER,squats
22496,165,S_LETTER,snowing
22497,165,S_LETTER,small
22498,165,S_LETTER,stupid
22499,166,S_LETTER,Severe
22500,166,S_LETTER,slow
22501,166,S_LETTER,sly
22502,166,S_LETTER,silver
22503,166,S_LETTER,slender
22504,166,S_LETTER,slim
22505,166,S_LETTER,short
22506,166,S_LETTER,sort
22507,166,S_LETTER,sit
22508,166,S_LETTER,sat
22509,166,S_LETTER,sought
22510,166,S_LETTER,slam
22511,166,S_LETTER,slander
22512,166,S_LETTER,surrender
22513,166,S_LETTER,survive
22514,166,S_LETTER,snicker
22515,166,S_LETTER,snide
22516,166,S_LETTER,smell
22517,166,S_LETTER,smelly
22518,166,S_LETTER,small
22519,166,S_LETTER,show
22520,166,S_LETTER,shown
22521,166,S_LETTER,sin
22522,166,S_LETTER,sunder
22523,166,S_LETTER,send
22524,166,S_LETTER,sender
22525,166,S_LETTER,sincere
22526,167,S_LETTER,Some
22527,167,S_LETTER,so
22528,167,S_LETTER,super
22529,167,S_LETTER,superstitious
22530,167,S_LETTER,surprise
22531,167,S_LETTER,simple
22532,167,S_LETTER,school
22533,167,S_LETTER,sane
22534,167,S_LETTER,situation
22535,167,S_LETTER,sanity
22536,167,S_LETTER,safe
22537,167,S_LETTER,save
22538,167,S_LETTER,surepficial
22539,167,S_LETTER,summer
22540,167,S_LETTER,spring
22541,167,S_LETTER,supper
22542,167,S_LETTER,student
22543,167,S_LETTER,sike
22544,167,S_LETTER,since
22545,167,S_LETTER,south
22546,167,S_LETTER,schnectady
22547,167,S_LETTER,satisfied
22548,167,S_LETTER,sorry
22549,167,S_LETTER,simpathy
22550,168,S_LETTER,Snake
22551,168,S_LETTER,soda
22552,168,S_LETTER,sonic
22553,168,S_LETTER,similar
22554,168,S_LETTER,situation
22555,168,S_LETTER,sister
22556,168,S_LETTER,sorrow
22557,168,S_LETTER,sad
22558,168,S_LETTER,simple
22559,168,S_LETTER,sudden
22560,168,S_LETTER,sample
22561,168,S_LETTER,serious
22562,168,S_LETTER,sort
22563,168,S_LETTER,snail
22564,168,S_LETTER,snot
22565,168,S_LETTER,srtout. Sanity
22566,168,S_LETTER,sane
22567,168,S_LETTER,soap
22568,168,S_LETTER,saturday
22569,168,S_LETTER,sunday
22570,168,S_LETTER,see
22571,169,S_LETTER,Sad
22572,169,S_LETTER,sanitary
22573,169,S_LETTER,sawm sea
22574,169,S_LETTER,same
22575,169,S_LETTER,summer
22576,169,S_LETTER,spring
22577,169,S_LETTER,salt
22578,169,S_LETTER,snow
22579,169,S_LETTER,sanction
22580,169,S_LETTER,saturn
22581,169,S_LETTER,score
22582,169,S_LETTER,scalp
22583,169,S_LETTER,skin
22584,169,S_LETTER,sore
22585,169,S_LETTER,sense
22586,169,S_LETTER,sensual
22587,169,S_LETTER,sile
22588,169,S_LETTER,sahara
22589,169,S_LETTER,sleeve
22590,169,S_LETTER,star
22591,169,S_LETTER,slep
22592,169,S_LETTER,store
22593,169,S_LETTER,stare
22594,169,S_LETTER,stop
22595,169,S_LETTER,stalk
22596,169,S_LETTER,stalking
22597,169,S_LETTER,sink
22598,169,S_LETTER,sank
22599,169,S_LETTER,share
22600,169,S_LETTER,shine
22601,169,S_LETTER,soap
22602,169,S_LETTER,sin
22603,169,S_LETTER,sale
22604,169,S_LETTER,scene
22605,169,S_LETTER,seen
22606,169,S_LETTER,system
22607,169,S_LETTER,silver
22608,170,S_LETTER,Sea
22609,170,S_LETTER,sail
22610,170,S_LETTER,see
22611,170,S_LETTER,sleep
22612,170,S_LETTER,seem
22613,170,S_LETTER,said
22614,170,S_LETTER,sad
22615,170,S_LETTER,sappy
22616,170,S_LETTER,staple
22617,170,S_LETTER,surgery
22618,170,S_LETTER,sprite
22619,170,S_LETTER,spite
22620,170,S_LETTER,salt
22621,170,S_LETTER,salted
22622,170,S_LETTER,sugar
22623,170,S_LETTER,scary
22624,170,S_LETTER,sweep
22625,170,S_LETTER,surgical
22626,170,S_LETTER,send
22627,170,S_LETTER,share
22628,170,S_LETTER,slap
22629,170,S_LETTER,sling
22630,170,S_LETTER,sage
22631,170,S_LETTER,shoes
22632,170,S_LETTER,silver
22633,170,S_LETTER,sag
22634,170,S_LETTER,saggy
22635,170,S_LETTER,sandwich.
22636,171,S_LETTER,Sam
22637,171,S_LETTER,samantha
22638,171,S_LETTER,samule
22639,171,S_LETTER,smart
22640,171,S_LETTER,stupid
22641,171,S_LETTER,smater
22642,171,S_LETTER,studious
22643,171,S_LETTER,study
22644,171,S_LETTER,studying
22645,171,S_LETTER,sunomy
22646,171,S_LETTER,soccer
22647,171,S_LETTER,swim
22648,171,S_LETTER,swimming
22649,171,S_LETTER,swam
22650,171,S_LETTER,sona
22651,171,S_LETTER,sina
22652,171,S_LETTER,sinning
22653,171,S_LETTER,studied
22654,171,S_LETTER,stood
22655,171,S_LETTER,sat
22656,171,S_LETTER,sitting
22657,171,S_LETTER,sit
22658,171,S_LETTER,stand
22659,171,S_LETTER,standing.
22660,172,S_LETTER,Science
22661,172,S_LETTER,scientific
22662,172,S_LETTER,succuss
22663,172,S_LETTER,suspect
22664,172,S_LETTER,suspended
22665,172,S_LETTER,schedule
22666,172,S_LETTER,study
22667,172,S_LETTER,simple
22668,172,S_LETTER,special
22669,172,S_LETTER,send
22670,172,S_LETTER,sent
22671,172,S_LETTER,slap
22672,172,S_LETTER,sack
22673,172,S_LETTER,smell
22674,172,S_LETTER,slide
22675,172,S_LETTER,smooth
22676,172,S_LETTER,slice
22677,172,S_LETTER,stab
22678,172,S_LETTER,stare
22679,172,S_LETTER,stairs
22680,172,S_LETTER,stay
22681,172,S_LETTER,simplicity
22682,172,S_LETTER,scale
22683,172,S_LETTER,sample
22684,172,S_LETTER,so
22685,172,S_LETTER,set
22686,172,S_LETTER,smear
22687,172,S_LETTER,stand
22688,172,S_LETTER,stack.
22689,173,S_LETTER,Sale
22690,173,S_LETTER,sail
22691,173,S_LETTER,sales
22692,173,S_LETTER,snake
22693,173,S_LETTER,sake
22694,173,S_LETTER,ship
22695,173,S_LETTER,shit
22696,173,S_LETTER,shipping
22697,173,S_LETTER,saint
22698,173,S_LETTER,sentinal
22699,173,S_LETTER,sent
22700,173,S_LETTER,send
22701,173,S_LETTER,straight
22702,173,S_LETTER,see
22703,173,S_LETTER,sight
22704,173,S_LETTER,scape
22705,173,S_LETTER,screen
22706,173,S_LETTER,scream
22707,173,S_LETTER,scope
22708,173,S_LETTER,scaope
22709,173,S_LETTER,sendimental
22710,173,S_LETTER,snow
22711,173,S_LETTER,show
22712,173,S_LETTER,shower
22713,173,S_LETTER,shame
22714,173,S_LETTER,shall
22715,173,S_LETTER,shown
22716,173,S_LETTER,sea
22717,173,S_LETTER,s (did not finish word)
22718,174,S_LETTER,Spill
22719,174,S_LETTER,skit
22720,174,S_LETTER,skirt
22721,174,S_LETTER,shit
22722,174,S_LETTER,sheep
22723,174,S_LETTER,sheperd
22724,174,S_LETTER,shorn
22725,174,S_LETTER,slip
22726,174,S_LETTER,slide
22727,174,S_LETTER,slop
22728,174,S_LETTER,slope
22729,174,S_LETTER,ski
22730,174,S_LETTER,skate
22731,174,S_LETTER,snowboard
22732,174,S_LETTER,snow
22733,174,S_LETTER,snowshoe
22734,174,S_LETTER,skid
22735,174,S_LETTER,skewer
22736,174,S_LETTER,sword
22737,174,S_LETTER,sweat
22738,174,S_LETTER,sweater
22739,174,S_LETTER,stick
22740,174,S_LETTER,sticky
22741,174,S_LETTER,stuck
22742,174,S_LETTER,stung
22743,174,S_LETTER,stun
22744,174,S_LETTER,stop
22745,174,S_LETTER,step
22746,174,S_LETTER,st
22747,174,S_LETTER,sleep
22748,174,S_LETTER,saint
22749,174,S_LETTER,street
22750,174,S_LETTER,store
22751,174,S_LETTER,slug
22752,174,S_LETTER,slung
22753,175,S_LETTER,Sport
22754,175,S_LETTER,spot
22755,175,S_LETTER,spit
22756,175,S_LETTER,sort
22757,175,S_LETTER,sound
22758,175,S_LETTER,stop
22759,175,S_LETTER,store
22760,175,S_LETTER,sears
22761,175,S_LETTER,spa
22762,175,S_LETTER,senatra
22763,175,S_LETTER,sing
22764,175,S_LETTER,swim
22765,175,S_LETTER,skip
22766,175,S_LETTER,sea
22767,175,S_LETTER,sat
22768,175,S_LETTER,spider
22769,176,S_LETTER,Sat
22770,176,S_LETTER,sit
22771,176,S_LETTER,surprise
22772,176,S_LETTER,sulk
22773,176,S_LETTER,swim
22774,176,S_LETTER,sister
22775,176,S_LETTER,simmer
22776,176,S_LETTER,secretary
22777,176,S_LETTER,sleep
22778,176,S_LETTER,sum
22779,176,S_LETTER,summer
22780,176,S_LETTER,spring
22781,176,S_LETTER,soup
22782,176,S_LETTER,sandwich
22783,176,S_LETTER,singer
22784,176,S_LETTER,silver
22785,176,S_LETTER,steak
22786,176,S_LETTER,sample
22787,176,S_LETTER,saple
22788,176,S_LETTER,steam
22789,176,S_LETTER,stem
22790,176,S_LETTER,sun
22791,176,S_LETTER,stole
22792,176,S_LETTER,stolen
22793,176,S_LETTER,steal
22794,176,S_LETTER,speed
22795,177,S_LETTER,Sugar
22796,177,S_LETTER,salty
22797,177,S_LETTER,sand
22798,177,S_LETTER,sneaker
22799,177,S_LETTER,salad
22800,177,S_LETTER,snake
22801,177,S_LETTER,sandwich
22802,177,S_LETTER,success
22803,177,S_LETTER,same
22804,177,S_LETTER,sample
22805,177,S_LETTER,super
22806,177,S_LETTER,simple
22807,177,S_LETTER,simplified
22808,177,S_LETTER,suspicious
22809,177,S_LETTER,stimulate
22810,177,S_LETTER,sorry
22811,177,S_LETTER,sappy
22812,177,S_LETTER,smoke
22813,177,S_LETTER,spouse
22814,177,S_LETTER,sun
22815,177,S_LETTER,spain
22816,177,S_LETTER,same
22817,177,S_LETTER,summer
22818,177,S_LETTER,supply
22819,177,S_LETTER,staples
22820,177,S_LETTER,stem
22821,177,S_LETTER,station
22822,177,S_LETTER,series
22823,177,S_LETTER,sequence
22824,178,S_LETTER,Sweet
22825,178,S_LETTER,sweater
22826,178,S_LETTER,sweety
22827,178,S_LETTER,sweat
22828,178,S_LETTER,swore
22829,178,S_LETTER,swan
22830,178,S_LETTER,swimming
22831,178,S_LETTER,swam
22832,178,S_LETTER,studious
22833,178,S_LETTER,student
22834,178,S_LETTER,sexy
22835,178,S_LETTER,sassy
22836,178,S_LETTER,suspicious
22837,178,S_LETTER,saturday
22838,178,S_LETTER,standard
22839,178,S_LETTER,standards
22840,178,S_LETTER,super
22841,178,S_LETTER,stunning
22842,178,S_LETTER,swell
22843,178,S_LETTER,solar
22844,178,S_LETTER,stem
22845,178,S_LETTER,signify
22846,178,S_LETTER,signal
22847,178,S_LETTER,sign
22848,178,S_LETTER,sun
22849,178,S_LETTER,son
22850,178,S_LETTER,sister
22851,178,S_LETTER,sweep
22852,178,S_LETTER,swept
22853,178,S_LETTER,sing
22854,178,S_LETTER,singing
22855,178,S_LETTER,swung
22856,178,S_LETTER,song
22857,178,S_LETTER,sing
22858,178,S_LETTER,sang
22859,178,S_LETTER,soon
22860,178,S_LETTER,sanitize
22861,178,S_LETTER,sanitizer
22862,178,S_LETTER,stupid
22863,178,S_LETTER,stoop
22864,178,S_LETTER,supper
22865,178,S_LETTER,soup
22866,178,S_LETTER,soggy
22867,178,S_LETTER,switzerland
22868,178,S_LETTER,sweden
22869,178,S_LETTER,study
22870,178,S_LETTER,stigmatize
22871,178,S_LETTER,soon
22872,179,S_LETTER,Sour
22873,179,S_LETTER,sample
22874,179,S_LETTER,statistics
22875,179,S_LETTER,stable
22876,179,S_LETTER,sand
22877,179,S_LETTER,staples
22878,179,S_LETTER,sanitizer
22879,179,S_LETTER,sonitious
22880,179,S_LETTER,saint
22881,179,S_LETTER,small
22882,179,S_LETTER,single
22883,179,S_LETTER,string
22884,179,S_LETTER,sack
22885,179,S_LETTER,slaw
22886,179,S_LETTER,sink
22887,179,S_LETTER,standards
22888,179,S_LETTER,suck
22889,179,S_LETTER,stall
22890,179,S_LETTER,stool
22891,179,S_LETTER,same
22892,179,S_LETTER,similar
22893,179,S_LETTER,so
22894,179,S_LETTER,saturn
22895,179,S_LETTER,strategic
22896,179,S_LETTER,steak
22897,180,S_LETTER,Soul
22898,180,S_LETTER,soil
22899,180,S_LETTER,seal
22900,180,S_LETTER,saturate
22901,180,S_LETTER,sad
22902,180,S_LETTER,sappy
22903,180,S_LETTER,sat
22904,180,S_LETTER,sandle
22905,180,S_LETTER,sand
22906,180,S_LETTER,salt
22907,180,S_LETTER,said
22908,180,S_LETTER,saying
22909,180,S_LETTER,says
22910,180,S_LETTER,see
22911,180,S_LETTER,saw
22912,180,S_LETTER,surprise
22913,180,S_LETTER,sail
22914,181,S_LETTER,Snake
22915,181,S_LETTER,sugar
22916,181,S_LETTER,sand
22917,181,S_LETTER,slides
22918,181,S_LETTER,sandles
22919,181,S_LETTER,scorpion
22920,181,S_LETTER,sky
22921,181,S_LETTER,skiing
22922,181,S_LETTER,scientist
22923,181,S_LETTER,socks
22924,181,S_LETTER,store
22925,181,S_LETTER,soccer
22926,181,S_LETTER,study
22927,181,S_LETTER,sister
22928,181,S_LETTER,soap
22929,181,S_LETTER,six
22930,181,S_LETTER,sick
22931,182,S_LETTER,Star
22932,182,S_LETTER,state
22933,182,S_LETTER,sorry
22934,182,S_LETTER,same
22935,182,S_LETTER,sale
22936,182,S_LETTER,sake
22937,182,S_LETTER,sofa
22938,182,S_LETTER,study
22939,182,S_LETTER,sanity
22940,182,S_LETTER,soar
22941,182,S_LETTER,son
22942,182,S_LETTER,sun
22943,182,S_LETTER,soap
22944,182,S_LETTER,say
22945,182,S_LETTER,stamina
22946,182,S_LETTER,so
22947,182,S_LETTER,safe
22948,182,S_LETTER,stairs
22949,183,S_LETTER,Start
22950,183,S_LETTER,steak
22951,183,S_LETTER,sit
22952,183,S_LETTER,sat
22953,183,S_LETTER,song
22954,183,S_LETTER,since
22955,183,S_LETTER,seattle
22956,183,S_LETTER,sister
22957,183,S_LETTER,study
22958,183,S_LETTER,strict
22959,183,S_LETTER,sassy
22960,183,S_LETTER,scared
22961,183,S_LETTER,stupid
22962,183,S_LETTER,snow
22963,183,S_LETTER,silver
22964,183,S_LETTER,shoes
22965,183,S_LETTER,serve
22966,183,S_LETTER,service
22967,183,S_LETTER,still
22968,183,S_LETTER,shoulder
22969,183,S_LETTER,should
22970,183,S_LETTER,science
22971,184,S_LETTER,Start
22972,184,S_LETTER,stop
22973,184,S_LETTER,salt
22974,184,S_LETTER,sneaker
22975,184,S_LETTER,shoes
22976,184,S_LETTER,sales
22977,184,S_LETTER,sand
22978,184,S_LETTER,sun
22979,184,S_LETTER,stagnat
22980,184,S_LETTER,still
22981,184,S_LETTER,solid
22982,184,S_LETTER,staple
22983,184,S_LETTER,share
22984,184,S_LETTER,son
22985,184,S_LETTER,sponge
22986,184,S_LETTER,star
22987,184,S_LETTER,squid
22988,184,S_LETTER,snail
22989,184,S_LETTER,snug
22990,184,S_LETTER,stove
22991,185,S_LETTER,Stop
22992,185,S_LETTER,stay
22993,185,S_LETTER,sang
22994,185,S_LETTER,sing
22995,185,S_LETTER,sung
22996,185,S_LETTER,steer
22997,185,S_LETTER,snow
22998,185,S_LETTER,sleet
22999,185,S_LETTER,siren
23000,185,S_LETTER,stoop
23001,185,S_LETTER,stick
23002,185,S_LETTER,stickers
23003,185,S_LETTER,stung
23004,185,S_LETTER,sting
23005,185,S_LETTER,stink
23006,185,S_LETTER,slow
23007,185,S_LETTER,sly
23008,185,S_LETTER,suck
23009,185,S_LETTER,sucker
23010,185,S_LETTER,snuck
23011,185,S_LETTER,sneek
23012,185,S_LETTER,snear
23013,185,S_LETTER,shown
23014,185,S_LETTER,shy
23015,185,S_LETTER,sushi
23016,185,S_LETTER,steak
23017,186,S_LETTER,Sock
23018,186,S_LETTER,shoe
23019,186,S_LETTER,shirt
23020,186,S_LETTER,sweater
23021,186,S_LETTER,sweat
23022,186,S_LETTER,saw
23023,186,S_LETTER,see
23024,186,S_LETTER,smooth
23025,186,S_LETTER,skinny
23026,186,S_LETTER,skin
23027,186,S_LETTER,scared
23028,186,S_LETTER,scar
23029,186,S_LETTER,spirit
23030,186,S_LETTER,seed
23031,186,S_LETTER,stud
23032,186,S_LETTER,satchel
23033,186,S_LETTER,shark
23034,186,S_LETTER,snail
23035,186,S_LETTER,slug
23036,186,S_LETTER,sea
23037,186,S_LETTER,skim
23038,187,S_LETTER,Script
23039,187,S_LETTER,suppose
23040,187,S_LETTER,suddenly
23041,187,S_LETTER,supplement
23042,187,S_LETTER,start
23043,187,S_LETTER,soul
23044,187,S_LETTER,surrender
23045,187,S_LETTER,sovereign
23046,187,S_LETTER,sale
23047,187,S_LETTER,see
23048,187,S_LETTER,sew
23049,187,S_LETTER,steam
23050,187,S_LETTER,sworn
23051,187,S_LETTER,storm
23052,187,S_LETTER,stare
23053,187,S_LETTER,steal
23054,187,S_LETTER,surprise
23055,187,S_LETTER,silly
23056,187,S_LETTER,silk
23057,187,S_LETTER,surreal
23058,187,S_LETTER,side
23059,187,S_LETTER,sue
23060,187,S_LETTER,sleep
23061,187,S_LETTER,sweep
23062,188,S_LETTER,Stop
23063,188,S_LETTER,stupid
23064,188,S_LETTER,staple
23065,188,S_LETTER,stash
23066,188,S_LETTER,shack
23067,188,S_LETTER,slinder
23068,188,S_LETTER,slime
23069,188,S_LETTER,slums
23070,188,S_LETTER,slumber
23071,188,S_LETTER,stoop
23072,188,S_LETTER,stack
23073,188,S_LETTER,solomon
23074,188,S_LETTER,salmon
23075,188,S_LETTER,strong
23076,188,S_LETTER,steroids
23077,188,S_LETTER,shake
23078,188,S_LETTER,same
23079,188,S_LETTER,similar
23080,188,S_LETTER,show
23081,188,S_LETTER,slow
23082,188,S_LETTER,shame
23083,188,S_LETTER,stutter
23084,189,S_LETTER,Student
23085,189,S_LETTER,success
23086,189,S_LETTER,smart
23087,189,S_LETTER,smile
23088,189,S_LETTER,style
23089,189,S_LETTER,sale
23090,189,S_LETTER,surround
23091,189,S_LETTER,supply
23092,189,S_LETTER,stay
23093,189,S_LETTER,stripe
23094,189,S_LETTER,strict
23095,189,S_LETTER,shallow
23096,189,S_LETTER,shadow
23097,189,S_LETTER,shark
23098,189,S_LETTER,sharp
23099,189,S_LETTER,staple
23100,189,S_LETTER,sample
23101,189,S_LETTER,salmon
23102,189,S_LETTER,shrimp
23103,189,S_LETTER,scallops
23104,189,S_LETTER,sore
23105,189,S_LETTER,same
23106,189,S_LETTER,serial
23107,189,S_LETTER,sea
23108,189,S_LETTER,steep
23109,189,S_LETTER,street
23110,189,S_LETTER,seep
23111,189,S_LETTER,sleep
23112,189,S_LETTER,sad
23113,190,S_LETTER,Season
23114,190,S_LETTER,something
23115,190,S_LETTER,same
23116,190,S_LETTER,soap
23117,190,S_LETTER,sit
23118,190,S_LETTER,salt
23119,190,S_LETTER,side
23120,190,S_LETTER,slip
23121,190,S_LETTER,slide
23122,190,S_LETTER,suddenly
23123,190,S_LETTER,sanction
23124,190,S_LETTER,super
23125,190,S_LETTER,school
23126,190,S_LETTER,sociology
23127,190,S_LETTER,social
23128,190,S_LETTER,soak
23129,190,S_LETTER,sofa
23130,190,S_LETTER,shoes
23131,190,S_LETTER,sure
23132,190,S_LETTER,sneaker
23133,190,S_LETTER,sip
23134,190,S_LETTER,sage
23135,190,S_LETTER,supper
23136,190,S_LETTER,sun
23137,190,S_LETTER,sand
23138,190,S_LETTER,sizzle
23139,190,S_LETTER,same
23140,190,S_LETTER,s
23141,191,S_LETTER,Small
23142,191,S_LETTER,stall
23143,191,S_LETTER,stout
23144,191,S_LETTER,snail
23145,191,S_LETTER,snake
23146,191,S_LETTER,snooze
23147,191,S_LETTER,sail
23148,191,S_LETTER,salt
23149,191,S_LETTER,sauce
23150,191,S_LETTER,so
23151,191,S_LETTER,sizzle
23152,191,S_LETTER,share
23153,191,S_LETTER,stir
23154,191,S_LETTER,slam
23155,191,S_LETTER,shout
23156,191,S_LETTER,same
23157,191,S_LETTER,stipend
23158,191,S_LETTER,stop
23159,191,S_LETTER,stale
23160,191,S_LETTER,sour
23161,191,S_LETTER,such
23162,191,S_LETTER,smock
23163,191,S_LETTER,smooch
23164,191,S_LETTER,soul
23165,191,S_LETTER,salary
23166,191,S_LETTER,salad
23167,191,S_LETTER,steak
23168,191,S_LETTER,scream
23169,192,S_LETTER,Slow
23170,192,S_LETTER,shallow
23171,192,S_LETTER,snail
23172,192,S_LETTER,snake
23173,192,S_LETTER,same
23174,192,S_LETTER,sane
23175,192,S_LETTER,saint
23176,192,S_LETTER,santa
23177,192,S_LETTER,some
23178,192,S_LETTER,something
23179,192,S_LETTER,shake
23180,192,S_LETTER,shack
23181,192,S_LETTER,staple
23182,192,S_LETTER,stop
23183,192,S_LETTER,so
23184,192,S_LETTER,sake
23185,192,S_LETTER,surprise
23186,192,S_LETTER,surplus
23187,193,S_LETTER,Shake
23188,193,S_LETTER,shook
23189,193,S_LETTER,shirt
23190,193,S_LETTER,shift
23191,193,S_LETTER,short
23192,193,S_LETTER,sink
23193,193,S_LETTER,sinking
23194,193,S_LETTER,succulent
23195,193,S_LETTER,supposedly
23196,193,S_LETTER,saint
23197,193,S_LETTER,star
23198,193,S_LETTER,sample
23199,193,S_LETTER,stand
23200,193,S_LETTER,stupid
23201,193,S_LETTER,sand
23202,193,S_LETTER,supply
23203,193,S_LETTER,simplify
23204,193,S_LETTER,stutter
23205,193,S_LETTER,shoot
23206,193,S_LETTER,shot
23207,193,S_LETTER,sank
23208,193,S_LETTER,sack
23209,193,S_LETTER,sad
23210,193,S_LETTER,sadness
23211,194,S_LETTER,System
23212,194,S_LETTER,supper
23213,194,S_LETTER,shrink
23214,194,S_LETTER,short
23215,194,S_LETTER,small
23216,194,S_LETTER,super
23217,194,S_LETTER,starfish
23218,194,S_LETTER,sugar
23219,194,S_LETTER,senior
23220,194,S_LETTER,STAPLES
23221,194,S_LETTER,snow
23222,194,S_LETTER,smart
23223,194,S_LETTER,success
23224,194,S_LETTER,salt
23225,194,S_LETTER,star
23226,194,S_LETTER,sweet
23227,194,S_LETTER,sly
23228,194,S_LETTER,sucrose
23229,194,S_LETTER,simple
23230,194,S_LETTER,sleep
23231,194,S_LETTER,survival
23232,194,S_LETTER,swish
23233,194,S_LETTER,so
23234,194,S_LETTER,sea
23235,194,S_LETTER,score
23236,194,S_LETTER,sweep
23237,194,S_LETTER,sock
23238,195,S_LETTER,Spider
23239,195,S_LETTER,sauce
23240,195,S_LETTER,sister
23241,195,S_LETTER,straw
23242,195,S_LETTER,sand
23243,195,S_LETTER,slippery
23244,195,S_LETTER,spaggetti
23245,195,S_LETTER,source
23246,195,S_LETTER,steak
23247,195,S_LETTER,see
23248,195,S_LETTER,sea
23249,195,S_LETTER,stalk
23250,195,S_LETTER,star
23251,196,S_LETTER,Sun
23252,196,S_LETTER,sunny
23253,196,S_LETTER,son
23254,196,S_LETTER,stop
23255,196,S_LETTER,soup
23256,196,S_LETTER,soul
23257,196,S_LETTER,sister
23258,196,S_LETTER,step
23259,196,S_LETTER,sand
23260,196,S_LETTER,sample
23261,196,S_LETTER,super
23262,196,S_LETTER,short
23263,196,S_LETTER,shirt
23264,196,S_LETTER,shelf
23265,196,S_LETTER,shine
23266,196,S_LETTER,sight
23267,196,S_LETTER,see
23268,196,S_LETTER,sea
23269,196,S_LETTER,salad
23270,196,S_LETTER,straw
23271,196,S_LETTER,strawberry
23272,196,S_LETTER,soak
23273,196,S_LETTER,sour
23274,196,S_LETTER,sweet
23275,196,S_LETTER,score
23276,196,S_LETTER,swirl
23277,196,S_LETTER,snail
23278,196,S_LETTER,slug
23279,196,S_LETTER,strep
23280,196,S_LETTER,strip
23281,196,S_LETTER,stripe
23282,196,S_LETTER,stupid
23283,196,S_LETTER,stump
23284,197,S_LETTER,Super
23285,197,S_LETTER,sober
23286,197,S_LETTER,sale
23287,197,S_LETTER,seargent
23288,197,S_LETTER,slick
23289,197,S_LETTER,soft
23290,197,S_LETTER,shit
23291,197,S_LETTER,shine
23292,197,S_LETTER,shoe
23293,197,S_LETTER,sharp
23294,197,S_LETTER,shell
23295,197,S_LETTER,sock
23296,197,S_LETTER,shirt
23297,197,S_LETTER,sun
23298,197,S_LETTER,son
23299,197,S_LETTER,Saturday
23300,197,S_LETTER,Sunday
23301,197,S_LETTER,south
23302,198,S_LETTER,Snipple(not sure if it says snipple or sniffle)
23303,198,S_LETTER,sinus
23304,198,S_LETTER,south
23305,198,S_LETTER,southern
23306,198,S_LETTER,slink
23307,198,S_LETTER,snake
23308,198,S_LETTER,stove
23309,198,S_LETTER,star
23310,198,S_LETTER,selenium
23311,198,S_LETTER,sulfur
23312,198,S_LETTER,science
23313,198,S_LETTER,self
23314,198,S_LETTER,self-preservation
23315,198,S_LETTER,sick
23316,198,S_LETTER,side
23317,198,S_LETTER,sink
23318,198,S_LETTER,stink
23319,198,S_LETTER,stork
23320,198,S_LETTER,storm
23321,198,S_LETTER,sturgeon
23322,198,S_LETTER,steps
23323,198,S_LETTER,staircase
23324,198,S_LETTER,season
23325,198,S_LETTER,spring
23326,198,S_LETTER,summer
23327,198,S_LETTER,salsa
23328,198,S_LETTER,sore
23329,198,S_LETTER,store
23330,198,S_LETTER,sort
23331,198,S_LETTER,start
23332,198,S_LETTER,state
23333,199,S_LETTER,Soggy
23334,199,S_LETTER,sample
23335,199,S_LETTER,sister
23336,199,S_LETTER,shell
23337,199,S_LETTER,sit
23338,199,S_LETTER,stand
23339,199,S_LETTER,stood
23340,199,S_LETTER,star
23341,199,S_LETTER,see
23342,199,S_LETTER,sky
23343,199,S_LETTER,simple
23344,199,S_LETTER,standard
23345,199,S_LETTER,social
23346,199,S_LETTER,secretary
23347,199,S_LETTER,sentimental
23348,199,S_LETTER,sad
23349,199,S_LETTER,soothe
23350,199,S_LETTER,saw
23351,199,S_LETTER,sick
23352,199,S_LETTER,sent
23353,199,S_LETTER,sell
23354,199,S_LETTER,sod
23355,199,S_LETTER,sandwich
23356,199,S_LETTER,sand
23357,199,S_LETTER,stupid
23358,199,S_LETTER,stan
23359,199,S_LETTER,seashore
23360,200,S_LETTER,salt
23361,200,S_LETTER,sand
23362,200,S_LETTER,sat
23363,200,S_LETTER,sit
23364,200,S_LETTER,such
23365,200,S_LETTER,speed
23366,200,S_LETTER,spoke
23367,200,S_LETTER,spin
23368,200,S_LETTER,spine
23369,200,S_LETTER,straight
23370,200,S_LETTER,sea
23371,200,S_LETTER,spud
23372,200,S_LETTER,sput
23373,200,S_LETTER,spoon
23374,200,S_LETTER,spark
23375,200,S_LETTER,sun
23376,200,S_LETTER,sundial
23377,200,S_LETTER,sunny
23378,200,S_LETTER,sulfur
23379,200,S_LETTER,student
23380,200,S_LETTER,shut
23381,200,S_LETTER,shoe
23382,200,S_LETTER,shark
23383,200,S_LETTER,shine
23384,200,S_LETTER,slide
23385,200,S_LETTER,slid
23386,200,S_LETTER,start
23387,200,S_LETTER,steel
23388,200,S_LETTER,steal
23389,200,S_LETTER,start
23390,200,S_LETTER,starters
23391,200,S_LETTER,stew
23392,200,S_LETTER,spoon
23393,200,S_LETTER,slut
23394,200,S_LETTER,sarcastic
23395,200,S_LETTER,salient
23396,200,S_LETTER,sardine
23397,200,S_LETTER,slug
23398,200,S_LETTER,snail
23399,200,S_LETTER,slap
23400,200,S_LETTER,swamp
23401,200,S_LETTER,swap
23402,201,S_LETTER,Sleep
23403,201,S_LETTER,slumber
23404,201,S_LETTER,savor
23405,201,S_LETTER,savory
23406,201,S_LETTER,sell
23407,201,S_LETTER,sale
23408,201,S_LETTER,strawberry
23409,201,S_LETTER,sweet
23410,201,S_LETTER,sour
23411,201,S_LETTER,sourdough
23412,201,S_LETTER,seven
23413,201,S_LETTER,six
23414,201,S_LETTER,street
23415,201,S_LETTER,sidewalk
23416,201,S_LETTER,stolen
23417,201,S_LETTER,steel
23418,201,S_LETTER,starch
23419,201,S_LETTER,smart
23420,201,S_LETTER,stupid
23421,201,S_LETTER,stage
23422,201,S_LETTER,star
23423,201,S_LETTER,starter
23424,201,S_LETTER,start
23425,201,S_LETTER,save
23426,201,S_LETTER,secrete
23427,202,S_LETTER,Salamandar
23428,202,S_LETTER,salomi
23429,202,S_LETTER,salad
23430,202,S_LETTER,snake
23431,202,S_LETTER,skin
23432,202,S_LETTER,slide
23433,202,S_LETTER,slope
23434,202,S_LETTER,slid
23435,202,S_LETTER,sloth
23436,202,S_LETTER,slow
23437,202,S_LETTER,stool
23438,202,S_LETTER,spool
23439,202,S_LETTER,small
23440,202,S_LETTER,smart
23441,202,S_LETTER,stout
23442,202,S_LETTER,strut
23443,202,S_LETTER,skull
23444,202,S_LETTER,spell
23445,202,S_LETTER,sell
23446,202,S_LETTER,sold
23447,202,S_LETTER,smell
23448,202,S_LETTER,stole
23449,202,S_LETTER,steelers
23450,202,S_LETTER,steel
23451,202,S_LETTER,steal
23452,202,S_LETTER,smith
23453,202,S_LETTER,smite
23454,202,S_LETTER,strike
23455,202,S_LETTER,scar
23456,202,S_LETTER,smarties (candy)
23457,202,S_LETTER,sweep
23458,202,S_LETTER,swiped
23459,202,S_LETTER,scan
23460,202,S_LETTER,sitcom
23461,202,S_LETTER,stur
23462,203,S_LETTER,Some
23463,203,S_LETTER,something
23464,203,S_LETTER,sought
23465,203,S_LETTER,so
23466,203,S_LETTER,sir
23467,203,S_LETTER,sit
23468,203,S_LETTER,stand
23469,203,S_LETTER,say
23470,203,S_LETTER,stand
23471,203,S_LETTER,speak
23472,203,S_LETTER,slim
23473,203,S_LETTER,slither
23474,203,S_LETTER,sorrow
23475,203,S_LETTER,sad
23476,203,S_LETTER,step
23477,203,S_LETTER,steep
23478,203,S_LETTER,stoop
23479,203,S_LETTER,stud
23480,203,S_LETTER,stem
23481,203,S_LETTER,stick
23482,203,S_LETTER,spit
23483,203,S_LETTER,slit
23484,203,S_LETTER,slow
23485,203,S_LETTER,steddy
23486,203,S_LETTER,said
23487,203,S_LETTER,setting
23488,203,S_LETTER,screw
23489,203,S_LETTER,slay
23490,203,S_LETTER,snow
23491,203,S_LETTER,sleet
23492,204,S_LETTER,Sound
23493,204,S_LETTER,sum
23494,204,S_LETTER,surgery
23495,204,S_LETTER,sexy
23496,204,S_LETTER,sing
23497,204,S_LETTER,song
23498,204,S_LETTER,schema
23499,204,S_LETTER,smoke
23500,204,S_LETTER,shall
23501,204,S_LETTER,secret
23502,204,S_LETTER,sincere
23503,204,S_LETTER,sassy
23504,204,S_LETTER,super
23505,204,S_LETTER,subordinate
23506,204,S_LETTER,sublimate
23507,204,S_LETTER,surrouding
23508,204,S_LETTER,smile
23509,204,S_LETTER,shake
23510,204,S_LETTER,shame
23511,204,S_LETTER,scream
23512,204,S_LETTER,shade
23513,205,S_LETTER,School
23514,205,S_LETTER,study
23515,205,S_LETTER,state
23516,205,S_LETTER,system
23517,205,S_LETTER,soccer
23518,205,S_LETTER,sad
23519,205,S_LETTER,shoes
23520,205,S_LETTER,summer
23521,205,S_LETTER,sober
23522,205,S_LETTER,socks
23523,205,S_LETTER,saliva
23524,205,S_LETTER,skeleton
23525,206,S_LETTER,Snake
23526,206,S_LETTER,snack
23527,206,S_LETTER,shit
23528,206,S_LETTER,stupid
23529,206,S_LETTER,shoes
23530,206,S_LETTER,sock
23531,206,S_LETTER,shirt
23532,206,S_LETTER,single
23533,206,S_LETTER,shingles
23534,206,S_LETTER,store
23535,206,S_LETTER,stove
23536,206,S_LETTER,snare
23537,206,S_LETTER,stare
23538,206,S_LETTER,suffer
23539,206,S_LETTER,science
23540,206,S_LETTER,social
23541,206,S_LETTER,study
23542,206,S_LETTER,sociology
23543,207,S_LETTER,Slime
23544,207,S_LETTER,snake
23545,207,S_LETTER,sauce
23546,207,S_LETTER,so
23547,207,S_LETTER,sold
23548,207,S_LETTER,seperate
23549,207,S_LETTER,show
23550,207,S_LETTER,shook
23551,207,S_LETTER,shame
23552,207,S_LETTER,should
23553,207,S_LETTER,see
23554,207,S_LETTER,saw
23555,207,S_LETTER,seen
23556,207,S_LETTER,sent
23557,207,S_LETTER,soon
23558,207,S_LETTER,soccer
23559,207,S_LETTER,social
23560,207,S_LETTER,sociology
23561,207,S_LETTER,sociopath
23562,207,S_LETTER,scrap
23563,207,S_LETTER,scrape
23564,207,S_LETTER,script
23565,207,S_LETTER,slay
23566,207,S_LETTER,slow
23567,207,S_LETTER,sing
23568,207,S_LETTER,sound
23569,207,S_LETTER,six
23570,207,S_LETTER,super
23571,207,S_LETTER,supper
23572,207,S_LETTER,sin
23573,207,S_LETTER,sinful
23574,207,S_LETTER,sowur
23575,207,S_LETTER,sorry
23576,208,S_LETTER,Safe
23577,208,S_LETTER,sex
23578,208,S_LETTER,sin
23579,208,S_LETTER,sinner
23580,208,S_LETTER,sensual
23581,208,S_LETTER,sack
23582,208,S_LETTER,six
23583,208,S_LETTER,sendator
23584,208,S_LETTER,snake
23585,208,S_LETTER,soft
23586,208,S_LETTER,sand
23587,208,S_LETTER,send
23588,208,S_LETTER,sound
23589,208,S_LETTER,sifi
23590,208,S_LETTER,sun
23591,208,S_LETTER,son
23592,208,S_LETTER,sonder
23593,208,S_LETTER,sink
23594,208,S_LETTER,spoon
23595,208,S_LETTER,sbarro
23596,208,S_LETTER,scary
23597,208,S_LETTER,sit
23598,209,S_LETTER,Star
23599,209,S_LETTER,stare
23600,209,S_LETTER,stove
23601,209,S_LETTER,street
23602,209,S_LETTER,steed
23603,209,S_LETTER,sore
23604,209,S_LETTER,soar
23605,209,S_LETTER,soared
23606,209,S_LETTER,scare
23607,209,S_LETTER,scary
23608,209,S_LETTER,scared
23609,209,S_LETTER,stop
23610,209,S_LETTER,simple
23611,209,S_LETTER,smile
23612,209,S_LETTER,sun
23613,209,S_LETTER,sunny
23614,209,S_LETTER,stupid
23615,209,S_LETTER,satisfied
23616,209,S_LETTER,satisfactory
23617,209,S_LETTER,science
23618,209,S_LETTER,stable
23619,209,S_LETTER,stability
23620,209,S_LETTER,solar
23621,209,S_LETTER,sat
23622,209,S_LETTER,sear
23623,209,S_LETTER,seared
23624,209,S_LETTER,social
23625,209,S_LETTER,socialize
23626,209,S_LETTER,sive
23627,210,S_LETTER,Snake
23628,210,S_LETTER,snakes
23629,210,S_LETTER,snail
23630,210,S_LETTER,slug
23631,210,S_LETTER,selfish
23632,210,S_LETTER,suspect
23633,210,S_LETTER,sunder
23634,210,S_LETTER,sun
23635,210,S_LETTER,sunrise
23636,210,S_LETTER,sunset
23637,210,S_LETTER,somber
23638,210,S_LETTER,sombrereo
23639,210,S_LETTER,some
23640,210,S_LETTER,somalia
23641,210,S_LETTER,something
23642,210,S_LETTER,sodomize
23643,210,S_LETTER,soal
23644,210,S_LETTER,sold
23645,210,S_LETTER,salt
23646,210,S_LETTER,salty
23647,210,S_LETTER,steak
23648,210,S_LETTER,seaweed
23649,210,S_LETTER,sea
23650,210,S_LETTER,sale
23651,210,S_LETTER,sod
23652,210,S_LETTER,sow
23653,210,S_LETTER,sew
23654,210,S_LETTER,seam
23655,210,S_LETTER,seamstress
23656,210,S_LETTER,seem
23657,210,S_LETTER,seems
23658,210,S_LETTER,slowed
23659,210,S_LETTER,slow
23660,211,S_LETTER,Soup
23661,211,S_LETTER,supplement
23662,211,S_LETTER,substitute
23663,211,S_LETTER,substrate
23664,211,S_LETTER,sublime suppository
23665,211,S_LETTER,select
23666,211,S_LETTER,sour
23667,211,S_LETTER,sun
23668,211,S_LETTER,soal
23669,211,S_LETTER,shallow
23670,211,S_LETTER,synchronize
23671,211,S_LETTER,shine
23672,211,S_LETTER,shatter
23673,211,S_LETTER,slow
23674,211,S_LETTER,suppose
23675,211,S_LETTER,sillcone
23676,211,S_LETTER,sutre
23677,211,S_LETTER,sudden
23678,211,S_LETTER,separate
23679,211,S_LETTER,side
23680,212,S_LETTER,Sat
23681,212,S_LETTER,see
23682,212,S_LETTER,soul
23683,212,S_LETTER,send
23684,212,S_LETTER,solar
23685,212,S_LETTER,sun
23686,212,S_LETTER,spat
23687,212,S_LETTER,span
23688,212,S_LETTER,substance
23689,212,S_LETTER,sequence
23690,212,S_LETTER,search
23691,212,S_LETTER,sand
23692,212,S_LETTER,spouse
23693,212,S_LETTER,sibling
23694,212,S_LETTER,sound
23695,212,S_LETTER,seat
23696,212,S_LETTER,sharp
23697,212,S_LETTER,sea
23698,212,S_LETTER,soldier
23699,212,S_LETTER,sandal
23700,212,S_LETTER,salmon
23701,212,S_LETTER,serpent
23702,212,S_LETTER,snake
23703,212,S_LETTER,stamp
23704,212,S_LETTER,steep
23705,212,S_LETTER,studnet
23706,212,S_LETTER,stand
23707,212,S_LETTER,stop
23708,212,S_LETTER,soup
23709,212,S_LETTER,sandwich
23710,212,S_LETTER,soda
23711,213,S_LETTER,Snake
23712,213,S_LETTER,silly
23713,213,S_LETTER,spike
23714,213,S_LETTER,spaghetti
23715,213,S_LETTER,sorry
23716,213,S_LETTER,sit
23717,213,S_LETTER,sad
23718,213,S_LETTER,sorrow
23719,213,S_LETTER,seeds
23720,213,S_LETTER,seat
23721,213,S_LETTER,sharp
23722,213,S_LETTER,seep
23723,213,S_LETTER,soaring
23724,213,S_LETTER,soap
23725,213,S_LETTER,sip
23726,213,S_LETTER,singing
23727,213,S_LETTER,sign
23728,213,S_LETTER,shilling
23729,213,S_LETTER,shadow
23730,213,S_LETTER,shallow
23731,213,S_LETTER,sparring
23732,213,S_LETTER,scar
23733,213,S_LETTER,scab
23734,213,S_LETTER,simple
23735,213,S_LETTER,sleeve
23736,214,S_LETTER,Shit
23737,214,S_LETTER,shoe
23738,214,S_LETTER,shart
23739,214,S_LETTER,shark sandals
23740,214,S_LETTER,sandy
23741,214,S_LETTER,sad
23742,214,S_LETTER,sheila
23743,214,S_LETTER,shae
23744,214,S_LETTER,she
23745,214,S_LETTER,siren
23746,214,S_LETTER,sorrow
23747,214,S_LETTER,soft
23748,214,S_LETTER,ski
23749,214,S_LETTER,shower
23750,214,S_LETTER,santitize
23751,214,S_LETTER,saliva
23752,214,S_LETTER,sex
23753,214,S_LETTER,suck
23754,214,S_LETTER,slurp
23755,214,S_LETTER,satisfaction
23756,214,S_LETTER,signing
23757,214,S_LETTER,showing
23758,214,S_LETTER,sativa
23759,214,S_LETTER,shoreline
23760,215,S_LETTER,Sit
23761,215,S_LETTER,stretch
23762,215,S_LETTER,stood
23763,215,S_LETTER,stool
23764,215,S_LETTER,steal
23765,215,S_LETTER,stale
23766,215,S_LETTER,sew
23767,215,S_LETTER,sewn
23768,215,S_LETTER,sell
23769,215,S_LETTER,seal
23770,215,S_LETTER,see
23771,215,S_LETTER,sake
23772,215,S_LETTER,study
23773,215,S_LETTER,services
23774,215,S_LETTER,store
23775,215,S_LETTER,secure
23776,215,S_LETTER,security
23777,215,S_LETTER,separate
23778,215,S_LETTER,stolen
23779,215,S_LETTER,steak
23780,215,S_LETTER,skate
23781,215,S_LETTER,stake
23782,215,S_LETTER,school
23783,215,S_LETTER,schedule
23784,215,S_LETTER,score
23785,215,S_LETTER,saturated
23786,215,S_LETTER,saturday
23787,215,S_LETTER,sunday
23788,215,S_LETTER,sun
23789,215,S_LETTER,sunny
23790,215,S_LETTER,stone
23791,215,S_LETTER,sare
23792,215,S_LETTER,sake
23793,215,S_LETTER,steer
23794,216,S_LETTER,Serious
23795,216,S_LETTER,serial
23796,216,S_LETTER,simple
23797,216,S_LETTER,shake
23798,216,S_LETTER,share
23799,216,S_LETTER,shop
23800,216,S_LETTER,shock
23801,216,S_LETTER,stare
23802,216,S_LETTER,see
23803,216,S_LETTER,steak
23804,216,S_LETTER,streak
23805,216,S_LETTER,sorry
23806,216,S_LETTER,same
23807,216,S_LETTER,save
23808,216,S_LETTER,severe
23809,216,S_LETTER,slippery
23810,216,S_LETTER,slope
23811,216,S_LETTER,sight
23812,216,S_LETTER,slave
23813,216,S_LETTER,sike
23814,216,S_LETTER,straight
23815,217,S_LETTER,Slippery
23816,217,S_LETTER,seth
23817,217,S_LETTER,so
23818,217,S_LETTER,savory
23819,217,S_LETTER,salad
23820,217,S_LETTER,seafood
23821,217,S_LETTER,slide
23822,217,S_LETTER,sappy
23823,217,S_LETTER,south
23824,217,S_LETTER,straw
23825,217,S_LETTER,stir
23826,217,S_LETTER,sizzle
23827,217,S_LETTER,surprised
23828,217,S_LETTER,salsa
23829,217,S_LETTER,sir
23830,217,S_LETTER,saran
23831,217,S_LETTER,steve
23832,217,S_LETTER,superficial
23833,217,S_LETTER,stop
23834,218,S_LETTER,Soft
23835,218,S_LETTER,safe
23836,218,S_LETTER,sail
23837,218,S_LETTER,sailor
23838,218,S_LETTER,soccer
23839,218,S_LETTER,shield
23840,218,S_LETTER,staple
23841,218,S_LETTER,sweatshirt
23842,218,S_LETTER,shirt
23843,218,S_LETTER,sweat
23844,218,S_LETTER,sweatpants
23845,218,S_LETTER,swear
23846,218,S_LETTER,swim
23847,218,S_LETTER,swing
23848,218,S_LETTER,saw
23849,218,S_LETTER,swam
23850,218,S_LETTER,sing
23851,218,S_LETTER,singer
23852,218,S_LETTER,smell
23853,218,S_LETTER,sorry
23854,218,S_LETTER,sorrow
23855,218,S_LETTER,sympathy
23856,218,S_LETTER,slime
23857,218,S_LETTER,sugar
23858,218,S_LETTER,soda
23859,218,S_LETTER,salt
23860,218,S_LETTER,sauce
23861,218,S_LETTER,socks
23862,218,S_LETTER,shoes
23863,218,S_LETTER,shore
23864,218,S_LETTER,shark
23865,218,S_LETTER,shave
23866,218,S_LETTER,smoke
23867,218,S_LETTER,smoker
23868,218,S_LETTER,small
23869,219,S_LETTER,Sea
23870,219,S_LETTER,see
23871,219,S_LETTER,shells
23872,219,S_LETTER,shell
23873,219,S_LETTER,shelf
23874,219,S_LETTER,self
23875,219,S_LETTER,session
23876,219,S_LETTER,study
23877,219,S_LETTER,shark
23878,219,S_LETTER,sharks
23879,219,S_LETTER,shank
23880,219,S_LETTER,shun
23881,219,S_LETTER,shin
23882,219,S_LETTER,sushi
23883,219,S_LETTER,sashimi
23884,219,S_LETTER,star
23885,219,S_LETTER,sun
23886,219,S_LETTER,sunset
23887,219,S_LETTER,sunrise
23888,219,S_LETTER,saturn
23889,219,S_LETTER,show
23890,219,S_LETTER,shove
23891,219,S_LETTER,shake
23892,219,S_LETTER,shove
23893,219,S_LETTER,shovel
23894,219,S_LETTER,snow
23895,219,S_LETTER,sheet
23896,219,S_LETTER,sleet
23897,219,S_LETTER,sleep
23898,219,S_LETTER,stept
23899,219,S_LETTER,steps
23900,219,S_LETTER,stairs
23901,219,S_LETTER,stout
23902,219,S_LETTER,stop
23903,219,S_LETTER,start
23904,219,S_LETTER,seven
23905,219,S_LETTER,six
23906,219,S_LETTER,sec
23907,219,S_LETTER,sent
23908,219,S_LETTER,send
23909,219,S_LETTER,soap
23910,219,S_LETTER,slip
23911,219,S_LETTER,shoes
23912,219,S_LETTER,slipper
23913,220,S_LETTER,Shit
23914,220,S_LETTER,sure
23915,220,S_LETTER,sun
23916,220,S_LETTER,sad
23917,220,S_LETTER,shake
23918,220,S_LETTER,satisfaction
23919,220,S_LETTER,stationary
23920,220,S_LETTER,star
23921,220,S_LETTER,sea
23922,220,S_LETTER,seal
23923,220,S_LETTER,ship
23924,220,S_LETTER,school
23925,220,S_LETTER,scholar
23926,220,S_LETTER,sense
23927,220,S_LETTER,scene
23928,220,S_LETTER,summary
23929,221,S_LETTER,Something
23930,221,S_LETTER,started
23931,221,S_LETTER,simple
23932,221,S_LETTER,satisfied
23933,221,S_LETTER,superficial
23934,221,S_LETTER,status
23935,221,S_LETTER,stature
23936,221,S_LETTER,slim
23937,221,S_LETTER,skinny
23938,221,S_LETTER,skim
23939,221,S_LETTER,scare
23940,221,S_LETTER,sad
23941,221,S_LETTER,sorry
23942,221,S_LETTER,sorrow
23943,221,S_LETTER,solid
23944,221,S_LETTER,solitude
23945,221,S_LETTER,safe
23946,221,S_LETTER,security
23947,221,S_LETTER,same
23948,221,S_LETTER,similar
23949,221,S_LETTER,simplistic
23950,221,S_LETTER,stop
23951,221,S_LETTER,staring
23952,221,S_LETTER,stupid
23953,221,S_LETTER,sow
23954,221,S_LETTER,soap
23955,222,S_LETTER,Start
23956,222,S_LETTER,sat
23957,222,S_LETTER,saturday
23958,222,S_LETTER,sit
23959,222,S_LETTER,sunday
23960,222,S_LETTER,surround
23961,222,S_LETTER,saw
23962,222,S_LETTER,sex
23963,222,S_LETTER,sexy
23964,222,S_LETTER,sexual
23965,222,S_LETTER,social
23966,222,S_LETTER,socialness
23967,222,S_LETTER,sour
23968,222,S_LETTER,sweet
23969,222,S_LETTER,some
23970,222,S_LETTER,show
23971,222,S_LETTER,shot
23972,222,S_LETTER,shit
23973,222,S_LETTER,shiv
23974,222,S_LETTER,sap
23975,222,S_LETTER,sappy
23976,222,S_LETTER,statistics
23977,222,S_LETTER,start
23978,222,S_LETTER,stow
23979,222,S_LETTER,sot
23980,222,S_LETTER,sole
23981,222,S_LETTER,soul
23982,222,S_LETTER,seven
23983,222,S_LETTER,six
23984,222,S_LETTER,shame
23985,222,S_LETTER,shameful
23986,222,S_LETTER,shamefulness
23987,222,S_LETTER,sorry
23988,222,S_LETTER,static
23989,222,S_LETTER,sport
23990,222,S_LETTER,sporty
23991,222,S_LETTER,space
23992,223,S_LETTER,Send
23993,223,S_LETTER,sour
23994,223,S_LETTER,such
23995,223,S_LETTER,secret
23996,223,S_LETTER,salamander
23997,223,S_LETTER,spit
23998,223,S_LETTER,sandy
23999,223,S_LETTER,sand
24000,223,S_LETTER,seashell
24001,223,S_LETTER,shower
24002,223,S_LETTER,sea
24003,223,S_LETTER,shell
24004,223,S_LETTER,she
24005,223,S_LETTER,spender
24006,223,S_LETTER,spend
24007,223,S_LETTER,stitch
24008,223,S_LETTER,sandwich
24009,223,S_LETTER,spanish
24010,223,S_LETTER,spain
24011,223,S_LETTER,stupid
24012,223,S_LETTER,sped
24013,223,S_LETTER,speed
24014,223,S_LETTER,statue
24015,223,S_LETTER,spender
24016,223,S_LETTER,sleep
24017,223,S_LETTER,shout
24018,223,S_LETTER,salad
24019,223,S_LETTER,super
24020,223,S_LETTER,superhero
24021,223,S_LETTER,start
24022,223,S_LETTER,sheer
24023,223,S_LETTER,sleeper
24024,223,S_LETTER,skin
24025,223,S_LETTER,sort
24026,224,S_LETTER,Snake
24027,224,S_LETTER,shallow
24028,224,S_LETTER,shout
24029,224,S_LETTER,solar
24030,224,S_LETTER,sass
24031,224,S_LETTER,state
24032,224,S_LETTER,suit
24033,224,S_LETTER,swallow
24034,224,S_LETTER,shall
24035,224,S_LETTER,sold
24036,224,S_LETTER,sought
24037,224,S_LETTER,shade
24038,224,S_LETTER,say
24039,224,S_LETTER,said
24040,224,S_LETTER,sign
24041,224,S_LETTER,sap
24042,224,S_LETTER,sale
24043,224,S_LETTER,sore
24044,224,S_LETTER,sack
24045,224,S_LETTER,smell
24046,224,S_LETTER,see
24047,224,S_LETTER,smack
24048,224,S_LETTER,sob
24049,224,S_LETTER,soup
24050,224,S_LETTER,sight
24051,224,S_LETTER,sick
24052,224,S_LETTER,sit
24053,225,S_LETTER,Super
24054,225,S_LETTER,sun
24055,225,S_LETTER,salt
24056,225,S_LETTER,secure
24057,225,S_LETTER,security
24058,225,S_LETTER,sand
24059,225,S_LETTER,social
24060,225,S_LETTER,stable
24061,225,S_LETTER,stability
24062,225,S_LETTER,structure
24063,225,S_LETTER,sport
24064,225,S_LETTER,soft
24065,225,S_LETTER,seat
24066,225,S_LETTER,sat
24067,225,S_LETTER,stroll
24068,225,S_LETTER,steak
24069,225,S_LETTER,strawberries
24070,225,S_LETTER,stand
24071,225,S_LETTER,sit
24072,226,S_LETTER,Start
24073,226,S_LETTER,stream
24074,226,S_LETTER,streak
24075,226,S_LETTER,star
24076,226,S_LETTER,sad
24077,226,S_LETTER,same
24078,226,S_LETTER,salary
24079,226,S_LETTER,set
24080,226,S_LETTER,sun
24081,226,S_LETTER,son
24082,226,S_LETTER,saw
24083,226,S_LETTER,see
24084,226,S_LETTER,sard
24085,226,S_LETTER,say
24086,226,S_LETTER,sea
24087,226,S_LETTER,sand
24088,226,S_LETTER,sorry
24089,226,S_LETTER,soft
24090,226,S_LETTER,salient
24091,226,S_LETTER,sanctuary
24092,226,S_LETTER,savage
24093,226,S_LETTER,sole
24094,226,S_LETTER,stand
24095,226,S_LETTER,sepecate
24096,226,S_LETTER,send
24097,226,S_LETTER,stear
24098,226,S_LETTER,style
24099,226,S_LETTER,space
24100,226,S_LETTER,spell
24101,226,S_LETTER,sought
24102,227,S_LETTER,Start
24103,227,S_LETTER,snow
24104,227,S_LETTER,sign
24105,227,S_LETTER,sing
24106,227,S_LETTER,summer
24107,227,S_LETTER,smell
24108,227,S_LETTER,snail
24109,227,S_LETTER,sell
24110,227,S_LETTER,sold
24111,227,S_LETTER,smart
24112,227,S_LETTER,stone
24113,227,S_LETTER,stored
24114,227,S_LETTER,storm
24115,227,S_LETTER,stormy
24116,227,S_LETTER,stink
24117,227,S_LETTER,stunk
24118,227,S_LETTER,skunk
24119,227,S_LETTER,star
24120,227,S_LETTER,sky
24121,227,S_LETTER,small
24122,227,S_LETTER,significant
24123,227,S_LETTER,smille
24124,227,S_LETTER,stop
24125,227,S_LETTER,study
24126,227,S_LETTER,school
24127,227,S_LETTER,sound
24128,227,S_LETTER,self
24129,227,S_LETTER,secure
24130,227,S_LETTER,sit
24131,227,S_LETTER,sat
24132,227,S_LETTER,set
24133,227,S_LETTER,sin
24134,227,S_LETTER,sand
24135,227,S_LETTER,seat
24136,227,S_LETTER,stellar
24137,227,S_LETTER,stupendous
24138,227,S_LETTER,stipend
24139,228,S_LETTER,Sick
24140,228,S_LETTER,sex
24141,228,S_LETTER,sow
24142,228,S_LETTER,sown
24143,228,S_LETTER,sack
24144,228,S_LETTER,sock
24145,228,S_LETTER,save
24146,228,S_LETTER,safe
24147,228,S_LETTER,saved
24148,228,S_LETTER,safer
24149,228,S_LETTER,solemn
24150,228,S_LETTER,swear
24151,228,S_LETTER,strike
24152,228,S_LETTER,soare
24153,228,S_LETTER,spit
24154,228,S_LETTER,spat
24155,228,S_LETTER,spade
24156,228,S_LETTER,star
24157,228,S_LETTER,start
24158,228,S_LETTER,stem
24159,228,S_LETTER,stomata
24160,228,S_LETTER,sum
24161,228,S_LETTER,sum
24162,228,S_LETTER,summer
24163,228,S_LETTER,summarize
24164,228,S_LETTER,scare
24165,228,S_LETTER,scared
24166,228,S_LETTER,sacred
24167,228,S_LETTER,sacrifice
24168,228,S_LETTER,sold
24169,228,S_LETTER,sell
24170,228,S_LETTER,seal
24171,228,S_LETTER,sole
24172,228,S_LETTER,soul
24173,228,S_LETTER,sun
24174,228,S_LETTER,sunny
24175,228,S_LETTER,salt
24176,229,S_LETTER,Save
24177,229,S_LETTER,safe
24178,229,S_LETTER,see
24179,229,S_LETTER,sight
24180,229,S_LETTER,sorry
24181,229,S_LETTER,simple
24182,229,S_LETTER,sandwich
24183,229,S_LETTER,soft
24184,229,S_LETTER,suck
24185,229,S_LETTER,serve
24186,229,S_LETTER,sample
24187,229,S_LETTER,sort
24188,229,S_LETTER,stable
24189,229,S_LETTER,stamp
24190,229,S_LETTER,stall
24191,229,S_LETTER,start
24192,229,S_LETTER,small
24193,229,S_LETTER,square
24194,229,S_LETTER,swarm
24195,229,S_LETTER,smell
24196,229,S_LETTER,sex
24197,229,S_LETTER,safe
24198,229,S_LETTER,seam
24199,229,S_LETTER,stump
24200,229,S_LETTER,sell
24201,230,S_LETTER,So
24202,230,S_LETTER,summer
24203,230,S_LETTER,sunk
24204,230,S_LETTER,sink
24205,230,S_LETTER,swam
24206,230,S_LETTER,swim
24207,230,S_LETTER,swimming
24208,230,S_LETTER,sun
24209,230,S_LETTER,sunbathe
24210,230,S_LETTER,school
24211,230,S_LETTER,street
24212,230,S_LETTER,streets
24213,230,S_LETTER,steam
24214,230,S_LETTER,shower
24215,230,S_LETTER,sauna
24216,230,S_LETTER,sell
24217,230,S_LETTER,selling
24218,230,S_LETTER,same
24219,230,S_LETTER,since
24220,230,S_LETTER,sync
24221,230,S_LETTER,similar
24222,230,S_LETTER,seep
24223,230,S_LETTER,stop
24224,230,S_LETTER,stopping
24225,230,S_LETTER,safe
24226,230,S_LETTER,safety
24227,230,S_LETTER,sacred
24228,230,S_LETTER,sentence
24229,230,S_LETTER,stagnant
24230,230,S_LETTER,star
24231,231,S_LETTER,Sorry
24232,231,S_LETTER,suck
24233,231,S_LETTER,sit
24234,231,S_LETTER,shush
24235,231,S_LETTER,siti
24236,231,S_LETTER,sucks
24237,231,S_LETTER,song
24238,231,S_LETTER,sex
24239,231,S_LETTER,songs
24240,231,S_LETTER,sexer
24241,231,S_LETTER,stay
24242,231,S_LETTER,staying
24243,231,S_LETTER,stayi
24244,231,S_LETTER,stray
24245,231,S_LETTER,strong
24246,231,S_LETTER,sensation
24247,231,S_LETTER,stimulation
24248,231,S_LETTER,simulation
24249,231,S_LETTER,study
24250,231,S_LETTER,should
24251,231,S_LETTER,school
24252,231,S_LETTER,spool
24253,232,S_LETTER,Sand
24254,232,S_LETTER,stephanie
24255,232,S_LETTER,sock
24256,232,S_LETTER,sports
24257,232,S_LETTER,softball
24258,232,S_LETTER,soccer
24259,232,S_LETTER,summer
24260,232,S_LETTER,shirley
24261,232,S_LETTER,sabrina
24262,232,S_LETTER,sandy
24263,232,S_LETTER,sapphirne
24264,232,S_LETTER,salt
24265,232,S_LETTER,seasons
24266,232,S_LETTER,seasoning
24267,232,S_LETTER,sandcastle
24268,232,S_LETTER,steps
24269,232,S_LETTER,stomp
24270,232,S_LETTER,stroll
24271,232,S_LETTER,spam
24272,232,S_LETTER,stars
24273,232,S_LETTER,stargazing
24274,232,S_LETTER,starstruck
24275,232,S_LETTER,storm
24276,232,S_LETTER,scam
24277,232,S_LETTER,scheme
24278,232,S_LETTER,schemers
24279,232,S_LETTER,stole
24280,232,S_LETTER,stolen
24281,233,S_LETTER,Silly
24282,233,S_LETTER,stupid
24283,233,S_LETTER,stop
24284,233,S_LETTER,smile
24285,233,S_LETTER,slime
24286,233,S_LETTER,stick
24287,233,S_LETTER,sigma
24288,233,S_LETTER,stigma
24289,233,S_LETTER,soup
24290,233,S_LETTER,sunday
24291,233,S_LETTER,saturday
24292,233,S_LETTER,saint
24293,233,S_LETTER,strip
24294,233,S_LETTER,stairs
24295,233,S_LETTER,sick
24296,233,S_LETTER,sell
24297,233,S_LETTER,seal
24298,233,S_LETTER,sililaques
24299,233,S_LETTER,sun
24300,233,S_LETTER,supper
24301,233,S_LETTER,super
24302,234,S_LETTER,Spoon
24303,234,S_LETTER,spare
24304,234,S_LETTER,spectacle
24305,234,S_LETTER,special
24306,234,S_LETTER,seal
24307,234,S_LETTER,sorrow
24308,234,S_LETTER,sand
24309,234,S_LETTER,shark
24310,234,S_LETTER,snake
24311,234,S_LETTER,shoes
24312,234,S_LETTER,sharp
24313,234,S_LETTER,starfish
24314,234,S_LETTER,stare
24315,234,S_LETTER,stand
24316,234,S_LETTER,stable
24317,234,S_LETTER,stability
24318,234,S_LETTER,school
24319,234,S_LETTER,student
24320,234,S_LETTER,structure
24321,234,S_LETTER,sin
24322,234,S_LETTER,soon
24323,234,S_LETTER,store
24324,234,S_LETTER,shop
24325,234,S_LETTER,stop
24326,234,S_LETTER,sea
24327,234,S_LETTER,see
24328,234,S_LETTER,spirit
24329,234,S_LETTER,sponge
24330,234,S_LETTER,start
24331,235,S_LETTER,Surprise
24332,235,S_LETTER,sun
24333,235,S_LETTER,sunset
24334,235,S_LETTER,slip
24335,235,S_LETTER,soft
24336,235,S_LETTER,sugar
24337,235,S_LETTER,sister
24338,235,S_LETTER,shut
24339,235,S_LETTER,shoot
24340,235,S_LETTER,sheet
24341,235,S_LETTER,should
24342,235,S_LETTER,shout
24343,235,S_LETTER,single
24344,235,S_LETTER,sorry
24345,235,S_LETTER,santa
24346,235,S_LETTER,sad
24347,235,S_LETTER,stupid
24348,235,S_LETTER,smart
24349,235,S_LETTER,sanitary
24350,235,S_LETTER,solution
24351,235,S_LETTER,sat
24352,235,S_LETTER,saturn
24353,235,S_LETTER,saturday
24354,235,S_LETTER,sunday
24355,235,S_LETTER,seat
24356,235,S_LETTER,set
24357,235,S_LETTER,sell
24358,235,S_LETTER,small
24359,236,S_LETTER,Start
24360,236,S_LETTER,stop
24361,236,S_LETTER,speed
24362,236,S_LETTER,speak
24363,236,S_LETTER,soccer
24364,236,S_LETTER,softball
24365,236,S_LETTER,sound
24366,236,S_LETTER,sweet
24367,236,S_LETTER,sour
24368,236,S_LETTER,sweatpants
24369,236,S_LETTER,sweatshirt
24370,236,S_LETTER,shirt
24371,236,S_LETTER,shop
24372,236,S_LETTER,shit
24373,236,S_LETTER,salmon
24374,236,S_LETTER,salad
24375,236,S_LETTER,safe
24376,236,S_LETTER,surround
24377,236,S_LETTER,sourroundings
24378,236,S_LETTER,seat
24379,236,S_LETTER,scared
24380,237,S_LETTER,Some
24381,237,S_LETTER,similar
24382,237,S_LETTER,smooth
24383,237,S_LETTER,south
24384,237,S_LETTER,sake
24385,237,S_LETTER,sight
24386,237,S_LETTER,see
24387,237,S_LETTER,say
24388,237,S_LETTER,seem
24389,237,S_LETTER,sex
24390,237,S_LETTER,said
24391,237,S_LETTER,say
24392,237,S_LETTER,strawberry
24393,237,S_LETTER,still
24394,237,S_LETTER,sat
24395,237,S_LETTER,stand
24396,237,S_LETTER,stood
24397,237,S_LETTER,stuck
24398,237,S_LETTER,sassy
24399,237,S_LETTER,slightly
24400,237,S_LETTER,sand
24401,237,S_LETTER,star
24402,237,S_LETTER,south carolina
24403,237,S_LETTER,south
24404,237,S_LETTER,slice
24405,237,S_LETTER,string
24406,237,S_LETTER,straw
24407,237,S_LETTER,starbuck
24408,237,S_LETTER,sugar
24409,237,S_LETTER,sauce
24410,237,S_LETTER,summer
24411,237,S_LETTER,sun
24412,237,S_LETTER,sad
24413,238,S_LETTER,Sierra
24414,238,S_LETTER,stand
24415,238,S_LETTER,standby
24416,238,S_LETTER,shoot
24417,238,S_LETTER,shot
24418,238,S_LETTER,sling
24419,238,S_LETTER,stab
24420,238,S_LETTER,seer
24421,238,S_LETTER,slap
24422,238,S_LETTER,slam
24423,238,S_LETTER,send
24424,238,S_LETTER,sought
24425,238,S_LETTER,soldier
24426,238,S_LETTER,salve
24427,238,S_LETTER,saliva
24428,238,S_LETTER,salivate
24429,238,S_LETTER,sentry
24430,238,S_LETTER,serous
24431,238,S_LETTER,suture
24432,238,S_LETTER,stitch
24433,239,S_LETTER,Sour
24434,239,S_LETTER,same
24435,239,S_LETTER,sake
24436,239,S_LETTER,safe
24437,239,S_LETTER,sought
24438,239,S_LETTER,sold
24439,239,S_LETTER,sadly
24440,239,S_LETTER,smile
24441,239,S_LETTER,share
24442,239,S_LETTER,simplify
24443,239,S_LETTER,so
24444,239,S_LETTER,sat
24445,239,S_LETTER,sage
24446,239,S_LETTER,soggy
24447,239,S_LETTER,shout
24448,239,S_LETTER,sell
24449,239,S_LETTER,sike
24450,239,S_LETTER,sleep
24451,240,S_LETTER,Space
24452,240,S_LETTER,sound
24453,240,S_LETTER,sally
24454,240,S_LETTER,sand
24455,240,S_LETTER,send
24456,240,S_LETTER,start
24457,240,S_LETTER,sat
24458,240,S_LETTER,stood
24459,240,S_LETTER,sit
24460,240,S_LETTER,stall
24461,240,S_LETTER,sell
24462,240,S_LETTER,sold
24463,240,S_LETTER,sorry
24464,240,S_LETTER,saying
24465,240,S_LETTER,stole
24466,240,S_LETTER,steal
24467,240,S_LETTER,sang
24468,240,S_LETTER,sing
24469,240,S_LETTER,story
24470,240,S_LETTER,solo
24471,240,S_LETTER,salmon
24472,240,S_LETTER,strawberry
24473,241,S_LETTER,Snake
24474,241,S_LETTER,stupid
24475,241,S_LETTER,sped
24476,241,S_LETTER,spent
24477,241,S_LETTER,special
24478,241,S_LETTER,spork
24479,241,S_LETTER,sport
24480,241,S_LETTER,slime
24481,241,S_LETTER,sleep
24482,241,S_LETTER,sleaze
24483,241,S_LETTER,sizzle
24484,241,S_LETTER,succumb
24485,241,S_LETTER,single
24486,241,S_LETTER,sing
24487,241,S_LETTER,sting
24488,241,S_LETTER,sling
24489,241,S_LETTER,sign
24490,241,S_LETTER,sky
24491,241,S_LETTER,salary
24492,241,S_LETTER,spitball
24493,241,S_LETTER,style
24494,241,S_LETTER,sober
24495,241,S_LETTER,stylus
24496,241,S_LETTER,staples
24497,241,S_LETTER,strolling
24498,241,S_LETTER,strumming
24499,241,S_LETTER,s
24500,242,S_LETTER,Short
24501,242,S_LETTER,stunt
24502,242,S_LETTER,stole
24503,242,S_LETTER,steal
24504,242,S_LETTER,stem
24505,242,S_LETTER,start
24506,242,S_LETTER,sand
24507,242,S_LETTER,small
24508,242,S_LETTER,sort
24509,242,S_LETTER,seek
24510,242,S_LETTER,sea
24511,242,S_LETTER,state
24512,242,S_LETTER,sentence
24513,242,S_LETTER,sex
24514,242,S_LETTER,sword
24515,242,S_LETTER,six
24516,242,S_LETTER,swallow
24517,242,S_LETTER,seat
24518,242,S_LETTER,stand
24519,242,S_LETTER,shot
24520,242,S_LETTER,stink
24521,242,S_LETTER,smell
24522,243,S_LETTER,Sun
24523,243,S_LETTER,sand
24524,243,S_LETTER,sandwich
24525,243,S_LETTER,sweet
24526,243,S_LETTER,savannah
24527,243,S_LETTER,save
24528,243,S_LETTER,saving
24529,243,S_LETTER,shore
24530,243,S_LETTER,seat
24531,243,S_LETTER,sandalis
24532,243,S_LETTER,sneakers
24533,243,S_LETTER,sweatshirt
24534,243,S_LETTER,sweat
24535,243,S_LETTER,satisfaction
24536,243,S_LETTER,seem
24537,243,S_LETTER,setemed
24538,243,S_LETTER,shirt
24539,243,S_LETTER,storo
24540,243,S_LETTER,star
24541,244,S_LETTER,Super
24542,244,S_LETTER,short
24543,244,S_LETTER,spam
24544,244,S_LETTER,spar
24545,244,S_LETTER,sport
24546,244,S_LETTER,stall
24547,244,S_LETTER,sun
24548,244,S_LETTER,stun
24549,244,S_LETTER,still
24550,244,S_LETTER,sort
24551,244,S_LETTER,silly
24552,244,S_LETTER,stout
24553,244,S_LETTER,spin
24554,244,S_LETTER,spun
24555,244,S_LETTER,swin
24556,244,S_LETTER,swam
24557,244,S_LETTER,spill
24558,244,S_LETTER,sunny
24559,244,S_LETTER,sit
24560,244,S_LETTER,sin
24561,244,S_LETTER,sick
24562,244,S_LETTER,sickle
24563,244,S_LETTER,scythe
24564,244,S_LETTER,sword
24565,244,S_LETTER,shield
24566,244,S_LETTER,swoon
24567,245,S_LETTER,Soup
24568,245,S_LETTER,salt
24569,245,S_LETTER,scandinavian
24570,245,S_LETTER,scandal
24571,245,S_LETTER,sexy
24572,245,S_LETTER,sex
24573,245,S_LETTER,serenade
24574,245,S_LETTER,serene
24575,245,S_LETTER,sell
24576,245,S_LETTER,soar
24577,245,S_LETTER,steal
24578,245,S_LETTER,sip
24579,245,S_LETTER,spit
24580,245,S_LETTER,said
24581,245,S_LETTER,says
24582,245,S_LETTER,sorry
24583,245,S_LETTER,somebody
24584,245,S_LETTER,somewhere
24585,245,S_LETTER,scoop
24586,245,S_LETTER,scooter
24587,245,S_LETTER,salad
24588,245,S_LETTER,sauce
24589,245,S_LETTER,sister
24590,245,S_LETTER,sick
24591,245,S_LETTER,stall
24592,245,S_LETTER,stale
24593,245,S_LETTER,spliff
24594,245,S_LETTER,stupid
24595,245,S_LETTER,saggy
24596,245,S_LETTER,smart
24597,245,S_LETTER,sing
24598,245,S_LETTER,sting
24599,245,S_LETTER,swing
24600,246,S_LETTER,Suck
24601,246,S_LETTER,sack
24602,246,S_LETTER,seen
24603,246,S_LETTER,seem
24604,246,S_LETTER,suspect
24605,246,S_LETTER,sound
24606,246,S_LETTER,skill
24607,246,S_LETTER,skull
24608,246,S_LETTER,sink
24609,246,S_LETTER,sled
24610,246,S_LETTER,sleep
24611,246,S_LETTER,sup
24612,246,S_LETTER,sean
24613,246,S_LETTER,send
24614,246,S_LETTER,sent
24615,246,S_LETTER,self
24616,246,S_LETTER,see
24617,246,S_LETTER,saw
24618,246,S_LETTER,sun
24619,246,S_LETTER,son
24620,246,S_LETTER,slip
24621,246,S_LETTER,sip
24622,246,S_LETTER,snake
24623,246,S_LETTER,snack
24624,246,S_LETTER,suspence
24625,247,S_LETTER,Swift
24626,247,S_LETTER,swiftly
24627,247,S_LETTER,snake
24628,247,S_LETTER,sam
24629,247,S_LETTER,sand
24630,247,S_LETTER,someone
24631,247,S_LETTER,something
24632,247,S_LETTER,space
24633,247,S_LETTER,spaceship
24634,247,S_LETTER,swim
24635,247,S_LETTER,swimming
24636,247,S_LETTER,swam
24637,247,S_LETTER,swan
24638,247,S_LETTER,slippery
24639,247,S_LETTER,safe
24640,247,S_LETTER,sack
24641,247,S_LETTER,sorry
24642,247,S_LETTER,soft
24643,247,S_LETTER,subtle
24644,247,S_LETTER,softly
24645,247,S_LETTER,salt
24646,247,S_LETTER,salty
24647,247,S_LETTER,saquan
24648,247,S_LETTER,sacred
24649,247,S_LETTER,scared
24650,247,S_LETTER,soak
24651,247,S_LETTER,soap
24652,248,S_LETTER,Sun
24653,248,S_LETTER,swallow
24654,248,S_LETTER,super
24655,248,S_LETTER,soccer
24656,248,S_LETTER,sweet
24657,248,S_LETTER,silly
24658,248,S_LETTER,sour
24659,248,S_LETTER,stupid
24660,248,S_LETTER,strong
24661,248,S_LETTER,suck
24662,248,S_LETTER,suspense
24663,248,S_LETTER,score
24664,248,S_LETTER,sad
24665,248,S_LETTER,superior
24666,248,S_LETTER,state
24667,248,S_LETTER,science
24668,248,S_LETTER,splinter
24669,248,S_LETTER,scary
24670,248,S_LETTER,strange
24671,248,S_LETTER,scorpion
24672,248,S_LETTER,see
24673,249,S_LETTER,Shovel
24674,249,S_LETTER,shirt
24675,249,S_LETTER,shoes
24676,249,S_LETTER,sock
24677,249,S_LETTER,stockings
24678,249,S_LETTER,starving
24679,249,S_LETTER,snake
24680,249,S_LETTER,slither
24681,249,S_LETTER,star
24682,249,S_LETTER,snow
24683,249,S_LETTER,show
24684,249,S_LETTER,school
24685,249,S_LETTER,snot
24686,249,S_LETTER,shot
24687,249,S_LETTER,silver
24688,250,S_LETTER,Stupid
24689,250,S_LETTER,silly
24690,250,S_LETTER,shit
24691,250,S_LETTER,shut
24692,250,S_LETTER,slut
24693,250,S_LETTER,skank
24694,250,S_LETTER,staff
24695,250,S_LETTER,still
24696,250,S_LETTER,state
24697,250,S_LETTER,same
24698,250,S_LETTER,sift
24699,250,S_LETTER,so
24700,250,S_LETTER,sad
24701,250,S_LETTER,soon
24702,250,S_LETTER,soft
24703,250,S_LETTER,softy
24704,250,S_LETTER,softly
24705,250,S_LETTER,stealth
24706,250,S_LETTER,stealthy
24707,250,S_LETTER,stupidly
24708,250,S_LETTER,sort
24709,250,S_LETTER,sorting
24710,250,S_LETTER,super
24711,250,S_LETTER,supper
24712,250,S_LETTER,shield
24713,250,S_LETTER,sheath
24714,250,S_LETTER,shed
24715,250,S_LETTER,shelf
24716,250,S_LETTER,santa
24717,251,S_LETTER,Save
24718,251,S_LETTER,south
24719,251,S_LETTER,someone
24720,251,S_LETTER,somebody
24721,251,S_LETTER,some
24722,251,S_LETTER,six
24723,251,S_LETTER,seven
24724,251,S_LETTER,sex
24725,251,S_LETTER,simple
24726,251,S_LETTER,safe
24727,251,S_LETTER,surround
24728,251,S_LETTER,support
24729,251,S_LETTER,stop
24730,251,S_LETTER,slow
24731,251,S_LETTER,strip
24732,251,S_LETTER,strap
24733,251,S_LETTER,so
24734,251,S_LETTER,shoes
24735,252,S_LETTER,Satisfying
24736,252,S_LETTER,satisfy
24737,252,S_LETTER,sex
24738,252,S_LETTER,sexual
24739,252,S_LETTER,sexual reproduction
24740,252,S_LETTER,systematically
24741,252,S_LETTER,sincerely
24742,252,S_LETTER,sincere
24743,252,S_LETTER,so
24744,252,S_LETTER,swallow
24745,252,S_LETTER,shallow
24746,252,S_LETTER,shortness
24747,252,S_LETTER,short
24748,252,S_LETTER,sins
24749,252,S_LETTER,sinful
24750,252,S_LETTER,sinister
24751,252,S_LETTER,scum
24752,252,S_LETTER,soup
24753,252,S_LETTER,swordfish
24754,252,S_LETTER,sushi
24755,252,S_LETTER,salmon
24756,252,S_LETTER,spicy
24757,253,S_LETTER,Snake
24758,253,S_LETTER,seal
24759,253,S_LETTER,shark
24760,253,S_LETTER,snail
24761,253,S_LETTER,sean
24762,253,S_LETTER,sea
24763,253,S_LETTER,slow
24764,253,S_LETTER,speed
24765,253,S_LETTER,short
24766,253,S_LETTER,sort
24767,253,S_LETTER,side
24768,253,S_LETTER,spank
24769,253,S_LETTER,sean
24770,253,S_LETTER,shawn
24771,253,S_LETTER,spur
24772,253,S_LETTER,spade
24773,253,S_LETTER,splash
24774,253,S_LETTER,spray
24775,253,S_LETTER,sun
24776,253,S_LETTER,shoulder
24777,253,S_LETTER,shirt
24778,254,S_LETTER,Sour
24779,254,S_LETTER,soup
24780,254,S_LETTER,smooth
24781,254,S_LETTER,shook
24782,254,S_LETTER,shake
24783,254,S_LETTER,shaken
24784,254,S_LETTER,spicy
24785,254,S_LETTER,seed
24786,254,S_LETTER,salty
24787,254,S_LETTER,scary
24788,254,S_LETTER,sorry
24789,254,S_LETTER,sandy
24790,254,S_LETTER,sulk
24791,254,S_LETTER,sorrow
24792,254,S_LETTER,sad
24793,254,S_LETTER,sake
24794,254,S_LETTER,sunday
24795,254,S_LETTER,sugar
24796,254,S_LETTER,stout
24797,254,S_LETTER,specify
24798,254,S_LETTER,shallow
24799,254,S_LETTER,swim
24800,254,S_LETTER,sun
24801,254,S_LETTER,solar
24802,254,S_LETTER,senator
24803,254,S_LETTER,select
24804,255,S_LETTER,Sauce
24805,255,S_LETTER,sample
24806,255,S_LETTER,sidewalk
24807,255,S_LETTER,side
24808,255,S_LETTER,same
24809,255,S_LETTER,sibling
24810,255,S_LETTER,slow
24811,255,S_LETTER,socks
24812,255,S_LETTER,shoes
24813,255,S_LETTER,shock
24814,255,S_LETTER,suprise
24815,255,S_LETTER,salad
24816,255,S_LETTER,soup
24817,255,S_LETTER,sought
24818,255,S_LETTER,super
24819,255,S_LETTER,scarf
24820,255,S_LETTER,slide
24821,255,S_LETTER,swing
24822,255,S_LETTER,shoot
24823,255,S_LETTER,score
24824,256,S_LETTER,Success
24825,256,S_LETTER,self
24826,256,S_LETTER,sink
24827,256,S_LETTER,silence
24828,256,S_LETTER,slide
24829,256,S_LETTER,support
24830,256,S_LETTER,suction
24831,256,S_LETTER,session
24832,256,S_LETTER,so
24833,256,S_LETTER,sea
24834,256,S_LETTER,silence
24835,256,S_LETTER,study
24836,256,S_LETTER,studied
24837,256,S_LETTER,studying
24838,256,S_LETTER,supporting
24839,256,S_LETTER,self-control
24840,257,S_LETTER,Suicide
24841,257,S_LETTER,sit
24842,257,S_LETTER,stand
24843,257,S_LETTER,sight
24844,257,S_LETTER,see
24845,257,S_LETTER,saw
24846,257,S_LETTER,sew
24847,257,S_LETTER,suppose
24848,257,S_LETTER,simple
24849,257,S_LETTER,seashell
24850,257,S_LETTER,sand
24851,257,S_LETTER,sky
24852,257,S_LETTER,sauce
24853,257,S_LETTER,sip
24854,257,S_LETTER,some
24855,257,S_LETTER,sad
24856,257,S_LETTER,sour
24857,257,S_LETTER,sleep
24858,257,S_LETTER,slow
24859,257,S_LETTER,seep
24860,257,S_LETTER,sell
24861,257,S_LETTER,sandwich
24862,257,S_LETTER,salami
24863,257,S_LETTER,salad
24864,257,S_LETTER,strawberry
24865,257,S_LETTER,soul
24866,257,S_LETTER,snap
24867,257,S_LETTER,social
24868,258,S_LETTER,Start
24869,258,S_LETTER,slow
24870,258,S_LETTER,smart
24871,258,S_LETTER,since
24872,258,S_LETTER,sold
24873,258,S_LETTER,shell
24874,258,S_LETTER,selfish
24875,258,S_LETTER,sand
24876,258,S_LETTER,same
24877,258,S_LETTER,sane
24878,258,S_LETTER,stand
24879,258,S_LETTER,sink
24880,258,S_LETTER,scrub
24881,258,S_LETTER,stupid
24882,258,S_LETTER,speak
24883,258,S_LETTER,see
24884,258,S_LETTER,smell
24885,258,S_LETTER,suck
24886,258,S_LETTER,sting
24887,258,S_LETTER,stink
24888,258,S_LETTER,slip
24889,258,S_LETTER,sell
24890,258,S_LETTER,swan
24891,258,S_LETTER,spanish
24892,258,S_LETTER,stuffed
24893,258,S_LETTER,sure
24894,258,S_LETTER,stem
24895,258,S_LETTER,smile
24896,258,S_LETTER,soon
24897,258,S_LETTER,sun
24898,259,S_LETTER,Start
24899,259,S_LETTER,stark
24900,259,S_LETTER,stoop
24901,259,S_LETTER,stroop
24902,259,S_LETTER,study
24903,259,S_LETTER,still
24904,259,S_LETTER,stall
24905,259,S_LETTER,straight
24906,259,S_LETTER,stop
24907,259,S_LETTER,start
24908,259,S_LETTER,standing
24909,259,S_LETTER,sitting
24910,259,S_LETTER,strong
24911,259,S_LETTER,soft
24912,259,S_LETTER,slow
24913,259,S_LETTER,shower
24914,259,S_LETTER,snack
24915,259,S_LETTER,strudel
24916,259,S_LETTER,sampson
24917,259,S_LETTER,sand
24918,259,S_LETTER,soda
24919,259,S_LETTER,system
24920,259,S_LETTER,stranded
24921,259,S_LETTER,stood
24922,259,S_LETTER,santa
24923,259,S_LETTER,sunder
24924,259,S_LETTER,sail
24925,260,S_LETTER,Snake
24926,260,S_LETTER,shoe
24927,260,S_LETTER,suppose
24928,260,S_LETTER,suscpision
24929,260,S_LETTER,semantics
24930,260,S_LETTER,scarlett
24931,260,S_LETTER,sound
24932,260,S_LETTER,sale
24933,260,S_LETTER,salad
24934,260,S_LETTER,sushi
24935,260,S_LETTER,sangria
24936,260,S_LETTER,sia
24937,260,S_LETTER,say
24938,260,S_LETTER,said
24939,260,S_LETTER,startled
24940,260,S_LETTER,stay
24941,260,S_LETTER,staple
24942,260,S_LETTER,scotch
24943,260,S_LETTER,smile
24944,260,S_LETTER,smell
24945,260,S_LETTER,strawberry
24946,260,S_LETTER,sweatshirt
24947,260,S_LETTER,shirt
24948,260,S_LETTER,sweat
24949,260,S_LETTER,spanish
24950,261,S_LETTER,Side
24951,261,S_LETTER,sing
24952,261,S_LETTER,singer
24953,261,S_LETTER,singing
24954,261,S_LETTER,same
24955,261,S_LETTER,sorry
24956,261,S_LETTER,soar
24957,261,S_LETTER,soaring
24958,261,S_LETTER,sit
24959,261,S_LETTER,sitting
24960,261,S_LETTER,sip
24961,261,S_LETTER,sash
24962,261,S_LETTER,sabotage
24963,261,S_LETTER,sassy
24964,261,S_LETTER,sort
24965,261,S_LETTER,sorting
24966,261,S_LETTER,sword
24967,261,S_LETTER,send
24968,261,S_LETTER,sender
24969,261,S_LETTER,sending
24970,261,S_LETTER,sale
24971,261,S_LETTER,sail
24972,261,S_LETTER,sailing
24973,261,S_LETTER,safe
24974,261,S_LETTER,safety
24975,261,S_LETTER,safely
24976,261,S_LETTER,sanitary
24977,261,S_LETTER,sanitation
24978,261,S_LETTER,supplement
24979,261,S_LETTER,suction
24980,261,S_LETTER,sand
24981,261,S_LETTER,swim
24982,261,S_LETTER,swimmer
24983,261,S_LETTER,swimming
24984,261,S_LETTER,sanction
24985,261,S_LETTER,suspect
24986,262,S_LETTER,Socks
24987,262,S_LETTER,sandle
24988,262,S_LETTER,slippers
24989,262,S_LETTER,stone
24990,262,S_LETTER,still
24991,262,S_LETTER,super
24992,262,S_LETTER,sour
24993,262,S_LETTER,sweet
24994,262,S_LETTER,sorry
24995,262,S_LETTER,sip
24996,262,S_LETTER,star
24997,262,S_LETTER,sign
24998,262,S_LETTER,slime
24999,262,S_LETTER,steer
25000,262,S_LETTER,skin
25001,262,S_LETTER,sled
25002,262,S_LETTER,slide
25003,262,S_LETTER,stuff
25004,262,S_LETTER,sick
25005,263,S_LETTER,Soup
25006,263,S_LETTER,star
25007,263,S_LETTER,stare
25008,263,S_LETTER,seem
25009,263,S_LETTER,sour
25010,263,S_LETTER,sore
25011,263,S_LETTER,swore
25012,263,S_LETTER,sweet
25013,263,S_LETTER,sweat
25014,263,S_LETTER,swim
25015,263,S_LETTER,swimming
25016,263,S_LETTER,sea
25017,263,S_LETTER,sun
25018,263,S_LETTER,sand
25019,263,S_LETTER,salt
25020,263,S_LETTER,salty
25021,263,S_LETTER,sunlight
25022,263,S_LETTER,suction
25023,263,S_LETTER,seam
25024,263,S_LETTER,swell
25025,263,S_LETTER,swelling
25026,263,S_LETTER,soaring
25027,263,S_LETTER,seeming
25028,263,S_LETTER,swear
25029,263,S_LETTER,super
25030,263,S_LETTER,sufficient
25031,264,S_LETTER,Serpent
25032,264,S_LETTER,snake
25033,264,S_LETTER,sneaky
25034,264,S_LETTER,snail
25035,264,S_LETTER,slug
25036,264,S_LETTER,slaughter
25037,264,S_LETTER,sister
25038,264,S_LETTER,seat
25039,264,S_LETTER,sick
25040,264,S_LETTER,sock
25041,264,S_LETTER,sweater
25042,264,S_LETTER,sweatshirt
25043,264,S_LETTER,seam
25044,264,S_LETTER,seal
25045,264,S_LETTER,steal
25046,264,S_LETTER,still
25047,264,S_LETTER,stilt
25048,264,S_LETTER,stimulate
25049,264,S_LETTER,stimulant
25050,264,S_LETTER,sword
25051,264,S_LETTER,sing
25052,264,S_LETTER,sear
25053,264,S_LETTER,sun
25054,264,S_LETTER,sunk
25055,264,S_LETTER,sink
25056,264,S_LETTER,star
25057,264,S_LETTER,sting
25058,265,S_LETTER,Stop
25059,265,S_LETTER,sound
25060,265,S_LETTER,short
25061,265,S_LETTER,silly
25062,265,S_LETTER,stupid
25063,265,S_LETTER,satisfy
25064,265,S_LETTER,super
25065,265,S_LETTER,sad
25066,265,S_LETTER,sturdy
25067,265,S_LETTER,shower
25068,265,S_LETTER,slumber
25069,265,S_LETTER,stand
25070,265,S_LETTER,sand
25071,265,S_LETTER,soil
25072,265,S_LETTER,salad
25073,265,S_LETTER,sky
25074,265,S_LETTER,soda
25075,265,S_LETTER,small
25076,265,S_LETTER,snake
25077,266,S_LETTER,Salty
25078,266,S_LETTER,south
25079,266,S_LETTER,safe
25080,266,S_LETTER,sound
25081,266,S_LETTER,stare
25082,266,S_LETTER,stair
25083,266,S_LETTER,stain
25084,266,S_LETTER,super
25085,266,S_LETTER,same
25086,266,S_LETTER,shoot
25087,266,S_LETTER,shot
25088,266,S_LETTER,swish
25089,266,S_LETTER,squirm
25090,266,S_LETTER,squeal
25091,266,S_LETTER,squeeze
25092,266,S_LETTER,smother
25093,266,S_LETTER,shout
25094,266,S_LETTER,scream
25095,266,S_LETTER,southern
25096,266,S_LETTER,suddenly
25097,267,S_LETTER,Sex
25098,267,S_LETTER,sound
25099,267,S_LETTER,silence
25100,267,S_LETTER,sit
25101,267,S_LETTER,sauce
25102,267,S_LETTER,savoir
25103,267,S_LETTER,secret
25104,267,S_LETTER,secrecacy
25105,267,S_LETTER,soft
25106,267,S_LETTER,seven
25107,267,S_LETTER,six
25108,267,S_LETTER,say
25109,267,S_LETTER,session
25110,267,S_LETTER,size
25111,267,S_LETTER,shape
25112,267,S_LETTER,shoes
25113,267,S_LETTER,sandals
25114,267,S_LETTER,shirts
25115,267,S_LETTER,skirts
25116,268,S_LETTER,Silence
25117,268,S_LETTER,social
25118,268,S_LETTER,study
25119,268,S_LETTER,session
25120,268,S_LETTER,sassy
25121,268,S_LETTER,satistication
25122,268,S_LETTER,sadistic
25123,268,S_LETTER,sad
25124,268,S_LETTER,sappy
25125,268,S_LETTER,saprimere [best guess - hard to read]
25126,268,S_LETTER,spaghetti
25127,268,S_LETTER,sing
25128,268,S_LETTER,single
25129,268,S_LETTER,sophistication
25130,268,S_LETTER,sophie
25131,268,S_LETTER,song
25132,268,S_LETTER,sway
25133,268,S_LETTER,swing
25134,268,S_LETTER,swaddle
25135,268,S_LETTER,silver
25136,268,S_LETTER,stretch
25137,268,S_LETTER,sketch
25138,268,S_LETTER,somber
25139,268,S_LETTER,shrink
25140,268,S_LETTER,shake
25141,269,S_LETTER,Saw
25142,269,S_LETTER,sight
25143,269,S_LETTER,see
25144,269,S_LETTER,slave
25145,269,S_LETTER,save
25146,269,S_LETTER,snake
25147,269,S_LETTER,snail
25148,269,S_LETTER,sneaky
25149,269,S_LETTER,selfish
25150,269,S_LETTER,secret
25151,269,S_LETTER,seductive
25152,269,S_LETTER,so
25153,269,S_LETTER,same
25154,269,S_LETTER,sew
25155,269,S_LETTER,sea
25156,269,S_LETTER,sorry
25157,269,S_LETTER,school
25158,269,S_LETTER,scratch
25159,269,S_LETTER,snatch
25160,269,S_LETTER,second
25161,269,S_LETTER,sex
25162,269,S_LETTER,semen
25163,269,S_LETTER,sorrow
25164,269,S_LETTER,sauce
25165,269,S_LETTER,special
25166,269,S_LETTER,speak
25167,269,S_LETTER,spoke
25168,270,S_LETTER,Sincerely
25169,270,S_LETTER,soon
25170,270,S_LETTER,sock
25171,270,S_LETTER,suck
25172,270,S_LETTER,severe
25173,270,S_LETTER,serious
25174,270,S_LETTER,succulent
25175,270,S_LETTER,spicy
25176,270,S_LETTER,sauce
25177,270,S_LETTER,source
25178,270,S_LETTER,savory
25179,270,S_LETTER,sweet
25180,270,S_LETTER,suppose
25181,270,S_LETTER,stripe
25182,270,S_LETTER,sore
25183,270,S_LETTER,sorry
25184,270,S_LETTER,sour
25185,270,S_LETTER,spagetti
25186,270,S_LETTER,salmon
25187,271,S_LETTER,Sun
25188,271,S_LETTER,stupid
25189,271,S_LETTER,study
25190,271,S_LETTER,something
25191,271,S_LETTER,squirrel
25192,271,S_LETTER,science
25193,271,S_LETTER,same
25194,271,S_LETTER,social
25195,271,S_LETTER,suck
25196,271,S_LETTER,sand
25197,271,S_LETTER,street
25198,271,S_LETTER,sidewalk
25199,271,S_LETTER,small
25200,271,S_LETTER,straight
25201,271,S_LETTER,strict
25202,271,S_LETTER,stand
25203,271,S_LETTER,staple
25204,271,S_LETTER,sweater
25205,271,S_LETTER,shoes
25206,271,S_LETTER,sneaker
25207,271,S_LETTER,snow
25208,271,S_LETTER,summer
25209,272,S_LETTER,Star
25210,272,S_LETTER,stew
25211,272,S_LETTER,stapes
25212,272,S_LETTER,surgery
25213,272,S_LETTER,surgeon
25214,272,S_LETTER,super
25215,272,S_LETTER,surfer
25216,272,S_LETTER,sun
25217,272,S_LETTER,son
25218,272,S_LETTER,solar
25219,272,S_LETTER,system
25220,272,S_LETTER,surface
25221,272,S_LETTER,seafood
25222,272,S_LETTER,sea
25223,272,S_LETTER,see
25224,272,S_LETTER,seaweed
25225,272,S_LETTER,silence
25226,272,S_LETTER,silenced
25227,272,S_LETTER,stress
25228,272,S_LETTER,stressed
25229,272,S_LETTER,scream
25230,272,S_LETTER,scrambled
25231,272,S_LETTER,sauteed
25232,272,S_LETTER,snake
25233,272,S_LETTER,snow
25234,272,S_LETTER,snowflake
25235,272,S_LETTER,snowman
25236,272,S_LETTER,shower
25237,272,S_LETTER,show
25238,272,S_LETTER,shoe
25239,273,S_LETTER,Submarine
25240,273,S_LETTER,sextant
25241,273,S_LETTER,sex
25242,273,S_LETTER,sexual
25243,273,S_LETTER,serious
25244,273,S_LETTER,serpant
25245,273,S_LETTER,stuff
25246,273,S_LETTER,system
25247,273,S_LETTER,slide
25248,273,S_LETTER,slider
25249,273,S_LETTER,so
25250,273,S_LETTER,sononymous
25251,273,S_LETTER,similie
25252,273,S_LETTER,seat
25253,273,S_LETTER,sweat
25254,273,S_LETTER,sweatpants
25255,273,S_LETTER,shoe
25256,273,S_LETTER,show
25257,273,S_LETTER,serendipity
25258,273,S_LETTER,social
25259,273,S_LETTER,science
25260,273,S_LETTER,sociology
25261,273,S_LETTER,scary
25262,273,S_LETTER,sudden
25263,273,S_LETTER,sinister
25264,273,S_LETTER,sanna
25265,273,S_LETTER,stereotype
25266,273,S_LETTER,saw
25267,273,S_LETTER,saudering
25268,273,S_LETTER,same
25269,273,S_LETTER,secular
25270,274,S_LETTER,Step
25271,274,S_LETTER,set
25272,274,S_LETTER,send
25273,274,S_LETTER,sent
25274,274,S_LETTER,sign
25275,274,S_LETTER,signature
25276,274,S_LETTER,sat
25277,274,S_LETTER,sit
25278,274,S_LETTER,slime
25279,274,S_LETTER,slim
25280,274,S_LETTER,small
25281,274,S_LETTER,smart
25282,274,S_LETTER,sight
25283,274,S_LETTER,see
25284,274,S_LETTER,stem
25285,274,S_LETTER,stagnant
25286,274,S_LETTER,stigma
25287,274,S_LETTER,smile
25288,274,S_LETTER,smirk
25289,274,S_LETTER,simulate
25290,274,S_LETTER,stimulate
25291,274,S_LETTER,sold
25292,274,S_LETTER,seashells
25293,274,S_LETTER,sea
25294,274,S_LETTER,shore
25295,274,S_LETTER,sail
25296,1,SWEAR_WORDS,Fuck
25297,1,SWEAR_WORDS,buttass
25298,1,SWEAR_WORDS,bitch
25299,1,SWEAR_WORDS,puta
25300,1,SWEAR_WORDS,pendeja
25301,1,SWEAR_WORDS,pussy
25302,1,SWEAR_WORDS,fucktard
25303,1,SWEAR_WORDS,son of a bitch
25304,1,SWEAR_WORDS,shit
25305,1,SWEAR_WORDS,asshole
25306,1,SWEAR_WORDS,motherfucker
25307,1,SWEAR_WORDS,fucker
25308,1,SWEAR_WORDS,stupid bitch
25309,1,SWEAR_WORDS,ass
25310,1,SWEAR_WORDS,dickhead
25311,1,SWEAR_WORDS,dick
25312,2,SWEAR_WORDS,Shit
25313,2,SWEAR_WORDS,fuck
25314,2,SWEAR_WORDS,suck my dick
25315,2,SWEAR_WORDS,dick
25316,2,SWEAR_WORDS,asshole
25317,2,SWEAR_WORDS,dumbass
25318,2,SWEAR_WORDS,stupid
25319,2,SWEAR_WORDS,retarded
25320,2,SWEAR_WORDS,special-ed
25321,2,SWEAR_WORDS,ass-face
25322,2,SWEAR_WORDS,concha de tu madre
25323,2,SWEAR_WORDS,mother fucker
25324,2,SWEAR_WORDS,fucker
25325,2,SWEAR_WORDS,shithead
25326,2,SWEAR_WORDS,stupid-ass
25327,2,SWEAR_WORDS,pendejo
25328,3,SWEAR_WORDS,Cunt
25329,3,SWEAR_WORDS,bitch
25330,3,SWEAR_WORDS,ass
25331,3,SWEAR_WORDS,fuck
25332,3,SWEAR_WORDS,twat
25333,3,SWEAR_WORDS,hell
25334,3,SWEAR_WORDS,damn
25335,3,SWEAR_WORDS,shit
25336,3,SWEAR_WORDS,bastard
25337,3,SWEAR_WORDS,asshole
25338,3,SWEAR_WORDS,dick
25339,3,SWEAR_WORDS,pussy
25340,4,SWEAR_WORDS,Fuck
25341,4,SWEAR_WORDS,shit
25342,4,SWEAR_WORDS,damn
25343,4,SWEAR_WORDS,hell
25344,4,SWEAR_WORDS,cunt
25345,4,SWEAR_WORDS,fuckshit
25346,4,SWEAR_WORDS,motherfucker
25347,4,SWEAR_WORDS,ass
25348,4,SWEAR_WORDS,ass hole
25349,4,SWEAR_WORDS,asshat
25350,4,SWEAR_WORDS,cock
25351,4,SWEAR_WORDS,fuckshit
25352,4,SWEAR_WORDS,goddamn
25353,4,SWEAR_WORDS,damnit
25354,4,SWEAR_WORDS,dammit
25355,4,SWEAR_WORDS,fuckhead
25356,4,SWEAR_WORDS,dickhead
25357,4,SWEAR_WORDS,shithead
25358,4,SWEAR_WORDS,fucking
25359,4,SWEAR_WORDS,fucker
25360,4,SWEAR_WORDS,piss
25361,4,SWEAR_WORDS,pissing
25362,4,SWEAR_WORDS,pissed
25363,5,SWEAR_WORDS,Fuck
25364,5,SWEAR_WORDS,cunt
25365,5,SWEAR_WORDS,bitch
25366,5,SWEAR_WORDS,shit
25367,5,SWEAR_WORDS,motherfucker
25368,5,SWEAR_WORDS,ass
25369,5,SWEAR_WORDS,asshole
25370,5,SWEAR_WORDS,damn
25371,5,SWEAR_WORDS,dammit
25372,5,SWEAR_WORDS,imbecile
25373,5,SWEAR_WORDS,fuckhead
25374,5,SWEAR_WORDS,shitstain
25375,5,SWEAR_WORDS,shitbag
25376,5,SWEAR_WORDS,douchebag
25377,5,SWEAR_WORDS,douche
25378,5,SWEAR_WORDS,pussy
25379,5,SWEAR_WORDS,dick
25380,5,SWEAR_WORDS,dickhead
25381,6,SWEAR_WORDS,Fuck
25382,6,SWEAR_WORDS,shit
25383,6,SWEAR_WORDS,cunt
25384,6,SWEAR_WORDS,asshole
25385,6,SWEAR_WORDS,dick
25386,6,SWEAR_WORDS,shithead
25387,6,SWEAR_WORDS,sack of shit
25388,6,SWEAR_WORDS,bitch
25389,6,SWEAR_WORDS,whore
25390,6,SWEAR_WORDS,slut
25391,6,SWEAR_WORDS,fucktard
25392,6,SWEAR_WORDS,stupid
25393,6,SWEAR_WORDS,idiot
25394,6,SWEAR_WORDS,shithole
25395,6,SWEAR_WORDS,retard
25396,6,SWEAR_WORDS,pussy
25397,6,SWEAR_WORDS,prick
25398,7,SWEAR_WORDS,Fuck
25399,7,SWEAR_WORDS,shit
25400,7,SWEAR_WORDS,ass
25401,7,SWEAR_WORDS,cunt
25402,7,SWEAR_WORDS,bitch
25403,7,SWEAR_WORDS,dick
25404,7,SWEAR_WORDS,douche
25405,7,SWEAR_WORDS,fag
25406,7,SWEAR_WORDS,damn
25407,8,SWEAR_WORDS,Fuck
25408,8,SWEAR_WORDS,dick
25409,8,SWEAR_WORDS,pussy
25410,8,SWEAR_WORDS,bitch
25411,8,SWEAR_WORDS,fag
25412,8,SWEAR_WORDS,gay
25413,8,SWEAR_WORDS,asshole
25414,8,SWEAR_WORDS,son of a bitch
25415,8,SWEAR_WORDS,cock sucker
25416,8,SWEAR_WORDS,dammit
25417,8,SWEAR_WORDS,cunt
25418,8,SWEAR_WORDS,goddammit
25419,9,SWEAR_WORDS,Fuck
25420,9,SWEAR_WORDS,bitch
25421,9,SWEAR_WORDS,shit
25422,9,SWEAR_WORDS,dickhead
25423,9,SWEAR_WORDS,asshole
25424,9,SWEAR_WORDS,douchebag
25425,9,SWEAR_WORDS,dumbass
25426,9,SWEAR_WORDS,spic
25427,10,SWEAR_WORDS,Fuck
25428,10,SWEAR_WORDS,shit
25429,10,SWEAR_WORDS,thot
25430,10,SWEAR_WORDS,hoe
25431,10,SWEAR_WORDS,whore
25432,10,SWEAR_WORDS,bitch
25433,10,SWEAR_WORDS,motherfucker
25434,10,SWEAR_WORDS,slut
25435,10,SWEAR_WORDS,dumbass
25436,10,SWEAR_WORDS,asshole
25437,10,SWEAR_WORDS,ass
25438,10,SWEAR_WORDS,dicksucker
25439,11,SWEAR_WORDS,Bitch
25440,11,SWEAR_WORDS,motherfucker
25441,11,SWEAR_WORDS,fuck
25442,11,SWEAR_WORDS,cunt
25443,11,SWEAR_WORDS,shit
25444,11,SWEAR_WORDS,crap
25445,11,SWEAR_WORDS,dipshit
25446,11,SWEAR_WORDS,hell
25447,11,SWEAR_WORDS,fucking
25448,12,SWEAR_WORDS,Slut
25449,12,SWEAR_WORDS,fuck
25450,12,SWEAR_WORDS,bitch
25451,12,SWEAR_WORDS,cunt
25452,12,SWEAR_WORDS,shit
25453,12,SWEAR_WORDS,asshole
25454,12,SWEAR_WORDS,dick
25455,12,SWEAR_WORDS,faget
25456,12,SWEAR_WORDS,slumbag [word unclear]
25457,12,SWEAR_WORDS,dirtbag
25458,12,SWEAR_WORDS,wore
25459,12,SWEAR_WORDS,ass
25460,13,SWEAR_WORDS,Fuck
25461,13,SWEAR_WORDS,shit
25462,13,SWEAR_WORDS,bitch
25463,13,SWEAR_WORDS,cunt
25464,13,SWEAR_WORDS,mother fucker
25465,14,SWEAR_WORDS,Fuck
25466,14,SWEAR_WORDS,shit
25467,14,SWEAR_WORDS,bitch
25468,14,SWEAR_WORDS,hell
25469,14,SWEAR_WORDS,dumbass
25470,14,SWEAR_WORDS,cunt
25471,14,SWEAR_WORDS,bumbaclot
25472,14,SWEAR_WORDS,asshole
25473,14,SWEAR_WORDS,ass
25474,14,SWEAR_WORDS,pussy
25475,14,SWEAR_WORDS,dickhead
25476,14,SWEAR_WORDS,bloodclot
25477,15,SWEAR_WORDS,Shit
25478,15,SWEAR_WORDS,ass
25479,15,SWEAR_WORDS,asshole
25480,15,SWEAR_WORDS,god damn
25481,15,SWEAR_WORDS,dammit
25482,15,SWEAR_WORDS,shit face
25483,15,SWEAR_WORDS,dick head
25484,15,SWEAR_WORDS,cunt
25485,15,SWEAR_WORDS,bloodclatt
25486,15,SWEAR_WORDS,dick
25487,15,SWEAR_WORDS,bumbaclatt
25488,15,SWEAR_WORDS,asswipe
25489,16,SWEAR_WORDS,Asshole
25490,16,SWEAR_WORDS,stupid
25491,16,SWEAR_WORDS,fuck
25492,16,SWEAR_WORDS,lovely
25493,16,SWEAR_WORDS,fabulous
25494,16,SWEAR_WORDS,fantastic
25495,16,SWEAR_WORDS,georgeous
25496,16,SWEAR_WORDS,breathtaking
25497,16,SWEAR_WORDS,interesting
25498,16,SWEAR_WORDS,desirelly
25499,16,SWEAR_WORDS,bitch
25500,16,SWEAR_WORDS,funny
25501,17,SWEAR_WORDS,Shit
25502,17,SWEAR_WORDS,bitch
25503,17,SWEAR_WORDS,fuck
25504,17,SWEAR_WORDS,hell
25505,17,SWEAR_WORDS,nigger
25506,18,SWEAR_WORDS,Fuck/fucking
25507,18,SWEAR_WORDS,bitch
25508,18,SWEAR_WORDS,shit
25509,18,SWEAR_WORDS,faggot
25510,18,SWEAR_WORDS,dick
25511,18,SWEAR_WORDS,pussy
25512,18,SWEAR_WORDS,damn
25513,18,SWEAR_WORDS,ass
25514,18,SWEAR_WORDS,fuck off
25515,18,SWEAR_WORDS,fucking bitch
25516,18,SWEAR_WORDS,suck my dick
25517,18,SWEAR_WORDS,asshole
25518,19,SWEAR_WORDS,Fuck
25519,19,SWEAR_WORDS,shit
25520,19,SWEAR_WORDS,bitch
25521,19,SWEAR_WORDS,asshole
25522,19,SWEAR_WORDS,dick
25523,19,SWEAR_WORDS,whore
25524,19,SWEAR_WORDS,slut
25525,19,SWEAR_WORDS,faggot
25526,20,SWEAR_WORDS,Fuck
25527,20,SWEAR_WORDS,shit
25528,20,SWEAR_WORDS,bitch
25529,20,SWEAR_WORDS,ass
25530,20,SWEAR_WORDS,piss
25531,20,SWEAR_WORDS,bastard
25532,20,SWEAR_WORDS,cunt
25533,20,SWEAR_WORDS,cock-sucker
25534,21,SWEAR_WORDS,Fuck
25535,21,SWEAR_WORDS,bitch
25536,21,SWEAR_WORDS,ass
25537,21,SWEAR_WORDS,shit
25538,21,SWEAR_WORDS,bastard
25539,21,SWEAR_WORDS,douche
25540,21,SWEAR_WORDS,fucktard
25541,21,SWEAR_WORDS,mother fucker
25542,21,SWEAR_WORDS,jerk
25543,21,SWEAR_WORDS,whore
25544,21,SWEAR_WORDS,shithead
25545,22,SWEAR_WORDS,Hell
25546,22,SWEAR_WORDS,damn
25547,22,SWEAR_WORDS,fuck
25548,22,SWEAR_WORDS,shit
25549,22,SWEAR_WORDS,bitch
25550,22,SWEAR_WORDS,ass douchebag
25551,22,SWEAR_WORDS,asshole
25552,22,SWEAR_WORDS,dick
25553,23,SWEAR_WORDS,Fuck
25554,23,SWEAR_WORDS,shit
25555,23,SWEAR_WORDS,bitch
25556,23,SWEAR_WORDS,ass
25557,23,SWEAR_WORDS,clusterfuck
25558,23,SWEAR_WORDS,motherfucker
25559,23,SWEAR_WORDS,asshole
25560,23,SWEAR_WORDS,dipshit
25561,23,SWEAR_WORDS,fucker
25562,24,SWEAR_WORDS,Fuck
25563,24,SWEAR_WORDS,shit
25564,24,SWEAR_WORDS,motherfucker
25565,24,SWEAR_WORDS,nigga
25566,24,SWEAR_WORDS,bitch
25567,24,SWEAR_WORDS,slut
25568,24,SWEAR_WORDS,whore
25569,24,SWEAR_WORDS,asshole
25570,24,SWEAR_WORDS,bastard
25571,25,SWEAR_WORDS,Cunt
25572,25,SWEAR_WORDS,fuck
25573,25,SWEAR_WORDS,bitch
25574,25,SWEAR_WORDS,shit
25575,25,SWEAR_WORDS,slut
25576,25,SWEAR_WORDS,dick
25577,25,SWEAR_WORDS,whore
25578,25,SWEAR_WORDS,skank
25579,25,SWEAR_WORDS,pussy
25580,26,SWEAR_WORDS,Damn
25581,26,SWEAR_WORDS,hell
25582,26,SWEAR_WORDS,fuck
25583,26,SWEAR_WORDS,bitch
25584,26,SWEAR_WORDS,goddamn
25585,26,SWEAR_WORDS,shit
25586,26,SWEAR_WORDS,fucker
25587,26,SWEAR_WORDS,asshole
25588,27,SWEAR_WORDS,Fuck
25589,27,SWEAR_WORDS,shit
25590,27,SWEAR_WORDS,bitch
25591,27,SWEAR_WORDS,motherfucker
25592,27,SWEAR_WORDS,dick
25593,27,SWEAR_WORDS,ass
25594,27,SWEAR_WORDS,asshole
25595,27,SWEAR_WORDS,pussy
25596,27,SWEAR_WORDS,son of a bitch
25597,27,SWEAR_WORDS,nigga
25598,27,SWEAR_WORDS,fucking
25599,27,SWEAR_WORDS,dickhead
25600,28,SWEAR_WORDS,Crap
25601,28,SWEAR_WORDS,shit
25602,28,SWEAR_WORDS,fuck
25603,28,SWEAR_WORDS,cunt
25604,28,SWEAR_WORDS,bitch
25605,28,SWEAR_WORDS,ass
25606,28,SWEAR_WORDS,asshole
25607,28,SWEAR_WORDS,jackass
25608,28,SWEAR_WORDS,dumbass
25609,28,SWEAR_WORDS,damn
25610,28,SWEAR_WORDS,hell
25611,29,SWEAR_WORDS,fuck
25612,29,SWEAR_WORDS,shit
25613,29,SWEAR_WORDS,bitch
25614,29,SWEAR_WORDS,ass
25615,29,SWEAR_WORDS,dick
25616,29,SWEAR_WORDS,cunt
25617,30,SWEAR_WORDS,Crap
25618,30,SWEAR_WORDS,fuck
25619,30,SWEAR_WORDS,asshole
25620,30,SWEAR_WORDS,bitch
25621,30,SWEAR_WORDS,bastard
25622,31,SWEAR_WORDS,Damn
25623,31,SWEAR_WORDS,shit
25624,31,SWEAR_WORDS,fuck
25625,31,SWEAR_WORDS,goddamn
25626,31,SWEAR_WORDS,cunt
25627,31,SWEAR_WORDS,asshole
25628,31,SWEAR_WORDS,bitch
25629,31,SWEAR_WORDS,cock
25630,32,SWEAR_WORDS,Crap
25631,32,SWEAR_WORDS,shit
25632,32,SWEAR_WORDS,fuck
25633,32,SWEAR_WORDS,cunt
25634,32,SWEAR_WORDS,bitch
25635,32,SWEAR_WORDS,dick
25636,32,SWEAR_WORDS,ass
25637,32,SWEAR_WORDS,asshole
25638,32,SWEAR_WORDS,douchebag
25639,33,SWEAR_WORDS,Fuck
25640,33,SWEAR_WORDS,shit
25641,33,SWEAR_WORDS,bitch
25642,33,SWEAR_WORDS,asshole
25643,33,SWEAR_WORDS,douchebag
25644,33,SWEAR_WORDS,pussy
25645,33,SWEAR_WORDS,cunt
25646,33,SWEAR_WORDS,cocksucker
25647,33,SWEAR_WORDS,faggot
25648,33,SWEAR_WORDS,dick
25649,34,SWEAR_WORDS,fuck
25650,34,SWEAR_WORDS,shit
25651,34,SWEAR_WORDS,bitch
25652,34,SWEAR_WORDS,cunt
25653,34,SWEAR_WORDS,bastard
25654,35,SWEAR_WORDS,Fuck
25655,35,SWEAR_WORDS,shit
25656,35,SWEAR_WORDS,bitch
25657,35,SWEAR_WORDS,ass
25658,35,SWEAR_WORDS,asshole
25659,35,SWEAR_WORDS,cunt
25660,35,SWEAR_WORDS,fuckers
25661,35,SWEAR_WORDS,damn
25662,35,SWEAR_WORDS,damnit
25663,35,SWEAR_WORDS,bitches
25664,35,SWEAR_WORDS,whore
25665,35,SWEAR_WORDS,slut
25666,35,SWEAR_WORDS,hoe
25667,35,SWEAR_WORDS,skank
25668,35,SWEAR_WORDS,stupid
25669,36,SWEAR_WORDS,Fuck
25670,36,SWEAR_WORDS,shit
25671,36,SWEAR_WORDS,bitch
25672,36,SWEAR_WORDS,cunt
25673,36,SWEAR_WORDS,hell
25674,36,SWEAR_WORDS,damn
25675,36,SWEAR_WORDS,fucker
25676,36,SWEAR_WORDS,cocksucker
25677,36,SWEAR_WORDS,motherfucker
25678,36,SWEAR_WORDS,ass
25679,36,SWEAR_WORDS,asshole
25680,36,SWEAR_WORDS,asswipe
25681,36,SWEAR_WORDS,piece of shit
25682,36,SWEAR_WORDS,bastard
25683,37,SWEAR_WORDS,Bitch
25684,37,SWEAR_WORDS,ass
25685,37,SWEAR_WORDS,damn
25686,37,SWEAR_WORDS,cunt
25687,37,SWEAR_WORDS,hell
25688,37,SWEAR_WORDS,shit
25689,37,SWEAR_WORDS,fuck
25690,38,SWEAR_WORDS,Fuck
25691,38,SWEAR_WORDS,shit
25692,38,SWEAR_WORDS,bitch
25693,38,SWEAR_WORDS,ass
25694,38,SWEAR_WORDS,cunt
25695,38,SWEAR_WORDS,whore
25696,38,SWEAR_WORDS,slut
25697,38,SWEAR_WORDS,motherfucker
25698,38,SWEAR_WORDS,dick
25699,38,SWEAR_WORDS,pussy
25700,38,SWEAR_WORDS,hoe
25701,38,SWEAR_WORDS,tits
25702,39,SWEAR_WORDS,Fuck
25703,39,SWEAR_WORDS,pussy
25704,39,SWEAR_WORDS,twat
25705,39,SWEAR_WORDS,cunt
25706,39,SWEAR_WORDS,shit
25707,39,SWEAR_WORDS,dick
25708,39,SWEAR_WORDS,goddamnit
25709,39,SWEAR_WORDS,fucking christ
25710,39,SWEAR_WORDS,fucking a
25711,39,SWEAR_WORDS,nigger
25712,39,SWEAR_WORDS,chink
25713,39,SWEAR_WORDS,spick
25714,39,SWEAR_WORDS,asshole
25715,39,SWEAR_WORDS,asswipe
25716,39,SWEAR_WORDS,douchebag
25717,39,SWEAR_WORDS,suck my dick
25718,40,SWEAR_WORDS,Bitch
25719,40,SWEAR_WORDS,cunt
25720,40,SWEAR_WORDS,ass
25721,40,SWEAR_WORDS,dumbass
25722,40,SWEAR_WORDS,fuck
25723,40,SWEAR_WORDS,faggot
25724,40,SWEAR_WORDS,damn
25725,40,SWEAR_WORDS,asshole
25726,40,SWEAR_WORDS,nigga/nigger
25727,41,SWEAR_WORDS,Fuck
25728,41,SWEAR_WORDS,Bitch
25729,41,SWEAR_WORDS,stupid
25730,41,SWEAR_WORDS,Motherfucker
25731,41,SWEAR_WORDS,cunt
25732,41,SWEAR_WORDS,shit
25733,41,SWEAR_WORDS,dickhead
25734,42,SWEAR_WORDS,Shit
25735,42,SWEAR_WORDS,fuck
25736,42,SWEAR_WORDS,ass
25737,42,SWEAR_WORDS,darn
25738,42,SWEAR_WORDS,dammit
25739,42,SWEAR_WORDS,cunt
25740,42,SWEAR_WORDS,motherfucker
25741,42,SWEAR_WORDS,bitch
25742,42,SWEAR_WORDS,shoot
25743,42,SWEAR_WORDS,asshole
25744,42,SWEAR_WORDS,shithead
25745,42,SWEAR_WORDS,fucker
25746,42,SWEAR_WORDS,darn it
25747,42,SWEAR_WORDS,fucking asshole
25748,43,SWEAR_WORDS,Fuck
25749,43,SWEAR_WORDS,shit
25750,43,SWEAR_WORDS,bitch
25751,43,SWEAR_WORDS,ass
25752,43,SWEAR_WORDS,cunt
25753,43,SWEAR_WORDS,nigger
25754,43,SWEAR_WORDS,faggot
25755,43,SWEAR_WORDS,dick
25756,43,SWEAR_WORDS,hell
25757,43,SWEAR_WORDS,damn
25758,43,SWEAR_WORDS,whore
25759,43,SWEAR_WORDS,slut
25760,44,SWEAR_WORDS,Fuck
25761,44,SWEAR_WORDS,shit
25762,44,SWEAR_WORDS,bitch
25763,44,SWEAR_WORDS,cunt
25764,44,SWEAR_WORDS,whore
25765,44,SWEAR_WORDS,asshole
25766,45,SWEAR_WORDS,Fuck
25767,45,SWEAR_WORDS,shit
25768,45,SWEAR_WORDS,bitch
25769,45,SWEAR_WORDS,Ass(hole)
25770,45,SWEAR_WORDS,pussy
25771,45,SWEAR_WORDS,dick
25772,45,SWEAR_WORDS,faggot
25773,45,SWEAR_WORDS,N-word
25774,45,SWEAR_WORDS,C-word
25775,45,SWEAR_WORDS,cock
25776,45,SWEAR_WORDS,cum
25777,45,SWEAR_WORDS,skumbag
25778,45,SWEAR_WORDS,slut
25779,45,SWEAR_WORDS,whore
25780,45,SWEAR_WORDS,chink
25781,45,SWEAR_WORDS,spic
25782,46,SWEAR_WORDS,Fuck
25783,46,SWEAR_WORDS,damn
25784,46,SWEAR_WORDS,bitch
25785,46,SWEAR_WORDS,shit
25786,46,SWEAR_WORDS,hell
25787,46,SWEAR_WORDS,cunt
25788,46,SWEAR_WORDS,nigger
25789,46,SWEAR_WORDS,faggot
25790,46,SWEAR_WORDS,ass
25791,47,SWEAR_WORDS,Fuck
25792,47,SWEAR_WORDS,bitch
25793,47,SWEAR_WORDS,ass
25794,47,SWEAR_WORDS,asshole
25795,47,SWEAR_WORDS,cunt
25796,47,SWEAR_WORDS,shit
25797,47,SWEAR_WORDS,dick
25798,47,SWEAR_WORDS,motherfucker
25799,47,SWEAR_WORDS,nigger
25800,47,SWEAR_WORDS,spick
25801,47,SWEAR_WORDS,fag
25802,47,SWEAR_WORDS,ass-whipe
25803,47,SWEAR_WORDS,dickhead
25804,48,SWEAR_WORDS,Fuck
25805,48,SWEAR_WORDS,shit
25806,48,SWEAR_WORDS,bitch
25807,48,SWEAR_WORDS,hell
25808,48,SWEAR_WORDS,fag
25809,48,SWEAR_WORDS,cunt
25810,48,SWEAR_WORDS,damn
25811,48,SWEAR_WORDS,pussy
25812,48,SWEAR_WORDS,dick
25813,48,SWEAR_WORDS,cock
25814,49,SWEAR_WORDS,Dam
25815,49,SWEAR_WORDS,ass
25816,49,SWEAR_WORDS,fuck
25817,49,SWEAR_WORDS,asshole
25818,49,SWEAR_WORDS,jackass
25819,49,SWEAR_WORDS,dumbass
25820,50,SWEAR_WORDS,Bitch
25821,50,SWEAR_WORDS,fuck
25822,50,SWEAR_WORDS,whore
25823,50,SWEAR_WORDS,shit
25824,50,SWEAR_WORDS,hell
25825,50,SWEAR_WORDS,motherfucker
25826,50,SWEAR_WORDS,damn
25827,50,SWEAR_WORDS,bullshit
25828,50,SWEAR_WORDS,slut
25829,50,SWEAR_WORDS,hoe
25830,50,SWEAR_WORDS,dumbass
25831,51,SWEAR_WORDS,Spick
25832,51,SWEAR_WORDS,nigger
25833,51,SWEAR_WORDS,nigga
25834,51,SWEAR_WORDS,bitch
25835,51,SWEAR_WORDS,ass
25836,51,SWEAR_WORDS,asshole
25837,51,SWEAR_WORDS,fuck
25838,51,SWEAR_WORDS,fucking
25839,51,SWEAR_WORDS,motherfucker
25840,51,SWEAR_WORDS,shit
25841,51,SWEAR_WORDS,pussy
25842,51,SWEAR_WORDS,cracker
25843,52,SWEAR_WORDS,Participant did not provide any words for this section
25844,52,SWEAR_WORDS,something was written but fully crossed out
25845,53,SWEAR_WORDS,Fuck
25846,53,SWEAR_WORDS,shit
25847,53,SWEAR_WORDS,bitch
25848,53,SWEAR_WORDS,cunt
25849,53,SWEAR_WORDS,nigger
25850,53,SWEAR_WORDS,faggot
25851,54,SWEAR_WORDS,Fuck
25852,54,SWEAR_WORDS,ass
25853,54,SWEAR_WORDS,dip shit
25854,54,SWEAR_WORDS,cock
25855,54,SWEAR_WORDS,pussy
25856,54,SWEAR_WORDS,dick
25857,54,SWEAR_WORDS,tits
25858,54,SWEAR_WORDS,bitch
25859,54,SWEAR_WORDS,damn
25860,54,SWEAR_WORDS,cunt
25861,54,SWEAR_WORDS,shit
25862,54,SWEAR_WORDS,fucker
25863,55,SWEAR_WORDS,Promise
25864,55,SWEAR_WORDS,shit
25865,55,SWEAR_WORDS,fuck
25866,55,SWEAR_WORDS,crap
25867,56,SWEAR_WORDS,Fuck
25868,56,SWEAR_WORDS,ass
25869,56,SWEAR_WORDS,bitch
25870,56,SWEAR_WORDS,shit
25871,56,SWEAR_WORDS,bloody
25872,56,SWEAR_WORDS,asshole
25873,57,SWEAR_WORDS,Ass
25874,57,SWEAR_WORDS,fuck
25875,57,SWEAR_WORDS,bitch
25876,57,SWEAR_WORDS,bastard
25877,57,SWEAR_WORDS,damn
25878,57,SWEAR_WORDS,asshole
25879,57,SWEAR_WORDS,cunt
25880,57,SWEAR_WORDS,cock
25881,57,SWEAR_WORDS,pussy
25882,57,SWEAR_WORDS,dick
25883,58,SWEAR_WORDS,Fuck
25884,58,SWEAR_WORDS,fucking
25885,58,SWEAR_WORDS,ass
25886,58,SWEAR_WORDS,asshole
25887,58,SWEAR_WORDS,dickhead
25888,58,SWEAR_WORDS,dick
25889,58,SWEAR_WORDS,bitch
25890,58,SWEAR_WORDS,arsehole
25891,58,SWEAR_WORDS,shit
25892,58,SWEAR_WORDS,damn
25893,58,SWEAR_WORDS,motherfucker
25894,58,SWEAR_WORDS,son of a bitch
25895,59,SWEAR_WORDS,Bitch
25896,59,SWEAR_WORDS,fuck
25897,59,SWEAR_WORDS,shit
25898,59,SWEAR_WORDS,cunt
25899,60,SWEAR_WORDS,Shit
25900,60,SWEAR_WORDS,fuck
25901,60,SWEAR_WORDS,damn
25902,60,SWEAR_WORDS,cunt
25903,60,SWEAR_WORDS,ass
25904,60,SWEAR_WORDS,bitch
25905,60,SWEAR_WORDS,whore
25906,60,SWEAR_WORDS,hoe
25907,61,SWEAR_WORDS,Fuck
25908,61,SWEAR_WORDS,shit
25909,61,SWEAR_WORDS,bitch
25910,61,SWEAR_WORDS,cunt
25911,61,SWEAR_WORDS,pussy
25912,61,SWEAR_WORDS,dick
25913,62,SWEAR_WORDS,Fuck
25914,62,SWEAR_WORDS,shit
25915,62,SWEAR_WORDS,bitch
25916,62,SWEAR_WORDS,ass
25917,62,SWEAR_WORDS,asshole
25918,62,SWEAR_WORDS,dick
25919,62,SWEAR_WORDS,cunt
25920,62,SWEAR_WORDS,pussy
25921,62,SWEAR_WORDS,faggot
25922,62,SWEAR_WORDS,nigger
25923,62,SWEAR_WORDS,hoe
25924,62,SWEAR_WORDS,hore
25925,63,SWEAR_WORDS,Fuck
25926,63,SWEAR_WORDS,shit
25927,63,SWEAR_WORDS,bitch
25928,63,SWEAR_WORDS,damn
25929,63,SWEAR_WORDS,mother fucker
25930,63,SWEAR_WORDS,asshole
25931,63,SWEAR_WORDS,dipshit
25932,64,SWEAR_WORDS,Fuck
25933,64,SWEAR_WORDS,shit
25934,64,SWEAR_WORDS,bitch
25935,64,SWEAR_WORDS,retard
25936,64,SWEAR_WORDS,cunt
25937,64,SWEAR_WORDS,asshole
25938,64,SWEAR_WORDS,slut
25939,64,SWEAR_WORDS,whore
25940,64,SWEAR_WORDS,dickhead
25941,64,SWEAR_WORDS,fucker
25942,64,SWEAR_WORDS,fucking
25943,64,SWEAR_WORDS,fucked
25944,64,SWEAR_WORDS,ass
25945,64,SWEAR_WORDS,pussy
25946,64,SWEAR_WORDS,cock
25947,64,SWEAR_WORDS,dick
25948,65,SWEAR_WORDS,Fuck
25949,65,SWEAR_WORDS,shit
25950,65,SWEAR_WORDS,cunt
25951,65,SWEAR_WORDS,bitch
25952,65,SWEAR_WORDS,crap
25953,65,SWEAR_WORDS,twat
25954,65,SWEAR_WORDS,motherfucker
25955,65,SWEAR_WORDS,dick
25956,65,SWEAR_WORDS,cocksucker
25957,65,SWEAR_WORDS,pussy
25958,65,SWEAR_WORDS,ass
25959,65,SWEAR_WORDS,asshole
25960,65,SWEAR_WORDS,shitstick
25961,65,SWEAR_WORDS,nerd
25962,65,SWEAR_WORDS,bully
25963,65,SWEAR_WORDS,asscrack
25964,65,SWEAR_WORDS,butthole
25965,65,SWEAR_WORDS,stupid
25966,65,SWEAR_WORDS,retard
25967,65,SWEAR_WORDS,ignorant
25968,65,SWEAR_WORDS,trash
25969,65,SWEAR_WORDS,garbage
25970,65,SWEAR_WORDS,lowlife
25971,65,SWEAR_WORDS,disgrace
25972,65,SWEAR_WORDS,disappointment
25973,65,SWEAR_WORDS,narcissist
25974,65,SWEAR_WORDS,jealous
25975,66,SWEAR_WORDS,Shit
25976,66,SWEAR_WORDS,fuck
25977,66,SWEAR_WORDS,damn
25978,66,SWEAR_WORDS,ass
25979,66,SWEAR_WORDS,bitch
25980,66,SWEAR_WORDS,hell
25981,67,SWEAR_WORDS,Shit
25982,67,SWEAR_WORDS,fuck
25983,67,SWEAR_WORDS,cunt
25984,67,SWEAR_WORDS,motherfucker
25985,67,SWEAR_WORDS,douche
25986,67,SWEAR_WORDS,tampon face
25987,67,SWEAR_WORDS,jackass
25988,68,SWEAR_WORDS,Fuck
25989,68,SWEAR_WORDS,bitch
25990,68,SWEAR_WORDS,shit
25991,68,SWEAR_WORDS,stupid
25992,68,SWEAR_WORDS,dumb
25993,68,SWEAR_WORDS,cunt
25994,68,SWEAR_WORDS,cracker
25995,68,SWEAR_WORDS,nigger
25996,68,SWEAR_WORDS,motherfucker
25997,68,SWEAR_WORDS,asshole
25998,68,SWEAR_WORDS,dipshit
25999,68,SWEAR_WORDS,ugly
26000,68,SWEAR_WORDS,troll
26001,68,SWEAR_WORDS,crazy
26002,68,SWEAR_WORDS,dirty
26003,68,SWEAR_WORDS,hoe
26004,68,SWEAR_WORDS,slut
26005,69,SWEAR_WORDS,Fuck
26006,69,SWEAR_WORDS,shit
26007,69,SWEAR_WORDS,bitch
26008,69,SWEAR_WORDS,damn
26009,69,SWEAR_WORDS,ass
26010,69,SWEAR_WORDS,asshole
26011,69,SWEAR_WORDS,dick
26012,69,SWEAR_WORDS,cunt
26013,69,SWEAR_WORDS,fucker
26014,70,SWEAR_WORDS,Fuck
26015,70,SWEAR_WORDS,bitch
26016,70,SWEAR_WORDS,asshole
26017,70,SWEAR_WORDS,shit
26018,70,SWEAR_WORDS,cunt
26019,70,SWEAR_WORDS,slut
26020,70,SWEAR_WORDS,hoe
26021,70,SWEAR_WORDS,mother fucker
26022,70,SWEAR_WORDS,hell
26023,70,SWEAR_WORDS,shit head
26024,70,SWEAR_WORDS,fucking bitch
26025,70,SWEAR_WORDS,thot
26026,71,SWEAR_WORDS,Fuck
26027,71,SWEAR_WORDS,shit
26028,71,SWEAR_WORDS,bitch
26029,71,SWEAR_WORDS,cunt
26030,71,SWEAR_WORDS,Jesus Christ
26031,71,SWEAR_WORDS,mother fucker
26032,71,SWEAR_WORDS,ass
26033,71,SWEAR_WORDS,asshole
26034,71,SWEAR_WORDS,cock sucker
26035,71,SWEAR_WORDS,douchebag
26036,71,SWEAR_WORDS,scank
26037,71,SWEAR_WORDS,slut
26038,71,SWEAR_WORDS,whore
26039,72,SWEAR_WORDS,Ass
26040,72,SWEAR_WORDS,fuck
26041,72,SWEAR_WORDS,shit
26042,72,SWEAR_WORDS,cunt
26043,72,SWEAR_WORDS,bitch
26044,72,SWEAR_WORDS,dick
26045,72,SWEAR_WORDS,pussy
26046,72,SWEAR_WORDS,faggot
26047,72,SWEAR_WORDS,damn?
26048,73,SWEAR_WORDS,Fuck
26049,73,SWEAR_WORDS,shit
26050,73,SWEAR_WORDS,bitch
26051,73,SWEAR_WORDS,cunt
26052,73,SWEAR_WORDS,bastard
26053,73,SWEAR_WORDS,ass
26054,73,SWEAR_WORDS,asshole
26055,73,SWEAR_WORDS,fucker
26056,73,SWEAR_WORDS,motherfucker
26057,73,SWEAR_WORDS,stupid
26058,73,SWEAR_WORDS,dumbass
26059,73,SWEAR_WORDS,moron
26060,73,SWEAR_WORDS,dick
26061,73,SWEAR_WORDS,cock
26062,74,SWEAR_WORDS,Fuck
26063,74,SWEAR_WORDS,shit
26064,74,SWEAR_WORDS,ass
26065,74,SWEAR_WORDS,asshole
26066,74,SWEAR_WORDS,bitch
26067,74,SWEAR_WORDS,cunt
26068,74,SWEAR_WORDS,pissed
26069,74,SWEAR_WORDS,douch bag
26070,75,SWEAR_WORDS,Dick
26071,75,SWEAR_WORDS,ass
26072,75,SWEAR_WORDS,asshole
26073,75,SWEAR_WORDS,motherfucker
26074,75,SWEAR_WORDS,cunt
26075,75,SWEAR_WORDS,whore
26076,75,SWEAR_WORDS,slut
26077,75,SWEAR_WORDS,hoe
26078,75,SWEAR_WORDS,shit
26079,75,SWEAR_WORDS,ass
26080,75,SWEAR_WORDS,fuck
26081,75,SWEAR_WORDS,bitch
26082,75,SWEAR_WORDS,hell
26083,75,SWEAR_WORDS,jackass
26084,75,SWEAR_WORDS,moron
26085,75,SWEAR_WORDS,pussy
26086,75,SWEAR_WORDS,retard
26087,76,SWEAR_WORDS,Fuck
26088,76,SWEAR_WORDS,shit
26089,76,SWEAR_WORDS,bitch
26090,76,SWEAR_WORDS,cunt
26091,76,SWEAR_WORDS,hell?
26092,76,SWEAR_WORDS,damn?
26093,76,SWEAR_WORDS,ass
26094,76,SWEAR_WORDS,dumbass
26095,76,SWEAR_WORDS,smartass
26096,76,SWEAR_WORDS,asshole
26097,77,SWEAR_WORDS,Ass
26098,77,SWEAR_WORDS,fuck
26099,77,SWEAR_WORDS,bitch
26100,77,SWEAR_WORDS,shit
26101,77,SWEAR_WORDS,damn
26102,77,SWEAR_WORDS,motherfucker
26103,77,SWEAR_WORDS,cock
26104,77,SWEAR_WORDS,stupid ass bitch
26105,77,SWEAR_WORDS,jackass
26106,77,SWEAR_WORDS,cunt
26107,77,SWEAR_WORDS,whore
26108,77,SWEAR_WORDS,slore
26109,78,SWEAR_WORDS,Fuck
26110,78,SWEAR_WORDS,shit
26111,78,SWEAR_WORDS,bitch
26112,78,SWEAR_WORDS,asshole
26113,78,SWEAR_WORDS,slut
26114,78,SWEAR_WORDS,cunt
26115,78,SWEAR_WORDS,pussy
26116,78,SWEAR_WORDS,faggot
26117,78,SWEAR_WORDS,twat
26118,78,SWEAR_WORDS,ass
26119,78,SWEAR_WORDS,cock
26120,78,SWEAR_WORDS,dick
26121,79,SWEAR_WORDS,Fuck
26122,79,SWEAR_WORDS,cunt
26123,79,SWEAR_WORDS,bitch
26124,79,SWEAR_WORDS,asshole
26125,79,SWEAR_WORDS,motherfucker
26126,79,SWEAR_WORDS,fucker
26127,79,SWEAR_WORDS,asswipe
26128,79,SWEAR_WORDS,shitface
26129,79,SWEAR_WORDS,dumbass
26130,79,SWEAR_WORDS,shit
26131,79,SWEAR_WORDS,fucking
26132,79,SWEAR_WORDS,ass
26133,79,SWEAR_WORDS,stupid
26134,80,SWEAR_WORDS,Fuck
26135,80,SWEAR_WORDS,shit
26136,80,SWEAR_WORDS,damn
26137,80,SWEAR_WORDS,ass
26138,80,SWEAR_WORDS,bitch
26139,80,SWEAR_WORDS,cunt
26140,80,SWEAR_WORDS,pussy
26141,80,SWEAR_WORDS,dick
26142,80,SWEAR_WORDS,motherfucker
26143,81,SWEAR_WORDS,Shit
26144,81,SWEAR_WORDS,bitch
26145,81,SWEAR_WORDS,fuck
26146,81,SWEAR_WORDS,ass
26147,81,SWEAR_WORDS,asshole
26148,81,SWEAR_WORDS,cunt
26149,81,SWEAR_WORDS,dick
26150,82,SWEAR_WORDS,Shit
26151,82,SWEAR_WORDS,fuck
26152,82,SWEAR_WORDS,ass
26153,82,SWEAR_WORDS,asshole
26154,82,SWEAR_WORDS,bitch
26155,82,SWEAR_WORDS,whore
26156,82,SWEAR_WORDS,slut
26157,82,SWEAR_WORDS,faggot
26158,82,SWEAR_WORDS,fag
26159,82,SWEAR_WORDS,bastard
26160,82,SWEAR_WORDS,fuckboy
26161,83,SWEAR_WORDS,Fuck
26162,83,SWEAR_WORDS,fucker
26163,83,SWEAR_WORDS,motherfucker
26164,83,SWEAR_WORDS,faggot
26165,83,SWEAR_WORDS,bitch
26166,83,SWEAR_WORDS,shit
26167,83,SWEAR_WORDS,nigger
26168,83,SWEAR_WORDS,ass
26169,83,SWEAR_WORDS,asshole
26170,83,SWEAR_WORDS,pussy
26171,83,SWEAR_WORDS,cunt
26172,83,SWEAR_WORDS,fag
26173,83,SWEAR_WORDS,nigga
26174,83,SWEAR_WORDS,crap
26175,84,SWEAR_WORDS,Fuck
26176,84,SWEAR_WORDS,shit
26177,84,SWEAR_WORDS,dick
26178,84,SWEAR_WORDS,ass
26179,84,SWEAR_WORDS,asshole
26180,84,SWEAR_WORDS,bitch
26181,84,SWEAR_WORDS,motherfucker
26182,84,SWEAR_WORDS,dickhead
26183,84,SWEAR_WORDS,son of a bitch
26184,84,SWEAR_WORDS,cunt
26185,85,SWEAR_WORDS,Fuck
26186,85,SWEAR_WORDS,shit
26187,85,SWEAR_WORDS,bitch
26188,85,SWEAR_WORDS,nigga
26189,85,SWEAR_WORDS,spic
26190,85,SWEAR_WORDS,kike
26191,85,SWEAR_WORDS,prick
26192,85,SWEAR_WORDS,asshole
26193,85,SWEAR_WORDS,motherfucker
26194,85,SWEAR_WORDS,chink
26195,85,SWEAR_WORDS,pussy
26196,85,SWEAR_WORDS,dick
26197,86,SWEAR_WORDS,Fuck
26198,86,SWEAR_WORDS,shit
26199,86,SWEAR_WORDS,bitch
26200,86,SWEAR_WORDS,whore
26201,86,SWEAR_WORDS,slut
26202,86,SWEAR_WORDS,cunt
26203,86,SWEAR_WORDS,pussy
26204,86,SWEAR_WORDS,douche
26205,86,SWEAR_WORDS,douche bag
26206,86,SWEAR_WORDS,ass
26207,86,SWEAR_WORDS,asshole
26208,86,SWEAR_WORDS,dick
26209,86,SWEAR_WORDS,motherfucker
26210,86,SWEAR_WORDS,vagina
26211,86,SWEAR_WORDS,kike
26212,86,SWEAR_WORDS,chink
26213,86,SWEAR_WORDS,dyke
26214,86,SWEAR_WORDS,nigga
26215,87,SWEAR_WORDS,Fuck
26216,87,SWEAR_WORDS,bitch
26217,87,SWEAR_WORDS,ass
26218,87,SWEAR_WORDS,damn
26219,87,SWEAR_WORDS,shit
26220,87,SWEAR_WORDS,prick
26221,87,SWEAR_WORDS,dick
26222,87,SWEAR_WORDS,cunt
26223,87,SWEAR_WORDS,douchebag
26224,87,SWEAR_WORDS,slut
26225,87,SWEAR_WORDS,whore
26226,87,SWEAR_WORDS,faggot
26227,87,SWEAR_WORDS,dike
26228,88,SWEAR_WORDS,Fuck
26229,88,SWEAR_WORDS,shit
26230,88,SWEAR_WORDS,bitch
26231,88,SWEAR_WORDS,cunt
26232,88,SWEAR_WORDS,cock
26233,88,SWEAR_WORDS,ass
26234,88,SWEAR_WORDS,dick
26235,88,SWEAR_WORDS,damn
26236,88,SWEAR_WORDS,pussy
26237,88,SWEAR_WORDS,fag
26238,88,SWEAR_WORDS,shit
26239,88,SWEAR_WORDS,slut
26240,88,SWEAR_WORDS,nigger
26241,89,SWEAR_WORDS,Fuck
26242,89,SWEAR_WORDS,bitch
26243,89,SWEAR_WORDS,ass
26244,89,SWEAR_WORDS,asshole
26245,89,SWEAR_WORDS,dick
26246,89,SWEAR_WORDS,shit
26247,90,SWEAR_WORDS,fuck
26248,90,SWEAR_WORDS,shit
26249,90,SWEAR_WORDS,bitch
26250,90,SWEAR_WORDS,ass
26251,90,SWEAR_WORDS,asshole
26252,90,SWEAR_WORDS,retard
26253,90,SWEAR_WORDS,dick
26254,90,SWEAR_WORDS,cunt
26255,90,SWEAR_WORDS,pussy
26256,90,SWEAR_WORDS,n-word
26257,90,SWEAR_WORDS,dickhead
26258,91,SWEAR_WORDS,Damn
26259,91,SWEAR_WORDS,shit
26260,91,SWEAR_WORDS,freaking
26261,91,SWEAR_WORDS,fuck
26262,91,SWEAR_WORDS,ass
26263,92,SWEAR_WORDS,Fuck
26264,92,SWEAR_WORDS,ass
26265,92,SWEAR_WORDS,bitch
26266,92,SWEAR_WORDS,cunt
26267,92,SWEAR_WORDS,hell
26268,92,SWEAR_WORDS,heck
26269,92,SWEAR_WORDS,dick
26270,92,SWEAR_WORDS,pussy
26271,92,SWEAR_WORDS,shit
26272,92,SWEAR_WORDS,damn
26273,92,SWEAR_WORDS,crap
26274,92,SWEAR_WORDS,jesus christ
26275,92,SWEAR_WORDS,nigger
26276,93,SWEAR_WORDS,Shit
26277,93,SWEAR_WORDS,fuck
26278,93,SWEAR_WORDS,fucker
26279,93,SWEAR_WORDS,motherfucker
26280,93,SWEAR_WORDS,hell
26281,93,SWEAR_WORDS,bitch
26282,94,SWEAR_WORDS,Bitch
26283,94,SWEAR_WORDS,fuck
26284,94,SWEAR_WORDS,stupid
26285,94,SWEAR_WORDS,hoe
26286,94,SWEAR_WORDS,whore
26287,94,SWEAR_WORDS,suck my dick
26288,94,SWEAR_WORDS,shit
26289,94,SWEAR_WORDS,retarded
26290,94,SWEAR_WORDS,fuck you
26291,94,SWEAR_WORDS,corny
26292,95,SWEAR_WORDS,bitch
26293,95,SWEAR_WORDS,asshole
26294,95,SWEAR_WORDS,fuck
26295,95,SWEAR_WORDS,idiot
26296,96,SWEAR_WORDS,Fuck
26297,96,SWEAR_WORDS,shit
26298,96,SWEAR_WORDS,motherfucker
26299,96,SWEAR_WORDS,ass
26300,96,SWEAR_WORDS,asshole
26301,96,SWEAR_WORDS,cunt
26302,96,SWEAR_WORDS,hoe
26303,96,SWEAR_WORDS,whore
26304,96,SWEAR_WORDS,damn
26305,96,SWEAR_WORDS,bloody hell
26306,96,SWEAR_WORDS,fucker
26307,96,SWEAR_WORDS,dick
26308,96,SWEAR_WORDS,dickface
26309,96,SWEAR_WORDS,shitface
26310,96,SWEAR_WORDS,slut
26311,96,SWEAR_WORDS,dickwad
26312,97,SWEAR_WORDS,Participant did not provide any words for this section
26313,97,SWEAR_WORDS,something was written but fully crossed out
26314,98,SWEAR_WORDS,Shit
26315,98,SWEAR_WORDS,fuck
26316,98,SWEAR_WORDS,twat
26317,98,SWEAR_WORDS,cunt
26318,98,SWEAR_WORDS,damn
26319,98,SWEAR_WORDS,fucker
26320,98,SWEAR_WORDS,ass
26321,98,SWEAR_WORDS,bloody
26322,98,SWEAR_WORDS,fucking
26323,98,SWEAR_WORDS,shitty
26324,98,SWEAR_WORDS,goddamn it
26325,98,SWEAR_WORDS,holy shit
26326,98,SWEAR_WORDS,cumdumpster
26327,98,SWEAR_WORDS,skank
26328,98,SWEAR_WORDS,slut
26329,98,SWEAR_WORDS,fuck you
26330,99,SWEAR_WORDS,Fuck
26331,99,SWEAR_WORDS,slut
26332,99,SWEAR_WORDS,whore
26333,99,SWEAR_WORDS,asshole
26334,99,SWEAR_WORDS,douche
26335,99,SWEAR_WORDS,shit
26336,99,SWEAR_WORDS,faggot
26337,99,SWEAR_WORDS,bitch
26338,99,SWEAR_WORDS,cunt
26339,100,SWEAR_WORDS,Fuck
26340,100,SWEAR_WORDS,shit
26341,100,SWEAR_WORDS,bitch
26342,100,SWEAR_WORDS,shit
26343,100,SWEAR_WORDS,cunt
26344,100,SWEAR_WORDS,cock
26345,100,SWEAR_WORDS,coÃ±o
26346,100,SWEAR_WORDS,maldita
26347,100,SWEAR_WORDS,nigger
26348,100,SWEAR_WORDS,mada fucker
26349,100,SWEAR_WORDS,bastard
26350,100,SWEAR_WORDS,asshole
26351,100,SWEAR_WORDS,pussy
26352,100,SWEAR_WORDS,whore
26353,100,SWEAR_WORDS,hoe
26354,100,SWEAR_WORDS,dick
26355,101,SWEAR_WORDS,Fuck
26356,101,SWEAR_WORDS,bitch
26357,101,SWEAR_WORDS,pussy
26358,101,SWEAR_WORDS,motherfucker
26359,101,SWEAR_WORDS,damn
26360,101,SWEAR_WORDS,ass
26361,101,SWEAR_WORDS,shit
26362,101,SWEAR_WORDS,whore
26363,101,SWEAR_WORDS,cunt
26364,101,SWEAR_WORDS,bastard
26365,101,SWEAR_WORDS,slut
26366,101,SWEAR_WORDS,son of a bitch
26367,102,SWEAR_WORDS,Fuck
26368,102,SWEAR_WORDS,shit
26369,102,SWEAR_WORDS,damn
26370,102,SWEAR_WORDS,bitch
26371,102,SWEAR_WORDS,cunt
26372,102,SWEAR_WORDS,dick
26373,102,SWEAR_WORDS,asshole
26374,103,SWEAR_WORDS,Shit
26375,103,SWEAR_WORDS,fuck
26376,103,SWEAR_WORDS,cunt
26377,103,SWEAR_WORDS,bastard
26378,103,SWEAR_WORDS,crap
26379,103,SWEAR_WORDS,bitch
26380,103,SWEAR_WORDS,twat
26381,103,SWEAR_WORDS,ass
26382,103,SWEAR_WORDS,asshole
26383,103,SWEAR_WORDS,faggot
26384,103,SWEAR_WORDS,dipshit
26385,103,SWEAR_WORDS,dumbfuck
26386,103,SWEAR_WORDS,dumbass
26387,103,SWEAR_WORDS,shithead
26388,103,SWEAR_WORDS,retard
26389,103,SWEAR_WORDS,hell
26390,104,SWEAR_WORDS,Fuck
26391,104,SWEAR_WORDS,cunt
26392,104,SWEAR_WORDS,pussy
26393,104,SWEAR_WORDS,bitch
26394,104,SWEAR_WORDS,ass
26395,104,SWEAR_WORDS,retard
26396,104,SWEAR_WORDS,dumbass
26397,104,SWEAR_WORDS,whore
26398,104,SWEAR_WORDS,slut
26399,104,SWEAR_WORDS,dick
26400,104,SWEAR_WORDS,hell
26401,105,SWEAR_WORDS,Damn
26402,105,SWEAR_WORDS,shit
26403,105,SWEAR_WORDS,fuck
26404,105,SWEAR_WORDS,bitch
26405,105,SWEAR_WORDS,cunt
26406,105,SWEAR_WORDS,treesh
26407,105,SWEAR_WORDS,motherfucker
26408,105,SWEAR_WORDS,suck my dick
26409,105,SWEAR_WORDS,nigger
26410,105,SWEAR_WORDS,dammit
26411,106,SWEAR_WORDS,Ass
26412,106,SWEAR_WORDS,fuck
26413,106,SWEAR_WORDS,cunt
26414,106,SWEAR_WORDS,motherfucker
26415,106,SWEAR_WORDS,asshole
26416,106,SWEAR_WORDS,bitch
26417,106,SWEAR_WORDS,bitch-ass
26418,106,SWEAR_WORDS,hoe
26419,106,SWEAR_WORDS,fucker
26420,106,SWEAR_WORDS,fucked
26421,106,SWEAR_WORDS,asshat
26422,106,SWEAR_WORDS,twatapotamous
26423,106,SWEAR_WORDS,cunt-asaurous
26424,106,SWEAR_WORDS,fuck you bitch
26425,106,SWEAR_WORDS,bitch-ass hoe
26426,106,SWEAR_WORDS,fuck off
26427,107,SWEAR_WORDS,Fuck
26428,107,SWEAR_WORDS,shit
26429,107,SWEAR_WORDS,bitch
26430,107,SWEAR_WORDS,hell
26431,107,SWEAR_WORDS,damn
26432,107,SWEAR_WORDS,shut up
26433,107,SWEAR_WORDS,whore
26434,107,SWEAR_WORDS,hoe
26435,107,SWEAR_WORDS,slut
26436,107,SWEAR_WORDS,faggot
26437,108,SWEAR_WORDS,Fuck
26438,108,SWEAR_WORDS,shit
26439,108,SWEAR_WORDS,bitch
26440,108,SWEAR_WORDS,asshole
26441,108,SWEAR_WORDS,cunt
26442,108,SWEAR_WORDS,ugly
26443,108,SWEAR_WORDS,stupid
26444,108,SWEAR_WORDS,loser
26445,109,SWEAR_WORDS,Shit
26446,109,SWEAR_WORDS,cunt
26447,109,SWEAR_WORDS,fuck
26448,109,SWEAR_WORDS,ass
26449,109,SWEAR_WORDS,asshole
26450,109,SWEAR_WORDS,fuckface
26451,109,SWEAR_WORDS,whore
26452,109,SWEAR_WORDS,slut
26453,109,SWEAR_WORDS,fucker
26454,109,SWEAR_WORDS,crap
26455,109,SWEAR_WORDS,cousin fucker
26456,109,SWEAR_WORDS,shitkicker
26457,109,SWEAR_WORDS,bitch
26458,109,SWEAR_WORDS,hoe
26459,109,SWEAR_WORDS,thot
26460,110,SWEAR_WORDS,Shit
26461,110,SWEAR_WORDS,crap
26462,110,SWEAR_WORDS,bitch
26463,110,SWEAR_WORDS,ass
26464,110,SWEAR_WORDS,douche
26465,110,SWEAR_WORDS,douche-bag
26466,110,SWEAR_WORDS,asshole
26467,110,SWEAR_WORDS,son-of-a-bitch
26468,110,SWEAR_WORDS,fuck
26469,110,SWEAR_WORDS,cunt
26470,110,SWEAR_WORDS,dick
26471,110,SWEAR_WORDS,pussy
26472,110,SWEAR_WORDS,puta
26473,111,SWEAR_WORDS,Fuck
26474,111,SWEAR_WORDS,bitch
26475,111,SWEAR_WORDS,shit
26476,111,SWEAR_WORDS,asshole
26477,111,SWEAR_WORDS,bullshit
26478,111,SWEAR_WORDS,motherfucker
26479,111,SWEAR_WORDS,damn
26480,112,SWEAR_WORDS,Faggot
26481,112,SWEAR_WORDS,fuck
26482,112,SWEAR_WORDS,shit
26483,112,SWEAR_WORDS,crap
26484,113,SWEAR_WORDS,Fuck
26485,113,SWEAR_WORDS,shit
26486,113,SWEAR_WORDS,bitch
26487,113,SWEAR_WORDS,nigger
26488,113,SWEAR_WORDS,cunt
26489,113,SWEAR_WORDS,whore
26490,113,SWEAR_WORDS,slut
26491,113,SWEAR_WORDS,douchebag
26492,113,SWEAR_WORDS,bitch
26493,113,SWEAR_WORDS,asshole
26494,113,SWEAR_WORDS,dick
26495,113,SWEAR_WORDS,dickhead
26496,113,SWEAR_WORDS,nigga
26497,113,SWEAR_WORDS,fuckboy
26498,114,SWEAR_WORDS,Damn
26499,114,SWEAR_WORDS,hell
26500,114,SWEAR_WORDS,ass
26501,114,SWEAR_WORDS,bitch
26502,114,SWEAR_WORDS,fuck
26503,114,SWEAR_WORDS,shit
26504,114,SWEAR_WORDS,asshole
26505,114,SWEAR_WORDS,motherfucker
26506,114,SWEAR_WORDS,jackass
26507,115,SWEAR_WORDS,Fuck
26508,115,SWEAR_WORDS,shit
26509,115,SWEAR_WORDS,bitch
26510,115,SWEAR_WORDS,dick
26511,115,SWEAR_WORDS,cunt
26512,115,SWEAR_WORDS,slut
26513,115,SWEAR_WORDS,whore
26514,115,SWEAR_WORDS,fag
26515,115,SWEAR_WORDS,motherfucker
26516,115,SWEAR_WORDS,dumbass
26517,115,SWEAR_WORDS,retard
26518,116,SWEAR_WORDS,Shit
26519,116,SWEAR_WORDS,fuck
26520,116,SWEAR_WORDS,ass
26521,116,SWEAR_WORDS,bitch
26522,116,SWEAR_WORDS,cunt
26523,116,SWEAR_WORDS,crap
26524,116,SWEAR_WORDS,dick
26525,116,SWEAR_WORDS,pussy
26526,116,SWEAR_WORDS,cock
26527,116,SWEAR_WORDS,hoe
26528,116,SWEAR_WORDS,shitting
26529,117,SWEAR_WORDS,Fuck
26530,117,SWEAR_WORDS,shit
26531,117,SWEAR_WORDS,bitch
26532,117,SWEAR_WORDS,stupid
26533,117,SWEAR_WORDS,cunt
26534,117,SWEAR_WORDS,ass
26535,117,SWEAR_WORDS,son of a bitch
26536,117,SWEAR_WORDS,shut the fuck up
26537,117,SWEAR_WORDS,hoe
26538,117,SWEAR_WORDS,bastard
26539,117,SWEAR_WORDS,fuck you
26540,117,SWEAR_WORDS,asshole
26541,117,SWEAR_WORDS,motherfucker
26542,117,SWEAR_WORDS,bloody hell
26543,117,SWEAR_WORDS,fuck you
26544,118,SWEAR_WORDS,Fuck
26545,118,SWEAR_WORDS,bitch
26546,118,SWEAR_WORDS,motherfucker
26547,118,SWEAR_WORDS,thot
26548,118,SWEAR_WORDS,fatass
26549,118,SWEAR_WORDS,hoe
26550,118,SWEAR_WORDS,whore
26551,118,SWEAR_WORDS,nigg*r
26552,118,SWEAR_WORDS,cunt
26553,118,SWEAR_WORDS,spic
26554,118,SWEAR_WORDS,dick
26555,118,SWEAR_WORDS,pussy
26556,118,SWEAR_WORDS,dumb bitch
26557,118,SWEAR_WORDS,stupid ass
26558,118,SWEAR_WORDS,ass
26559,118,SWEAR_WORDS,cock
26560,118,SWEAR_WORDS,wanker
26561,119,SWEAR_WORDS,Shit
26562,119,SWEAR_WORDS,bitch
26563,119,SWEAR_WORDS,fuck
26564,119,SWEAR_WORDS,ass
26565,119,SWEAR_WORDS,damn
26566,119,SWEAR_WORDS,N-word
26567,119,SWEAR_WORDS,asshole
26568,119,SWEAR_WORDS,dick
26569,119,SWEAR_WORDS,C-word
26570,120,SWEAR_WORDS,Fuck
26571,120,SWEAR_WORDS,shit
26572,120,SWEAR_WORDS,bitch
26573,120,SWEAR_WORDS,cunt
26574,120,SWEAR_WORDS,asshole
26575,120,SWEAR_WORDS,asswipe
26576,120,SWEAR_WORDS,whore
26577,121,SWEAR_WORDS,Shit
26578,121,SWEAR_WORDS,fuck
26579,121,SWEAR_WORDS,bitch
26580,121,SWEAR_WORDS,hoe
26581,121,SWEAR_WORDS,whore
26582,121,SWEAR_WORDS,fuckboy
26583,121,SWEAR_WORDS,treech
26584,121,SWEAR_WORDS,slut
26585,121,SWEAR_WORDS,nigger
26586,121,SWEAR_WORDS,white trash
26587,121,SWEAR_WORDS,mothafucker
26588,121,SWEAR_WORDS,asshole
26589,121,SWEAR_WORDS,bastard
26590,121,SWEAR_WORDS,dumbass
26591,121,SWEAR_WORDS,stupidass
26592,121,SWEAR_WORDS,damn
26593,121,SWEAR_WORDS,hell
26594,121,SWEAR_WORDS,gotdamn
26595,122,SWEAR_WORDS,Fuck
26596,122,SWEAR_WORDS,shit
26597,122,SWEAR_WORDS,damn
26598,122,SWEAR_WORDS,hell
26599,122,SWEAR_WORDS,cunt
26600,122,SWEAR_WORDS,asshole
26601,122,SWEAR_WORDS,bitch
26602,122,SWEAR_WORDS,dumbass
26603,123,SWEAR_WORDS,Shit
26604,123,SWEAR_WORDS,fuck
26605,123,SWEAR_WORDS,cunt
26606,123,SWEAR_WORDS,motherfucker
26607,123,SWEAR_WORDS,bitch
26608,123,SWEAR_WORDS,ass
26609,123,SWEAR_WORDS,asswhipe
26610,123,SWEAR_WORDS,whore
26611,123,SWEAR_WORDS,slut
26612,123,SWEAR_WORDS,nigger
26613,123,SWEAR_WORDS,kike
26614,123,SWEAR_WORDS,craker
26615,123,SWEAR_WORDS,moron
26616,123,SWEAR_WORDS,idiot
26617,123,SWEAR_WORDS,retarded
26618,123,SWEAR_WORDS,asshole
26619,123,SWEAR_WORDS,lowlife
26620,123,SWEAR_WORDS,dirtbag
26621,123,SWEAR_WORDS,son of a bitch
26622,123,SWEAR_WORDS,faggot
26623,123,SWEAR_WORDS,dike
26624,123,SWEAR_WORDS,biggot
26625,123,SWEAR_WORDS,dick
26626,123,SWEAR_WORDS,pussy
26627,124,SWEAR_WORDS,Fuck
26628,124,SWEAR_WORDS,shit
26629,124,SWEAR_WORDS,bitch
26630,124,SWEAR_WORDS,ass
26631,124,SWEAR_WORDS,dick
26632,124,SWEAR_WORDS,pussy
26633,124,SWEAR_WORDS,cunt
26634,125,SWEAR_WORDS,Dick
26635,125,SWEAR_WORDS,douchebag
26636,125,SWEAR_WORDS,fuck
26637,125,SWEAR_WORDS,fucking
26638,125,SWEAR_WORDS,asshole
26639,125,SWEAR_WORDS,cunt
26640,125,SWEAR_WORDS,damn
26641,125,SWEAR_WORDS,dammit
26642,125,SWEAR_WORDS,whore
26643,125,SWEAR_WORDS,hoebag
26644,125,SWEAR_WORDS,slut
26645,125,SWEAR_WORDS,shit
26646,125,SWEAR_WORDS,pussy
26647,125,SWEAR_WORDS,bitch
26648,125,SWEAR_WORDS,ass
26649,126,SWEAR_WORDS,Fuck
26650,126,SWEAR_WORDS,shit
26651,126,SWEAR_WORDS,bitch
26652,126,SWEAR_WORDS,ass
26653,126,SWEAR_WORDS,asshole
26654,126,SWEAR_WORDS,cunt
26655,127,SWEAR_WORDS,Ass
26656,127,SWEAR_WORDS,asshole
26657,127,SWEAR_WORDS,bitch
26658,127,SWEAR_WORDS,cunt
26659,127,SWEAR_WORDS,cock
26660,127,SWEAR_WORDS,dick
26661,127,SWEAR_WORDS,shit
26662,127,SWEAR_WORDS,fuck
26663,127,SWEAR_WORDS,motherfucker
26664,127,SWEAR_WORDS,coÃ±o
26665,127,SWEAR_WORDS,carajo
26666,127,SWEAR_WORDS,dickhead
26667,127,SWEAR_WORDS,fucking
26668,127,SWEAR_WORDS,son of a bitch
26669,128,SWEAR_WORDS,Fuck
26670,128,SWEAR_WORDS,shit
26671,128,SWEAR_WORDS,bitch
26672,128,SWEAR_WORDS,ass
26673,128,SWEAR_WORDS,asshole
26674,129,SWEAR_WORDS,Shit
26675,129,SWEAR_WORDS,fuck
26676,129,SWEAR_WORDS,ass
26677,129,SWEAR_WORDS,damn
26678,129,SWEAR_WORDS,cunt
26679,129,SWEAR_WORDS,crap
26680,129,SWEAR_WORDS,piss
26681,129,SWEAR_WORDS,pissed
26682,129,SWEAR_WORDS,dick
26683,130,SWEAR_WORDS,Fuck
26684,130,SWEAR_WORDS,shit
26685,130,SWEAR_WORDS,bitch
26686,130,SWEAR_WORDS,ass
26687,130,SWEAR_WORDS,cunt
26688,130,SWEAR_WORDS,dick
26689,130,SWEAR_WORDS,whore
26690,130,SWEAR_WORDS,dirtbag
26691,130,SWEAR_WORDS,motherfucker
26692,130,SWEAR_WORDS,asswipe
26693,130,SWEAR_WORDS,faggot
26694,130,SWEAR_WORDS,slut
26695,130,SWEAR_WORDS,damn
26696,130,SWEAR_WORDS,shitface
26697,130,SWEAR_WORDS,pussy
26698,131,SWEAR_WORDS,Damn
26699,131,SWEAR_WORDS,crap
26700,131,SWEAR_WORDS,fuck
26701,131,SWEAR_WORDS,shit
26702,131,SWEAR_WORDS,slut
26703,131,SWEAR_WORDS,whore
26704,131,SWEAR_WORDS,ass
26705,131,SWEAR_WORDS,asshole
26706,131,SWEAR_WORDS,bitch
26707,131,SWEAR_WORDS,cunt
26708,131,SWEAR_WORDS,dick
26709,131,SWEAR_WORDS,jackass
26710,132,SWEAR_WORDS,Fuck
26711,132,SWEAR_WORDS,shit
26712,132,SWEAR_WORDS,bitch
26713,132,SWEAR_WORDS,dick
26714,132,SWEAR_WORDS,pussy
26715,132,SWEAR_WORDS,ass
26716,132,SWEAR_WORDS,asshole
26717,132,SWEAR_WORDS,cunt
26718,132,SWEAR_WORDS,douche
26719,132,SWEAR_WORDS,idiot
26720,132,SWEAR_WORDS,retard
26721,132,SWEAR_WORDS,moron
26722,133,SWEAR_WORDS,Shit
26723,133,SWEAR_WORDS,fuck
26724,133,SWEAR_WORDS,bullshit
26725,133,SWEAR_WORDS,bitch
26726,133,SWEAR_WORDS,MF
26727,133,SWEAR_WORDS,nigga
26728,133,SWEAR_WORDS,hoe
26729,133,SWEAR_WORDS,ratchet
26730,134,SWEAR_WORDS,Fuck
26731,134,SWEAR_WORDS,dammit
26732,134,SWEAR_WORDS,cunt
26733,134,SWEAR_WORDS,cocksocker
26734,134,SWEAR_WORDS,faggot
26735,134,SWEAR_WORDS,dyke
26736,134,SWEAR_WORDS,bitch
26737,134,SWEAR_WORDS,idiot
26738,134,SWEAR_WORDS,stupid
26739,134,SWEAR_WORDS,dumbass
26740,135,SWEAR_WORDS,Fuck
26741,135,SWEAR_WORDS,bitch
26742,135,SWEAR_WORDS,ass
26743,135,SWEAR_WORDS,asshole
26744,135,SWEAR_WORDS,queer
26745,135,SWEAR_WORDS,fag
26746,135,SWEAR_WORDS,faffot
26747,135,SWEAR_WORDS,cumslut
26748,135,SWEAR_WORDS,doche
26749,135,SWEAR_WORDS,douchebag
26750,135,SWEAR_WORDS,titsucker
26751,135,SWEAR_WORDS,carpetmuncher
26752,135,SWEAR_WORDS,fucker
26753,135,SWEAR_WORDS,motherfuck
26754,135,SWEAR_WORDS,dike
26755,135,SWEAR_WORDS,slut
26756,135,SWEAR_WORDS,whore
26757,135,SWEAR_WORDS,asswipe
26758,136,SWEAR_WORDS,Shit
26759,136,SWEAR_WORDS,fuck
26760,136,SWEAR_WORDS,hell
26761,136,SWEAR_WORDS,ass
26762,136,SWEAR_WORDS,dick
26763,136,SWEAR_WORDS,douche
26764,136,SWEAR_WORDS,whore
26765,136,SWEAR_WORDS,cunt
26766,136,SWEAR_WORDS,slut
26767,136,SWEAR_WORDS,shoot
26768,136,SWEAR_WORDS,damn
26769,137,SWEAR_WORDS,Fuck
26770,137,SWEAR_WORDS,cunt
26771,137,SWEAR_WORDS,bitch
26772,137,SWEAR_WORDS,whore
26773,137,SWEAR_WORDS,whoremonger
26774,137,SWEAR_WORDS,piece of shit
26775,137,SWEAR_WORDS,shit
26776,137,SWEAR_WORDS,ass
26777,137,SWEAR_WORDS,pussy
26778,137,SWEAR_WORDS,dick
26779,138,SWEAR_WORDS,Fuck
26780,138,SWEAR_WORDS,ass
26781,138,SWEAR_WORDS,shit
26782,138,SWEAR_WORDS,bitch
26783,138,SWEAR_WORDS,asshole
26784,138,SWEAR_WORDS,douche
26785,138,SWEAR_WORDS,douchebag
26786,138,SWEAR_WORDS,twat
26787,138,SWEAR_WORDS,pussy
26788,138,SWEAR_WORDS,fucktard
26789,139,SWEAR_WORDS,Fuck
26790,139,SWEAR_WORDS,asshole
26791,139,SWEAR_WORDS,shit
26792,139,SWEAR_WORDS,motherfucker
26793,139,SWEAR_WORDS,shithead
26794,139,SWEAR_WORDS,fuckface
26795,139,SWEAR_WORDS,retard
26796,139,SWEAR_WORDS,dumbass
26797,140,SWEAR_WORDS,Fuck
26798,140,SWEAR_WORDS,shit
26799,140,SWEAR_WORDS,cunt
26800,140,SWEAR_WORDS,puta madre
26801,140,SWEAR_WORDS,whore
26802,140,SWEAR_WORDS,damn
26803,140,SWEAR_WORDS,dick
26804,140,SWEAR_WORDS,shitface
26805,140,SWEAR_WORDS,pussy
26806,140,SWEAR_WORDS,nigger
26807,140,SWEAR_WORDS,nut
26808,140,SWEAR_WORDS,bitch
26809,140,SWEAR_WORDS,fatass
26810,140,SWEAR_WORDS,ass
26811,140,SWEAR_WORDS,asshole
26812,141,SWEAR_WORDS,Fuck
26813,141,SWEAR_WORDS,shit
26814,141,SWEAR_WORDS,cunt
26815,141,SWEAR_WORDS,motherfucker
26816,141,SWEAR_WORDS,asshole
26817,141,SWEAR_WORDS,bitch
26818,142,SWEAR_WORDS,Fuck
26819,142,SWEAR_WORDS,shit
26820,142,SWEAR_WORDS,cunt
26821,142,SWEAR_WORDS,bitch
26822,142,SWEAR_WORDS,crap
26823,142,SWEAR_WORDS,damn
26824,142,SWEAR_WORDS,cocksucker
26825,142,SWEAR_WORDS,faggot
26826,142,SWEAR_WORDS,kike
26827,142,SWEAR_WORDS,n*gger
26828,142,SWEAR_WORDS,ass
26829,142,SWEAR_WORDS,asshole
26830,142,SWEAR_WORDS,tits
26831,142,SWEAR_WORDS,pussy
26832,142,SWEAR_WORDS,dick
26833,142,SWEAR_WORDS,cock
26834,142,SWEAR_WORDS,shithead
26835,142,SWEAR_WORDS,fucker
26836,143,SWEAR_WORDS,Shit
26837,143,SWEAR_WORDS,damn
26838,143,SWEAR_WORDS,mother fucker
26839,143,SWEAR_WORDS,shit fucker
26840,143,SWEAR_WORDS,god dam
26841,143,SWEAR_WORDS,god dammit
26842,143,SWEAR_WORDS,fuck
26843,143,SWEAR_WORDS,fuck you
26844,143,SWEAR_WORDS,assfuck
26845,143,SWEAR_WORDS,fuckface
26846,143,SWEAR_WORDS,asshole
26847,143,SWEAR_WORDS,douchebag
26848,143,SWEAR_WORDS,shit faced
26849,143,SWEAR_WORDS,shit storm
26850,143,SWEAR_WORDS,fuck off
26851,143,SWEAR_WORDS,ass
26852,143,SWEAR_WORDS,cunt
26853,143,SWEAR_WORDS,douche fuck
26854,144,SWEAR_WORDS,Fuck
26855,144,SWEAR_WORDS,asshole
26856,144,SWEAR_WORDS,cunt
26857,144,SWEAR_WORDS,bitch
26858,144,SWEAR_WORDS,whore
26859,144,SWEAR_WORDS,dumbass
26860,144,SWEAR_WORDS,hoe
26861,145,SWEAR_WORDS,Asshole
26862,145,SWEAR_WORDS,bitch
26863,145,SWEAR_WORDS,fucker
26864,145,SWEAR_WORDS,hell
26865,145,SWEAR_WORDS,shit
26866,145,SWEAR_WORDS,dumbass
26867,145,SWEAR_WORDS,whore
26868,145,SWEAR_WORDS,fuckery
26869,145,SWEAR_WORDS,jerk
26870,145,SWEAR_WORDS,motherfucker
26871,146,SWEAR_WORDS,Fuck
26872,146,SWEAR_WORDS,shit
26873,146,SWEAR_WORDS,cunt
26874,146,SWEAR_WORDS,slut
26875,146,SWEAR_WORDS,whore
26876,146,SWEAR_WORDS,bitch
26877,146,SWEAR_WORDS,turd
26878,146,SWEAR_WORDS,herb
26879,146,SWEAR_WORDS,loser
26880,146,SWEAR_WORDS,damn
26881,146,SWEAR_WORDS,god-damn
26882,146,SWEAR_WORDS,weenie
26883,146,SWEAR_WORDS,dick
26884,146,SWEAR_WORDS,swine
26885,146,SWEAR_WORDS,mother-fucker
26886,146,SWEAR_WORDS,piece-of shit
26887,147,SWEAR_WORDS,Fuck
26888,147,SWEAR_WORDS,cunt
26889,147,SWEAR_WORDS,bitch
26890,147,SWEAR_WORDS,faggot
26891,147,SWEAR_WORDS,slut
26892,147,SWEAR_WORDS,whore
26893,147,SWEAR_WORDS,twat
26894,147,SWEAR_WORDS,motherfucker
26895,147,SWEAR_WORDS,asshole
26896,147,SWEAR_WORDS,prick
26897,148,SWEAR_WORDS,Fuck
26898,148,SWEAR_WORDS,shit
26899,148,SWEAR_WORDS,bitch
26900,148,SWEAR_WORDS,cock
26901,148,SWEAR_WORDS,dick
26902,148,SWEAR_WORDS,crap
26903,148,SWEAR_WORDS,pussy
26904,148,SWEAR_WORDS,damn
26905,148,SWEAR_WORDS,ass
26906,148,SWEAR_WORDS,asshole
26907,148,SWEAR_WORDS,twat
26908,148,SWEAR_WORDS,dammit
26909,149,SWEAR_WORDS,Fuck
26910,149,SWEAR_WORDS,shit
26911,149,SWEAR_WORDS,bitch
26912,149,SWEAR_WORDS,cunt
26913,149,SWEAR_WORDS,pussy
26914,149,SWEAR_WORDS,dick
26915,149,SWEAR_WORDS,asshole
26916,149,SWEAR_WORDS,fucker
26917,149,SWEAR_WORDS,retard
26918,149,SWEAR_WORDS,nigga
26919,149,SWEAR_WORDS,dickwad
26920,149,SWEAR_WORDS,assmuncher
26921,150,SWEAR_WORDS,Fuck
26922,150,SWEAR_WORDS,cunt
26923,150,SWEAR_WORDS,shit
26924,150,SWEAR_WORDS,asshole
26925,150,SWEAR_WORDS,arsehole
26926,150,SWEAR_WORDS,hell
26927,150,SWEAR_WORDS,damn
26928,150,SWEAR_WORDS,bitch
26929,150,SWEAR_WORDS,motherfucker
26930,150,SWEAR_WORDS,cum dumpster
26931,150,SWEAR_WORDS,dick sucker
26932,150,SWEAR_WORDS,hoe
26933,150,SWEAR_WORDS,whore
26934,150,SWEAR_WORDS,wanker
26935,150,SWEAR_WORDS,fuck face
26936,150,SWEAR_WORDS,fucker
26937,150,SWEAR_WORDS,shit-on-a-stick
26938,150,SWEAR_WORDS,fuck-a-doodle-doo
26939,150,SWEAR_WORDS,fuckity fuck fuck
26940,150,SWEAR_WORDS,ball tickler
26941,150,SWEAR_WORDS,for fucks sake
26942,151,SWEAR_WORDS,Hoe
26943,151,SWEAR_WORDS,fuck
26944,151,SWEAR_WORDS,shit
26945,151,SWEAR_WORDS,bitch
26946,151,SWEAR_WORDS,cunt
26947,151,SWEAR_WORDS,nigger
26948,151,SWEAR_WORDS,douchebag
26949,151,SWEAR_WORDS,retard
26950,151,SWEAR_WORDS,slut
26951,151,SWEAR_WORDS,ass
26952,151,SWEAR_WORDS,tit
26953,151,SWEAR_WORDS,dick
26954,151,SWEAR_WORDS,scumbag
26955,151,SWEAR_WORDS,asshole
26956,152,SWEAR_WORDS,Hell
26957,152,SWEAR_WORDS,damn
26958,152,SWEAR_WORDS,ass
26959,152,SWEAR_WORDS,bitch
26960,152,SWEAR_WORDS,cunt
26961,152,SWEAR_WORDS,alut
26962,152,SWEAR_WORDS,whore
26963,152,SWEAR_WORDS,shit
26964,152,SWEAR_WORDS,suck
26965,152,SWEAR_WORDS,nigga/er
26966,152,SWEAR_WORDS,nazi
26967,152,SWEAR_WORDS,chink
26968,153,SWEAR_WORDS,Fuck
26969,153,SWEAR_WORDS,bullshyit
26970,153,SWEAR_WORDS,ass
26971,153,SWEAR_WORDS,shit
26972,153,SWEAR_WORDS,pussy
26973,153,SWEAR_WORDS,dick
26974,153,SWEAR_WORDS,cock
26975,153,SWEAR_WORDS,faggot
26976,153,SWEAR_WORDS,homo
26977,154,SWEAR_WORDS,Fuck
26978,154,SWEAR_WORDS,shit
26979,154,SWEAR_WORDS,bitch
26980,154,SWEAR_WORDS,ass
26981,154,SWEAR_WORDS,cunt
26982,154,SWEAR_WORDS,slut
26983,154,SWEAR_WORDS,whore
26984,154,SWEAR_WORDS,damn
26985,154,SWEAR_WORDS,pussy
26986,155,SWEAR_WORDS,Fuck
26987,155,SWEAR_WORDS,shit
26988,155,SWEAR_WORDS,bitch
26989,155,SWEAR_WORDS,asshole
26990,155,SWEAR_WORDS,bastard
26991,155,SWEAR_WORDS,bullshit
26992,155,SWEAR_WORDS,whore
26993,155,SWEAR_WORDS,slut
26994,155,SWEAR_WORDS,shithead
26995,155,SWEAR_WORDS,motherfucker
26996,155,SWEAR_WORDS,crackhead
26997,155,SWEAR_WORDS,fucker
26998,155,SWEAR_WORDS,dickhead
26999,155,SWEAR_WORDS,fuckface
27000,156,SWEAR_WORDS,Bitch
27001,156,SWEAR_WORDS,cunt
27002,156,SWEAR_WORDS,stupid
27003,156,SWEAR_WORDS,idiot
27004,156,SWEAR_WORDS,fag
27005,156,SWEAR_WORDS,shut up
27006,156,SWEAR_WORDS,asshole
27007,156,SWEAR_WORDS,dick
27008,156,SWEAR_WORDS,prick
27009,156,SWEAR_WORDS,fuck
27010,156,SWEAR_WORDS,shit
27011,157,SWEAR_WORDS,Fuck
27012,157,SWEAR_WORDS,shit
27013,157,SWEAR_WORDS,bitch
27014,157,SWEAR_WORDS,ass
27015,157,SWEAR_WORDS,whore
27016,157,SWEAR_WORDS,cunt
27017,157,SWEAR_WORDS,stupid
27018,157,SWEAR_WORDS,idiot
27019,157,SWEAR_WORDS,asshole
27020,157,SWEAR_WORDS,skank
27021,158,SWEAR_WORDS,Fuck
27022,158,SWEAR_WORDS,shit
27023,158,SWEAR_WORDS,annus
27024,158,SWEAR_WORDS,asshole
27025,158,SWEAR_WORDS,dirty peacock
27026,158,SWEAR_WORDS,cock
27027,158,SWEAR_WORDS,cock sucker
27028,158,SWEAR_WORDS,annal sphincter
27029,158,SWEAR_WORDS,rectum
27030,158,SWEAR_WORDS,cheat
27031,158,SWEAR_WORDS,iddiot
27032,158,SWEAR_WORDS,bastard
27033,158,SWEAR_WORDS,moose cock
27034,158,SWEAR_WORDS,crap
27035,158,SWEAR_WORDS,pussy
27036,158,SWEAR_WORDS,orfice
27037,158,SWEAR_WORDS,piece of shit
27038,158,SWEAR_WORDS,bat brained
27039,158,SWEAR_WORDS,ass whipe
27040,158,SWEAR_WORDS,dumb ass
27041,158,SWEAR_WORDS,bitch
27042,158,SWEAR_WORDS,fucker
27043,158,SWEAR_WORDS,fucking asswipe
27044,158,SWEAR_WORDS,dusch swab
27045,158,SWEAR_WORDS,cunt
27046,159,SWEAR_WORDS,Shit
27047,159,SWEAR_WORDS,fuck
27048,159,SWEAR_WORDS,damn
27049,159,SWEAR_WORDS,damnit
27050,159,SWEAR_WORDS,ass
27051,159,SWEAR_WORDS,bullshit
27052,159,SWEAR_WORDS,asshole
27053,159,SWEAR_WORDS,motherfucker
27054,159,SWEAR_WORDS,bitch
27055,159,SWEAR_WORDS,bitchass
27056,159,SWEAR_WORDS,fucker
27057,159,SWEAR_WORDS,deadass
27058,159,SWEAR_WORDS,fucking
27059,159,SWEAR_WORDS,son of a bitch
27060,160,SWEAR_WORDS,Fuck
27061,160,SWEAR_WORDS,shit
27062,160,SWEAR_WORDS,bitch
27063,160,SWEAR_WORDS,pussy
27064,160,SWEAR_WORDS,dick
27065,160,SWEAR_WORDS,asshole
27066,160,SWEAR_WORDS,cunt
27067,160,SWEAR_WORDS,faggot
27068,160,SWEAR_WORDS,whore
27069,160,SWEAR_WORDS,loser
27070,160,SWEAR_WORDS,scumbag
27071,160,SWEAR_WORDS,dam
27072,160,SWEAR_WORDS,retard
27073,160,SWEAR_WORDS,dumbass
27074,161,SWEAR_WORDS,Fuck
27075,161,SWEAR_WORDS,shit
27076,161,SWEAR_WORDS,bitch
27077,161,SWEAR_WORDS,shut up
27078,161,SWEAR_WORDS,slut
27079,161,SWEAR_WORDS,whore
27080,161,SWEAR_WORDS,asshole
27081,161,SWEAR_WORDS,motherfucker
27082,161,SWEAR_WORDS,son of a bitch
27083,161,SWEAR_WORDS,faggot
27084,161,SWEAR_WORDS,quier
27085,161,SWEAR_WORDS,homo
27086,161,SWEAR_WORDS,fuck you
27087,161,SWEAR_WORDS,ass
27088,161,SWEAR_WORDS,shut the fuck up
27089,162,SWEAR_WORDS,Fuck
27090,162,SWEAR_WORDS,bitch
27091,162,SWEAR_WORDS,cunt
27092,162,SWEAR_WORDS,asshole
27093,162,SWEAR_WORDS,shithead
27094,162,SWEAR_WORDS,dickhead
27095,162,SWEAR_WORDS,motherfucker
27096,162,SWEAR_WORDS,dick
27097,163,SWEAR_WORDS,Fuck
27098,163,SWEAR_WORDS,ass
27099,163,SWEAR_WORDS,shit
27100,163,SWEAR_WORDS,cock
27101,163,SWEAR_WORDS,pussy
27102,163,SWEAR_WORDS,cunt
27103,163,SWEAR_WORDS,damn
27104,163,SWEAR_WORDS,hell
27105,163,SWEAR_WORDS,fudge
27106,163,SWEAR_WORDS,crap
27107,163,SWEAR_WORDS,balls
27108,163,SWEAR_WORDS,tits
27109,163,SWEAR_WORDS,nigga
27110,163,SWEAR_WORDS,spic
27111,163,SWEAR_WORDS,honky
27112,163,SWEAR_WORDS,fag
27113,164,SWEAR_WORDS,Fuck
27114,164,SWEAR_WORDS,shit
27115,164,SWEAR_WORDS,bitch
27116,164,SWEAR_WORDS,cunt
27117,164,SWEAR_WORDS,cock
27118,164,SWEAR_WORDS,asshole
27119,164,SWEAR_WORDS,dick
27120,164,SWEAR_WORDS,pussy
27121,164,SWEAR_WORDS,retard
27122,164,SWEAR_WORDS,ass
27123,164,SWEAR_WORDS,faggot
27124,164,SWEAR_WORDS,dyke
27125,164,SWEAR_WORDS,slut
27126,164,SWEAR_WORDS,whore
27127,165,SWEAR_WORDS,Fuck
27128,165,SWEAR_WORDS,bitch
27129,165,SWEAR_WORDS,bastard
27130,165,SWEAR_WORDS,what the fuck
27131,165,SWEAR_WORDS,asshole
27132,165,SWEAR_WORDS,fuck you
27133,166,SWEAR_WORDS,Fuck
27134,166,SWEAR_WORDS,bitch
27135,166,SWEAR_WORDS,shit
27136,166,SWEAR_WORDS,damn
27137,166,SWEAR_WORDS,doggamn
27138,166,SWEAR_WORDS,cunt
27139,166,SWEAR_WORDS,ass
27140,166,SWEAR_WORDS,fag
27141,166,SWEAR_WORDS,spic
27142,166,SWEAR_WORDS,hell
27143,166,SWEAR_WORDS,bastard
27144,166,SWEAR_WORDS,nigger
27145,167,SWEAR_WORDS,Fuck
27146,167,SWEAR_WORDS,shit
27147,167,SWEAR_WORDS,bitch
27148,167,SWEAR_WORDS,cunt
27149,167,SWEAR_WORDS,whore
27150,167,SWEAR_WORDS,dike
27151,167,SWEAR_WORDS,hell
27152,167,SWEAR_WORDS,dick
27153,168,SWEAR_WORDS,Fuck
27154,168,SWEAR_WORDS,shit
27155,168,SWEAR_WORDS,shitface
27156,168,SWEAR_WORDS,mother fucker
27157,168,SWEAR_WORDS,bastard
27158,168,SWEAR_WORDS,asshole
27159,168,SWEAR_WORDS,nigger
27160,168,SWEAR_WORDS,ass
27161,168,SWEAR_WORDS,damn
27162,169,SWEAR_WORDS,Damn
27163,169,SWEAR_WORDS,hell
27164,169,SWEAR_WORDS,fuck
27165,169,SWEAR_WORDS,shit
27166,169,SWEAR_WORDS,motherfucker
27167,169,SWEAR_WORDS,cunt
27168,169,SWEAR_WORDS,bitch
27169,169,SWEAR_WORDS,dumbass
27170,169,SWEAR_WORDS,ass
27171,169,SWEAR_WORDS,asshole
27172,169,SWEAR_WORDS,whore
27173,169,SWEAR_WORDS,hoe
27174,170,SWEAR_WORDS,Fuck
27175,170,SWEAR_WORDS,ass
27176,170,SWEAR_WORDS,bitch
27177,170,SWEAR_WORDS,cunt
27178,170,SWEAR_WORDS,shit.
27179,171,SWEAR_WORDS,Fuck
27180,171,SWEAR_WORDS,shit
27181,171,SWEAR_WORDS,bitch
27182,171,SWEAR_WORDS,dumbass
27183,171,SWEAR_WORDS,motherfucker
27184,171,SWEAR_WORDS,ass
27185,171,SWEAR_WORDS,asshole
27186,171,SWEAR_WORDS,pussy
27187,171,SWEAR_WORDS,cunt
27188,171,SWEAR_WORDS,fucker
27189,171,SWEAR_WORDS,dick.
27190,172,SWEAR_WORDS,Faggot
27191,172,SWEAR_WORDS,fuck
27192,172,SWEAR_WORDS,shit
27193,172,SWEAR_WORDS,damn
27194,172,SWEAR_WORDS,bitch
27195,172,SWEAR_WORDS,bastard
27196,172,SWEAR_WORDS,mother fucker
27197,172,SWEAR_WORDS,fuck you
27198,172,SWEAR_WORDS,stupid.
27199,173,SWEAR_WORDS,Fuck
27200,173,SWEAR_WORDS,fucks
27201,173,SWEAR_WORDS,shit
27202,173,SWEAR_WORDS,shitter
27203,173,SWEAR_WORDS,whore
27204,173,SWEAR_WORDS,hoe
27205,173,SWEAR_WORDS,cunt
27206,173,SWEAR_WORDS,gay
27207,173,SWEAR_WORDS,gayer
27208,173,SWEAR_WORDS,pussy
27209,173,SWEAR_WORDS,fag
27210,173,SWEAR_WORDS,faggot
27211,173,SWEAR_WORDS,mother-fucker
27212,173,SWEAR_WORDS,homo
27213,173,SWEAR_WORDS,bitch
27214,173,SWEAR_WORDS,ass
27215,173,SWEAR_WORDS,anal
27216,173,SWEAR_WORDS,dick
27217,173,SWEAR_WORDS,nigger
27218,174,SWEAR_WORDS,Shit
27219,174,SWEAR_WORDS,fuck
27220,174,SWEAR_WORDS,damn
27221,174,SWEAR_WORDS,darn
27222,174,SWEAR_WORDS,crap
27223,174,SWEAR_WORDS,hell
27224,174,SWEAR_WORDS,holy shit
27225,174,SWEAR_WORDS,soly crap
27226,174,SWEAR_WORDS,holy fuck
27227,174,SWEAR_WORDS,bitch
27228,174,SWEAR_WORDS,asshole
27229,174,SWEAR_WORDS,fucker
27230,174,SWEAR_WORDS,mother fucker
27231,174,SWEAR_WORDS,son-of-a-bitch
27232,175,SWEAR_WORDS,Shit
27233,175,SWEAR_WORDS,bitch
27234,175,SWEAR_WORDS,fuck/fuck you
27235,175,SWEAR_WORDS,asshole
27236,175,SWEAR_WORDS,dickhead
27237,175,SWEAR_WORDS,motherfucker
27238,175,SWEAR_WORDS,whore/hoe/slut
27239,175,SWEAR_WORDS,pussy
27240,175,SWEAR_WORDS,dumbass
27241,176,SWEAR_WORDS,Bitch
27242,176,SWEAR_WORDS,fuck
27243,176,SWEAR_WORDS,shit
27244,176,SWEAR_WORDS,ass
27245,176,SWEAR_WORDS,cunt
27246,176,SWEAR_WORDS,twat
27247,176,SWEAR_WORDS,bastard
27248,177,SWEAR_WORDS,Shit
27249,177,SWEAR_WORDS,fuck
27250,177,SWEAR_WORDS,bitch
27251,177,SWEAR_WORDS,ass
27252,177,SWEAR_WORDS,damn
27253,177,SWEAR_WORDS,cunt
27254,177,SWEAR_WORDS,prick
27255,177,SWEAR_WORDS,dick
27256,177,SWEAR_WORDS,asshole
27257,178,SWEAR_WORDS,Fuck
27258,178,SWEAR_WORDS,shit
27259,178,SWEAR_WORDS,bitch
27260,178,SWEAR_WORDS,ass
27261,178,SWEAR_WORDS,hoe
27262,178,SWEAR_WORDS,whore
27263,178,SWEAR_WORDS,slut
27264,178,SWEAR_WORDS,asshole
27265,178,SWEAR_WORDS,cunt
27266,178,SWEAR_WORDS,douchebag
27267,178,SWEAR_WORDS,fuckass
27268,178,SWEAR_WORDS,bitchass
27269,178,SWEAR_WORDS,skank
27270,178,SWEAR_WORDS,sheice
27271,178,SWEAR_WORDS,shlampfe
27272,178,SWEAR_WORDS,douche
27273,178,SWEAR_WORDS,slutbag
27274,178,SWEAR_WORDS,dumbass
27275,178,SWEAR_WORDS,shithead
27276,178,SWEAR_WORDS,cuntbag
27277,179,SWEAR_WORDS,Fuck
27278,179,SWEAR_WORDS,shit
27279,179,SWEAR_WORDS,bullshit
27280,179,SWEAR_WORDS,motherfucker
27281,179,SWEAR_WORDS,asshole
27282,179,SWEAR_WORDS,ass
27283,179,SWEAR_WORDS,nigga
27284,179,SWEAR_WORDS,chink
27285,179,SWEAR_WORDS,fucktard
27286,179,SWEAR_WORDS,bitch
27287,179,SWEAR_WORDS,crap
27288,179,SWEAR_WORDS,holy shit
27289,179,SWEAR_WORDS,holy crap
27290,180,SWEAR_WORDS,Fuck
27291,180,SWEAR_WORDS,cunt
27292,180,SWEAR_WORDS,asshole
27293,180,SWEAR_WORDS,shit
27294,180,SWEAR_WORDS,fucking
27295,180,SWEAR_WORDS,piece of shit
27296,180,SWEAR_WORDS,tits
27297,180,SWEAR_WORDS,dick
27298,180,SWEAR_WORDS,bitch
27299,180,SWEAR_WORDS,slut
27300,180,SWEAR_WORDS,hoe
27301,180,SWEAR_WORDS,man hoe
27302,180,SWEAR_WORDS,idiot
27303,180,SWEAR_WORDS,dumbass
27304,180,SWEAR_WORDS,motherfucker
27305,181,SWEAR_WORDS,Fuck
27306,181,SWEAR_WORDS,sex
27307,181,SWEAR_WORDS,asshole
27308,181,SWEAR_WORDS,bitch
27309,181,SWEAR_WORDS,cunt
27310,181,SWEAR_WORDS,faggot
27311,181,SWEAR_WORDS,dirtbag
27312,181,SWEAR_WORDS,shitbag
27313,181,SWEAR_WORDS,retarded
27314,181,SWEAR_WORDS,dumbass
27315,181,SWEAR_WORDS,idiot
27316,181,SWEAR_WORDS,piece of shit
27317,182,SWEAR_WORDS,Fuck
27318,182,SWEAR_WORDS,bitch
27319,182,SWEAR_WORDS,asshole
27320,182,SWEAR_WORDS,cunt
27321,182,SWEAR_WORDS,dumbass
27322,183,SWEAR_WORDS,Asshole
27323,183,SWEAR_WORDS,fuck
27324,183,SWEAR_WORDS,shit
27325,183,SWEAR_WORDS,sunt
27326,183,SWEAR_WORDS,slut
27327,183,SWEAR_WORDS,skank
27328,183,SWEAR_WORDS,hoe
27329,183,SWEAR_WORDS,douchebag
27330,183,SWEAR_WORDS,bitch
27331,183,SWEAR_WORDS,whore
27332,184,SWEAR_WORDS,Shit
27333,184,SWEAR_WORDS,fuck
27334,184,SWEAR_WORDS,bitch
27335,184,SWEAR_WORDS,cunt
27336,185,SWEAR_WORDS,Shit
27337,185,SWEAR_WORDS,fuck
27338,185,SWEAR_WORDS,ass
27339,185,SWEAR_WORDS,fucking
27340,185,SWEAR_WORDS,dammit
27341,185,SWEAR_WORDS,shut up? (participant added ?)
27342,186,SWEAR_WORDS,Fuck
27343,186,SWEAR_WORDS,shit
27344,186,SWEAR_WORDS,bitch
27345,186,SWEAR_WORDS,ass
27346,186,SWEAR_WORDS,asshole
27347,187,SWEAR_WORDS,Fuck
27348,187,SWEAR_WORDS,shit
27349,187,SWEAR_WORDS,asshole
27350,187,SWEAR_WORDS,motherfucker
27351,187,SWEAR_WORDS,pussy
27352,188,SWEAR_WORDS,Fuck
27353,188,SWEAR_WORDS,shit
27354,188,SWEAR_WORDS,bitch
27355,188,SWEAR_WORDS,faggot
27356,188,SWEAR_WORDS,nigga
27357,189,SWEAR_WORDS,Shit
27358,189,SWEAR_WORDS,fuck
27359,189,SWEAR_WORDS,bitch
27360,189,SWEAR_WORDS,whore
27361,189,SWEAR_WORDS,slut
27362,189,SWEAR_WORDS,asshole
27363,189,SWEAR_WORDS,damn
27364,189,SWEAR_WORDS,cunt
27365,189,SWEAR_WORDS,douchebag
27366,189,SWEAR_WORDS,dick
27367,190,SWEAR_WORDS,Shit
27368,190,SWEAR_WORDS,fuck
27369,190,SWEAR_WORDS,bitch
27370,190,SWEAR_WORDS,damn
27371,190,SWEAR_WORDS,cunt
27372,190,SWEAR_WORDS,heffa
27373,191,SWEAR_WORDS,Ass
27374,191,SWEAR_WORDS,cock
27375,191,SWEAR_WORDS,cunt
27376,191,SWEAR_WORDS,damn
27377,191,SWEAR_WORDS,dick
27378,191,SWEAR_WORDS,fuck
27379,191,SWEAR_WORDS,fucking
27380,191,SWEAR_WORDS,slut
27381,191,SWEAR_WORDS,shit
27382,191,SWEAR_WORDS,shit-bag
27383,191,SWEAR_WORDS,shitty
27384,191,SWEAR_WORDS,douche
27385,191,SWEAR_WORDS,douchebag
27386,191,SWEAR_WORDS,Jesus Christ
27387,191,SWEAR_WORDS,cocksucker
27388,191,SWEAR_WORDS,asshole
27389,191,SWEAR_WORDS,skant
27390,191,SWEAR_WORDS,whore
27391,192,SWEAR_WORDS,Fuck
27392,192,SWEAR_WORDS,bitch
27393,192,SWEAR_WORDS,shit
27394,192,SWEAR_WORDS,hell
27395,192,SWEAR_WORDS,motherfucker
27396,192,SWEAR_WORDS,asshole
27397,192,SWEAR_WORDS,slut
27398,192,SWEAR_WORDS,cunt
27399,192,SWEAR_WORDS,fag
27400,193,SWEAR_WORDS,Shit
27401,193,SWEAR_WORDS,fuck
27402,193,SWEAR_WORDS,cunt
27403,193,SWEAR_WORDS,bitch
27404,193,SWEAR_WORDS,motherfucker
27405,193,SWEAR_WORDS,asshole
27406,193,SWEAR_WORDS,idiot
27407,193,SWEAR_WORDS,ass
27408,193,SWEAR_WORDS,dick
27409,194,SWEAR_WORDS,Hell
27410,194,SWEAR_WORDS,ass
27411,194,SWEAR_WORDS,shit
27412,194,SWEAR_WORDS,Jesus Christ
27413,194,SWEAR_WORDS,fuck
27414,194,SWEAR_WORDS,bitch
27415,194,SWEAR_WORDS,cunt
27416,194,SWEAR_WORDS,stupid
27417,194,SWEAR_WORDS,prick
27418,194,SWEAR_WORDS,The N word
27419,195,SWEAR_WORDS,Crap
27420,195,SWEAR_WORDS,damn
27421,195,SWEAR_WORDS,shit
27422,195,SWEAR_WORDS,darn
27423,195,SWEAR_WORDS,stupid
27424,195,SWEAR_WORDS,dumb
27425,195,SWEAR_WORDS,moron
27426,195,SWEAR_WORDS,fuck
27427,195,SWEAR_WORDS,asshole
27428,195,SWEAR_WORDS,bitch
27429,196,SWEAR_WORDS,Fuck
27430,196,SWEAR_WORDS,shit
27431,196,SWEAR_WORDS,bitch
27432,196,SWEAR_WORDS,ass
27433,196,SWEAR_WORDS,crap
27434,196,SWEAR_WORDS,cunt
27435,196,SWEAR_WORDS,slut
27436,196,SWEAR_WORDS,whore
27437,196,SWEAR_WORDS,asshole
27438,196,SWEAR_WORDS,dick
27439,197,SWEAR_WORDS,Damn
27440,197,SWEAR_WORDS,hell
27441,197,SWEAR_WORDS,shit
27442,197,SWEAR_WORDS,fuck
27443,197,SWEAR_WORDS,bitch
27444,197,SWEAR_WORDS,cunt
27445,197,SWEAR_WORDS,ass
27446,197,SWEAR_WORDS,cock
27447,198,SWEAR_WORDS,Fuck
27448,198,SWEAR_WORDS,shit
27449,198,SWEAR_WORDS,bitch
27450,198,SWEAR_WORDS,ass
27451,198,SWEAR_WORDS,scheise
27452,198,SWEAR_WORDS,putin
27453,198,SWEAR_WORDS,damn
27454,198,SWEAR_WORDS,goddamn
27455,198,SWEAR_WORDS,cunt
27456,198,SWEAR_WORDS,malakÃ©
27457,198,SWEAR_WORDS,jesus
27458,198,SWEAR_WORDS,asswipe? (participant wrote ?)
27459,198,SWEAR_WORDS,shit/ass-hole
27460,198,SWEAR_WORDS,bastard
27461,199,SWEAR_WORDS,Fuck
27462,199,SWEAR_WORDS,shit
27463,199,SWEAR_WORDS,bitch
27464,199,SWEAR_WORDS,cunt
27465,199,SWEAR_WORDS,asshole
27466,199,SWEAR_WORDS,douchebag
27467,199,SWEAR_WORDS,pussy
27468,199,SWEAR_WORDS,hell
27469,199,SWEAR_WORDS,slut
27470,199,SWEAR_WORDS,whore
27471,199,SWEAR_WORDS,hoe
27472,200,SWEAR_WORDS,Fuck
27473,200,SWEAR_WORDS,shit
27474,200,SWEAR_WORDS,asshole
27475,200,SWEAR_WORDS,bitch
27476,200,SWEAR_WORDS,damn
27477,201,SWEAR_WORDS,Damn
27478,201,SWEAR_WORDS,shit
27479,201,SWEAR_WORDS,fuck
27480,201,SWEAR_WORDS,ass
27481,201,SWEAR_WORDS,bitch
27482,201,SWEAR_WORDS,asshole
27483,201,SWEAR_WORDS,jackass
27484,201,SWEAR_WORDS,goddamn
27485,202,SWEAR_WORDS,Ass
27486,202,SWEAR_WORDS,asshole
27487,202,SWEAR_WORDS,fuck
27488,202,SWEAR_WORDS,cunt
27489,202,SWEAR_WORDS,fuck face
27490,202,SWEAR_WORDS,fuck off
27491,202,SWEAR_WORDS,fuck you
27492,202,SWEAR_WORDS,faggot
27493,202,SWEAR_WORDS,fag
27494,202,SWEAR_WORDS,dick
27495,202,SWEAR_WORDS,pussy
27496,202,SWEAR_WORDS,bitch
27497,202,SWEAR_WORDS,bitch ass
27498,202,SWEAR_WORDS,motherfucker
27499,202,SWEAR_WORDS,queer
27500,202,SWEAR_WORDS,douche bag
27501,202,SWEAR_WORDS,cock block
27502,202,SWEAR_WORDS,cock
27503,202,SWEAR_WORDS,dick head
27504,202,SWEAR_WORDS,fuck up
27505,202,SWEAR_WORDS,gay bitch
27506,203,SWEAR_WORDS,Shit
27507,203,SWEAR_WORDS,fuck
27508,203,SWEAR_WORDS,damn
27509,203,SWEAR_WORDS,dumbass
27510,203,SWEAR_WORDS,retarded
27511,203,SWEAR_WORDS,dipshit
27512,203,SWEAR_WORDS,fuck face
27513,203,SWEAR_WORDS,idiot
27514,203,SWEAR_WORDS,moron
27515,203,SWEAR_WORDS,ass
27516,203,SWEAR_WORDS,crackhead
27517,203,SWEAR_WORDS,bitch
27518,203,SWEAR_WORDS,cunt
27519,203,SWEAR_WORDS,fucker
27520,203,SWEAR_WORDS,mother fucker
27521,204,SWEAR_WORDS,Fuck
27522,204,SWEAR_WORDS,shit
27523,204,SWEAR_WORDS,asshole
27524,204,SWEAR_WORDS,jerk
27525,204,SWEAR_WORDS,bitch
27526,204,SWEAR_WORDS,slut
27527,204,SWEAR_WORDS,whore
27528,204,SWEAR_WORDS,dushbag
27529,204,SWEAR_WORDS,goddamn
27530,204,SWEAR_WORDS,freak
27531,204,SWEAR_WORDS,retarded
27532,205,SWEAR_WORDS,Fuck
27533,205,SWEAR_WORDS,shit
27534,205,SWEAR_WORDS,bitch
27535,205,SWEAR_WORDS,ass
27536,205,SWEAR_WORDS,whore
27537,205,SWEAR_WORDS,slut
27538,205,SWEAR_WORDS,shot
27539,205,SWEAR_WORDS,hoe
27540,205,SWEAR_WORDS,cunt
27541,205,SWEAR_WORDS,dumbass
27542,205,SWEAR_WORDS,asshole
27543,205,SWEAR_WORDS,crap
27544,205,SWEAR_WORDS,bullshit
27545,206,SWEAR_WORDS,Fuck
27546,206,SWEAR_WORDS,shit
27547,206,SWEAR_WORDS,bitch
27548,206,SWEAR_WORDS,cunt
27549,206,SWEAR_WORDS,asshole
27550,206,SWEAR_WORDS,ass
27551,206,SWEAR_WORDS,dick
27552,206,SWEAR_WORDS,pussy
27553,206,SWEAR_WORDS,fuck head
27554,206,SWEAR_WORDS,mega cunt
27555,206,SWEAR_WORDS,stupid bitch
27556,206,SWEAR_WORDS,ass face
27557,206,SWEAR_WORDS,hell
27558,207,SWEAR_WORDS,Fuck
27559,207,SWEAR_WORDS,shit
27560,207,SWEAR_WORDS,bitch
27561,207,SWEAR_WORDS,ass
27562,207,SWEAR_WORDS,cunt
27563,207,SWEAR_WORDS,whore
27564,207,SWEAR_WORDS,hoe
27565,207,SWEAR_WORDS,nigga (subjective)
27566,207,SWEAR_WORDS,asshole
27567,207,SWEAR_WORDS,motherfucker
27568,207,SWEAR_WORDS,pussy
27569,207,SWEAR_WORDS,damn
27570,207,SWEAR_WORDS,dick
27571,207,SWEAR_WORDS,dickhead
27572,207,SWEAR_WORDS,asswipe
27573,207,SWEAR_WORDS,assface
27574,208,SWEAR_WORDS,Bitch
27575,208,SWEAR_WORDS,fuck
27576,208,SWEAR_WORDS,damn
27577,208,SWEAR_WORDS,shit
27578,208,SWEAR_WORDS,nigga
27579,208,SWEAR_WORDS,asshole
27580,208,SWEAR_WORDS,bastard
27581,208,SWEAR_WORDS,pussy
27582,208,SWEAR_WORDS,ass
27583,209,SWEAR_WORDS,Fuck
27584,209,SWEAR_WORDS,asshole
27585,209,SWEAR_WORDS,bitch
27586,209,SWEAR_WORDS,shit
27587,209,SWEAR_WORDS,cunt
27588,210,SWEAR_WORDS,Fuck
27589,210,SWEAR_WORDS,ass
27590,210,SWEAR_WORDS,nigger
27591,210,SWEAR_WORDS,cunt
27592,210,SWEAR_WORDS,kyke
27593,210,SWEAR_WORDS,dyke
27594,210,SWEAR_WORDS,fag
27595,210,SWEAR_WORDS,faggot
27596,210,SWEAR_WORDS,shit
27597,210,SWEAR_WORDS,spic
27598,210,SWEAR_WORDS,pussy
27599,210,SWEAR_WORDS,dick
27600,210,SWEAR_WORDS,prick
27601,210,SWEAR_WORDS,homo
27602,210,SWEAR_WORDS,savage
27603,210,SWEAR_WORDS,gook
27604,211,SWEAR_WORDS,Shit
27605,211,SWEAR_WORDS,fuck
27606,211,SWEAR_WORDS,bitch
27607,211,SWEAR_WORDS,whore
27608,211,SWEAR_WORDS,cunt
27609,211,SWEAR_WORDS,asshole
27610,211,SWEAR_WORDS,hoe
27611,211,SWEAR_WORDS,nxgger
27612,211,SWEAR_WORDS,cracker
27613,211,SWEAR_WORDS,dickhead
27614,211,SWEAR_WORDS,faggot
27615,211,SWEAR_WORDS,tranny
27616,212,SWEAR_WORDS,Bitch
27617,212,SWEAR_WORDS,cunt
27618,212,SWEAR_WORDS,fuck
27619,212,SWEAR_WORDS,whore
27620,212,SWEAR_WORDS,shit
27621,212,SWEAR_WORDS,slut
27622,212,SWEAR_WORDS,mother fucker
27623,212,SWEAR_WORDS,goddamn
27624,212,SWEAR_WORDS,damn
27625,212,SWEAR_WORDS,ass
27626,212,SWEAR_WORDS,dick
27627,212,SWEAR_WORDS,pussy
27628,212,SWEAR_WORDS,nigger
27629,213,SWEAR_WORDS,Fuck
27630,213,SWEAR_WORDS,damn
27631,213,SWEAR_WORDS,cunt
27632,213,SWEAR_WORDS,shit
27633,213,SWEAR_WORDS,asshole
27634,213,SWEAR_WORDS,doggan
27635,213,SWEAR_WORDS,kike
27636,213,SWEAR_WORDS,nigg--
27637,213,SWEAR_WORDS,pussy
27638,213,SWEAR_WORDS,fucker
27639,213,SWEAR_WORDS,asswipe
27640,213,SWEAR_WORDS,douche
27641,213,SWEAR_WORDS,thot
27642,213,SWEAR_WORDS,whore
27643,213,SWEAR_WORDS,slut
27644,214,SWEAR_WORDS,Fuck
27645,214,SWEAR_WORDS,shit
27646,214,SWEAR_WORDS,bitch
27647,214,SWEAR_WORDS,whore
27648,214,SWEAR_WORDS,thot
27649,214,SWEAR_WORDS,manwhore
27650,214,SWEAR_WORDS,slut
27651,214,SWEAR_WORDS,dicksucker
27652,214,SWEAR_WORDS,cocksucker
27653,214,SWEAR_WORDS,bitch ass
27654,214,SWEAR_WORDS,motherfucker
27655,214,SWEAR_WORDS,dumbass
27656,214,SWEAR_WORDS,piece of shit
27657,214,SWEAR_WORDS,bum ass nigga
27658,214,SWEAR_WORDS,burning thot
27659,214,SWEAR_WORDS,sweezer
27660,214,SWEAR_WORDS,dirty whore
27661,214,SWEAR_WORDS,nasty fuck
27662,214,SWEAR_WORDS,stinky boy
27663,214,SWEAR_WORDS,shitface
27664,215,SWEAR_WORDS,Bitch
27665,215,SWEAR_WORDS,cunt
27666,215,SWEAR_WORDS,fuck
27667,215,SWEAR_WORDS,fucker
27668,215,SWEAR_WORDS,motherfucker
27669,215,SWEAR_WORDS,dickhead
27670,215,SWEAR_WORDS,douchebag
27671,215,SWEAR_WORDS,shit
27672,215,SWEAR_WORDS,bullshit
27673,215,SWEAR_WORDS,ass
27674,215,SWEAR_WORDS,asshole
27675,215,SWEAR_WORDS,jackass
27676,215,SWEAR_WORDS,pussy
27677,215,SWEAR_WORDS,slut
27678,215,SWEAR_WORDS,skank
27679,215,SWEAR_WORDS,whore
27680,215,SWEAR_WORDS,hoe
27681,215,SWEAR_WORDS,shithead
27682,216,SWEAR_WORDS,Fuck
27683,216,SWEAR_WORDS,shit
27684,216,SWEAR_WORDS,bitch
27685,216,SWEAR_WORDS,cunt
27686,216,SWEAR_WORDS,dickhead
27687,216,SWEAR_WORDS,whore
27688,216,SWEAR_WORDS,hoe
27689,216,SWEAR_WORDS,thot
27690,216,SWEAR_WORDS,pussy
27691,216,SWEAR_WORDS,stupid bitch
27692,216,SWEAR_WORDS,asshole
27693,216,SWEAR_WORDS,ass
27694,216,SWEAR_WORDS,piece of shit
27695,216,SWEAR_WORDS,fucker
27696,216,SWEAR_WORDS,bitch ass
27697,217,SWEAR_WORDS,Fuck
27698,217,SWEAR_WORDS,bitch
27699,217,SWEAR_WORDS,cunt
27700,217,SWEAR_WORDS,faggot
27701,217,SWEAR_WORDS,gay
27702,217,SWEAR_WORDS,the N word
27703,217,SWEAR_WORDS,retarded
27704,218,SWEAR_WORDS,Fuck
27705,218,SWEAR_WORDS,shit
27706,218,SWEAR_WORDS,cunt
27707,218,SWEAR_WORDS,bitch
27708,218,SWEAR_WORDS,whore
27709,218,SWEAR_WORDS,hoe
27710,218,SWEAR_WORDS,damn
27711,218,SWEAR_WORDS,douche bag
27712,218,SWEAR_WORDS,fag
27713,218,SWEAR_WORDS,slut
27714,218,SWEAR_WORDS,twat
27715,219,SWEAR_WORDS,Fuck
27716,219,SWEAR_WORDS,shit
27717,219,SWEAR_WORDS,bitch
27718,219,SWEAR_WORDS,cunt
27719,219,SWEAR_WORDS,nigger
27720,219,SWEAR_WORDS,faggot
27721,219,SWEAR_WORDS,ass
27722,219,SWEAR_WORDS,asshole
27723,219,SWEAR_WORDS,cock
27724,219,SWEAR_WORDS,mother fucker
27725,219,SWEAR_WORDS,crap
27726,220,SWEAR_WORDS,Shit
27727,220,SWEAR_WORDS,piss
27728,220,SWEAR_WORDS,fuck
27729,220,SWEAR_WORDS,cunt
27730,220,SWEAR_WORDS,cocksucker
27731,220,SWEAR_WORDS,motherfucker
27732,220,SWEAR_WORDS,tits
27733,220,SWEAR_WORDS,prick
27734,220,SWEAR_WORDS,douche
27735,220,SWEAR_WORDS,douchebag
27736,220,SWEAR_WORDS,damn
27737,220,SWEAR_WORDS,ass
27738,220,SWEAR_WORDS,pussy
27739,220,SWEAR_WORDS,asshole
27740,220,SWEAR_WORDS,god damnit
27741,220,SWEAR_WORDS,putz
27742,221,SWEAR_WORDS,Bitch
27743,221,SWEAR_WORDS,fuck you
27744,221,SWEAR_WORDS,asshole
27745,221,SWEAR_WORDS,cunt
27746,221,SWEAR_WORDS,dumbass
27747,221,SWEAR_WORDS,mother fucker
27748,221,SWEAR_WORDS,shit
27749,222,SWEAR_WORDS,Shit
27750,222,SWEAR_WORDS,fuck
27751,222,SWEAR_WORDS,ass
27752,222,SWEAR_WORDS,asshole
27753,222,SWEAR_WORDS,bitch
27754,222,SWEAR_WORDS,bitchass
27755,222,SWEAR_WORDS,deadass
27756,222,SWEAR_WORDS,pussy
27757,222,SWEAR_WORDS,dick
27758,222,SWEAR_WORDS,dickhead
27759,222,SWEAR_WORDS,shithead
27760,222,SWEAR_WORDS,jackass
27761,222,SWEAR_WORDS,motherfucker
27762,223,SWEAR_WORDS,Fuck
27763,223,SWEAR_WORDS,shit
27764,223,SWEAR_WORDS,bitch
27765,223,SWEAR_WORDS,slut
27766,223,SWEAR_WORDS,whore
27767,223,SWEAR_WORDS,crap
27768,223,SWEAR_WORDS,skank
27769,223,SWEAR_WORDS,asshole
27770,223,SWEAR_WORDS,jackass
27771,223,SWEAR_WORDS,ass
27772,223,SWEAR_WORDS,c*nt
27773,223,SWEAR_WORDS,N*****
27774,223,SWEAR_WORDS,stupid
27775,223,SWEAR_WORDS,idiot
27776,223,SWEAR_WORDS,damn
27777,223,SWEAR_WORDS,goddamn
27778,223,SWEAR_WORDS,hell
27779,224,SWEAR_WORDS,Fuck
27780,224,SWEAR_WORDS,shit
27781,224,SWEAR_WORDS,bitch
27782,224,SWEAR_WORDS,mother fucker
27783,224,SWEAR_WORDS,son of a bitch
27784,224,SWEAR_WORDS,damn
27785,224,SWEAR_WORDS,dog damnit
27786,224,SWEAR_WORDS,shithole
27787,224,SWEAR_WORDS,ass
27788,225,SWEAR_WORDS,Shit
27789,225,SWEAR_WORDS,fuck
27790,225,SWEAR_WORDS,damn
27791,225,SWEAR_WORDS,bitch
27792,226,SWEAR_WORDS,Fuck
27793,226,SWEAR_WORDS,shit
27794,226,SWEAR_WORDS,bitch
27795,226,SWEAR_WORDS,cunt
27796,226,SWEAR_WORDS,asshole
27797,226,SWEAR_WORDS,tull
27798,226,SWEAR_WORDS,dick
27799,226,SWEAR_WORDS,pussy
27800,226,SWEAR_WORDS,hoe
27801,227,SWEAR_WORDS,Bitch
27802,227,SWEAR_WORDS,ass
27803,227,SWEAR_WORDS,cunt
27804,227,SWEAR_WORDS,pussy
27805,227,SWEAR_WORDS,smut
27806,227,SWEAR_WORDS,fuck
27807,227,SWEAR_WORDS,shit
27808,227,SWEAR_WORDS,nigga
27809,227,SWEAR_WORDS,cracker
27810,227,SWEAR_WORDS,spick
27811,227,SWEAR_WORDS,slut
27812,227,SWEAR_WORDS,motherfucker
27813,227,SWEAR_WORDS,retarted
27814,227,SWEAR_WORDS,nigger
27815,227,SWEAR_WORDS,skunt
27816,228,SWEAR_WORDS,Fuck
27817,228,SWEAR_WORDS,shit
27818,228,SWEAR_WORDS,bitch
27819,228,SWEAR_WORDS,cunt
27820,228,SWEAR_WORDS,ass
27821,228,SWEAR_WORDS,asshole
27822,228,SWEAR_WORDS,bastard
27823,228,SWEAR_WORDS,crap
27824,228,SWEAR_WORDS,dock
27825,228,SWEAR_WORDS,cock
27826,228,SWEAR_WORDS,fag
27827,228,SWEAR_WORDS,mook
27828,228,SWEAR_WORDS,gook
27829,228,SWEAR_WORDS,chink
27830,228,SWEAR_WORDS,nigga
27831,228,SWEAR_WORDS,spic
27832,228,SWEAR_WORDS,cracker
27833,228,SWEAR_WORDS,wanker
27834,228,SWEAR_WORDS,turd
27835,229,SWEAR_WORDS,Fuck
27836,229,SWEAR_WORDS,shit
27837,229,SWEAR_WORDS,ass
27838,229,SWEAR_WORDS,damn
27839,229,SWEAR_WORDS,cunt
27840,229,SWEAR_WORDS,twat
27841,229,SWEAR_WORDS,faggot
27842,229,SWEAR_WORDS,piss
27843,229,SWEAR_WORDS,whore
27844,229,SWEAR_WORDS,pussy
27845,229,SWEAR_WORDS,retard
27846,229,SWEAR_WORDS,bitch
27847,229,SWEAR_WORDS,bastard
27848,230,SWEAR_WORDS,Fuck
27849,230,SWEAR_WORDS,shit
27850,230,SWEAR_WORDS,bitch
27851,230,SWEAR_WORDS,cunt
27852,230,SWEAR_WORDS,whore
27853,230,SWEAR_WORDS,fag
27854,230,SWEAR_WORDS,asshole
27855,230,SWEAR_WORDS,slut
27856,230,SWEAR_WORDS,hoe
27857,231,SWEAR_WORDS,Fuck
27858,231,SWEAR_WORDS,shit
27859,231,SWEAR_WORDS,bitch
27860,231,SWEAR_WORDS,pussy
27861,231,SWEAR_WORDS,mother fucker
27862,231,SWEAR_WORDS,crap
27863,231,SWEAR_WORDS,dick
27864,232,SWEAR_WORDS,Bitch
27865,232,SWEAR_WORDS,ass
27866,232,SWEAR_WORDS,fuck
27867,232,SWEAR_WORDS,shit
27868,232,SWEAR_WORDS,motherfucker
27869,232,SWEAR_WORDS,bastard
27870,232,SWEAR_WORDS,fucking
27871,232,SWEAR_WORDS,bullshit
27872,232,SWEAR_WORDS,cunt
27873,232,SWEAR_WORDS,dickhead
27874,232,SWEAR_WORDS,stupid ass
27875,233,SWEAR_WORDS,Fuck
27876,233,SWEAR_WORDS,shit
27877,233,SWEAR_WORDS,pussy
27878,233,SWEAR_WORDS,crap
27879,233,SWEAR_WORDS,bitch
27880,233,SWEAR_WORDS,cunt
27881,233,SWEAR_WORDS,damn
27882,233,SWEAR_WORDS,hell
27883,234,SWEAR_WORDS,Fuck
27884,234,SWEAR_WORDS,bitch
27885,234,SWEAR_WORDS,shit
27886,234,SWEAR_WORDS,cunt
27887,234,SWEAR_WORDS,asshole
27888,234,SWEAR_WORDS,spic
27889,234,SWEAR_WORDS,nigga
27890,235,SWEAR_WORDS,Fuck
27891,235,SWEAR_WORDS,shit
27892,235,SWEAR_WORDS,bitch
27893,235,SWEAR_WORDS,fag
27894,235,SWEAR_WORDS,nigger
27895,235,SWEAR_WORDS,fucking
27896,235,SWEAR_WORDS,ass
27897,235,SWEAR_WORDS,cunt
27898,235,SWEAR_WORDS,pussy
27899,235,SWEAR_WORDS,dick
27900,235,SWEAR_WORDS,prick
27901,235,SWEAR_WORDS,cock
27902,236,SWEAR_WORDS,Crap
27903,236,SWEAR_WORDS,shit
27904,236,SWEAR_WORDS,bitch
27905,236,SWEAR_WORDS,bitchass
27906,236,SWEAR_WORDS,hoe
27907,236,SWEAR_WORDS,cunt
27908,236,SWEAR_WORDS,faggot
27909,236,SWEAR_WORDS,asshole
27910,236,SWEAR_WORDS,mothafucka
27911,236,SWEAR_WORDS,spik
27912,236,SWEAR_WORDS,cracker
27913,236,SWEAR_WORDS,idiot
27914,236,SWEAR_WORDS,iheanie
27915,237,SWEAR_WORDS,nigga/nigger
27916,237,SWEAR_WORDS,bitch
27917,237,SWEAR_WORDS,asshole
27918,237,SWEAR_WORDS,cunt
27919,237,SWEAR_WORDS,spic
27920,237,SWEAR_WORDS,retarded
27921,237,SWEAR_WORDS,fuck
27922,237,SWEAR_WORDS,damn
27923,237,SWEAR_WORDS,slut
27924,237,SWEAR_WORDS,mother fuckder
27925,237,SWEAR_WORDS,dick
27926,237,SWEAR_WORDS,punk
27927,238,SWEAR_WORDS,Fuck
27928,238,SWEAR_WORDS,shit
27929,238,SWEAR_WORDS,bitch
27930,238,SWEAR_WORDS,ass
27931,238,SWEAR_WORDS,cunt
27932,239,SWEAR_WORDS,Shit
27933,239,SWEAR_WORDS,fuck
27934,239,SWEAR_WORDS,ass
27935,239,SWEAR_WORDS,bitch
27936,239,SWEAR_WORDS,asshole
27937,239,SWEAR_WORDS,hoe
27938,239,SWEAR_WORDS,nigger
27939,240,SWEAR_WORDS,Ass
27940,240,SWEAR_WORDS,shit
27941,240,SWEAR_WORDS,fuck
27942,240,SWEAR_WORDS,asshole
27943,240,SWEAR_WORDS,dickhead
27944,240,SWEAR_WORDS,bitch
27945,240,SWEAR_WORDS,cunt
27946,240,SWEAR_WORDS,fucktard
27947,241,SWEAR_WORDS,Shit
27948,241,SWEAR_WORDS,bitch
27949,241,SWEAR_WORDS,cunt
27950,241,SWEAR_WORDS,nigga
27951,241,SWEAR_WORDS,fuck
27952,241,SWEAR_WORDS,whore
27953,241,SWEAR_WORDS,arse
27954,241,SWEAR_WORDS,asshole
27955,241,SWEAR_WORDS,pussy
27956,242,SWEAR_WORDS,Fuck
27957,242,SWEAR_WORDS,bitch
27958,242,SWEAR_WORDS,cunt
27959,242,SWEAR_WORDS,asshole?
27960,242,SWEAR_WORDS,retarded
27961,242,SWEAR_WORDS,motherfucker?
27962,242,SWEAR_WORDS,dickhead
27963,242,SWEAR_WORDS,mongoloid?
27964,243,SWEAR_WORDS,Shit
27965,243,SWEAR_WORDS,crap
27966,243,SWEAR_WORDS,fuck
27967,243,SWEAR_WORDS,damn
27968,243,SWEAR_WORDS,damnit
27969,243,SWEAR_WORDS,fag
27970,243,SWEAR_WORDS,fagot
27971,243,SWEAR_WORDS,retard
27972,243,SWEAR_WORDS,cunt
27973,243,SWEAR_WORDS,queer
27974,243,SWEAR_WORDS,asshole
27975,243,SWEAR_WORDS,ass
27976,243,SWEAR_WORDS,dick
27977,243,SWEAR_WORDS,dickhead
27978,244,SWEAR_WORDS,Fuck
27979,244,SWEAR_WORDS,shit
27980,244,SWEAR_WORDS,bitch
27981,244,SWEAR_WORDS,damn
27982,244,SWEAR_WORDS,hell
27983,244,SWEAR_WORDS,retarded
27984,244,SWEAR_WORDS,dick
27985,244,SWEAR_WORDS,cunt
27986,244,SWEAR_WORDS,whore
27987,245,SWEAR_WORDS,Fuck
27988,245,SWEAR_WORDS,cunt
27989,245,SWEAR_WORDS,bitch
27990,245,SWEAR_WORDS,shit
27991,245,SWEAR_WORDS,dick
27992,245,SWEAR_WORDS,faggot
27993,245,SWEAR_WORDS,nigga
27994,245,SWEAR_WORDS,slut
27995,245,SWEAR_WORDS,whore
27996,245,SWEAR_WORDS,chink
27997,245,SWEAR_WORDS,sped
27998,245,SWEAR_WORDS,retard
27999,245,SWEAR_WORDS,asshole
28000,245,SWEAR_WORDS,ass
28001,245,SWEAR_WORDS,tits
28002,245,SWEAR_WORDS,pussy
28003,246,SWEAR_WORDS,Fuck
28004,246,SWEAR_WORDS,cunt
28005,246,SWEAR_WORDS,pussy
28006,246,SWEAR_WORDS,faggot
28007,246,SWEAR_WORDS,shit
28008,246,SWEAR_WORDS,crap
28009,246,SWEAR_WORDS,kike
28010,246,SWEAR_WORDS,n*gger
28011,246,SWEAR_WORDS,ass
28012,246,SWEAR_WORDS,dick
28013,246,SWEAR_WORDS,slong
28014,247,SWEAR_WORDS,Fuck
28015,247,SWEAR_WORDS,shit
28016,247,SWEAR_WORDS,bitch
28017,247,SWEAR_WORDS,ass
28018,247,SWEAR_WORDS,cunt
28019,247,SWEAR_WORDS,whore
28020,247,SWEAR_WORDS,slut
28021,247,SWEAR_WORDS,tits
28022,247,SWEAR_WORDS,cock
28023,247,SWEAR_WORDS,dick
28024,247,SWEAR_WORDS,dyke
28025,247,SWEAR_WORDS,kyke
28026,247,SWEAR_WORDS,n-word
28027,247,SWEAR_WORDS,motherfucker
28028,248,SWEAR_WORDS,Fuck
28029,248,SWEAR_WORDS,fucking
28030,248,SWEAR_WORDS,shit
28031,248,SWEAR_WORDS,bitch
28032,248,SWEAR_WORDS,ass
28033,248,SWEAR_WORDS,crap
28034,248,SWEAR_WORDS,motherfucker
28035,248,SWEAR_WORDS,cunt
28036,248,SWEAR_WORDS,twat
28037,248,SWEAR_WORDS,dickhead
28038,249,SWEAR_WORDS,Damn
28039,249,SWEAR_WORDS,fuck
28040,249,SWEAR_WORDS,shit
28041,249,SWEAR_WORDS,bitch
28042,249,SWEAR_WORDS,ass
28043,249,SWEAR_WORDS,dick
28044,249,SWEAR_WORDS,cunt
28045,249,SWEAR_WORDS,asshole
28046,250,SWEAR_WORDS,Fuck
28047,250,SWEAR_WORDS,shit
28048,250,SWEAR_WORDS,hoe
28049,250,SWEAR_WORDS,slut
28050,250,SWEAR_WORDS,bitch
28051,250,SWEAR_WORDS,skank
28052,250,SWEAR_WORDS,dick
28053,250,SWEAR_WORDS,dickhead
28054,250,SWEAR_WORDS,motherfucker
28055,250,SWEAR_WORDS,bitchasshoe
28056,250,SWEAR_WORDS,cunt
28057,250,SWEAR_WORDS,fucktard
28058,250,SWEAR_WORDS,dumbfuck
28059,250,SWEAR_WORDS,ass
28060,250,SWEAR_WORDS,asshole
28061,250,SWEAR_WORDS,cock
28062,250,SWEAR_WORDS,pussy
28063,250,SWEAR_WORDS,fuckhead
28064,250,SWEAR_WORDS,asshat
28065,250,SWEAR_WORDS,whore
28066,250,SWEAR_WORDS,N-word
28067,251,SWEAR_WORDS,Fuck
28068,251,SWEAR_WORDS,shit
28069,251,SWEAR_WORDS,bitch
28070,251,SWEAR_WORDS,ass
28071,251,SWEAR_WORDS,cunt
28072,251,SWEAR_WORDS,fag
28073,251,SWEAR_WORDS,asshole
28074,251,SWEAR_WORDS,whore
28075,251,SWEAR_WORDS,slut
28076,251,SWEAR_WORDS,pussy
28077,251,SWEAR_WORDS,dick
28078,252,SWEAR_WORDS,Fuck you
28079,252,SWEAR_WORDS,shit
28080,252,SWEAR_WORDS,bitch
28081,252,SWEAR_WORDS,cunt
28082,252,SWEAR_WORDS,asshole
28083,252,SWEAR_WORDS,twat
28084,252,SWEAR_WORDS,pussy
28085,252,SWEAR_WORDS,motherfucker
28086,252,SWEAR_WORDS,motherfucking
28087,252,SWEAR_WORDS,fucker
28088,252,SWEAR_WORDS,fucking
28089,252,SWEAR_WORDS,dammit
28090,252,SWEAR_WORDS,dick
28091,253,SWEAR_WORDS,Fuck
28092,253,SWEAR_WORDS,bitch
28093,253,SWEAR_WORDS,nigga
28094,253,SWEAR_WORDS,hell
28095,253,SWEAR_WORDS,piss
28096,253,SWEAR_WORDS,ass
28097,253,SWEAR_WORDS,dick
28098,253,SWEAR_WORDS,shit
28099,254,SWEAR_WORDS,Fuck
28100,254,SWEAR_WORDS,shit
28101,254,SWEAR_WORDS,bitch
28102,254,SWEAR_WORDS,ass
28103,254,SWEAR_WORDS,whore
28104,254,SWEAR_WORDS,dick
28105,254,SWEAR_WORDS,pussy
28106,254,SWEAR_WORDS,douche
28107,254,SWEAR_WORDS,faggot
28108,254,SWEAR_WORDS,slut
28109,254,SWEAR_WORDS,cunt
28110,254,SWEAR_WORDS,cock
28111,255,SWEAR_WORDS,Fuck
28112,255,SWEAR_WORDS,ass
28113,255,SWEAR_WORDS,dick
28114,255,SWEAR_WORDS,hell
28115,255,SWEAR_WORDS,shit
28116,255,SWEAR_WORDS,cunt
28117,255,SWEAR_WORDS,crap
28118,255,SWEAR_WORDS,bitch
28119,256,SWEAR_WORDS,I swear
28120,256,SWEAR_WORDS,promise
28121,256,SWEAR_WORDS,bitch
28122,256,SWEAR_WORDS,son of a
28123,256,SWEAR_WORDS,fuck
28124,256,SWEAR_WORDS,ugly
28125,256,SWEAR_WORDS,bad
28126,256,SWEAR_WORDS,terrible
28127,256,SWEAR_WORDS,deceptional
28128,256,SWEAR_WORDS,stupid
28129,256,SWEAR_WORDS,disgusting
28130,256,SWEAR_WORDS,asshole
28131,256,SWEAR_WORDS,stupid
28132,256,SWEAR_WORDS,ignorant
28133,256,SWEAR_WORDS,idiot
28134,256,SWEAR_WORDS,retarded
28135,256,SWEAR_WORDS,promised
28136,257,SWEAR_WORDS,Fuck
28137,257,SWEAR_WORDS,bitch
28138,257,SWEAR_WORDS,asshole
28139,257,SWEAR_WORDS,cunt
28140,257,SWEAR_WORDS,slut
28141,257,SWEAR_WORDS,whore
28142,257,SWEAR_WORDS,shit
28143,257,SWEAR_WORDS,crap
28144,257,SWEAR_WORDS,n*gga
28145,257,SWEAR_WORDS,ass
28146,257,SWEAR_WORDS,douchebag
28147,257,SWEAR_WORDS,damn
28148,257,SWEAR_WORDS,hell
28149,258,SWEAR_WORDS,Fuck
28150,258,SWEAR_WORDS,shit
28151,258,SWEAR_WORDS,bitch
28152,258,SWEAR_WORDS,cunt
28153,258,SWEAR_WORDS,ass
28154,258,SWEAR_WORDS,asshole
28155,258,SWEAR_WORDS,asswipe
28156,258,SWEAR_WORDS,asshat
28157,258,SWEAR_WORDS,slut
28158,258,SWEAR_WORDS,whore
28159,258,SWEAR_WORDS,damn
28160,258,SWEAR_WORDS,hell
28161,258,SWEAR_WORDS,ho
28162,258,SWEAR_WORDS,eat
28163,258,SWEAR_WORDS,cuck
28164,258,SWEAR_WORDS,pussy
28165,259,SWEAR_WORDS,Shit
28166,259,SWEAR_WORDS,fuck
28167,259,SWEAR_WORDS,ass
28168,259,SWEAR_WORDS,bastard
28169,259,SWEAR_WORDS,bollox
28170,259,SWEAR_WORDS,jesus
28171,259,SWEAR_WORDS,christ
28172,259,SWEAR_WORDS,cunt
28173,259,SWEAR_WORDS,asshole
28174,259,SWEAR_WORDS,shithead
28175,259,SWEAR_WORDS,dipshit
28176,259,SWEAR_WORDS,cock
28177,259,SWEAR_WORDS,dick
28178,259,SWEAR_WORDS,weener
28179,259,SWEAR_WORDS,bitch
28180,259,SWEAR_WORDS,fucking
28181,259,SWEAR_WORDS,dickwad
28182,259,SWEAR_WORDS,asswipe
28183,259,SWEAR_WORDS,crap
28184,259,SWEAR_WORDS,damn
28185,259,SWEAR_WORDS,darn
28186,259,SWEAR_WORDS,damnit
28187,259,SWEAR_WORDS,jeezum crow
28188,260,SWEAR_WORDS,Fuck
28189,260,SWEAR_WORDS,bitch
28190,260,SWEAR_WORDS,cunt
28191,260,SWEAR_WORDS,dick
28192,260,SWEAR_WORDS,shit
28193,260,SWEAR_WORDS,mother-fucker
28194,260,SWEAR_WORDS,whore
28195,260,SWEAR_WORDS,asshole
28196,260,SWEAR_WORDS,ass
28197,261,SWEAR_WORDS,Shit
28198,261,SWEAR_WORDS,fuck
28199,261,SWEAR_WORDS,bitch
28200,261,SWEAR_WORDS,whore
28201,262,SWEAR_WORDS,Stupid
28202,262,SWEAR_WORDS,bitch
28203,262,SWEAR_WORDS,fuck
28204,262,SWEAR_WORDS,cunt
28205,262,SWEAR_WORDS,shut-up
28206,263,SWEAR_WORDS,Fuck
28207,263,SWEAR_WORDS,ass
28208,263,SWEAR_WORDS,cunt
28209,263,SWEAR_WORDS,dick
28210,263,SWEAR_WORDS,hell
28211,263,SWEAR_WORDS,shit
28212,263,SWEAR_WORDS,pussy
28213,263,SWEAR_WORDS,prick
28214,263,SWEAR_WORDS,twat
28215,263,SWEAR_WORDS,douchebag
28216,263,SWEAR_WORDS,cock
28217,263,SWEAR_WORDS,asshole
28218,264,SWEAR_WORDS,Fuck
28219,264,SWEAR_WORDS,bitch
28220,264,SWEAR_WORDS,shit
28221,264,SWEAR_WORDS,cunt
28222,264,SWEAR_WORDS,slut
28223,264,SWEAR_WORDS,twat
28224,264,SWEAR_WORDS,whore
28225,264,SWEAR_WORDS,dick
28226,264,SWEAR_WORDS,pussy
28227,264,SWEAR_WORDS,ass
28228,264,SWEAR_WORDS,faggot
28229,264,SWEAR_WORDS,hell
28230,265,SWEAR_WORDS,Fuck
28231,265,SWEAR_WORDS,shit
28232,265,SWEAR_WORDS,crap
28233,265,SWEAR_WORDS,whore
28234,265,SWEAR_WORDS,pussy
28235,265,SWEAR_WORDS,slut
28236,265,SWEAR_WORDS,dick
28237,265,SWEAR_WORDS,cunt
28238,265,SWEAR_WORDS,bitch
28239,265,SWEAR_WORDS,asshole
28240,265,SWEAR_WORDS,son of a bitch
28241,265,SWEAR_WORDS,goddamn
28242,265,SWEAR_WORDS,bullshit
28243,265,SWEAR_WORDS,cocksucker
28244,265,SWEAR_WORDS,prick
28245,266,SWEAR_WORDS,Fuck
28246,266,SWEAR_WORDS,ass
28247,266,SWEAR_WORDS,asshole
28248,266,SWEAR_WORDS,cunt
28249,266,SWEAR_WORDS,shit
28250,266,SWEAR_WORDS,bitch
28251,266,SWEAR_WORDS,faggot
28252,266,SWEAR_WORDS,pussy
28253,266,SWEAR_WORDS,dick
28254,266,SWEAR_WORDS,fucking
28255,266,SWEAR_WORDS,shithole
28256,266,SWEAR_WORDS,cock
28257,267,SWEAR_WORDS,Bitch
28258,267,SWEAR_WORDS,fuck
28259,267,SWEAR_WORDS,ass
28260,267,SWEAR_WORDS,asshole
28261,267,SWEAR_WORDS,damn
28262,267,SWEAR_WORDS,shit
28263,268,SWEAR_WORDS,Fuck
28264,268,SWEAR_WORDS,fucking
28265,268,SWEAR_WORDS,shit
28266,268,SWEAR_WORDS,bitch
28267,268,SWEAR_WORDS,cunt
28268,268,SWEAR_WORDS,dick
28269,268,SWEAR_WORDS,asshole
28270,268,SWEAR_WORDS,ass
28271,268,SWEAR_WORDS,frick
28272,269,SWEAR_WORDS,Shit
28273,269,SWEAR_WORDS,fuck
28274,269,SWEAR_WORDS,bitch
28275,269,SWEAR_WORDS,ass
28276,269,SWEAR_WORDS,nigga
28277,269,SWEAR_WORDS,dick
28278,269,SWEAR_WORDS,pussy
28279,270,SWEAR_WORDS,Fuck
28280,270,SWEAR_WORDS,shit
28281,270,SWEAR_WORDS,bitch
28282,270,SWEAR_WORDS,cunt
28283,270,SWEAR_WORDS,whore
28284,270,SWEAR_WORDS,slut
28285,270,SWEAR_WORDS,hell
28286,270,SWEAR_WORDS,hoe
28287,270,SWEAR_WORDS,fucking
28288,270,SWEAR_WORDS,ass
28289,270,SWEAR_WORDS,asshole
28290,271,SWEAR_WORDS,Fuck
28291,271,SWEAR_WORDS,shit
28292,271,SWEAR_WORDS,asshole
28293,271,SWEAR_WORDS,bitch
28294,271,SWEAR_WORDS,stupid
28295,271,SWEAR_WORDS,jackass
28296,271,SWEAR_WORDS,dumbass
28297,271,SWEAR_WORDS,retard
28298,271,SWEAR_WORDS,whore
28299,271,SWEAR_WORDS,hoe
28300,271,SWEAR_WORDS,slut
28301,271,SWEAR_WORDS,thot
28302,271,SWEAR_WORDS,idiot
28303,271,SWEAR_WORDS,nigga
28304,272,SWEAR_WORDS,Damn
28305,272,SWEAR_WORDS,hell
28306,272,SWEAR_WORDS,fuck
28307,272,SWEAR_WORDS,bitch
28308,272,SWEAR_WORDS,asshole
28309,272,SWEAR_WORDS,motherfucker
28310,272,SWEAR_WORDS,asshat
28311,272,SWEAR_WORDS,bastard
28312,272,SWEAR_WORDS,SOB
28313,273,SWEAR_WORDS,Fuck
28314,273,SWEAR_WORDS,shit
28315,273,SWEAR_WORDS,damnit
28316,273,SWEAR_WORDS,faggot
28317,273,SWEAR_WORDS,spic
28318,273,SWEAR_WORDS,cracker
28319,273,SWEAR_WORDS,nigger
28320,273,SWEAR_WORDS,pussy
28321,273,SWEAR_WORDS,bitch
28322,273,SWEAR_WORDS,asshole
28323,273,SWEAR_WORDS,cum
28324,273,SWEAR_WORDS,chink
28325,273,SWEAR_WORDS,queer
28326,273,SWEAR_WORDS,dick
28327,273,SWEAR_WORDS,cock
28328,274,SWEAR_WORDS,Fuck
28329,274,SWEAR_WORDS,shit
28330,274,SWEAR_WORDS,bitch
28331,274,SWEAR_WORDS,hoe
28332,274,SWEAR_WORDS,treash
28333,274,SWEAR_WORDS,thot
28334,274,SWEAR_WORDS,tit
28335,274,SWEAR_WORDS,pussy
28336,274,SWEAR_WORDS,ass-kisser
28337,274,SWEAR_WORDS,asshole
28338,274,SWEAR_WORDS,dumbass
28339,274,SWEAR_WORDS,shit for brains
28340,274,SWEAR_WORDS,piece of shit
28341,274,SWEAR_WORDS,scunt
28342,274,SWEAR_WORDS,cunt
28343,274,SWEAR_WORDS,fag
28344,274,SWEAR_WORDS,nigger
